district,crime_type,latitude,longitude,date,time,year
banashankari,murder,12.93297,77.58381,2016-07-29,21:00:00,2016
banashankari,murder,12.930433,77.549761,2016-11-13,23:45:00,2016
banashankari,murder,12.923736,77.58182,,21:00:00,2017
banashankari,murder,12.924123,77.576913,2017-07-19,19:30:00,2017
banashankari,murder,12.924377,77.582729,2018-06-21,23:30:00,2018
banashankari,murder,12.920604,77.520557,2018-07-17,21:15:00,2018
banashankari,murder,12.940662,77.574095,,09:30:00,2015
banashankari,murder,12.9387822,77.5795611,2016-06-18,21:00:00,2016
banashankari,murder,12.9399013,77.5733711,,18:30:00,2017
banashankari,murder,12.944557,77.57758,2019-07-29,18:00:00,2019
banashankari,murder,12.9076508,77.5951967,,06:00:00,2015
banashankari,murder,12.9076508,77.5951967,2015-01-26,04:10:00,2015
banashankari,murder,12.9030543,77.5813948,,08:00:00,2015
banashankari,murder,12.9036647,77.5785439,2016-05-16,07:30:00,2016
banashankari,murder,12.9004589,77.5684636,,09:15:00,2016
banashankari,murder,12.909427,77.5706543,,02:50:00,2016
banashankari,murder,12.9039655,77.5804308,2016-11-21,02:20:00,2016
banashankari,murder,12.9039653,77.5738647,,02:00:00,2018
banashankari,murder,12.9124543,77.5737283,,02:15:00,2018
banashankari,murder,12.9108342,77.5866704,2019-08-25,01:30:00,2019
banashankari,murder,12.9071236,77.583816,2019-08-25,02:30:00,2019
banashankari,murder,12.9176806,77.5685194,2016-03-25,21:40:00,2016
banashankari,murder,12.9154222,77.5620056,2016-04-26,08:15:00,2016
banashankari,murder,12.9150583,77.5659917,,06:15:00,2016
banashankari,murder,12.9196528,77.5740472,2016-05-23,00:45:00,2016
banashankari,murder,12.91986,77.56931,,22:30:00,2016
banashankari,murder,12.9249111,77.5693083,,19:00:00,2017
banashankari,murder,12.958864,77.638363,2017-11-27,11:00:00,2017
banashankari,murder,12.946595,77.59197,2015-07-23,16:00:00,2015
banashankari,murder,12.945264,77.59271,2015-12-23,16:30:00,2015
banashankari,murder,12.946042,77.593699,,22:00:00,2016
banashankari,murder,12.946042,77.593699,2016-05-16,21:30:00,2016
banashankari,murder,12.944408,77.593165,2019-06-22,02:00:00,2019
banashankari,murder,12.8905089,77.57361,,06:30:00,2015
banashankari,murder,12.9097669,77.5567987,,15:00:00,2015
banashankari,murder,12.901082,77.5475381,2015-03-15,16:45:00,2015
banashankari,murder,12.8685477,77.5801126,2015-03-26,21:45:00,2015
banashankari,murder,12.9095845,77.5515973,2015-05-20,09:45:00,2015
banashankari,murder,12.8832879,77.5813055,,,2016
banashankari,murder,12.8776868,77.580717,,,2016
banashankari,murder,12.8887116,77.5737734,,,2016
banashankari,murder,12.8953716,77.5503236,,,2016
banashankari,murder,12.9093283,77.5437415,,,2016
banashankari,murder,12.8793283,77.5737415,,,2016
banashankari,murder,12.9071428,77.53487,,,2016
banashankari,murder,12.9024547,77.5418141,2017-02-26,20:10:00,2017
banashankari,murder,12.8856326,77.5482591,,21:00:00,2017
banashankari,murder,12.8894838,77.5623209,2017-04-26,23:50:00,2017
banashankari,murder,12.9010821,77.5475381,2017-10-13,03:00:00,2017
banashankari,murder,12.9057223,77.5355813,,22:30:00,2018
banashankari,murder,12.8828956,77.5664778,,03:00:00,2018
banashankari,murder,12.8967726,77.5445644,2018-09-28,10:30:00,2018
banashankari,murder,12.9108237,77.5439817,,13:00:00,2019
banashankari,murder,12.913512,77.554144,2019-07-14,21:45:00,2019
banashankari,murder,12.9108489,77.5374565,,17:30:00,2019
banashankari,murder,12.87583,77.511157,2015-02-22,15:00:00,2015
banashankari,murder,12.894725,77.542178,2015-03-17,05:00:00,2015
banashankari,murder,12.874853,77.554205,2015-03-29,16:00:00,2015
banashankari,murder,12.860873,77.520947,2016-01-14,14:45:00,2016
banashankari,murder,12.864755,77.528047,2017-01-17,12:30:00,2017
banashankari,murder,12.871198,77.536856,2017-04-13,12:15:00,2017
banashankari,murder,12.853954,77.553705,2017-04-24,10:00:00,2017
banashankari,murder,12.870574,77.571346,,04:00:00,2017
banashankari,murder,12.879498,77.542792,2017-08-17,05:00:00,2017
banashankari,murder,12.87548,77.535128,2017-08-22,04:00:00,2017
banashankari,murder,12.870129,77.556345,2018-01-17,22:00:00,2018
banashankari,murder,12.878193,77.535515,2018-07-14,21:00:00,2018
banashankari,murder,12.848726,77.572816,2018-09-19,18:00:00,2018
banashankari,murder,12.872393,77.557753,2018-10-16,19:00:00,2018
banashankari,murder,12.871255,77.56033,2018-10-27,10:10:00,2018
banashankari,murder,12.879671,77.54543,,20:00:00,2018
banashankari,murder,12.859739,77.562719,2019-08-19,14:00:00,2019
banashankari,murder,12.862041,77.563487,2019-10-14,01:00:00,2019
banashankari,murder,12.893051,77.543007,2019-11-17,20:30:00,2019
banashankari,murder,12.879223,77.567169,,,2017
banashankari,murder,12.882152,77.565325,,01:30:00,2017
banashankari,murder,12.84488,77.583729,2017-07-29,08:45:00,2017
banashankari,murder,12.890277,77.57144,,15:00:00,2017
banashankari,murder,12.885583,77.57054,2017-11-18,00:00:00,2017
banashankari,murder,12.889932,77.57465,,04:30:00,2018
banashankari,murder,12.861345,77.579767,,00:00:00,2018
banashankari,murder,12.845887,77.583885,2018-11-21,23:50:00,2018
banashankari,murder,12.873733,77.579546,2019-06-13,16:10:00,2019
banashankari,murder,12.8999889,77.573775,2017-04-30,11:30:00,2017
banashankari,murder,12.875176,77.57889,,16:00:00,2017
banashankari,murder,12.898898,77.576405,2017-08-27,16:15:00,2017
banashankari,murder,12.906331,77.59179,,08:00:00,2017
banashankari,murder,12.90903,77.58764,2017-11-25,04:00:00,2017
banashankari,murder,12.906448,77.587569,,17:30:00,2018
banashankari,murder,12.89643,77.578607,,18:45:00,2019
banashankari,murder,12.901612,77.586583,2019-11-26,10:30:00,2019
banashankari,murder,12.896673,77.5607514,,21:00,
banashankari,murder,12.9050964,77.571337,2015-04-30,6:00,
banashankari,murder,12.9076945,77.5719852,,5:00,
banashankari,murder,12.9008928,77.5698814,,11:00,
banashankari,murder,12.9023386,77.5653253,,13:45,
banashankari,murder,12.9144906,77.5721065,2016-07-31,21:30,
banashankari,murder,12.9105469,77.5607455,2017-04-26,15:00,
banashankari,murder,12.8993986,77.5725849,2017-08-27,15:00,
banashankari,murder,12.9023333,77.5689282,,18:30,
banashankari,murder,12.9143691,77.5733106,2018-04-30,16:30,
banashankari,murder,12.9155359,77.5616258,2018-08-25,1:30,
banashankari,murder,12.9142072,77.5618648,2019-03-24,5:30,
banashankari,murder,12.9061712,77.5698458,,00:30,
banashankari,murder,12.8964516,77.5602433,,7:30,
banashankari,murder,12.937792,77.537268,2016-06-23,17:00:00,2016
banashankari,murder,12.939585,77.544317,,08:30:00,2017
banashankari,murder,12.937792,77.537268,2017-04-21,09:10:00,2017
banashankari,murder,12.93586,77.54388,,13:00:00,2018
banashankari,murder,12.946026,77.544111,,03:00:00,2018
banashankari,murder,12.940271,77.542692,,15:00:00,2018
banashankari,murder,12.9486568,77.5622764,2016-04-15,04:00:00,2016
banashankari,murder,12.94953,77.56316,,22:00:00,2017
banashankari,murder,12.94953,77.56316,2017-07-14,17:00:00,2017
banashankari,murder,12.9605399,77.5716173,,18:30:00,2015
banashankari,murder,12.9560844,77.5756127,,17:45:00,2016
banashankari,murder,12.948703,77.5787416,,,2016
banashankari,murder,12.948633,77.5758666,,,2018
banashankari,murder,12.941281,77.55467,,23:45:00,2016
banashankari,murder,12.94725,77.55428,,21:30:00,2017
banashankari,murder,12.945897,77.567461,,07:45:00,2018
banashankari,murder,12.94885,77.55255,,23:00:00,2019
banashankari,murder,12.928925,77.56106,,,2015
banashankari,murder,12.929754,77.551246,,,2015
banashankari,murder,12.930313,77.554418,,01:00:00,2016
banashankari,murder,12.926431,77.544097,,05:00:00,2016
banashankari,murder,12.9289,77.554688,2016-06-26,04:00:00,2016
banashankari,murder,12.930848,77.562656,,11:30:00,2018
banashankari,murder,12.920708,77.545062,,06:15:00,2018
banashankari,murder,12.921084,77.540512,2018-09-30,01:00:00,2018
banashankari,murder,12.931413,77.566018,2019-04-29,04:00:00,2019
banashankari,murder,12.920844,77.543006,,09:45:00,2019
banashankari,murder,12.923045,77.541396,2019-09-23,04:30:00,2019
banashankari,murder,12.93336,77.550661,2019-11-13,01:00:00,2019
banashankari,attempted murder,12.971599,77.594563,,07:00:00,2016
banashankari,attempted murder,12.80642,77.52537,,13:30:00,2016
banashankari,attempted murder,12.88605,77.494843,2017-01-15,10:15PM,2017
banashankari,attempted murder,12.921755,77.588346,2017-01-21,23:50:00,2017
banashankari,attempted murder,12.922076,77.5589539,,07:35:00,2017
banashankari,attempted murder,12.835635,77.653354,2018-05-22,18:00:00,2018
banashankari,attempted murder,12.925635,77.583354,2018-08-13,16:45:00,2018
banashankari,attempted murder,12.79642,77.50537,,16:25:00,2018
banashankari,attempted murder,12.93443,77.592697,2019-04-28,19:30:00,2019
banashankari,attempted murder,12.943773,77.573418,,23:15:00,2015
banashankari,attempted murder,12.941212,77.57344,,10:30:00,2015
banashankari,attempted murder,12.941716,77.573891,,11:00:00,2016
banashankari,attempted murder,12.9445229,77.5788835,,13:45AM,2017
banashankari,attempted murder,12.941946,77.574073,,11:30:00,2017
banashankari,attempted murder,12.935305,77.572075,,00:15:00,2017
banashankari,attempted murder,12.93699,77.566649,,21:15AM,2018
banashankari,attempted murder,12.944247,77.572678,2018-02-14,21:15AM,2018
banashankari,attempted murder,12.938602,77.575583,2018-05-17,11:30:00,2018
banashankari,attempted murder,12.946432,77.578244,,19:12AM,2019
banashankari,attempted murder,12.942962,77.568212,2019-11-19,14:30PM,2019
banashankari,attempted murder,12.9071234,77.5772499,2015-04-29,04:05:00,2015
banashankari,attempted murder,12.9021964,77.5472,,23:46:00,2015
banashankari,attempted murder,12.9047055,77.5868222,,22:50:00,2015
banashankari,attempted murder,12.8996863,77.5719224,2015-10-13,23:01:00,2015
banashankari,attempted murder,12.91655,77.5945793,2015-10-29,08:35:00,2015
banashankari,attempted murder,12.9165477,77.5617482,2015-12-25,21:45:00,2015
banashankari,attempted murder,12.9111818,77.5739301,,22:01:00,2016
banashankari,attempted murder,12.8896959,77.543055,2016-03-31,15:35:00,2016
banashankari,attempted murder,12.9036647,77.5785439,2016-08-29,17:01:00,2016
banashankari,attempted murder,12.9423522,77.5027961,,11:30:00,2016
banashankari,attempted murder,12.909427,77.5706543,2016-10-20,13:15:00,2016
banashankari,attempted murder,12.9093248,77.5591563,2016-10-22,22:45:00,2016
banashankari,attempted murder,12.8879049,77.5774295,,00:00:00,2016
banashankari,attempted murder,12.8879043,77.5621085,,22:01:00,2017
banashankari,attempted murder,12.8879031,77.5621085,2018-03-27,18:20:00,2018
banashankari,attempted murder,12.9105665,77.571023,,18:30:00,2018
banashankari,attempted murder,12.9125802,77.5731949,2018-08-28,11:20:00,2018
banashankari,attempted murder,12.9125802,77.5731949,2019-01-26,18:40:00,2019
banashankari,attempted murder,12.9263748,77.5664358,2019-03-28,03:00:00,2019
banashankari,attempted murder,12.9122435,77.5829634,2019-04-14,01:00:00,2019
banashankari,attempted murder,12.9204433,77.5663689,2019-04-20,17:00:00,2019
banashankari,attempted murder,12.9176778,77.5638833,,01:15:00,2015
banashankari,attempted murder,12.9175333,77.5733778,2015-02-28,20:00:00,2015
banashankari,attempted murder,12.9196528,77.5740472,,14:30:00,2015
banashankari,attempted murder,12.9292778,77.57365,,17:45:00,2015
banashankari,attempted murder,12.9359861,77.5746806,2015-04-17,21:00:00,2015
banashankari,attempted murder,12.9283167,77.5643944,2015-05-19,13:30:00,2015
banashankari,attempted murder,12.9279722,77.5698667,,13:00:00,2015
banashankari,attempted murder,12.9196639,77.5736611,,22:30:00,2015
banashankari,attempted murder,12.9239194,77.5712972,2015-12-25,18:10:00,2015
banashankari,attempted murder,12.9239194,77.5712972,2015-12-31,15:00:00,2015
banashankari,attempted murder,12.9155694,77.5567722,,15:30:00,2016
banashankari,attempted murder,12.9197694,77.5708278,2016-06-24,21:00:00,2016
banashankari,attempted murder,12.9217222,77.57355,2016-07-16,21:00:00,2016
banashankari,attempted murder,12.9217222,77.57355,2016-07-16,21:30:00,2016
banashankari,attempted murder,12.9196528,77.5740472,2016-07-31,23:30:00,2016
banashankari,attempted murder,12.9171111,77.5626833,2016-08-31,21:00:00,2016
banashankari,attempted murder,12.9155694,77.5567722,,10:30:00,2016
banashankari,attempted murder,12.92675,77.5636056,2016-12-16,11:45:00,2016
banashankari,attempted murder,12.9195056,77.5632917,2016-12-22,22:15:00,2016
banashankari,attempted murder,12.87974,77.50031,,17:00:00,2017
banashankari,attempted murder,12.9175333,77.5733778,2017-06-27,09:30:00,2017
banashankari,attempted murder,12.9181472,77.572175,2017-06-27,10:00:00,2017
banashankari,attempted murder,12.92957,77.57276,,06:00:00,2017
banashankari,attempted murder,12.91851,77.58122,,23:45:00,2017
banashankari,attempted murder,12.87974,77.50031,,05:00:00,2017
banashankari,attempted murder,12.9274444,77.5769306,,08:00:00,2017
banashankari,attempted murder,12.9181472,77.572175,2017-11-16,10:45:00,2017
banashankari,attempted murder,12.89066,77.575524,2018-01-15,18:15:00,2018
banashankari,attempted murder,12.9175333,77.5733778,,10:50:00,2018
banashankari,attempted murder,12.9175333,77.5733778,,15:30:00,2018
banashankari,attempted murder,12.9178389,77.564225,,09:30:00,2018
banashankari,attempted murder,12.9175333,77.5733778,,09:45:00,2018
banashankari,attempted murder,13.01965,77.60673,,13:15:00,2019
banashankari,attempted murder,12.9178389,77.564225,2019-06-13,09:30:00,2019
banashankari,attempted murder,12.9196528,77.5740472,,15:45:00,2019
banashankari,attempted murder,12.9196528,77.5740472,2019-10-29,20:40:00,2019
banashankari,attempted murder,12.944814,77.587996,2015-03-22,14:30:00,2015
banashankari,attempted murder,12.942789,77.596405,,14:00:00,2015
banashankari,attempted murder,12.946042,77.593699,2015-07-22,18:30:00,2015
banashankari,attempted murder,12.93481,77.591525,,21:00:00,2015
banashankari,attempted murder,12.945283,77.58671,,00:15:00,2015
banashankari,attempted murder,12.942789,77.596405,2015-08-16,20:30:00,2015
banashankari,attempted murder,12.934073,77.592244,,20:00:00,2015
banashankari,attempted murder,12.944485,77.591988,,20:00:00,2015
banashankari,attempted murder,12.945602,77.588022,,09:15:00,2015
banashankari,attempted murder,12.946595,77.59197,2015-11-17,21:00:00,2015
banashankari,attempted murder,12.944814,77.587996,,13:15:00,2016
banashankari,attempted murder,12.944814,77.587996,2016-03-20,13:00:00,2016
banashankari,attempted murder,12.942707,77.585262,2016-04-26,04:00:00,2016
banashankari,attempted murder,12.935847,77.593125,2017-06-14,04:30:00,2017
banashankari,attempted murder,12.944265,77.593685,,20:45:00,2017
banashankari,attempted murder,12.945058,77.591578,2017-12-19,14:00:00,2017
banashankari,attempted murder,12.9446676,77.592128,2018-10-25,10:45:00,2018
banashankari,attempted murder,12.941015,77.580237,2018-11-28,17:00:00,2018
banashankari,attempted murder,12.9446676,77.592128,2018-12-24,20:00:00,2018
banashankari,attempted murder,12.938585,77.58509,,15:00:00,2019
banashankari,attempted murder,12.946428,77.591183,2019-02-18,09:45:00,2019
banashankari,attempted murder,12.951431,77.590558,2019-02-27,13:30:00,2019
banashankari,attempted murder,12.945058,77.591578,,12:00:00,2019
banashankari,attempted murder,12.946042,77.593699,,12:00:00,2019
banashankari,attempted murder,12.942008,77.593672,,21:00:00,2019
banashankari,attempted murder,12.936049,77.592597,,21:30:00,2019
banashankari,attempted murder,12.943814,77.59715,2019-12-22,16:30:00,2019
banashankari,attempted murder,12.8906256,77.5640557,2015-01-21,12:30:00,2015
banashankari,attempted murder,12.8911707,77.5699034,2015-04-30,15:00PM,2015
banashankari,attempted murder,12.8829076,77.5669061,2015-05-22,19:45PM,2015
banashankari,attempted murder,12.917986,77.553778,,21:15PM,2016
banashankari,attempted murder,12.9075982,77.5348106,2016-01-31,10:00:00,2016
banashankari,attempted murder,12.9127392,77.5487886,2016-02-22,08:15:00,2016
banashankari,attempted murder,12.9094414,77.5572145,,,2016
banashankari,attempted murder,12.9091345,77.5532527,2016-02-29,17:40PM,2016
banashankari,attempted murder,12.908622,77.5553156,,22:45PM,2016
banashankari,attempted murder,12.888674,77.5731222,2016-03-30,12:15:00,2016
banashankari,attempted murder,12.888674,77.5731222,,14:35PM,2016
banashankari,attempted murder,12.9046755,77.5300176,2016-06-25,20:00PM,2016
banashankari,attempted murder,12.895725,77.5719447,,20:45PM,2016
banashankari,attempted murder,12.8881276,77.5811466,,,2016
banashankari,attempted murder,12.9113455,77.5381237,,,2016
banashankari,attempted murder,12.8924686,77.5754077,,,2016
banashankari,attempted murder,12.9110243,77.5391778,,23:45PM,2017
banashankari,attempted murder,12.8990011,77.544042,2017-09-15,10:00:00,2017
banashankari,attempted murder,12.908276,77.5502268,,22:15PM,2017
banashankari,attempted murder,12.9142227,77.5392943,,21:30PM,2017
banashankari,attempted murder,12.8997408,77.5495169,,07:30:00,2017
banashankari,attempted murder,12.9173966,77.545338,,18:15PM,2018
banashankari,attempted murder,12.9102289,77.5481594,2018-02-28,18:02PM,2018
banashankari,attempted murder,12.9047104,77.5448882,2018-04-14,13:45:00,2018
banashankari,attempted murder,12.9098878,77.5576361,,21:00PM,2018
banashankari,attempted murder,12.9057223,77.5355813,2019-01-14,12:15:00,2019
banashankari,attempted murder,12.8852062,77.5686646,2019-02-18,10:30:00,2019
banashankari,attempted murder,12.904425,77.528388,2019-03-13,08:00:00,2019
banashankari,attempted murder,12.8906256,77.5640557,,21:00PM,2019
banashankari,attempted murder,12.9144943,77.5502142,,,2019
banashankari,attempted murder,12.9057223,77.5355813,2019-10-25,00:45:00,2019
banashankari,attempted murder,12.885536,77.542507,,13:15:00,2015
banashankari,attempted murder,12.870927,77.536764,2015-03-20,21:00:00,2015
banashankari,attempted murder,12.891626,77.496854,,21:00:00,2015
banashankari,attempted murder,12.862772,77.531239,2015-05-14,14:00:00,2015
banashankari,attempted murder,12.876155,77.53255,2015-09-17,20:30:00,2015
banashankari,attempted murder,12.872936,77.528647,2015-10-15,09:30:00,2015
banashankari,attempted murder,12.874927,77.542694,2016-03-30,17:00:00,2016
banashankari,attempted murder,12.870315,77.5375,2019-06-29,11:00:00,2016
banashankari,attempted murder,12.872491,77.560741,,15:00:00,2016
banashankari,attempted murder,12.872491,77.560741,,15:30:00,2016
banashankari,attempted murder,12.876095,77.546538,2016-09-28,13:00:00,2016
banashankari,attempted murder,12.879245,77.512528,2016-11-25,00:15:00,2016
banashankari,attempted murder,12.891048,77.542411,2016-11-28,17:00:00,2016
banashankari,attempted murder,12.88374,77.501315,,07:00:00,2016
banashankari,attempted murder,12.856318,77.559623,,22:30:00,2017
banashankari,attempted murder,12.895099,77.542102,2017-02-27,23:15:00,2017
banashankari,attempted murder,12.869881,77.525669,,01:00:00,2017
banashankari,attempted murder,12.868478,77.521805,2017-05-17,13:30:00,2017
banashankari,attempted murder,12.877804,77.533739,,14:45:00,2017
banashankari,attempted murder,12.863084,77.526325,2017-08-16,10:30:00,2017
banashankari,attempted murder,12.880893,77.543751,2017-11-19,12:10:00,2017
banashankari,attempted murder,12.874507,77.529564,2017-11-26,22:00:00,2017
banashankari,attempted murder,12.853218,77.553667,,12:00:00,2018
banashankari,attempted murder,12.881532,77.511282,,08:30:00,2018
banashankari,attempted murder,12.877385,77.534077,2018-06-18,21:15:00,2018
banashankari,attempted murder,12.867237,77.535278,,23:30:00,2018
banashankari,attempted murder,12.878813,77.482329,2018-10-26,13:00:00,2018
banashankari,attempted murder,12.85092,77.557048,2018-11-22,18:30:00,2018
banashankari,attempted murder,12.880754,77.549448,,03:45:00,2019
banashankari,attempted murder,12.895797,77.536992,,18:30:00,2019
banashankari,attempted murder,12.865399,77.520688,,06:30:00,2019
banashankari,attempted murder,12.865652,77.516896,2019-09-17,14:00:00,2019
banashankari,attempted murder,12.881457,77.573157,2017-05-31,09:00:00,2017
banashankari,attempted murder,12.85708,77.577065,,12:30:00,2017
banashankari,attempted murder,12.899251,77.576456,,22:30:00,2017
banashankari,attempted murder,12.88967,77.571871,,23:00:00,2017
banashankari,attempted murder,12.871945,77.57484,,00:10:00,2017
banashankari,attempted murder,12.855507,77.587458,,15:20:00,2018
banashankari,attempted murder,12.888075,77.570911,2019-03-30,04:15:00,2018
banashankari,attempted murder,12.88245,77.575277,,09:40:00,2018
banashankari,attempted murder,12.871945,77.57484,2018-05-26,19:00:00,2018
banashankari,attempted murder,12.881966,77.566281,,20:54:00,2018
banashankari,attempted murder,12.84856,77.58442,2018-07-31,13:10:00,2018
banashankari,attempted murder,12.870638,77.583264,2018-08-25,05:30:00,2018
banashankari,attempted murder,12.881012,77.57636,2018-04-26,17:00:00,2018
banashankari,attempted murder,12.88967,77.571871,,21:00:00,2019
banashankari,attempted murder,12.878993,77.557886,2019-03-30,07:00:00,2019
banashankari,attempted murder,12.880183,77.567401,2019-03-31,07:15:00,2019
banashankari,attempted murder,12.896392,77.570185,,21:10:00,2019
banashankari,attempted murder,12.89639,77.570185,,07:00:00,2019
banashankari,attempted murder,12.840624,77.580569,2019-05-30,23:15:00,2019
banashankari,attempted murder,12.88818,77.570987,2019-11-20,16:30:00,2019
banashankari,attempted murder,12.843536,77.5836,2019-11-25,12:30:00,2019
banashankari,attempted murder,12.8911,77.5871639,2017-01-24,00:30:00,2017
banashankari,attempted murder,12.9057972,77.6003278,,18:00:00,2017
banashankari,attempted murder,12.8837528,77.5900583,,14:30:00,2017
banashankari,attempted murder,12.8837528,77.5900583,2017-07-25,20:40:00,2017
banashankari,attempted murder,12.8874556,77.59245,,15:30:00,2017
banashankari,attempted murder,12.885931,77.585941,2017-11-26,03:00:00,2017
banashankari,attempted murder,12.90903,77.58764,,11:30:00,2018
banashankari,attempted murder,12.902358,77.589837,,21:00:00,2018
banashankari,attempted murder,12.881791,77.588689,2019-11-13,19:00:00,2019
banashankari,attempted murder,12.9124183,77.5641048,,19:00:00,2015
banashankari,attempted murder,12.8999136,77.5724909,,22:00:00,2015
banashankari,attempted murder,12.9026073,77.5614887,,17:00:00,2015
banashankari,attempted murder,12.9021875,77.5726242,2015-07-29,18:30:00,2015
banashankari,attempted murder,12.9021875,77.5726242,2015-07-29,12:00:00,2015
banashankari,attempted murder,12.9085203,77.5725265,,16:30:00,2015
banashankari,attempted murder,12.9141256,77.5633355,2015-12-13,21:00:00,2015
banashankari,attempted murder,12.9021875,77.5726242,2015-12-19,12:00:00,2015
banashankari,attempted murder,12.9071512,77.5706533,,21:00:00,2016
banashankari,attempted murder,12.9105469,77.5607455,,22:30:00,2016
banashankari,attempted murder,12.9156669,77.5615653,2016-01-27,15:15:00,2016
banashankari,attempted murder,12.9036664,77.5674609,,22:00:00,2016
banashankari,attempted murder,12.8927194,77.566816,,11:00:00,2016
banashankari,attempted murder,12.9144906,77.5721065,,15:30:00,2016
banashankari,attempted murder,12.9144906,77.5721065,2016-07-31,20:40:00,2016
banashankari,attempted murder,12.9073405,77.5726119,,00:30:00,2016
banashankari,attempted murder,12.9043309,77.5684682,2016-08-16,23:01:00,2016
banashankari,attempted murder,12.9008928,77.5698814,,17:00:00,2016
banashankari,attempted murder,12.9162974,77.5707956,,15:30:00,2016
banashankari,attempted murder,12.8952844,77.5662129,2016-10-19,18:15:00,
banashankari,attempted murder,12.8985486,77.5696633,2016-10-22,09:30:00,
banashankari,attempted murder,12.898195,77.5693753,,11:55:00,2016
banashankari,attempted murder,12.8988075,77.57229,2016-12-21,00:20:00,2016
banashankari,attempted murder,12.9124941,77.5724057,,21:00:00,2017
banashankari,attempted murder,12.9036664,77.5674609,2017-03-24,21:00:00,2017
banashankari,attempted murder,12.8964516,77.5602433,,23:00:00,2017
banashankari,attempted murder,12.9026073,77.5614887,2017-08-23,21:00:00,2017
banashankari,attempted murder,12.907951,77.5709835,2017-09-21,"1 day, 0:00:00",2017
banashankari,attempted murder,12.9007132,77.5651239,2017-11-22,22:30:00,2017
banashankari,attempted murder,12.9079108,77.5667368,2017-11-27,21:00:00,2017
banashankari,attempted murder,12.9135166,77.5670477,2018-03-13,18:00:00,2018
banashankari,attempted murder,12.9008928,77.5698814,2018-05-29,19:00:00,2018
banashankari,attempted murder,12.9043309,77.5684682,,21:00:00,2018
banashankari,attempted murder,12.9043309,77.5684682,2018-06-18,14:00:00,2018
banashankari,attempted murder,12.9151437,77.5694191,2018-06-26,15:00:00,2018
banashankari,attempted murder,12.9023386,77.5653253,,14:00:00,2018
banashankari,attempted murder,12.8982364,77.5694762,2018-07-18,23:00:00,2018
banashankari,attempted murder,12.9050964,77.571337,,21:00:00,2018
banashankari,attempted murder,12.9061712,77.5698458,,18:00:00,2018
banashankari,attempted murder,12.9135166,77.5670477,,23:30:00,2018
banashankari,attempted murder,12.8968476,77.567481,2019-01-29,22:30:00,2019
banashankari,attempted murder,12.8979065,77.5594981,2019-08-17,22:30:00,2019
banashankari,attempted murder,12.8914388,77.5645044,,13:30:00,2019
banashankari,attempted murder,12.931754,77.539058,,05:00:00,2015
banashankari,attempted murder,12.936892,77.551396,2015-09-18,02:00:00,2015
banashankari,attempted murder,12.936135,77.545152,2015-10-28,23:55:00,2015
banashankari,attempted murder,12.937792,77.537268,,08:00:00,2016
banashankari,attempted murder,12.939647,77.552168,,11:30:00,2016
banashankari,attempted murder,12.943851,77.548762,,16:00:00,2016
banashankari,attempted murder,12.939585,77.544317,,22:30:00,2016
banashankari,attempted murder,12.933474,77.543107,,22:15:00,2016
banashankari,attempted murder,12.937343,77.537022,2016-04-27,21:30:00,2016
banashankari,attempted murder,12.930897,77.53865,,11:30:00,2016
banashankari,attempted murder,12.939647,77.552168,,19:00:00,2017
banashankari,attempted murder,12.930897,77.53865,,,2017
banashankari,attempted murder,12.936892,77.551396,,20:30:00,2017
banashankari,attempted murder,12.93586,77.54388,,22:00:00,2018
banashankari,attempted murder,12.941898,77.55148,,13:40:00,2018
banashankari,attempted murder,12.934084,77.544929,,02:00:00,2018
banashankari,attempted murder,12.916346,77.536052,,16:50:00,2019
banashankari,attempted murder,12.931403,77.53854,,14:30:00,2019
banashankari,attempted murder,12.926366,77.548363,,20:40:00,2019
banashankari,attempted murder,12.940715,77.545315,,22:00:00,2019
banashankari,attempted murder,12.941898,77.55148,,21:45:00,2019
banashankari,attempted murder,12.94948,77.5643001,,,2015
banashankari,attempted murder,12.94953,77.56316,2016-05-30,01:30:00,2016
banashankari,attempted murder,12.94953,77.56316,2017-03-20,09:00:00,2017
banashankari,attempted murder,12.951433,77.567242,,21:30:00,2018
banashankari,attempted murder,12.953511,77.559792,2018-03-16,15:00:00,2018
banashankari,attempted murder,12.9504668,77.5643001,,10:30:00,2018
banashankari,attempted murder,12.948701,77.559813,,19:00:00,2018
banashankari,attempted murder,12.95014,77.5604,2019-06-18,11:30:00,2019
banashankari,attempted murder,12.94968,77.56202,2019-07-17,21:30:00,2019
banashankari,attempted murder,12.94827,77.55944,2019-09-20,02:40:00,2019
banashankari,attempted murder,12.94951,77.56312,2019-11-14,22:30:00,2019
banashankari,attempted murder,12.94953,77.56316,2019-11-22,12:30:00,2019
banashankari,attempted murder,12.94953,77.56316,,23:00:00,2019
banashankari,attempted murder,12.9533,77.57242,2017-08-24,16:00:00,2017
banashankari,attempted murder,12.948775,77.572542,2019-09-29,19:00:00,2017
banashankari,attempted murder,12.951456,77.5799156,,4:3,2017
banashankari,attempted murder,12.9537221,77.5757708,,19:3,2017
banashankari,attempted murder,12.9562785,77.5765665,,17:3,2018
banashankari,attempted murder,12.9394,77.5543,,15:15:00,2015
banashankari,attempted murder,12.9365,77.556,2015-01-16,12:15:00,2015
banashankari,attempted murder,12.9324412,77.564925,,08:45:00,2017
banashankari,attempted murder,12.933307,77.555896,,02:00:00,2015
banashankari,attempted murder,12.932948,77.555739,,22:40:00,2015
banashankari,attempted murder,12.925628,77.558118,,11:40:00,2016
banashankari,attempted murder,12.92281,77.549459,2016-08-28,19:00:00,2016
banashankari,attempted murder,12.930583,77.553237,,19:00:00,2016
banashankari,attempted murder,12.933015,77.550397,,23:45:00,2016
banashankari,attempted murder,12.922987,77.549027,2016-10-13,15:00:00,2016
banashankari,attempted murder,12.929347,77.553496,2016-11-27,11:00:00,2016
banashankari,attempted murder,12.923302,77.547439,2017-01-14,00:30:00,2017
banashankari,attempted murder,12.923588,77.546773,2017-01-19,10:00:00,2017
banashankari,attempted murder,12.930065,77.552782,2017-01-24,21:00:00,2017
banashankari,attempted murder,12.92428,77.559714,2017-01-30,17:45:00,2017
banashankari,attempted murder,12.919563,77.542178,,22:30:00,2017
banashankari,attempted murder,12.927776,77.560628,2017-08-13,19:30:00,2017
banashankari,attempted murder,12.922983,77.548966,,19:30:00,2017
banashankari,attempted murder,12.921282,77.552124,,19:30:00,2017
banashankari,attempted murder,12.924888,77.54409,2018-04-19,22:00:00,2018
banashankari,attempted murder,12.91959,77.541964,2018-09-23,23:15:00,2018
banashankari,attempted murder,12.920267,77.542058,,18:30:00,2019
banashankari,attempted murder,12.932401,77.564047,2019-09-15,10:30:00,2019
banashankari,attempted murder,12.923094,77.549019,2019-12-15,09:15:00,2019
banashankari,robbery,12.914562,77.58467,,15:15:00,2015
banashankari,robbery,12.912566,77.58986,2015-02-18,13:00:00,2015
banashankari,robbery,12.91802,77.58833,2015-02-25,13:30:00,2015
banashankari,robbery,12.932946,77.58386,,03:40:00,2015
banashankari,robbery,12.915644,77.56456,,09:45:00,2015
banashankari,robbery,12.97194,77.59369,,20:45:00,2016
banashankari,robbery,12.932554,77.589451,2016-02-29,11:00:00,2016
banashankari,robbery,12.933705,77.5787847,,20:15:00,2016
banashankari,robbery,12.96557,77.60625,,20:15:00,2016
banashankari,robbery,12.916148,77.58543,2016-09-19,23:30:00,2016
banashankari,robbery,12.922512,77.588537,,22:00:00,2016
banashankari,robbery,12.97194,77.59369,2016-10-26,21:00:00,2016
banashankari,robbery,12.97194,77.59369,2016-10-26,16:30:00,2016
banashankari,robbery,12.922517,77.58415,2016-11-22,09:15:00,2016
banashankari,robbery,12.929273,77.582423,2016-11-29,21:35:00,2016
banashankari,robbery,12.922918,77.58598,,00:30:00,2016
banashankari,robbery,12.96557,77.60625,,20:00:00,2016
banashankari,robbery,12.929273,77.58242,2016-12-18,14:00:00,2016
banashankari,robbery,12.929273,77.58242,2016-12-26,10:30:00,2016
banashankari,robbery,12.924709,77.589568,2017-03-27,12:30:00,2016
banashankari,robbery,12.920751,77.574677,2017-04-21,10:40:00,2016
banashankari,robbery,12.91113,77.572982,2017-04-21,16:30:00,2016
banashankari,robbery,12.920042,77.583575,2017-07-25,09:00:00,2016
banashankari,robbery,12.933466,77.584554,2017-07-28,23:30:00,2016
banashankari,robbery,12.923436,77.583712,2017-08-28,14:30:00,2016
banashankari,robbery,12.921507,77.580242,,12:10:00,2016
banashankari,robbery,12.929507,77.580123,2017-09-20,11:30:00,2017
banashankari,robbery,12.933196,77.583949,2017-10-30,22:30:00,2017
banashankari,robbery,12.937057,77.579642,,13:15:00,2017
banashankari,robbery,12.926539,77.580657,2017-11-14,20:45:00,2017
banashankari,robbery,12.927594,77.587401,2017-11-14,21:15:00,2017
banashankari,robbery,12.924444,77.58544,2017-11-16,10:00:00,2017
banashankari,robbery,12.919213,77.589206,2017-11-17,03:15:00,2017
banashankari,robbery,12.917612,77.57555,,20:45:00,2017
banashankari,robbery,12.926114,77.584636,2018-02-20,23:10:00,2018
banashankari,robbery,12.91996,77.577755,,19:50:00,2018
banashankari,robbery,12.932965,77.583821,,20:00:00,2018
banashankari,robbery,12.922168,77.575662,,00:10:00,2018
banashankari,robbery,12.936028,77.581004,2018-04-14,01:15:00,2018
banashankari,robbery,12.91802,77.588333,2018-04-16,09:30:00,2018
banashankari,robbery,12.918903,77.579729,2018-04-23,00:15:00,2018
banashankari,robbery,12.936564,77.579101,,22:00:00,2018
banashankari,robbery,12.919622,77.576159,2018-06-27,00:30:00,2018
banashankari,robbery,12.922461,77.589067,,12:00:00,2018
banashankari,robbery,12.919946,77.580174,2018-08-19,14:15:00,2018
banashankari,robbery,12.91795,77.588783,2018-10-24,02:00:00,2018
banashankari,robbery,12.917777,77.58849,,16:30:00,2018
banashankari,robbery,12.91691,77.5857,,14:00:00,2018
banashankari,robbery,12.94391,77.5656,,20:10:00,2018
banashankari,robbery,12.91925,77.57409,,11:45:00,2019
banashankari,robbery,12.920789,77.584152,,13:45:00,2019
banashankari,robbery,12.9218,77.58027,2019-02-22,14:15:00,2019
banashankari,robbery,12.89658,77.58865,,12:30:00,2019
banashankari,robbery,12.937897,77.589756,2019-06-15,12:10:00,2019
banashankari,robbery,12.935478,77.586977,2019-06-22,20:45:00,2019
banashankari,robbery,12.913208,77.646289,2019-06-24,20:45:00,2019
banashankari,robbery,12.91984,77.57982,,22:30:00,2019
banashankari,robbery,12.88411,77.49496,,14:45:00,2019
banashankari,robbery,12.93131,77.55262,,00:45:00,2019
banashankari,robbery,12.944364,77.570389,2015-09-21,,2015
banashankari,robbery,12.941264,77.580945,,,2016
banashankari,robbery,12.940014,77.573508,,,2016
banashankari,robbery,12.948533,77.576886,,,2016
banashankari,robbery,12.939203,77.574648,,,2016
banashankari,robbery,12.939203,77.574648,2016-12-22,,2016
banashankari,robbery,12.933631,77.567751,,,2017
banashankari,robbery,12.938711,77.576996,,,2017
banashankari,robbery,12.94605,77.575394,,,2017
banashankari,robbery,12.938967,77.578236,,,2017
banashankari,robbery,12.940152,77.566791,,,2017
banashankari,robbery,12.937975,77.56561,,,2017
banashankari,robbery,12.940152,77.566791,,,2017
banashankari,robbery,12.947732,77.580382,,,2017
banashankari,robbery,12.936013,77.574015,,,2017
banashankari,robbery,12.947732,77.580382,,,2017
banashankari,robbery,12.789441,77.789841,,,2018
banashankari,robbery,12.94138,77.579918,,,2018
banashankari,robbery,12.947809,77.574315,,,2018
banashankari,robbery,12.943653,77.578494,,,2018
banashankari,robbery,12.93841,77.57319,,,2018
banashankari,robbery,12.849751,77.8954621,,,2018
banashankari,robbery,12.943878,77.575749,,,2018
banashankari,robbery,12.7865741,77.8754201,,,2018
banashankari,robbery,12.943671,77.574675,,,2018
banashankari,robbery,12.94546,77.57132,,,2018
banashankari,robbery,12.948101,77.579533,,,2018
banashankari,robbery,12.86541,77.68521,2018-12-21,,2018
banashankari,robbery,12.948101,77.579533,,,2019
banashankari,robbery,12.849751,77.8954621,2019-08-13,,2019
banashankari,robbery,12.9164781,77.5877546,2015-03-20,22:30:00,2015
banashankari,robbery,12.9113469,77.5934304,2015-06-22,15:20:00,2015
banashankari,robbery,12.8136962,77.587486,,16:20:00,2015
banashankari,robbery,12.9155917,77.5770282,,09:10:00,2015
banashankari,robbery,12.8893536,77.5463813,,16:30:00,2015
banashankari,robbery,12.911969,77.5861441,,02:30:00,2015
banashankari,robbery,12.9163635,77.5902451,2015-08-14,20:00:00,2015
banashankari,robbery,12.9081752,77.5982283,2015-09-29,16:00:00,2015
banashankari,robbery,12.9048333,77.5789134,,09:15:00,2016
banashankari,robbery,12.9126892,77.5892209,2016-02-27,11:30:00,2016
banashankari,robbery,12.9016312,77.5710152,2016-03-31,15:00:00,2016
banashankari,robbery,12.9164782,77.5901863,,02:15:00,2016
banashankari,robbery,12.9165042,77.5836202,,22:35:00,2016
banashankari,robbery,12.9160929,77.5835311,,03:30:00,2016
banashankari,robbery,12.9064281,77.5923107,,17:35:00,2016
banashankari,robbery,12.9138583,77.5843258,,19:30:00,2016
banashankari,robbery,12.9164782,77.5901863,2016-06-23,12:45:00,2016
banashankari,robbery,12.9105691,77.5737605,2016-07-15,19:30:00,2016
banashankari,robbery,12.9152662,77.5844226,2016-07-18,16:35:00,2016
banashankari,robbery,12.9116237,77.5965099,2016-07-30,06:15:00,2016
banashankari,robbery,12.9116497,77.5899438,2016-08-24,12:30:00,2016
banashankari,robbery,12.9169843,77.5836119,,:15:00,2016
banashankari,robbery,12.9170307,77.5682909,,12:30:00,2016
banashankari,robbery,12.9117957,77.5826913,,02:05:00,2016
banashankari,robbery,12.9047516,77.5859256,2016-10-13,14:30:00,2016
banashankari,robbery,12.9080001,77.5989745,2016-10-18,07:45:00,2016
banashankari,robbery,12.9134896,77.5767334,2016-10-19,21:00:00,2016
banashankari,robbery,12.9087019,77.5877553,2016-10-19,21:00:00,2016
banashankari,robbery,12.9151204,77.5837865,2016-10-20,03:10:00,2016
banashankari,robbery,12.9166068,77.5773499,2016-12-22,00:30:00,2016
banashankari,robbery,12.9094322,77.5706543,,11:40:00,2017
banashankari,robbery,12.9168638,77.5832552,2017-03-28,13:32:00,2017
banashankari,robbery,12.906925,77.5842211,,13:00:00,2017
banashankari,robbery,12.9174342,77.5735833,2017-07-30,17:00:00,2017
banashankari,robbery,12.9174602,77.5670172,,09:30:00,2017
banashankari,robbery,12.9064191,77.5945086,2017-09-20,14:00:00,2017
banashankari,robbery,12.9142916,77.5909833,,10:30:00,2017
banashankari,robbery,12.9103454,77.5902119,2018-01-21,09:00:00,2018
banashankari,chain snatching,12.938621,77.550721,,22:15:00,2019
banashankari,chain snatching,12.95601,77.56426,,14:30hrs,2015
banashankari,chain snatching,12.95222,77.5568,,20:35hrs,2016
banashankari,chain snatching,12.94682,77.560151,,08:30hours,2017
banashankari,chain snatching,12.9506,77.56736,,16:30hrs,2017
banashankari,chain snatching,12.957,77.5624,2017-07-16,21:30hrs,2017
banashankari,chain snatching,12.95334,77.5617,,14:00hrs,2017
banashankari,chain snatching,12.955191,77.56419,2018-03-20,21:00hrs,2018
banashankari,chain snatching,12.950078,77.556696,,17:00hrs,2019
banashankari,chain snatching,12.956273,77.564378,,10:45hrs,2019
banashankari,chain snatching,12.95319,77.55794,,22:30hrs,2019
banashankari,chain snatching,12.9489875,77.5699568,2017-09-15,20:30:00,2017
banashankari,chain snatching,12.9556,77.56883,,22:00:00,2018
banashankari,chain snatching,12.9486433,77.5758666,,15:30:00,2015
banashankari,chain snatching,12.9594654,77.5711338,,09:15:00,2015
banashankari,chain snatching,12.9515482,77.575554,,06:30:00,2015
banashankari,chain snatching,12.948703,77.5787416,,18:30:00,2015
banashankari,chain snatching,12.960209,77.5703506,,10:30:00,2016
banashankari,chain snatching,12.9527424,77.5763878,,09:15:00,2017
banashankari,chain snatching,12.9586242,77.5744841,,16:30:00,2018
banashankari,chain snatching,12.9520674,77.579281,,23:00:00,2018
banashankari,chain snatching,12.9567385,77.5754801,,10:30:00,2018
banashankari,chain snatching,12.9579316,77.5693704,,17:30:00,2019
banashankari,chain snatching,12.94599,77.56601,,13:45:00,2015
banashankari,chain snatching,12.93506,77.56309,,08:55:00,2015
banashankari,chain snatching,12.93888,77.55925,,18:20:00,2015
banashankari,chain snatching,12.93965,77.55687,,12:30:00,2015
banashankari,chain snatching,12.94464,77.56029,,20:45:00,2015
banashankari,chain snatching,12.94305,77.5541,,11:30:00,2015
banashankari,chain snatching,12.942041,77.561018,,21:30:00,2016
banashankari,chain snatching,12.935563,77.633307,,07:30:00,2016
banashankari,chain snatching,12.940906,77.557557,,08:45:00,2016
banashankari,chain snatching,12.944244,77.560414,,07:30:00,2016
banashankari,chain snatching,12.943552,77.550541,,15:00:00,2017
banashankari,chain snatching,12.946262,77.549017,,13:25:00,2017
banashankari,chain snatching,12.935795,77.656466,,11:00:00,2017
banashankari,chain snatching,12.929073,77.570739,,15:30:00,2017
banashankari,chain snatching,12.942216,77.554679,,23:00:00,2017
banashankari,chain snatching,12.944505,77.561971,,07:15:00,2017
banashankari,chain snatching,12.944505,77.561971,,22:30:00,2017
banashankari,chain snatching,12.937041,77.552855,,18:30:00,2017
banashankari,chain snatching,12.94051,77.55416,,10:20:00,2018
banashankari,chain snatching,12.94619,77.55094,,06:30:00,2018
banashankari,chain snatching,12.94354,77.56295,,19:40:00,2018
banashankari,chain snatching,12.942063,77.559585,,22:00:00,2018
banashankari,chain snatching,12.942372,77.557356,,18:10:00,2018
banashankari,chain snatching,12.94285,77.56216,,21:45:00,2019
banashankari,chain snatching,12.94519,77.55699,,23:30:00,2019
banashankari,chain snatching,12.935247,77.554545,,20:15:00,2019
banashankari,chain snatching,12.94218,77.55857,,08:15:00,2019
banashankari,chain snatching,12.93562,77.55478,,19:30:00,2019
banashankari,chain snatching,12.9352,77.56323,,20:15:00,2019
banashankari,chain snatching,12.94382,77.5612,,22:00:00,2019
banashankari,chain snatching,12.94236,77.55585,,18:00:00,2019
banashankari,chain snatching,12.9468,77.3563627,,22:00:00,2019
banashankari,chain snatching,12.94551,77.56466,,16:00:00,2019
banashankari,chain snatching,12.944193,77.556826,,18:30:00,2019
banashankari,chain snatching,12.93912,77.55505,,12:00:00,2019
banashankari,chain snatching,12.93444,77.5661,,20:30:00,2019
banashankari,chain snatching,12.930874,77.545487,2015-06-21,20:45PM,2015
banashankari,chain snatching,12.926381,77.55534,2015-08-25,12:15:00,2015
banashankari,chain snatching,12.925038,77.546948,2015-09-21,11:45:00,2015
banashankari,chain snatching,12.930957,77.552192,2015-09-22,16:00PM,2015
banashankari,chain snatching,12.922066,77.550921,,18:45PM,2015
basavanagudi,robbery,12.9217529,77.5825697,2018-01-28,17:10:00,2018
basavanagudi,robbery,12.9116237,77.5965099,2018-01-29,22:00:00,2018
basavanagudi,robbery,12.9105119,77.5928196,2018-02-24,09:30:00,2018
basavanagudi,robbery,12.9074749,77.5904753,,12:00:00,2018
basavanagudi,robbery,12.9296592,77.5521606,2018-03-24,16:00:00,2018
basavanagudi,robbery,12.9094322,77.5706543,,22:00:00,2018
basavanagudi,robbery,12.9159395,77.5922482,,21:10:00,2018
basavanagudi,robbery,12.9106658,77.5759798,2018-07-29,05:30:00,2018
basavanagudi,robbery,12.9169723,77.5901235,,16:00:00,2018
basavanagudi,robbery,12.9075378,77.5842326,,22:55:00,2019
basavanagudi,robbery,12.9162687,77.5893259,,16:30:00,2019
basavanagudi,robbery,12.9142916,77.5909833,,04:15:00,2019
basavanagudi,robbery,12.9069002,77.592889,2019-05-17,15:30:00,2019
basavanagudi,robbery,12.9146676,77.5876323,2019-06-13,19:00:00,2019
basavanagudi,robbery,12.9166559,77.5836937,2019-11-14,18:30:00,2019
basavanagudi,robbery,12.9163278,77.5605194,2015-04-21,23:45:00,2015
basavanagudi,robbery,12.930225,77.5652722,,17:45:00,2015
basavanagudi,robbery,12.9256778,77.5642194,2015-09-13,19:30:00,2015
basavanagudi,robbery,12.9248111,77.5761611,,20:15:00,2016
basavanagudi,robbery,12.9179278,77.5735,2016-07-31,22:30:00,2016
basavanagudi,robbery,12.9218639,77.5698083,2016-09-27,13:00:00,2016
basavanagudi,robbery,12.926275,77.5623333,2016-10-17,02:00:00,2016
basavanagudi,robbery,12.9184639,77.5565694,2016-12-24,19:00:00,2016
basavanagudi,robbery,12.9263444,77.5610611,2016-12-27,17:00:00,2016
basavanagudi,robbery,12.9202028,77.5606694,2017-10-17,07:10:00,2017
basavanagudi,robbery,12.9185917,77.5735556,,13:40:00,2018
basavanagudi,robbery,12.967071,77.670484,2018-06-27,12:00:00,2018
basavanagudi,robbery,12.94355,77.60976,2018-10-25,11:30:00,2018
basavanagudi,robbery,12.91166,77.5572,,12:30:00,2019
basavanagudi,robbery,12.92013,77.56925,,20:45:00,2019
basavanagudi,robbery,12.94046,77.597527,,00:35:00,2015
basavanagudi,robbery,12.943567,77.580167,2016-07-17,13:00:00,2016
basavanagudi,robbery,12.939297,77.585205,2016-09-15,10:00:00,2016
basavanagudi,robbery,12.937969,77.580158,2016-09-28,09:00:00,2016
basavanagudi,robbery,12.943814,77.59715,,05:30:00,2017
basavanagudi,robbery,12.947515,77.593908,,20:15:00,2017
basavanagudi,robbery,12.942503,77.580992,2017-02-23,01:00:00,2017
basavanagudi,robbery,12.947859,77.592105,2017-05-27,14:45:00,2017
basavanagudi,robbery,12.947859,77.592105,2017-08-28,11:00:00,2017
basavanagudi,robbery,12.943814,77.59715,,20:00:00,2018
basavanagudi,robbery,12.938436,77.583998,,21:00:00,2018
basavanagudi,robbery,12.942646,77.581997,2018-01-17,20:00:00,2018
basavanagudi,robbery,12.951453,77.590628,2018-01-27,16:00:00,2018
basavanagudi,robbery,12.943639,77.58514,2018-03-20,11:00:00,2018
basavanagudi,robbery,12.936762,77.585131,2018-03-22,16:00:00,2018
basavanagudi,robbery,12.937108,77.601273,2018-03-28,23:00:00,2018
basavanagudi,robbery,12.938445,77.58516,2018-03-28,11:00:00,2018
basavanagudi,robbery,12.936003,77.58669,2018-03-28,21:00:00,2018
basavanagudi,robbery,12.941563,77.582748,2018-04-27,21:00:00,2018
basavanagudi,robbery,12.939297,77.585205,,22:00:00,2018
basavanagudi,robbery,12.936003,77.58669,,09:00:00,2019
basavanagudi,robbery,12.942646,77.581997,2019-02-22,12:10:00,2019
basavanagudi,robbery,12.936049,77.592597,2019-03-13,12:30:00,2019
basavanagudi,robbery,12.945058,77.591578,2019-03-25,20:35:00,2019
basavanagudi,robbery,12.94576,77.587228,,12:00:00,2019
basavanagudi,robbery,12.947913,77.580038,2019-05-18,11:00:00,2019
basavanagudi,robbery,12.937956,77.598712,2019-06-27,01:00:00,2019
basavanagudi,robbery,12.943814,77.59715,,15:00:00,2019
basavanagudi,robbery,12.942884,77.585104,2019-12-18,16:30:00,2019
basavanagudi,robbery,12.9138671,77.5428395,2015-05-25,00:20:00,2015
basavanagudi,robbery,12.8856326,77.5482591,2015-07-23,23:00:00,2015
basavanagudi,robbery,12.9095351,77.5571424,2015-07-23,21:00:00,2015
basavanagudi,robbery,12.8816873,77.5658559,2015-09-13,21:00:00,2015
basavanagudi,robbery,12.8849644,77.5576756,2015-10-29,12:50:00,2015
basavanagudi,robbery,12.9124246,77.5355804,2016-04-20,10:30:00,2016
basavanagudi,robbery,12.8821173,77.5572937,2016-04-29,10:40:00,2016
basavanagudi,robbery,12.8791506,77.5768367,,19:45:00,2016
basavanagudi,robbery,12.9071139,77.5439924,2016-12-15,22:15:00,2016
basavanagudi,robbery,12.9159005,77.547469,2016-12-15,22:45:00,2016
basavanagudi,robbery,12.8825551,77.5563552,,11:45:00,2017
basavanagudi,robbery,12.9057223,77.5355813,2017-09-18,23:40PM,2017
basavanagudi,robbery,12.8910892,77.5549767,2017-09-27,21:30:00,2017
basavanagudi,robbery,12.9113234,77.5569718,,17:30:00,2017
basavanagudi,robbery,12.9066004,77.5375653,2018-04-18,06:20:00,2018
basavanagudi,robbery,12.8805674,77.5669238,2019-05-31,23:50PM,2019
basavanagudi,robbery,12.859828,77.56893,,22:00:00,2015
basavanagudi,robbery,12.859653,77.569358,,22:30:00,2015
basavanagudi,robbery,12.873803,77.561605,2015-05-25,03:00:00,2015
basavanagudi,robbery,12.870523,77.569048,,09:00:00,2015
basavanagudi,robbery,12.857031,77.530484,2015-12-19,23:00:00,2015
basavanagudi,robbery,12.885917,77.545639,2015-12-23,23:00:00,2015
basavanagudi,robbery,12.875936,77.53409,2016-03-18,21:00:00,2016
basavanagudi,robbery,12.856699,77.562385,2016-03-20,09:00:00,2016
basavanagudi,robbery,12.887446,77.502459,2016-04-19,21:00:00,2016
basavanagudi,robbery,12.88599,77.502802,2016-10-19,12:15:00,2016
basavanagudi,robbery,12.878482,77.495114,,12:30:00,2016
basavanagudi,robbery,12.857638,77.527322,,12:30:00,2016
basavanagudi,robbery,12.865732,77.523058,2017-04-30,23:30:00,2017
basavanagudi,robbery,12.892692,77.536615,2017-06-14,03:30:00,2017
basavanagudi,robbery,12.745859,77.487815,,09:45:00,2017
basavanagudi,robbery,12.859938,77.56061,,12:30:00,2017
basavanagudi,robbery,12.878854,77.529878,,22:00:00,2017
basavanagudi,robbery,12.874399,77.560296,2018-03-23,09:00:00,2018
basavanagudi,robbery,12.901526,77.513039,,08:30:00,2018
basavanagudi,robbery,12.876377,77.53243,2018-05-27,01:00:00,2018
basavanagudi,robbery,12.892718,77.52418,2018-05-27,01:00:00,2018
basavanagudi,robbery,12.858318,77.525526,2018-08-27,04:20:00,2018
basavanagudi,robbery,12.876729,77.553495,,17:30:00,2019
basavanagudi,robbery,12.85398,77.576174,,21:25:00,2019
basavanagudi,robbery,12.857882,77.527602,2019-11-29,18:00:00,2019
basavanagudi,robbery,12.861208,77.579595,,,2017
basavanagudi,robbery,12.889521,77.577839,2017-01-23,15:00:00,2017
basavanagudi,robbery,12.885756,77.579713,2017-02-24,19:35:00,2017
basavanagudi,robbery,12.888655,77.571018,,05:15:00,2017
basavanagudi,robbery,12.866076,77.580846,,,2017
basavanagudi,robbery,12.87848,77.569592,,15:30:00,2017
basavanagudi,robbery,12.889521,77.577839,,,2017
basavanagudi,robbery,12.882357,77.7757346,2017-05-16,07:14:00,2017
basavanagudi,robbery,12.891752,77.575516,2017-05-16,17:14:00,2017
basavanagudi,robbery,12.885163,77.570415,2017-05-31,21:00:00,2017
basavanagudi,robbery,12.875421,77.579941,2017-06-21,22:15:00,2017
basavanagudi,robbery,12.860251,77.580196,,15:30:00,2017
basavanagudi,robbery,12.850571,77.586299,,03:30:00,2018
basavanagudi,robbery,12.8619,77.58093,,21:00:00,2018
basavanagudi,robbery,12.866076,77.580691,,19:00:00,2018
basavanagudi,robbery,12.850571,77.586299,2018-10-20,01:00:00,2018
basavanagudi,robbery,12.882334,77.576126,2019-02-26,17:30:00,2019
basavanagudi,robbery,12.897698,77.585786,2019-05-20,05:00:00,2019
basavanagudi,robbery,12.882496,77.56783,2019-08-22,16:30:00,2019
basavanagudi,robbery,12.858499,77.592674,2019-12-20,23:45:00,2019
basavanagudi,robbery,12.8978528,77.5726861,2017-01-21,03:00:00,2017
basavanagudi,robbery,12.8978528,77.5726861,2017-06-23,07:00:00,2017
basavanagudi,robbery,12.8926056,77.5981333,,08:10:00,2017
basavanagudi,robbery,12.8874556,77.59245,2017-08-23,13:40:00,2017
basavanagudi,robbery,12.9049778,77.5974694,,10:00:00,2017
basavanagudi,robbery,12.9049778,77.5974694,,15:30:00,2017
basavanagudi,robbery,12.8987528,77.59645,2017-12-17,15:30:00,2017
basavanagudi,robbery,12.88087,77.5855,2019-05-27,22:10:00,2019
basavanagudi,robbery,12.9061712,77.5698458,,23:15:00,2015
basavanagudi,robbery,12.9028808,77.5721868,,17:00:00,2015
basavanagudi,robbery,12.8928134,77.5666301,,15:00:00,2015
basavanagudi,robbery,12.9135878,77.572218,,07:00:00,2016
basavanagudi,robbery,12.908086,77.5629921,2016-05-31,20:10:00,2016
basavanagudi,robbery,12.8903442,77.5642779,2016-07-28,23:45:00,2016
basavanagudi,robbery,12.915572,77.5732156,2016-11-13,11:45:00,2016
basavanagudi,robbery,12.9155359,77.5616258,,18:30:00,2016
basavanagudi,robbery,12.8957622,77.5599416,,14:30:00,2016
basavanagudi,robbery,12.8927194,77.566816,,11:35:00,2017
basavanagudi,robbery,12.9118926,77.5668834,,23:50:00,2017
basavanagudi,robbery,12.9084422,77.563674,2017-07-21,21:00:00,2017
basavanagudi,robbery,12.9136601,77.5652671,2017-08-29,23:00:00,2017
basavanagudi,robbery,12.9133048,77.568035,,18:00:00,2017
basavanagudi,robbery,12.904336,77.559845,,01:30:00,2017
basavanagudi,robbery,12.915784,77.567908,2017-11-28,21:00:00,2017
basavanagudi,robbery,12.9143691,77.5733106,,17:15:00,2018
basavanagudi,robbery,12.9011495,77.5706466,2018-02-15,13:00:00,2018
basavanagudi,robbery,12.8987339,77.5582035,2018-07-27,15:30:00,2018
basavanagudi,robbery,12.9061712,77.5698458,2018-07-28,13:00:00,2018
basavanagudi,robbery,12.8927194,77.566816,,18:00:00,2018
basavanagudi,robbery,12.9028808,77.5721868,2018-11-16,16:15:00,2018
basavanagudi,robbery,12.9028808,77.5721868,2018-11-18,09:30:00,2018
basavanagudi,robbery,12.9155359,77.5616258,,15:00:00,2018
basavanagudi,robbery,12.8979747,77.5627143,2019-02-28,14:30:00,2019
basavanagudi,robbery,12.9026073,77.5614887,2019-03-30,11:50:00,2019
basavanagudi,robbery,12.8928134,77.5666301,,19:15:00,2019
basavanagudi,robbery,12.8996966,77.5716116,2019-06-24,23:00:00,2019
basavanagudi,robbery,12.8957622,77.5599416,,13:45:00,2019
basavanagudi,robbery,12.930897,77.53865,2015-10-14,12:30:00,2015
basavanagudi,robbery,12.933404,77.543486,2015-11-26,17:00:00,2015
basavanagudi,robbery,12.939522,77.544467,,20:30:00,2016
basavanagudi,robbery,12.939585,77.441454,,21:30:00,2016
basavanagudi,robbery,12.938629,77.544029,,09:30:00,2016
basavanagudi,robbery,12.92227,77.532128,2016-05-17,11:50:00,2016
basavanagudi,robbery,12.969606,77.504592,2016-12-31,12:30:00,2016
basavanagudi,robbery,12.943601,77.544829,,02:35:00,2017
basavanagudi,robbery,12.935359,77.53956,,18:10:00,2017
basavanagudi,robbery,12.935359,77.53956,,14:10:00,2017
basavanagudi,robbery,12.9387548,77.526116,,21:30:00,2018
basavanagudi,robbery,12.930612,77.547209,,23:15:00,2018
basavanagudi,robbery,12.940815,77.545247,,18:00:00,2018
basavanagudi,robbery,12.940701,77.545438,,09:00:00,2018
basavanagudi,robbery,12.940815,77.545247,,18:30:00,2019
basavanagudi,robbery,12.9550138,77.5702211,2015-06-28,06:30:00,2015
basavanagudi,robbery,12.9564137,77.5702759,2016-08-26,05:30:00,2016
basavanagudi,robbery,12.9489875,77.5699568,2017-02-22,05:30:00,2017
basavanagudi,robbery,12.95416,77.56679,,13:00:00,2017
basavanagudi,robbery,12.95533,77.56768,2018-01-13,04:15:00,2018
basavanagudi,robbery,12.95722,77.57187,2018-01-13,05:00:00,2018
basavanagudi,robbery,12.94946,77.5713,2018-05-14,21:50:00,2018
basavanagudi,robbery,12.9489875,77.5699568,2018-10-22,07:10:00,2018
basavanagudi,robbery,12.95135,77.56877,2019-05-18,21:25:00,2019
basavanagudi,robbery,12.9558508,77.5755997,,17:45:00,2015
basavanagudi,robbery,12.9507264,77.5769263,,21:30:00,2016
basavanagudi,robbery,12.9527424,77.5763878,,14:20:00,2016
basavanagudi,robbery,12.9527424,77.5763878,,19:30:00,2016
basavanagudi,robbery,12.9512664,77.5774393,,01:30:00,2016
basavanagudi,robbery,12.9515482,77.575554,,22:00:00,2016
basavanagudi,robbery,12.952048,77.5771455,,17:30:00,2016
basavanagudi,robbery,12.9499629,77.5766638,,14:00:00,2016
basavanagudi,robbery,12.9515482,77.575554,,02:45:00,2017
basavanagudi,robbery,12.9485565,77.5763658,,18:30:00,2017
basavanagudi,robbery,12.9525617,77.5764151,,01:30:00,2017
basavanagudi,robbery,12.9527424,77.5763878,,20:30:00,2017
basavanagudi,robbery,12.9507853,77.5768375,,21:10:00,2017
basavanagudi,robbery,12.9525086,77.5762104,,22:00:00,2017
basavanagudi,robbery,12.9568328,77.5744492,,11:00:00,2018
basavanagudi,robbery,12.9522543,77.5770338,,13:30:00,2018
basavanagudi,robbery,12.9562785,77.5765665,2018-06-30,11:30:00,2018
basavanagudi,robbery,12.9551591,77.5738986,,15:40:00,2018
basavanagudi,robbery,12.954542,77.5747898,,10:50:00,2018
basavanagudi,robbery,12.953418,77.5792774,,20:15:00,2018
basavanagudi,robbery,12.9551591,77.5739384,,00:30:00,2019
basavanagudi,robbery,12.963508,77.5737114,,22:45:00,2019
basavanagudi,robbery,12.9513201,77.5787223,,17:30:00,2019
basavanagudi,robbery,12.94729,77.55066,,12:10:00,2015
basavanagudi,robbery,12.93598,77.56005,,21:30:00,2015
basavanagudi,robbery,12.94227,77.56256,,13:30:00,2015
basavanagudi,robbery,12.94267,77.56511,,14:30:00,2015
basavanagudi,robbery,12.940936,77.556692,,22:00:00,
basavanagudi,robbery,12.94069,77.55437,,12:15:00,2016
basavanagudi,robbery,12.94022,77.55353,,11:00:00,2016
basavanagudi,robbery,12.93624,77.56143,,20:45:00,2016
basavanagudi,robbery,12.93471,77.55667,,22:15:00,2016
basavanagudi,robbery,12.94022,77.55353,,20:15:00,2016
basavanagudi,robbery,12.940936,77.556692,,18:05:00,2016
basavanagudi,robbery,12.93625,77.56158,,21:50:00,2016
basavanagudi,robbery,12.937009,77.557041,,02:45:00,2017
basavanagudi,robbery,12.951925,77.546285,,10:15:00,2017
basavanagudi,robbery,12.940983,77.556662,,01:15:00,2017
basavanagudi,robbery,12.942452,77.556337,,02:15:00,2017
basavanagudi,robbery,12.948965,77.553134,,09:45:00,2017
basavanagudi,robbery,12.935558,77.55582,,11:30:00,2017
basavanagudi,robbery,12.941919,77.554372,,20:15:00,2017
basavanagudi,robbery,12.950179,77.553136,,20:45:00,2017
basavanagudi,robbery,12.9435,77.56586,,18:15:00,2018
basavanagudi,robbery,12.94777,77.55072,,01:10:00,2018
basavanagudi,robbery,12.9472,77.56554,,16:00:00,2019
basavanagudi,robbery,12.93925,77.5647,,16:00:00,2019
basavanagudi,robbery,12.94267,77.56511,,14:30:00,2019
basavanagudi,robbery,12.955074,77.562575,2015-12-16,17:00:00,2015
basavanagudi,robbery,12.9439542,77.5753551,,16:15:00,2016
basavanagudi,robbery,12.94949,77.56316,2016-11-23,20:00:00,2016
basavanagudi,robbery,12.94731,77.56425,,05:30:00,2017
basavanagudi,robbery,12.95627,77.56175,,13:00:00,2017
basavanagudi,robbery,12.950097,77.556479,2018-05-27,20:45:00,2018
basavanagudi,robbery,12.95322,77.561991,2019-03-15,18:30:00,2019
basavanagudi,robbery,12.94808,77.56789,,09:30:00,2019
basavanagudi,robbery,12.920677,77.542981,2015-03-15,01:00:00,2015
basavanagudi,robbery,12.923728,77.554157,2015-03-18,03:40:00,2015
basavanagudi,robbery,12.926327,77.548414,2015-12-20,03:45:00,2015
basavanagudi,robbery,12.9318152,77.550186,2016-01-30,20:30PM,2016
basavanagudi,robbery,12.9218605,77.5521785,,12:30:00,2016
basavanagudi,robbery,12.9260417,77.5550541,2016-06-19,19:30PM,2016
basavanagudi,robbery,12.9239877,77.5476438,,11:30:00,2016
basavanagudi,robbery,12.9225924,77.5507623,2016-07-23,15:15PM,2016
basavanagudi,robbery,12.9224696,77.5530864,,09:50:00,2016
basavanagudi,robbery,12.9264147,77.5535372,,16:20PM,2016
basavanagudi,robbery,12.9334732,77.5543231,,16:30:00,2017
basavanagudi,robbery,12.9242,77.553256,,20:15PM,2018
basavanagudi,robbery,12.930883,77.564694,,22:00PM,2018
basavanagudi,robbery,12.9258837,77.554762,,14:00PM,2019
basavanagudi,robbery,12.923208,77.549238,,03:00:00,2019
basavanagudi,chain snatching,12.92043,77.5819,,15:40:00,2015
basavanagudi,chain snatching,12.921652,77.57928,2015-03-13,17:30:00,2015
basavanagudi,chain snatching,12.920838,77.58481,2015-03-31,20:15:00,2015
basavanagudi,chain snatching,12.918973,77.57598,,19:45:00,2015
basavanagudi,chain snatching,12.932486,77.58962,,11:30:00,2015
basavanagudi,chain snatching,12.971599,77.59456,,20:15:00,2015
basavanagudi,chain snatching,12.92337,77.58371,,20:20:00,2015
basavanagudi,chain snatching,12.91872,77.57955,2015-12-30,07:40:00,2015
basavanagudi,chain snatching,12.918907,77.577896,2016-03-20,08:00:00,2016
basavanagudi,chain snatching,12.91933,77.57601,2016-05-20,22:00:00,2016
basavanagudi,chain snatching,12.930433,77.549761,2016-08-31,20:00:00,2016
basavanagudi,chain snatching,12.94462,77.617742,2016-09-29,20:45:00,2016
basavanagudi,chain snatching,12.92204,77.58221,2016-10-25,07:30:00,2016
basavanagudi,chain snatching,12.932946,77.583869,2016-11-29,10:00:00,2016
basavanagudi,chain snatching,12.932946,77.583869,,07:30:00,2016
basavanagudi,chain snatching,12.923396,77.581194,2017-03-28,20:00:00,2017
basavanagudi,chain snatching,12.921999,77.587034,2017-07-27,10:40:00,2017
basavanagudi,chain snatching,12.93398,77.57991,2017-09-18,09:45:00,2017
basavanagudi,chain snatching,12.918899,77.577344,2017-09-21,14:00:00,2017
basavanagudi,chain snatching,12.923412,77.564778,,08:45:00,2017
basavanagudi,chain snatching,12.920834,77.584314,2017-10-30,07:30:00,2017
basavanagudi,chain snatching,12.935706,77.582025,,23:00:00,2017
basavanagudi,chain snatching,12.870884,77.655244,2017-12-25,16:15:00,2017
basavanagudi,chain snatching,12.918859,77.579763,2018-02-24,20:45:00,2018
basavanagudi,chain snatching,12.919916,77.581878,2018-06-18,22:30:00,2018
basavanagudi,chain snatching,12.92617,77.587036,2018-06-19,17:00:00,2018
basavanagudi,chain snatching,12.922168,77.575662,,10:00:00,2018
basavanagudi,chain snatching,12.92594,77.583042,,21:15:00,2018
basavanagudi,chain snatching,12.91714,77.58078,2018-10-20,19:30:00,2018
basavanagudi,chain snatching,12.92585,77.5872,,07:30:00,2019
basavanagudi,chain snatching,12.92246,77.59624,2019-03-26,14:00:00,2019
basavanagudi,chain snatching,12.94158,77.584159,2019-05-17,18:30:00,2019
basavanagudi,chain snatching,13.11539,77.565361,,15:30:00,2019
basavanagudi,chain snatching,12.937839,77.571175,,,2015
basavanagudi,chain snatching,12.948697,77.57689,,,2016
basavanagudi,chain snatching,12.78941,77.78984,,,2016
basavanagudi,chain snatching,12.93706,77.57964,,,2016
basavanagudi,chain snatching,12.789456,77.7895461,,,2017
basavanagudi,chain snatching,12.943653,77.578494,,,2017
basavanagudi,chain snatching,12.942401,77.571924,,,2018
basavanagudi,chain snatching,12.849751,77.895421,,,2018
basavanagudi,chain snatching,12.89546,77.598465,,,2018
basavanagudi,chain snatching,12.7865741,77.8754201,2018-07-17,,2018
basavanagudi,chain snatching,12.943671,77.574675,2018-08-24,,2018
basavanagudi,chain snatching,12.948179,77.571832,,,2018
basavanagudi,chain snatching,12.948143,77.579527,2018-11-30,,2018
basavanagudi,chain snatching,12.94212,77.57536,,,2019
basavanagudi,chain snatching,12.896541,77.896251,,,2019
basavanagudi,chain snatching,12.9353872,77.5675522,2019-01-19,,2019
basavanagudi,chain snatching,12.78941,77.78984,,,2019
basavanagudi,chain snatching,12.9097051,77.5811038,,23:00:00,2015
basavanagudi,chain snatching,12.9147063,77.5880828,2015-05-18,14:50:00,2015
basavanagudi,chain snatching,12.9045684,77.5909483,2015-05-27,14:00:00,2015
basavanagudi,chain snatching,12.9122625,77.578695,,14:10:00,2015
basavanagudi,chain snatching,12.9075172,77.5850448,,15:00:00,2015
basavanagudi,chain snatching,12.8931843,77.582965,2015-08-27,18:15:00,2015
basavanagudi,chain snatching,12.9030608,77.5867775,,20:20:00,2015
basavanagudi,chain snatching,12.9168548,77.5954424,2015-09-30,07:30:00,2015
basavanagudi,chain snatching,12.9119355,77.5866992,2015-09-30,12:30:00,2015
basavanagudi,chain snatching,12.9045277,77.5896538,2015-10-30,16:30:00,2015
basavanagudi,chain snatching,12.9082084,77.5712403,,07:30:00,2016
basavanagudi,chain snatching,12.8961435,77.5974439,2016-05-14,21:30:00,2016
basavanagudi,chain snatching,12.9088745,77.5929109,2016-06-20,21:35:00,2016
basavanagudi,chain snatching,12.9192124,77.585885,2016-08-18,21:35:00,2016
basavanagudi,chain snatching,12.9081165,77.5808039,2016-09-27,17:30:00,2016
basavanagudi,chain snatching,12.9217529,77.5825697,2016-11-26,15:30:00,2016
basavanagudi,chain snatching,12.9133944,77.5859906,,22:15:00,2017
basavanagudi,chain snatching,12.9173404,77.5683769,2017-02-26,20:45:00,2017
basavanagudi,chain snatching,12.9360128,77.6282734,,21:00:00,2017
basavanagudi,chain snatching,12.9151844,77.5877742,2017-04-30,18:05:00,2017
basavanagudi,chain snatching,12.8940952,77.581622,,08:45:00,2017
basavanagudi,chain snatching,12.9101358,77.5832282,2017-06-22,08:00:00,2017
basavanagudi,chain snatching,12.9102224,77.5503972,2017-07-15,15:30:00,2017
basavanagudi,chain snatching,12.908417,77.592364,2017-08-20,14:30:00,2017
basavanagudi,chain snatching,12.9089146,77.5786233,2017-09-15,08:40:00,2017
basavanagudi,chain snatching,12.9127003,77.5876934,2017-10-31,08:00:00,2017
basavanagudi,chain snatching,12.9134518,77.5883934,2017-10-31,08:30:00,2017
basavanagudi,chain snatching,12.9217529,77.5825697,2017-11-25,14:10:00,2017
basavanagudi,chain snatching,12.9070414,77.5897256,,08:45:00,2017
basavanagudi,chain snatching,12.9078012,77.5915234,2018-02-23,07:15:00,2018
basavanagudi,chain snatching,12.9146922,77.5944367,2018-03-19,07:00:00,2018
basavanagudi,chain snatching,12.9158154,77.5930411,2018-04-24,07:50:00,2018
basavanagudi,chain snatching,12.9093911,77.5883412,2018-08-26,10:30:00,2018
basavanagudi,chain snatching,12.9080505,77.5867443,2018-08-31,20:00:00,2018
basavanagudi,chain snatching,12.9160925,77.5882166,,20:00:00,2018
basavanagudi,chain snatching,12.9075608,77.5952252,2019-02-22,14:25:00,2019
basavanagudi,chain snatching,12.9268417,77.57055,,21:30Hrs,2015
basavanagudi,chain snatching,12.9275167,77.5667333,2015-06-23,16:00:00,2015
basavanagudi,chain snatching,12.9200444,77.5694722,2015-06-30,07:00:00,2015
basavanagudi,chain snatching,12.9218806,77.5547889,,11:15Hrs,2015
basavanagudi,chain snatching,12.9265306,77.5673389,,22:00Hrs,2016
basavanagudi,chain snatching,12.9254306,77.5608639,,17:30Hrs,2016
basavanagudi,chain snatching,12.9280139,77.5700694,,09:30Hrs,2016
basavanagudi,chain snatching,12.9206833,77.5743833,2016-06-14,18:30Hrs,2016
basavanagudi,chain snatching,12.9284944,77.5727278,,09:00Hrs,2016
basavanagudi,chain snatching,12.9218444,77.5665556,2016-11-27,12:00Hrs,2016
basavanagudi,chain snatching,12.9212472,77.5732139,,13:45Hrs,2017
basavanagudi,chain snatching,12.9218806,77.5547889,2017-05-19,14:15Hrs,2017
basavanagudi,chain snatching,12.9265306,77.5673389,2017-06-14,17:20Hrs,2017
basavanagudi,chain snatching,12.9170667,77.5603222,2017-06-15,19:30Hrs,2017
basavanagudi,chain snatching,12.9155222,77.5626583,,09:00Hrs,2017
basavanagudi,chain snatching,12.9263556,77.5769306,,17:00Hrs,2017
basavanagudi,chain snatching,12.9250278,77.57335,,12:00Hrs,2017
basavanagudi,chain snatching,12.926924,77.56646,2018-01-28,16:30Hrs,2018
basavanagudi,chain snatching,12.921469,77.565493,2018-02-14,19:00Hrs,2018
basavanagudi,chain snatching,12.929333,77.567733,2018-03-15,17:15Hrs,2018
basavanagudi,chain snatching,12.928292,77.562947,,18:45Hrs,2018
basavanagudi,chain snatching,12.921559,77.557963,2018-05-27,06:30Hrs,2018
basavanagudi,chain snatching,12.91994,77.56863,2018-09-30,09:30Hrs,2018
basavanagudi,chain snatching,12.918253,77.557676,2019-03-26,17:15Hrs,2019
basavanagudi,chain snatching,12.91484,77.56742,2019-03-29,16:30Hrs,2019
basavanagudi,chain snatching,12.91464,77.56768,,12:30Hrs,2019
basavanagudi,chain snatching,12.91961,77.56911,2019-12-16,21:30Hrs,2019
basavanagudi,chain snatching,12.936003,77.58669,,18:00:00,2015
basavanagudi,chain snatching,12.93314,77.592321,,07:15:00,2015
basavanagudi,chain snatching,12.943346,77.585274,2015-07-21,19:45:00,2015
basavanagudi,chain snatching,12.943346,77.585274,,04:30:00,2015
basavanagudi,chain snatching,12.933437,77.591016,2016-10-25,08:45:00,2016
basavanagudi,chain snatching,12.942483,77.581006,,14:00:00,2016
basavanagudi,chain snatching,12.938548,77.585899,,15:15:00,2016
basavanagudi,chain snatching,12.941202,77.586684,,20:00:00,2016
basavanagudi,chain snatching,12.941528,77.585997,2016-11-16,16:45:00,2016
basavanagudi,chain snatching,12.936003,77.58669,2017-06-23,12:30:00,2017
basavanagudi,chain snatching,12.940991,77.584108,,20:30:00,2017
basavanagudi,chain snatching,12.943683,77.584406,,13:30:00,2018
basavanagudi,chain snatching,12.942375,77.58673,2018-06-14,20:30:00,2018
basavanagudi,chain snatching,12.943814,77.59715,2018-06-19,07:30:00,2018
basavanagudi,chain snatching,12.939261,77.585214,2018-06-25,20:30:00,2018
basavanagudi,chain snatching,12.938365,77.582962,,20:50:00,2018
basavanagudi,chain snatching,12.935534,77.587228,,09:00:00,2018
basavanagudi,chain snatching,12.948109,77.581263,,12:30:00,2019
basavanagudi,chain snatching,12.942375,77.58673,2019-05-21,19:15:00,2019
basavanagudi,chain snatching,12.948222,77.580132,2019-05-22,08:00:00,2019
basavanagudi,chain snatching,12.937003,77.601464,,17:35:00,2019
basavanagudi,chain snatching,12.941563,77.582748,,08:45:00,2019
basavanagudi,chain snatching,12.948109,77.581263,2019-12-25,12:00:00,2019
basavanagudi,chain snatching,12.8828749,77.5704189,,05:15:00,2015
basavanagudi,chain snatching,12.8693836,77.5839106,,16:30:00,2015
basavanagudi,chain snatching,12.8773233,77.5672148,,09:00:00,2015
basavanagudi,chain snatching,12.8928,77.5550145,,11:40:00,2015
basavanagudi,chain snatching,12.8903889,77.5789933,2015-06-25,15:45:00,2015
basavanagudi,chain snatching,12.9190062,77.5453977,2015-06-17,18:00:00,2015
basavanagudi,chain snatching,12.9075982,77.5348106,,17:45:00,2015
basavanagudi,chain snatching,12.9065708,77.5525667,,13:20:00,2015
basavanagudi,chain snatching,12.8728462,77.5826671,2015-10-29,14:30:00,2015
basavanagudi,chain snatching,12.8746929,77.5820351,,20:20:00,2015
basavanagudi,chain snatching,12.9094414,77.5572145,2015-12-18,16:05:00,2015
basavanagudi,chain snatching,12.8904709,77.5708101,2016-03-21,09:45:00,2016
basavanagudi,chain snatching,12.8754426,77.5829255,,11:50:00,2016
basavanagudi,chain snatching,13.007485,77.5678803,2016-05-28,06:00:00,2016
basavanagudi,chain snatching,12.8829315,77.5670899,2016-05-28,07:30:00,2016
basavanagudi,chain snatching,12.8728462,77.5826671,,07:25:00,2016
basavanagudi,chain snatching,12.8957412,77.5479669,2016-09-14,12:40:00,2016
basavanagudi,chain snatching,12.8697703,77.5757643,2016-09-29,19:30:00,2016
basavanagudi,chain snatching,12.8825902,77.5580412,,07:10:00,2016
basavanagudi,chain snatching,12.9010821,77.5475381,,12:15:00,2016
basavanagudi,chain snatching,12.8896229,77.572132,2016-11-20,01:00:00,2016
basavanagudi,chain snatching,12.8754426,77.5829255,2016-11-27,19:45:00,2016
basavanagudi,chain snatching,12.8911089,77.569911,2016-11-27,20:35:00,2016
basavanagudi,chain snatching,12.8829853,77.5573574,2016-12-20,13:45:00,2016
basavanagudi,chain snatching,12.8911089,77.569911,2016-12-26,19:00:00,2016
basavanagudi,chain snatching,12.8896229,77.572132,2017-01-27,17:00:00,2017
basavanagudi,chain snatching,12.905195,77.5449116,2017-02-13,12:45:00,2017
basavanagudi,chain snatching,12.8997408,77.5495169,,15:30:00,2017
basavanagudi,chain snatching,12.8856326,77.5482591,2017-03-22,23:30:00,2017
basavanagudi,chain snatching,12.9098923,77.5567352,2017-05-16,13:10:00,2017
basavanagudi,chain snatching,12.9057223,77.5355813,2017-05-19,13:20:00,2017
basavanagudi,chain snatching,12.9097647,77.5540032,2017-05-21,05:00:00,2017
basavanagudi,chain snatching,12.9155509,77.5394769,,15:30:00,2017
basavanagudi,chain snatching,12.8829315,77.5670899,2017-06-17,15:00:00,2017
basavanagudi,chain snatching,12.8825551,77.5563552,,06:00:00,2017
basavanagudi,chain snatching,12.905195,77.5449116,,06:10:00,2017
basavanagudi,chain snatching,12.8801033,77.5742614,2017-09-28,07:15:00,2017
basavanagudi,chain snatching,12.905759,77.542703,2017-09-28,20:30:00,2017
basavanagudi,chain snatching,12.8837663,77.5684252,2017-10-31,11:15:00,2017
basavanagudi,chain snatching,12.904705,77.53011,2017-11-25,17:30:00,2017
basavanagudi,chain snatching,12.8894838,77.5623209,,16:00:00,2018
basavanagudi,chain snatching,12.8999533,77.5498705,,06:20:00,2018
basavanagudi,chain snatching,12.8902199,77.5630583,,06:10:00,2018
basavanagudi,chain snatching,12.9146567,77.5509081,2018-12-14,19:30PM,2018
basavanagudi,chain snatching,12.9051233,77.5437512,2019-02-22,18:30:00,2019
basavanagudi,chain snatching,12.9092003,77.5477337,2019-03-14,11:00:00,2019
basavanagudi,chain snatching,12.9050527,77.5418957,2019-08-23,13:00:00,2019
basavanagudi,chain snatching,12.8829315,77.5670899,,18:45:00,2019
basavanagudi,chain snatching,12.877998,77.550186,2015-10-31,17:00:00,2015
basavanagudi,chain snatching,12.897553,77.539272,2016-05-14,21:55:00,2016
basavanagudi,chain snatching,12.898151,77.538374,,15:00:00,2016
basavanagudi,chain snatching,12.866923,77.564722,,21:30:00,2018
basavanagudi,chain snatching,12.86607,77.541929,,07:30:00,2018
basavanagudi,chain snatching,12.851503,77.552592,,10:30:00,2019
basavanagudi,chain snatching,12.873184,77.535641,,08:00:00,2019
basavanagudi,chain snatching,12.892912,77.527128,,08:00:00,2019
basavanagudi,chain snatching,12.888051,77.5805,2017-01-23,15:10:00,2017
basavanagudi,chain snatching,12.886996,77.5797,2017-02-24,19:35:00,2017
basavanagudi,chain snatching,12.888051,77.5805,,,2017
basavanagudi,chain snatching,12.882084,77.5744,2017-05-16,14:00:00,2017
basavanagudi,chain snatching,12.886347,77.566189,2017-05-16,14:30:00,2017
basavanagudi,chain snatching,12.868679,77.5794,2017-06-21,22:15:00,2017
basavanagudi,chain snatching,12.881587,77.5762,,11:00:00,2018
basavanagudi,chain snatching,12.891846,77.5766,2018-04-13,18:45:00,2018
basavanagudi,chain snatching,12.862015,77.58549,2018-05-26,20:00:00,2018
basavanagudi,chain snatching,12.88169,77.5791,,21:30:00,2018
basavanagudi,chain snatching,12.892977,77.57807,2018-06-13,18:30:00,2018
basavanagudi,chain snatching,12.868153,77.57441,2018-06-24,15:10:00,2018
basavanagudi,chain snatching,12.881898,77.57622,,09:00:00,2018
basavanagudi,chain snatching,12.871359,77.57279,2018-07-19,18:00:00,2018
basavanagudi,chain snatching,12.88176,77.575947,,17:30:00,2019
basavanagudi,chain snatching,12.858493,77.592695,,23:45:00,2019
basavanagudi,chain snatching,12.8874556,77.59245,,17:00:00,2017
basavanagudi,chain snatching,12.9057972,77.6003278,2017-01-23,19:00:00,2017
basavanagudi,chain snatching,12.9049778,77.5974694,2017-01-26,10:45:00,2017
basavanagudi,chain snatching,12.8837528,77.5900583,2017-02-22,18:00:00,2017
basavanagudi,chain snatching,12.9038778,77.5914056,2017-03-20,18:20:00,2017
basavanagudi,chain snatching,12.8874556,77.59245,,15:00:00,2017
basavanagudi,chain snatching,12.8880056,77.5710194,2017-09-19,16:30:00,2017
basavanagudi,chain snatching,12.9049722,77.5968167,2018-03-23,06:10:00,2018
basavanagudi,chain snatching,12.88985,77.5926694,2018-08-31,19:30:00,2018
basavanagudi,chain snatching,12.8874556,77.59245,2019-01-26,11:30:00,2019
basavanagudi,chain snatching,12.8937595,77.5615194,2015-01-16,17:15:00,2015
basavanagudi,chain snatching,12.8974156,77.5551514,,21:20:00,2015
basavanagudi,chain snatching,12.896523,77.5582736,,17:45:00,2015
basavanagudi,chain snatching,12.9109359,77.5646697,2015-08-24,19:00:00,2015
basavanagudi,chain snatching,12.9042104,77.5686183,2016-02-16,16:15:00,2016
basavanagudi,chain snatching,12.8974156,77.5551514,,22:15:00,2016
basavanagudi,chain snatching,12.8974156,77.5551514,,16:00:00,2016
basavanagudi,chain snatching,12.8957622,77.5599416,2016-12-16,17:30:00,2016
basavanagudi,chain snatching,12.9080333,77.5632487,,15:00:00,2017
basavanagudi,chain snatching,12.9080333,77.5632487,2017-09-29,23:00:00,2017
basavanagudi,chain snatching,12.8964475,77.5667368,,18:00:00,2017
basavanagudi,chain snatching,12.904336,77.559845,,07:15:00,2017
basavanagudi,chain snatching,12.907846,77.558291,,20:00:00,2017
basavanagudi,chain snatching,12.904811,77.552829,,12:30:00,2017
basavanagudi,chain snatching,12.8987339,77.5582035,,15:00:00,2018
basavanagudi,chain snatching,12.8974156,77.5551514,2018-07-21,18:00:00,2018
basavanagudi,chain snatching,12.9050608,77.5611611,2018-07-26,23:00:00,2018
basavanagudi,chain snatching,12.8979065,77.5594981,,16:00:00,2018
basavanagudi,chain snatching,12.9099852,77.5626174,2019-02-16,16:00:00,2019
basavanagudi,chain snatching,12.93586,77.5523,,12:30:00,2015
basavanagudi,chain snatching,12.94155,77.550038,2015-07-27,15:30:00,2015
basavanagudi,chain snatching,12.94369,77.53744,2015-08-16,12:00:00,2015
basavanagudi,chain snatching,12.941471,77.543027,,14:15:00,2015
basavanagudi,chain snatching,12.939979,77.558802,,13:30:00,2015
basavanagudi,chain snatching,12.939648,77.544295,2015-12-25,17:00:00,2015
basavanagudi,chain snatching,12.938734,77.538767,2016-03-29,20:00:00,2016
basavanagudi,chain snatching,12.933817,77.543315,2017-02-13,,2017
basavanagudi,chain snatching,12.93586,77.5523,,19:10:00,2017
basavanagudi,chain snatching,12.939397,77.541785,,17:15:00,2017
basavanagudi,chain snatching,12.940679,77.559242,,18:35:00,2017
basavanagudi,chain snatching,12.938936,77.543658,2017-08-21,17:30:00,2017
basavanagudi,chain snatching,12.941142,77.545571,,21:30:00,2017
basavanagudi,chain snatching,12.938936,77.543658,2017-09-30,14:10:00,2017
basavanagudi,chain snatching,12.936114,77.545066,,07:20:00,2017
basavanagudi,chain snatching,12.941142,77.545571,,,2017
basavanagudi,chain snatching,12.932622,77.542129,,15:30:00,2018
basavanagudi,chain snatching,12.930845,77.539064,,20:30:00,2018
basavanagudi,chain snatching,12.929961,77.538526,,23:00:00,2018
basavanagudi,chain snatching,12.933411,77.543161,,07:10:00,2018
basavanagudi,chain snatching,12.938936,77.543658,,11:30:00,2018
c k achuktu,chain snatching,12.931199,77.555906,2015-12-28,19:45PM,2015
c k achuktu,chain snatching,12.9318152,77.550186,,20:30PM,2016
c k achuktu,chain snatching,12.9218605,77.5521785,2016-05-26,12:30:00,2016
c k achuktu,chain snatching,12.9260417,77.5550541,,19:30PM,2016
c k achuktu,chain snatching,12.9239877,77.5476438,2016-07-14,11:30:00,2016
c k achuktu,chain snatching,12.9225924,77.5507623,2016-07-15,15:10PM,2016
c k achuktu,chain snatching,12.9224696,77.5530864,2016-08-26,09:45:00,2016
c k achuktu,chain snatching,12.9264147,77.5535372,2016-09-25,16:15PM,2016
c k achuktu,chain snatching,12.9318152,77.550186,2016-02-15,14:30PM,2016
c k achuktu,chain snatching,12.9218605,77.5521785,,17:00PM,2016
c k achuktu,chain snatching,12.923774,77.5560021,2017-04-26,13:45PM,2017
c k achuktu,chain snatching,12.930082,77.549042,2017-09-17,15:00PM,2017
c k achuktu,chain snatching,12.925884,77.547995,2018-11-13,12:10:00,2018
c k achuktu,chain snatching,12.930885,77.56477,2018-12-19,19:55PM,2018
c k achuktu,chain snatching,12.930873,77.565708,2019-02-16,19:30:00,2019
c k achuktu,chain snatching,12.930682,77.560448,,20:00:00,2019
c k achuktu,chain snatching,12.926585,77.551648,2019-11-26,23:00:00,2019
c k achuktu,2 wheeler theft,12.88605,77.494843,,16:45:00,2015
c k achuktu,2 wheeler theft,12.915668,77.589662,,20:00:00,2015
c k achuktu,2 wheeler theft,12.926896,77.5896545,,17:30:00,2015
c k achuktu,2 wheeler theft,12.9184,77.58268,,19:45:00,2015
c k achuktu,2 wheeler theft,12.923665,77.589668,,19:45:00,2015
c k achuktu,2 wheeler theft,12.91699,77.58934,,19:15:00,2015
c k achuktu,2 wheeler theft,12.919414,77.585452,,19:30:00,2015
c k achuktu,2 wheeler theft,12.92877,77.57807,,12:30:00,2015
c k achuktu,2 wheeler theft,12.915668,77.569861,,16:30:00,2015
c k achuktu,2 wheeler theft,12.92397,77.57968,,15:00:00,2015
c k achuktu,2 wheeler theft,12.88605,77.494843,,18:15:00,2015
c k achuktu,2 wheeler theft,12.88605,77.494843,2015-01-13,16:00:00,2015
c k achuktu,2 wheeler theft,12.92875,77.5801,2015-01-14,18:50:00,2015
c k achuktu,2 wheeler theft,12.971599,77.594563,2015-01-15,19:00:00,2015
c k achuktu,2 wheeler theft,12.919817,77.58481,2015-01-16,14:00:00,2015
c k achuktu,2 wheeler theft,12.926384,77.578007,2015-01-17,17:30:00,2015
c k achuktu,2 wheeler theft,12.926254,77.584896,2015-01-18,18:00:00,2015
c k achuktu,2 wheeler theft,12.9373,77.584642,2015-01-20,10:35:00,2015
c k achuktu,2 wheeler theft,12.926254,77.584896,2015-01-21,12:45:00,2015
c k achuktu,2 wheeler theft,12.927258,77.585571,2015-01-22,10:30:00,2015
c k achuktu,2 wheeler theft,12.922537,77.616736,2015-01-23,14:10:00,2015
c k achuktu,2 wheeler theft,12.919691,77.561583,2015-01-24,13:30:00,2015
c k achuktu,2 wheeler theft,12.920121,77.571397,2015-01-25,12:00:00,2015
c k achuktu,2 wheeler theft,12.971599,77.594563,2015-01-26,17:00:00,2015
c k achuktu,2 wheeler theft,12.9298,77.621739,2015-01-27,17:45:00,2015
c k achuktu,2 wheeler theft,12.919774,77.577703,2015-01-28,19:00:00,2015
c k achuktu,2 wheeler theft,12.930901,77.579527,2015-01-29,19:00:00,2015
c k achuktu,2 wheeler theft,12.942117,77.575361,2015-01-30,12:40:00,2015
c k achuktu,2 wheeler theft,12.971599,77.594563,2015-01-31,12:00:00,2015
c k achuktu,2 wheeler theft,12.92594,77.583042,,14:00:00,2015
c k achuktu,2 wheeler theft,12.928807,77.58585,,19:30:00,2015
c k achuktu,2 wheeler theft,12.930877,77.57673,,22:00:00,2015
c k achuktu,2 wheeler theft,12.92367,77.58014,,16:00:00,2015
c k achuktu,2 wheeler theft,12.926793,77.588426,,14:00:00,2015
c k achuktu,2 wheeler theft,12.94518,77.58715,,11:00:00,2015
c k achuktu,2 wheeler theft,12.971599,77.594563,,11:00:00,2015
c k achuktu,2 wheeler theft,12.971599,77.594563,,16:00:00,2015
c k achuktu,2 wheeler theft,12.971599,77.594563,2015-02-13,13:30:00,2015
c k achuktu,2 wheeler theft,12.88605,77.494843,2015-02-14,18:15:00,2015
c k achuktu,2 wheeler theft,12.92634,77.57802,2015-02-15,14:00:00,2015
c k achuktu,2 wheeler theft,12.91945,77.58825,2015-02-16,10:00:00,2015
c k achuktu,2 wheeler theft,12.91945,77.58825,2015-02-17,11:00:00,2015
c k achuktu,2 wheeler theft,12.91756,77.58832,2015-02-18,16:30:00,2015
c k achuktu,2 wheeler theft,12.92723,77.58548,2015-02-19,17:30:00,2015
c k achuktu,2 wheeler theft,12.92208,77.58953,2015-02-20,12:00:00,2015
c k achuktu,2 wheeler theft,12.92367,77.58014,2015-02-21,13:00:00,2015
c k achuktu,2 wheeler theft,12.925668,77.592755,2015-02-22,17:45:00,2015
c k achuktu,2 wheeler theft,12.921556,77.589475,2015-02-23,13:50:00,2015
c k achuktu,2 wheeler theft,12.9248566,77.576998,2015-02-24,13:30:00,2015
c k achuktu,2 wheeler theft,12.92485,77.5868,2015-02-25,10:30:00,2015
c k achuktu,2 wheeler theft,12.921752,77.586995,2015-02-26,12:30:00,2015
c k achuktu,2 wheeler theft,12.92208,77.58953,2015-02-27,10:10:00,2015
c k achuktu,2 wheeler theft,12.920536,77.5827886,2015-02-28,10:30:00,2015
c k achuktu,2 wheeler theft,12.9237563,77.586952,,17:30:00,2015
c k achuktu,2 wheeler theft,12.924178,77.590603,,18:30:00,2016
c k achuktu,2 wheeler theft,12.92938,77.586042,,00:00:00,2016
c k achuktu,2 wheeler theft,12.926745,77.579258,,12:15:00,2016
c k achuktu,2 wheeler theft,12.92753,77.5766,,19:00:00,2016
c k achuktu,2 wheeler theft,12.922517,77.587116,2016-02-14,11:30:00,2016
c k achuktu,2 wheeler theft,12.930749,77.582961,2016-02-14,13:30:00,2016
c k achuktu,2 wheeler theft,12.931904,77.585883,2016-02-18,12:00:00,2016
c k achuktu,2 wheeler theft,12.929561,77.575507,2016-02-19,16:00:00,2016
c k achuktu,2 wheeler theft,12.922517,77.587116,2016-02-21,11:15:00,2016
c k achuktu,2 wheeler theft,12.945182,77.597825,2016-02-26,12:0,2016
c k achuktu,2 wheeler theft,12.931566,77.584634,,17:40:00,2016
c k achuktu,2 wheeler theft,12.92626,77.58598,,14:30:00,2016
c k achuktu,2 wheeler theft,12.93087,77.58145,2016-03-17,10:30:00,2016
c k achuktu,2 wheeler theft,12.920789,77.58415,2016-03-17,15:10:00,2016
c k achuktu,2 wheeler theft,12.971599,77.594563,2016-03-18,11:30:00,2016
c k achuktu,2 wheeler theft,12.91795,77.58878,2016-03-24,13:30:00,2016
c k achuktu,2 wheeler theft,12.92938,77.582961,,17:45:00,2016
c k achuktu,2 wheeler theft,12.91796,77.600883,2016-04-29,13:30:00,2016
c k achuktu,2 wheeler theft,12.91886,77.58746,2016-05-13,21:30:00,2016
c k achuktu,2 wheeler theft,12.953481,77.563564,2016-05-24,16:00:00,2016
c k achuktu,2 wheeler theft,12.946084,77.616321,2016-05-27,16:00:00,2016
c k achuktu,2 wheeler theft,12.931566,77.585883,2016-05-21,13:00:00,2016
c k achuktu,2 wheeler theft,12.921114,77.553,2016-05-26,14:30:00,2016
c k achuktu,2 wheeler theft,12.924988,77.569673,,15:00:00,2016
c k achuktu,2 wheeler theft,12.93164,77.58114,,11:15:00,2016
c k achuktu,2 wheeler theft,12.9321,77.57465,,15:00:00,2016
c k achuktu,2 wheeler theft,12.9273,77.57806,2016-06-24,18:55:00,2016
c k achuktu,2 wheeler theft,12.92547,77.58377,2016-06-27,12:45:00,2016
c k achuktu,2 wheeler theft,12.92285,77.5807,,11:30:00,2016
c k achuktu,2 wheeler theft,12.92802,77.58112,,11:00:00,2016
c k achuktu,2 wheeler theft,12.93201,77.57455,2016-07-17,11:30:00,2016
c k achuktu,2 wheeler theft,12.93426,77.59269,,14:30:00,2016
c k achuktu,2 wheeler theft,12.93426,77.59269,2016-07-18,14:45:00,2016
c k achuktu,2 wheeler theft,12.93297,77.58395,2016-07-23,21:30:00,2016
c k achuktu,2 wheeler theft,12.92753,77.5766,2016-07-24,16:00:00,2016
c k achuktu,2 wheeler theft,12.926839,77.584634,2016-07-24,17:30:00,2016
c k achuktu,2 wheeler theft,12.93426,77.59269,,10:30:00,2016
c k achuktu,2 wheeler theft,12.930792,77.584982,,13:30:00,2016
c k achuktu,2 wheeler theft,12.93426,77.59269,2016-08-15,18:15:00,2016
c k achuktu,2 wheeler theft,12.926673,77.552554,,16:00:00,2016
c k achuktu,2 wheeler theft,12.930083,77.582571,2016-08-17,18:30:00,2016
c k achuktu,2 wheeler theft,12.929858,77.587006,2016-08-22,12:15:00,2016
c k achuktu,2 wheeler theft,12.930226,77.583196,2016-08-22,17:30:00,2016
c k achuktu,2 wheeler theft,12.930749,77.584919,2016-08-30,11:45:00,2016
c k achuktu,2 wheeler theft,12.926093,77.586036,,09:20:00,2016
c k achuktu,2 wheeler theft,12.968045,77.522814,2016-08-26,11:30:00,2016
c k achuktu,2 wheeler theft,12.930051,77.578083,,13:00:00,2016
c k achuktu,2 wheeler theft,12.931613,77.578443,,15:30:00,2016
c k achuktu,2 wheeler theft,12.932946,77.563869,,11:30:00,2016
c k achuktu,2 wheeler theft,12.924463,77.576192,,18:00:00,2016
c k achuktu,2 wheeler theft,12.933661,77.583939,2016-09-14,07:35:00,2016
c k achuktu,2 wheeler theft,12.918664,77.579765,,10:00:00,2016
c k achuktu,2 wheeler theft,12.928102,77.577885,2016-09-29,17:15:00,2016
c k achuktu,2 wheeler theft,12.930775,77.582116,,13:30:00,2016
c k achuktu,2 wheeler theft,12.92542,77.591849,2016-10-22,18:00:00,2016
c k achuktu,2 wheeler theft,12.926974,77.576626,2016-10-30,11:00:00,2016
c k achuktu,2 wheeler theft,12.927593,77.575673,2016-10-29,15:30:00,2016
c k achuktu,2 wheeler theft,12.92594,77.583042,2016-10-29,14:00:00,2016
c k achuktu,2 wheeler theft,12.911569,77.575912,2016-11-14,19:40:00,2016
c k achuktu,2 wheeler theft,12.921165,77.58072,2016-11-14,13:20:00,2016
c k achuktu,2 wheeler theft,12.911569,77.575912,2016-11-18,14:00:00,2016
c k achuktu,2 wheeler theft,12.921169,77.581201,2016-11-18,14:30:00,2016
c k achuktu,2 wheeler theft,12.932946,77.583869,2016-11-19,17:00:00,2016
c k achuktu,2 wheeler theft,12.911569,77.575912,2016-11-23,11:00:00,2016
c k achuktu,2 wheeler theft,12.942523,77.581374,2016-10-18,11:30:00,2016
c k achuktu,2 wheeler theft,12.955216,77.619961,2016-11-14,18:30:00,2016
c k achuktu,2 wheeler theft,12.92594,77.583042,2016-11-21,15:00:00,2016
c k achuktu,2 wheeler theft,12.9199,77.583599,2016-11-14,17:30:00,2016
c k achuktu,2 wheeler theft,12.922918,77.58598,,17:30:00,2016
c k achuktu,2 wheeler theft,12.918838,77.583583,,16:00:00,2016
c k achuktu,2 wheeler theft,12.916267,77.584133,,11:45:00,2016
c k achuktu,2 wheeler theft,12.928556,77.585366,,11:30:00,2016
c k achuktu,2 wheeler theft,12.919774,77.577703,,13:00:00,2016
c k achuktu,2 wheeler theft,12.918471,77.572424,2016-12-20,14:00:00,2016
c k achuktu,2 wheeler theft,12.924377,77.582729,2016-12-20,19:30:00,2016
c k achuktu,2 wheeler theft,12.916267,77.584133,2016-12-22,14:30:00,2016
c k achuktu,2 wheeler theft,12.926349,77.578827,,10:45:00,2017
c k achuktu,2 wheeler theft,12.920922,77.574935,2016-12-26,16:30:00,2017
c k achuktu,2 wheeler theft,12.917411,77.58366,,13:00:00,2017
c k achuktu,2 wheeler theft,12.92773,77.57806,,17:00:00,2017
c k achuktu,2 wheeler theft,12.933583,77.582258,2017-01-17,15:00:00,2017
c k achuktu,2 wheeler theft,12.92594,77.583042,2017-01-15,18:45:00,2017
c k achuktu,2 wheeler theft,12.921546,77.584269,2017-01-25,12:45:00,2017
c k achuktu,2 wheeler theft,12.930899,77.583933,2017-01-31,11:00:00,2017
c k achuktu,2 wheeler theft,12.924321,77.5881,,13:00:00,2017
c k achuktu,2 wheeler theft,12.932047,77.57969,,13:15:00,2017
c k achuktu,2 wheeler theft,12.895112,77.562972,2017-02-16,17:00:00,2017
c k achuktu,2 wheeler theft,12.93158,77.57961,2017-02-28,13:00:00,2017
c k achuktu,2 wheeler theft,12.918899,77.577344,2017-03-15,23:15:00,2017
c k achuktu,2 wheeler theft,12.922461,77.589557,2017-03-21,12:20:00,2017
c k achuktu,2 wheeler theft,12.931849,77.578343,2017-03-24,18:30:00,2017
c k achuktu,2 wheeler theft,12.936469,77.577151,2017-03-25,15:40:00,2017
c k achuktu,2 wheeler theft,12.922403,77.586243,,13:30:00,2017
c k achuktu,2 wheeler theft,12.922527,77.587116,,16:00:00,2017
c k achuktu,2 wheeler theft,12.929909,77.584375,,16:00:00,2017
c k achuktu,2 wheeler theft,12.932216,77.581826,,13:30:00,2017
c k achuktu,2 wheeler theft,12.932836,77.583766,,16:00:00,2017
c k achuktu,2 wheeler theft,12.969573,77.529824,2017-04-19,13:00:00,2017
c k achuktu,2 wheeler theft,12.92017,77.577721,2017-04-26,19:20:00,2017
c k achuktu,2 wheeler theft,12.91802,77.58833,2017-04-23,15:00:00,2017
c k achuktu,2 wheeler theft,12.911569,77.575912,2017-04-30,16:30:00,2017
c k achuktu,2 wheeler theft,12.92594,77.583042,,14:00:00,2017
c k achuktu,2 wheeler theft,12.94675,77.55572,2017-05-16,15:15:00,2017
c k achuktu,2 wheeler theft,12.932018,77.586094,,18:15:00,2017
c k achuktu,2 wheeler theft,12.92542,77.591849,,10:30:00,2017
c k achuktu,2 wheeler theft,12.936462,77.584375,2017-05-15,13:00:00,2017
c k achuktu,2 wheeler theft,12.919247,77.587355,2017-05-16,15:00:00,2017
c k achuktu,2 wheeler theft,12.926015,77.583641,2017-05-27,12:30:00,2017
c k achuktu,2 wheeler theft,12.93056,77.58884,2017-05-30,18:15:00,2017
c k achuktu,2 wheeler theft,12.932965,77.583821,,16:20:00,2017
c k achuktu,2 wheeler theft,12.928554,77.585366,,10:30:00,2017
c k achuktu,2 wheeler theft,12.911335,77.595161,2017-06-15,15:00:00,2017
c k achuktu,2 wheeler theft,12.928554,77.585366,2017-06-13,08:45:00,2017
c k achuktu,2 wheeler theft,12.940944,77.581298,2017-06-19,12:45:00,2017
c k achuktu,2 wheeler theft,12.917411,77.58366,2017-06-21,21:15:00,2017
c k achuktu,2 wheeler theft,12.930044,77.586152,2017-06-27,13:15:00,2017
c k achuktu,2 wheeler theft,12.921835,77.58575,,12:00:00,2017
c k achuktu,2 wheeler theft,12.92204,77.58221,,10:30:00,2017
c k achuktu,2 wheeler theft,12.92815,77.58127,2017-06-30,15:00:00,2017
c k achuktu,2 wheeler theft,12.92204,77.58221,2017-06-27,11:15:00,2017
c k achuktu,2 wheeler theft,12.92304,77.58214,2017-06-30,14:15:00,2017
c k achuktu,2 wheeler theft,12.9399,77.5836,,20:07:00,2017
c k achuktu,2 wheeler theft,12.92389,77.58584,,16:30:00,2017
c k achuktu,2 wheeler theft,12.9273,77.57806,,21:00:00,2017
c k achuktu,2 wheeler theft,12.93443,77.5927,,10:00:00,2017
c k achuktu,2 wheeler theft,12.92802,77.581123,,16:30:00,2017
c k achuktu,2 wheeler theft,12.92239,77.58076,2017-07-19,14:30:00,2017
c k achuktu,2 wheeler theft,12.922417,77.585972,2017-07-22,15:00:00,2017
c k achuktu,2 wheeler theft,12.92204,77.582201,2017-07-26,16:00:00,2017
c k achuktu,2 wheeler theft,12.922044,77.582211,2017-07-27,17:00:00,2017
c k achuktu,2 wheeler theft,12.922242,77.584252,2017-08-17,17:00:00,2017
c k achuktu,2 wheeler theft,12.930231,77.586001,2017-08-19,15:15:00,2017
c k achuktu,2 wheeler theft,12.922547,77.58636,,15:35:00,2017
c k achuktu,2 wheeler theft,12.920794,77.587563,2017-08-17,09:00:00,2017
c k achuktu,2 wheeler theft,12.93047,77.57957,2017-08-24,12:40:00,2017
c k achuktu,2 wheeler theft,12.9399,77.5835,2017-08-28,14:15:00,2017
c k achuktu,2 wheeler theft,12.9302,77.58894,2017-08-25,12:30:00,2017
c k achuktu,2 wheeler theft,12.93442,77.58949,,14:15:00,2017
c k achuktu,2 wheeler theft,12.928501,77.585793,,13:30:00,2017
c k achuktu,2 wheeler theft,12.92554,77.57619,,10:00:00,2017
c k achuktu,2 wheeler theft,12.92204,77.58221,2017-08-20,11:50:00,2017
c k achuktu,2 wheeler theft,12.93541,77.577226,2017-09-16,10:00:00,2017
c k achuktu,2 wheeler theft,12.91802,77.58833,2017-09-24,11:00:00,2017
c k achuktu,2 wheeler theft,12.91713,77.58361,,19:30:00,2017
c k achuktu,2 wheeler theft,12.92204,77.58221,,13:30:00,2017
c k achuktu,2 wheeler theft,12.92747,77.576196,2017-10-17,11:10:00,2017
c k achuktu,2 wheeler theft,12.93138,77.58565,2017-10-23,19:30:00,2017
c k achuktu,2 wheeler theft,12.917511,77.5787,,20:50:00,2017
c k achuktu,2 wheeler theft,12.91802,77.57665,2017-08-27,11:00:00,2017
c k achuktu,2 wheeler theft,12.930848,77.577231,,13:30:00,2017
c k achuktu,2 wheeler theft,12.932881,77.587767,2017-10-31,13:00:00,2017
c k achuktu,2 wheeler theft,12.9224,77.576465,,11:00:00,2017
c k achuktu,2 wheeler theft,12.946444,77.579988,,11:00:00,2017
c k achuktu,2 wheeler theft,12.935338,77.58132,,09:45:00,2017
c k achuktu,2 wheeler theft,12.917411,77.58366,2017-11-14,09:00:00,2017
c k achuktu,2 wheeler theft,12.933033,77.584363,,,2017
c k achuktu,2 wheeler theft,12.928208,77.58693,2017-11-24,19:30:00,2017
c k achuktu,2 wheeler theft,12.921813,77.580773,2017-11-25,12:40:00,2017
c k achuktu,2 wheeler theft,12.923265,77.58289,2017-11-27,09:30:00,2017
c k achuktu,2 wheeler theft,12.929728,77.579147,2017-11-27,10:30:00,2017
c k achuktu,2 wheeler theft,12.929033,77.583584,2017-11-28,18:00:00,2017
c k achuktu,2 wheeler theft,12.916792,77.586598,,07:00:00,2017
c k achuktu,2 wheeler theft,12.930758,77.582757,,10:30:00,2017
c k achuktu,2 wheeler theft,12.996659,77.530421,2017-12-18,16:00:00,2017
c k achuktu,2 wheeler theft,12.92204,77.58221,2017-12-22,13:00:00,2017
c k achuktu,2 wheeler theft,12.931196,77.578691,2017-12-29,,2017
c k achuktu,2 wheeler theft,12.946444,77.579988,2018-01-15,18:00:00,2018
c k achuktu,2 wheeler theft,12.921195,77.586304,2018-01-16,19:00:00,2018
c k achuktu,2 wheeler theft,12.925461,77.584888,2018-01-16,18:00:00,2018
c k achuktu,2 wheeler theft,12.932813,77.585742,2018-01-20,11:40:00,2018
c k achuktu,2 wheeler theft,12.930925,77.583059,2018-01-20,18:00:00,2018
c k achuktu,2 wheeler theft,12.921772,77.589419,2018-01-21,11:00:00,2018
c k achuktu,2 wheeler theft,12.927417,77.585359,2018-01-23,12:00:00,2018
c k achuktu,2 wheeler theft,12.930947,77.583038,2018-01-24,13:00:00,2018
c k achuktu,2 wheeler theft,12.936577,77.584113,2018-01-31,16:00:00,2018
c k achuktu,2 wheeler theft,12.946444,77.579988,,10:30:00,2018
c k achuktu,2 wheeler theft,12.916312,77.583637,,11:00:00,2018
c k achuktu,2 wheeler theft,12.92856,77.581586,,11:30:00,2018
c k achuktu,2 wheeler theft,12.929594,77.585943,2018-02-15,12:00:00,2018
c k achuktu,2 wheeler theft,12.918629,77.575662,2018-02-22,13:00:00,2018
c k achuktu,2 wheeler theft,12.925813,77.588181,,11:30:00,2018
c k achuktu,2 wheeler theft,12.912983,77.606277,,12:00:00,2018
c k achuktu,2 wheeler theft,12.925902,77.588181,,10:40:00,2018
c k achuktu,2 wheeler theft,12.931011,77.585877,,18:00:00,2018
c k achuktu,2 wheeler theft,12.920853,77.580239,,19:00:00,2018
c k achuktu,2 wheeler theft,12.936861,77.582072,,18:00:00,2018
c k achuktu,2 wheeler theft,12.91719,77.583363,,20:00:00,2018
c k achuktu,2 wheeler theft,12.922614,77.585644,,21:00:00,2018
c k achuktu,2 wheeler theft,12.928809,77.585899,,10:30:00,2018
c k achuktu,2 wheeler theft,12.929533,77.580159,2018-03-14,11:15:00,2018
c k achuktu,2 wheeler theft,12.924858,77.584389,2018-03-15,12:00:00,2018
c k achuktu,2 wheeler theft,12.921507,77.580242,2018-03-22,18:00:00,2018
c k achuktu,2 wheeler theft,12.919739,77.581034,2018-03-22,19:00:00,2018
c k achuktu,2 wheeler theft,12.927612,77.522561,2018-03-30,20:00:00,2018
c k achuktu,2 wheeler theft,12.92856,77.581586,,18:00:00,2018
c k achuktu,2 wheeler theft,12.931847,77.584405,,19:00:00,2018
c k achuktu,2 wheeler theft,12.928809,77.585899,,20:00:00,2018
c k achuktu,2 wheeler theft,12.932946,77.583869,,10:50:00,2018
c k achuktu,2 wheeler theft,12.929566,77.583829,2018-04-20,00:00:00,2018
c k achuktu,2 wheeler theft,12.918945,77.586992,2018-04-25,14:00:00,2018
c k achuktu,2 wheeler theft,12.930644,77.579462,2018-04-26,12:00:00,2018
c k achuktu,2 wheeler theft,12.919939,77.580716,2018-04-26,18:00:00,2018
c k achuktu,2 wheeler theft,12.928212,77.585363,,19:00:00,2018
c k achuktu,2 wheeler theft,12.929533,77.580159,,20:00:00,2018
c k achuktu,2 wheeler theft,12.929911,77.58435,2018-05-21,19:00:00,2018
c k achuktu,2 wheeler theft,12.921507,77.580242,2018-05-21,20:00:00,2018
c k achuktu,2 wheeler theft,12.927588,77.575691,2018-05-27,21:00:00,2018
c k achuktu,2 wheeler theft,12.929533,77.580159,,11:00:00,2018
c k achuktu,2 wheeler theft,12.919267,77.576078,,13:00:00,2018
c k achuktu,2 wheeler theft,12.932946,77.583869,2018-06-14,12:00:00,2018
c k achuktu,2 wheeler theft,12.932946,77.583869,2018-06-19,11:00:00,2018
c k achuktu,2 wheeler theft,12.921743,77.585882,2018-06-24,11:45:00,2018
c k achuktu,2 wheeler theft,12.929686,77.580177,2018-06-29,14:00:00,2018
c k achuktu,2 wheeler theft,12.946444,77.579988,,15:00:00,2018
c k achuktu,2 wheeler theft,12.911569,77.575912,,16:00:00,2018
c k achuktu,2 wheeler theft,12.92542,77.591849,,20:00:00,2018
c k achuktu,2 wheeler theft,12.91695,77.586775,2018-07-13,11:00:00,2018
c k achuktu,2 wheeler theft,12.920789,77.58415,2018-07-20,11:30:00,2018
c k achuktu,2 wheeler theft,12.920789,77.58415,2018-07-21,18:00:00,2018
c k achuktu,2 wheeler theft,12.936137,77.619401,2018-07-23,19:00:00,2018
c k achuktu,2 wheeler theft,12.928794,77.581785,2018-07-25,20:00:00,2018
c k achuktu,2 wheeler theft,12.919774,77.577703,2018-07-30,21:00:00,2018
c k achuktu,2 wheeler theft,12.932946,77.583869,2018-07-31,21:30:00,2018
c k achuktu,2 wheeler theft,12.920789,77.58415,,11:00:00,2018
c k achuktu,2 wheeler theft,12.921572,77.580237,,11:30:00,2018
c k achuktu,2 wheeler theft,12.96158,77.59678,,12:00:00,2018
c k achuktu,2 wheeler theft,12.919774,77.577703,,13:00:00,2018
c k achuktu,2 wheeler theft,12.92594,77.583042,,13:30:00,2018
c k achuktu,2 wheeler theft,12.923311,77.580864,,12:00:00,2018
c k achuktu,2 wheeler theft,12.918756,77.578796,2018-08-17,11:30:00,2018
c k achuktu,2 wheeler theft,12.920789,77.58415,2018-08-18,11:45:00,2018
c k achuktu,2 wheeler theft,12.931849,77.578346,2018-08-21,10:40:00,2018
c k achuktu,2 wheeler theft,12.92733,77.57398,2018-08-22,11:40:00,2018
c k achuktu,2 wheeler theft,12.929507,77.580123,2018-08-30,13:00:00,2018
c k achuktu,2 wheeler theft,12.92204,77.58221,,18:00:00,2018
c k achuktu,2 wheeler theft,12.92204,77.58221,,19:00:00,2018
c k achuktu,2 wheeler theft,12.91802,77.58833,,11:00:00,2018
c k achuktu,2 wheeler theft,12.91802,77.58833,,11:30:00,2018
c k achuktu,2 wheeler theft,12.92753,77.5766,2018-09-17,00:00:00,2018
c k achuktu,2 wheeler theft,12.91802,77.58833,2018-09-18,14:00:00,2018
c k achuktu,2 wheeler theft,12.91802,77.588333,2018-09-28,16:00:00,2018
c k achuktu,2 wheeler theft,12.91691,77.5857,,18:00:00,2018
c k achuktu,2 wheeler theft,12.88452,77.49324,,19:30:00,2018
c k achuktu,2 wheeler theft,12.91802,77.588333,,20:30:00,2018
c k achuktu,2 wheeler theft,12.91777,77.58849,,19:45:00,2018
c k achuktu,2 wheeler theft,12.91795,77.58878,,10:30:00,2018
c k achuktu,2 wheeler theft,12.92546,77.58813,2018-10-16,11:45:00,2018
c k achuktu,2 wheeler theft,12.89434,77.58244,2018-10-17,20:00:00,2018
c k achuktu,2 wheeler theft,12.92367,77.58014,2018-10-20,22:00:00,2018
c k achuktu,2 wheeler theft,12.92547,77.583771,2018-10-24,11:00:00,2018
c k achuktu,2 wheeler theft,12.91691,77.585701,2018-10-24,00:00:00,2018
c k achuktu,2 wheeler theft,12.91777,77.588493,2018-10-25,18:00:00,2018
c k achuktu,2 wheeler theft,12.92204,77.588221,2018-10-26,19:00:00,2018
c k achuktu,2 wheeler theft,12.9167,77.59763,2018-10-27,20:00:00,2018
c k achuktu,2 wheeler theft,12.92253,77.58589,,18:00:00,2018
c k achuktu,2 wheeler theft,13.06381,77.44239,2018-11-16,19:00:00,2018
c k achuktu,2 wheeler theft,13.06381,77.44239,2018-11-16,22:00:00,2018
c k achuktu,2 wheeler theft,12.92209,77.58384,2018-11-22,10:30:00,2018
c k achuktu,2 wheeler theft,12.91885,77.57808,2018-11-24,11:00:00,2018
c k achuktu,2 wheeler theft,12.92556,77.57561,2018-11-27,12:00:00,2018
c k achuktu,2 wheeler theft,12.88456,77.49395,2018-11-27,18:00:00,2018
c k achuktu,2 wheeler theft,12.91945,77.58582,2018-11-29,19:00:00,2018
c k achuktu,2 wheeler theft,12.928475,77.583478,,18:00:00,2018
c k achuktu,2 wheeler theft,13.06381,77.44239,,16:00:00,2018
c k achuktu,2 wheeler theft,12.91945,77.58582,,17:00:00,2018
c k achuktu,2 wheeler theft,12.91945,77.583485,2018-12-24,18:00:00,2018
c k achuktu,2 wheeler theft,12.924585,77.587586,2018-12-31,11:00:00,2018
c k achuktu,2 wheeler theft,12.92458,77.5867411,2018-12-31,16:00:00,2018
c k achuktu,2 wheeler theft,12.91965,77.5924,,,2019
c k achuktu,2 wheeler theft,12.91995,77.57607,,,2019
c k achuktu,2 wheeler theft,12.92382,77.580742,,,2019
c k achuktu,2 wheeler theft,12.9167,77.59763,,,2019
c k achuktu,2 wheeler theft,12.91851,77.58122,,,2019
c k achuktu,2 wheeler theft,12.91953,77.57458,,,2019
c k achuktu,2 wheeler theft,12.9167,77.59763,,,2019
c k achuktu,2 wheeler theft,12.91902,77.58741,,,2019
c k achuktu,2 wheeler theft,12.93192,77.58016,,,2019
c k achuktu,2 wheeler theft,12.92216,77.58076,,,2019
c k achuktu,2 wheeler theft,12.93192,77.58016,,,2019
c k achuktu,2 wheeler theft,12.93192,77.58016,,,2019
c k achuktu,2 wheeler theft,12.93486,77.58008,,23:20:00,2019
c k achuktu,2 wheeler theft,12.92367,77.58374,2019-04-22,09:45:00,2019
c k achuktu,2 wheeler theft,12.91802,77.588333,2019-04-29,11:00:00,2019
c k achuktu,2 wheeler theft,12.921652,77.57928,,11:30:00,2019
c k achuktu,2 wheeler theft,12.935478,77.589654,2019-05-19,11:45:00,2019
c k achuktu,2 wheeler theft,12.93454,77.58694,2019-05-20,11:30:00,2019
c k achuktu,2 wheeler theft,12.92253,77.58589,2019-05-24,12:30:00,2019
c k achuktu,2 wheeler theft,12.932457,77.589864,,20:00:00,2019
c k achuktu,2 wheeler theft,12.91691,77.585701,,09:00:00,2019
c k achuktu,2 wheeler theft,12.92253,77.58589,,09:45:00,2019
c k achuktu,2 wheeler theft,12.922657,77.589563,2019-06-13,21:00:00,2019
c k achuktu,2 wheeler theft,12.91953,77.57458,2019-06-14,09:10:00,2019
c k achuktu,2 wheeler theft,12.92367,77.58374,2019-06-14,19:00:00,2019
c k achuktu,2 wheeler theft,12.91955,77.57458,2019-06-14,21:00:00,2019
c k achuktu,2 wheeler theft,12.91953,77.57458,2019-06-20,22:45:00,2019
c k achuktu,2 wheeler theft,12.91953,77.57458,,21:00:00,2019
c k achuktu,2 wheeler theft,12.921652,77.57928,,16:00:00,2019
c k achuktu,2 wheeler theft,12.921652,77.57928,,18:00:00,2019
c k achuktu,2 wheeler theft,12.92367,77.58374,2019-07-20,18:00:00,2019
c k achuktu,2 wheeler theft,12.922657,77.589563,2019-07-26,20:00:00,2019
c k achuktu,2 wheeler theft,12.922657,77.589563,2019-07-27,19:45:00,2019
c k achuktu,2 wheeler theft,12.92556,77.57561,2019-08-16,10:45:00,2019
c k achuktu,2 wheeler theft,12.92556,77.57561,2019-08-23,12:00:00,2019
c k achuktu,2 wheeler theft,12.92253,77.58589,2019-08-30,00:45:00,2019
c k achuktu,2 wheeler theft,12.91953,77.57458,,10:00:00,2019
c k achuktu,2 wheeler theft,12.922657,77.589563,2019-09-16,11:00:00,2019
c k achuktu,2 wheeler theft,12.92334,77.58484,2019-09-18,11:30:00,2019
c k achuktu,2 wheeler theft,12.92253,77.58589,2019-09-22,00:00:00,2019
c k achuktu,2 wheeler theft,12.92334,77.58484,2019-09-23,18:00:00,2019
c k achuktu,2 wheeler theft,12.931037,77.585842,2019-09-27,12:00:00,2019
c k achuktu,2 wheeler theft,12.922657,77.589563,,11:00:00,2019
c k achuktu,2 wheeler theft,12.917125,77.578344,2019-10-17,18:00:00,2019
c k achuktu,2 wheeler theft,12.922461,77.589557,2019-10-19,19:00:00,2019
c k achuktu,2 wheeler theft,12.891917,77.589229,2019-10-23,19:00:00,2019
c k achuktu,2 wheeler theft,12.93744,77.56426,2019-10-27,20:00:00,2019
c k achuktu,2 wheeler theft,12.919182,77.57765,,16:00:00,2019
c k achuktu,2 wheeler theft,12.92819,77.62512,2019-11-18,16:00:00,2019
c k achuktu,2 wheeler theft,12.92819,77.62512,2019-11-19,09:45:00,2019
c k achuktu,2 wheeler theft,12.91753,77.58358,2019-11-28,11:00:00,2019
c k achuktu,2 wheeler theft,12.92819,77.62512,,11:50:00,2019
c k achuktu,2 wheeler theft,12.93819,77.63512,2019-12-18,15:00:00,2019
c k achuktu,2 wheeler theft,12.92556,77.57561,2019-12-21,16:00:00,2019
c k achuktu,2 wheeler theft,12.92819,77.62512,2019-12-31,11:00:00,2019
c k achuktu,2 wheeler theft,12.9433917,77.5729639,,,2015
c k achuktu,2 wheeler theft,12.9481056,77.5720778,,,2015
c k achuktu,2 wheeler theft,12.9458861,77.5707889,,,2015
c k achuktu,2 wheeler theft,12.9450778,77.571,,,2015
c k achuktu,2 wheeler theft,12.9449583,77.5706972,,,2015
c k achuktu,2 wheeler theft,12.9422806,77.5726861,,,2015
c k achuktu,2 wheeler theft,12.9466333,77.596525,2015-01-31,,2015
c k achuktu,2 wheeler theft,12.8633,77.5387444,,,2015
c k achuktu,2 wheeler theft,12.9428306,77.5800278,,,2015
c k achuktu,2 wheeler theft,12.941025,77.5789083,,,2015
c k achuktu,2 wheeler theft,12.9478,77.5795278,,,2015
c k achuktu,2 wheeler theft,12.9403056,77.5756833,,,2015
c k achuktu,2 wheeler theft,12.9433944,77.5680306,,,2015
c k achuktu,2 wheeler theft,12.948,77.5796444,2015-04-30,,2015
c k achuktu,2 wheeler theft,12.9412639,77.5769694,,,2015
c k achuktu,2 wheeler theft,12.9403056,77.5756833,,,2015
c k achuktu,2 wheeler theft,12.9426556,77.5743611,2015-07-17,,2015
c k achuktu,2 wheeler theft,12.9411861,77.5681222,,,2015
c k achuktu,2 wheeler theft,12.9456528,77.5709639,2015-08-18,,2015
c k achuktu,2 wheeler theft,12.9474778,77.5795861,2015-08-26,,2015
c k achuktu,2 wheeler theft,12.9420278,77.5768056,,,2015
c k achuktu,2 wheeler theft,12.9426833,77.5761917,2015-09-16,,2015
c k achuktu,2 wheeler theft,12.9400472,77.5708861,2015-09-21,,2015
c k achuktu,2 wheeler theft,12.948425,77.5801333,2015-09-27,,2015
c k achuktu,2 wheeler theft,12.9406139,77.5750639,2015-09-28,,2015
c k achuktu,2 wheeler theft,12.9424278,77.5768111,2015-10-26,,2015
c k achuktu,2 wheeler theft,13.0380472,77.525825,,,2015
c k achuktu,2 wheeler theft,12.9325972,77.5806583,,,2015
c k achuktu,2 wheeler theft,12.9466194,77.5744333,2015-12-18,,2015
c k achuktu,2 wheeler theft,12.9455889,77.5712556,2015-12-24,,2015
c k achuktu,2 wheeler theft,12.9449778,77.5704611,2015-12-29,,2015
c k achuktu,2 wheeler theft,12.9474204,77.5799202,2016-01-25,,2016
c k achuktu,2 wheeler theft,12.947495,77.5799164,2016-01-25,,2016
c k achuktu,2 wheeler theft,12.9469182,77.5687233,2016-01-29,,2016
c k achuktu,2 wheeler theft,12.9466329,77.5704523,,,2016
c k achuktu,2 wheeler theft,12.9428992,77.5718275,,,2016
c k achuktu,2 wheeler theft,12.94064,77.57925,,,2016
c k achuktu,2 wheeler theft,12.9458785,77.5694501,,,2016
c k achuktu,2 wheeler theft,12.9458785,77.5694501,2016-03-28,,2016
c k achuktu,2 wheeler theft,12.9428992,77.5718275,,,2016
c k achuktu,2 wheeler theft,12.9449739,77.5701988,,,2016
c k achuktu,2 wheeler theft,12.9381316,77.5788026,,,2016
c k achuktu,2 wheeler theft,12.9408939,77.5735612,,,2016
c k achuktu,2 wheeler theft,12.9470267,77.5715016,2016-04-14,,2016
c k achuktu,2 wheeler theft,12.9393808,77.5793229,2016-04-17,,2016
c k achuktu,2 wheeler theft,12.939057,77.5746123,2016-04-17,,2016
c k achuktu,2 wheeler theft,12.941174,77.5667257,2016-04-18,,2016
c k achuktu,2 wheeler theft,12.9424545,77.5712361,2016-04-25,,2016
c k achuktu,2 wheeler theft,12.9472151,77.5678887,2016-04-27,,2016
c k achuktu,2 wheeler theft,12.941174,77.5667257,,,2016
c k achuktu,2 wheeler theft,12.931058,77.5756153,2016-05-13,,2016
c k achuktu,2 wheeler theft,12.9413459,77.5782776,,,2016
c k achuktu,2 wheeler theft,12.947495,77.5799164,2016-06-14,,2016
c k achuktu,2 wheeler theft,12.9433273,77.5771331,2016-06-16,,2016
c k achuktu,2 wheeler theft,12.940213,77.5430308,2016-06-16,,2016
c k achuktu,2 wheeler theft,12.9436036,77.5799821,2016-06-17,,2016
c k achuktu,2 wheeler theft,12.9421166,77.5753609,2016-06-30,,2016
c k achuktu,2 wheeler theft,12.9447542,77.5719373,2016-07-28,,2016
c k achuktu,2 wheeler theft,12.9455743,77.5769478,2016-07-28,,2016
c k achuktu,2 wheeler theft,12.9404029,77.5791833,,,2016
c k achuktu,2 wheeler theft,12.9442208,77.5795384,,,2016
c k achuktu,2 wheeler theft,12.9477433,77.5684295,,,2016
c k achuktu,2 wheeler theft,12.9471158,77.5686738,,,2016
c k achuktu,2 wheeler theft,12.9411645,77.5800262,2016-09-15,,2016
c k achuktu,2 wheeler theft,12.9353813,77.5738809,2016-09-19,,2016
c k achuktu,2 wheeler theft,12.9433731,77.5711472,2016-09-20,,2016
c k achuktu,2 wheeler theft,12.9441497,77.5734012,2016-09-23,,2016
c k achuktu,2 wheeler theft,12.9472244,77.567886,2016-09-26,,2016
c k achuktu,2 wheeler theft,12.9429533,77.5678908,2016-09-29,,2016
c k achuktu,2 wheeler theft,12.9469491,77.5694215,2016-10-16,,2016
c k achuktu,2 wheeler theft,12.9480863,77.5692402,2016-10-22,,2016
c k achuktu,2 wheeler theft,12.9420059,77.5711923,2016-11-14,,2016
c k achuktu,2 wheeler theft,12.9396942,77.5792886,2016-11-17,,2016
c k achuktu,2 wheeler theft,12.9420459,77.5783885,2016-11-21,,2016
c k achuktu,2 wheeler theft,12.9476781,77.5797538,2016-11-22,,2016
c k achuktu,2 wheeler theft,12.9354797,77.5738805,2016-11-24,,2016
c k achuktu,2 wheeler theft,12.9419142,77.5691334,2016-11-28,,2016
c k achuktu,2 wheeler theft,12.9399701,77.5798894,,,2016
c k achuktu,2 wheeler theft,12.9481594,77.5792221,,,2016
c k achuktu,2 wheeler theft,12.9478346,77.5796129,,,2016
c k achuktu,2 wheeler theft,12.9442878,77.5709122,,,2016
c k achuktu,2 wheeler theft,12.9378482,77.5789369,,,2016
c k achuktu,2 wheeler theft,12.9404223,77.5763917,2016-12-13,,2016
c k achuktu,2 wheeler theft,12.9461098,77.5766584,2016-12-21,,2016
c k achuktu,2 wheeler theft,12.9429915,77.5679023,2016-12-26,,2016
c k achuktu,2 wheeler theft,12.9443927,77.5687695,2016-12-31,,2016
c k achuktu,2 wheeler theft,12.9415621,77.658451,2017-02-21,,2017
c k achuktu,2 wheeler theft,12.9406353,77.5750735,2017-02-27,,2017
c k achuktu,2 wheeler theft,12.9422028,77.5707476,,,2017
c k achuktu,2 wheeler theft,12.9466975,77.5791479,2017-03-25,,2017
c k achuktu,2 wheeler theft,12.9476638,77.5715252,2017-03-27,,2017
c k achuktu,2 wheeler theft,12.9400554,77.5720483,2017-04-27,,2017
c k achuktu,2 wheeler theft,12.9404453,77.5692018,,,2017
c k achuktu,2 wheeler theft,12.9473697,77.5730408,2017-05-15,,2017
c k achuktu,2 wheeler theft,12.9466013,77.5723868,2017-05-19,,2017
c k achuktu,2 wheeler theft,12.9375851,77.5783525,2017-05-25,,2017
c k achuktu,2 wheeler theft,12.9429925,77.5675023,2017-05-27,,2017
c k achuktu,2 wheeler theft,12.9426168,77.5704151,2017-05-30,,2017
c k achuktu,2 wheeler theft,12.9483756,77.5794014,,,2017
c k achuktu,2 wheeler theft,12.9381924,77.5764312,,,2017
c k achuktu,2 wheeler theft,12.9465157,77.5703357,2017-06-14,,2017
c k achuktu,2 wheeler theft,12.9465157,77.5703357,2017-06-18,,2017
c k achuktu,2 wheeler theft,12.9436274,77.5752624,2017-06-21,,2017
c k achuktu,2 wheeler theft,12.9465144,77.5732318,2017-06-24,,2017
c k achuktu,2 wheeler theft,12.9472784,77.5706283,,,2017
c k achuktu,2 wheeler theft,12.9470267,77.5715016,,,2017
c k achuktu,2 wheeler theft,12.9442832,77.5728972,2017-07-17,,2017
c k achuktu,2 wheeler theft,12.9424176,77.5714271,2017-07-17,,2017
c k achuktu,2 wheeler theft,12.9479241,77.5800456,2017-07-24,,2017
c k achuktu,2 wheeler theft,12.9106652,77.5155541,,,2017
c k achuktu,2 wheeler theft,12.9259431,77.5253617,,,2017
c k achuktu,2 wheeler theft,12.9465157,77.5703357,,,2017
c k achuktu,2 wheeler theft,12.9380001,77.578919,2017-08-14,,2017
c k achuktu,2 wheeler theft,12.9440234,77.5728684,2017-08-20,,2017
c k achuktu,2 wheeler theft,12.942641,77.570531,2017-08-23,,2017
c k achuktu,2 wheeler theft,12.9443072,77.5729286,2017-09-22,,2017
c k achuktu,2 wheeler theft,12.9451946,77.5702374,,,2017
c k achuktu,2 wheeler theft,12.948717,77.5749862,,,2017
c k achuktu,2 wheeler theft,12.945823,77.570773,,,2017
c k achuktu,2 wheeler theft,12.94195,77.571907,2017-10-21,,2017
c k achuktu,2 wheeler theft,12.94624,77.57939,2017-10-28,,2017
c k achuktu,2 wheeler theft,12.94747,77.57395,,,2017
c k achuktu,2 wheeler theft,12.94441,77.57108,2017-11-20,,2017
c k achuktu,2 wheeler theft,12.94214,77.57775,2017-11-21,,2017
c k achuktu,2 wheeler theft,12.94543,77.5713232,,,2017
c k achuktu,2 wheeler theft,12.93735,77.566771,2017-12-16,,2017
c k achuktu,2 wheeler theft,12.9415213,77.5755321,2017-12-20,,2017
c k achuktu,2 wheeler theft,12.9404651,77.5719939,2018-01-21,,2018
c k achuktu,2 wheeler theft,12.9434651,77.5739939,,,2018
c k achuktu,2 wheeler theft,12.9482348,77.5738872,,,2018
c k achuktu,2 wheeler theft,12.922641,77.5213232,,,2018
c k achuktu,2 wheeler theft,12.922641,77.5213232,,,2018
c k achuktu,2 wheeler theft,12.943673,77.5734918,,,2018
c k achuktu,2 wheeler theft,12.922645,77.5275025,2018-02-21,,2018
c k achuktu,2 wheeler theft,12.944745,77.571795,2018-02-28,,2018
c k achuktu,2 wheeler theft,12.9123673,77.5123683,,,2018
c k achuktu,2 wheeler theft,12.9484,77.57898,,,2018
c k achuktu,2 wheeler theft,12.93078,77.5734534,2018-03-17,,2018
c k achuktu,2 wheeler theft,12.9400982,77.5712964,2018-03-19,,2018
c k achuktu,2 wheeler theft,12.944189,77.572671,2018-03-20,,2018
c k achuktu,2 wheeler theft,12.945335,77.572617,2018-03-28,,2018
c k achuktu,2 wheeler theft,12.939442,77.579235,,,2018
c k achuktu,2 wheeler theft,12.946994,77.59228,,,2018
c k achuktu,2 wheeler theft,12.94212,77.57536,,,2018
c k achuktu,2 wheeler theft,12.94883,77.57998,2018-04-13,,2018
girinagar,2 wheeler theft,12.9445296,77.5765816,2018-04-23,,2018
girinagar,2 wheeler theft,12.966618,77.588783,,,2018
girinagar,2 wheeler theft,12.93781,77.56373,,,2018
girinagar,2 wheeler theft,12.939667,77.57714,,,2018
girinagar,2 wheeler theft,12.938525,77.580169,2018-05-18,,2018
girinagar,2 wheeler theft,12.938525,77.580169,,,2018
girinagar,2 wheeler theft,12.947016,77.570719,2018-06-20,,2018
girinagar,2 wheeler theft,12.942839,77.577971,2018-06-20,,2018
girinagar,2 wheeler theft,12.9466,77.57467,2018-06-24,,2018
girinagar,2 wheeler theft,12.94286,77.57239,2018-07-27,,2018
girinagar,2 wheeler theft,12.93824,77.57874,,,2018
girinagar,2 wheeler theft,12.944744,77.573426,,,2018
girinagar,2 wheeler theft,12.78941,77.79845,,,2018
girinagar,2 wheeler theft,12.94969,77.57991,2018-08-23,,2018
girinagar,2 wheeler theft,12.94162,77.57109,2018-08-23,,2018
girinagar,2 wheeler theft,12.93849,77.57692,,,2018
girinagar,2 wheeler theft,12.9468,77.5699,,,2018
girinagar,2 wheeler theft,12.789456,77.984756,,,2018
girinagar,2 wheeler theft,12.94212,77.57536,2018-09-14,,2018
girinagar,2 wheeler theft,12.94364,77.57373,2018-09-15,,2018
girinagar,2 wheeler theft,12.941895,77.577913,2018-09-18,,2018
girinagar,2 wheeler theft,12.936938,77.57275,2018-09-20,,2018
girinagar,2 wheeler theft,12.942114,77.577386,2018-09-22,,2018
girinagar,2 wheeler theft,12.948916,77.579766,,,2018
girinagar,2 wheeler theft,12.971404,77.578549,,,2018
girinagar,2 wheeler theft,12.939454,77.579251,2018-10-14,,2018
girinagar,2 wheeler theft,12.947745,77.567733,2018-10-30,,2018
girinagar,2 wheeler theft,12.935241,77.566645,,,2018
girinagar,2 wheeler theft,12.94003,77.57052,,,2018
girinagar,2 wheeler theft,12.86451,77.41652,2018-12-27,,2018
girinagar,2 wheeler theft,12.93781,77.56373,,,2019
girinagar,2 wheeler theft,12.974561,77.576241,2019-02-20,,2019
girinagar,2 wheeler theft,12.946241,77.579991,2019-02-21,,2019
girinagar,2 wheeler theft,12.94578,77.57144,2019-03-23,,2019
girinagar,2 wheeler theft,12.946552,77.571637,,,2019
girinagar,2 wheeler theft,12.942401,77.571924,,,2019
girinagar,2 wheeler theft,12.941848,77.579851,,,2019
girinagar,2 wheeler theft,12.941,77.56553,2019-05-17,,2019
girinagar,2 wheeler theft,12.943386,77.571188,2019-05-17,,2019
girinagar,2 wheeler theft,12.93481,77.57184,2019-05-31,,2019
girinagar,2 wheeler theft,12.94962,77.57991,,,2019
girinagar,2 wheeler theft,12.87645,77.89564,,,2019
girinagar,2 wheeler theft,12.89451,77.89574,,,2019
girinagar,2 wheeler theft,12.945934,77.570814,2019-06-14,,2019
girinagar,2 wheeler theft,12.937597,77.5738428,2019-07-20,,2019
girinagar,2 wheeler theft,12.931645,77.567136,,,2019
girinagar,2 wheeler theft,12.936433,77.56611,,,2019
girinagar,2 wheeler theft,12.931291,77.567242,,,2019
girinagar,2 wheeler theft,12.786541,77.56611,,,2019
girinagar,2 wheeler theft,12.94598,77.57058,,,2019
girinagar,2 wheeler theft,12.85651,77.856421,,,2019
girinagar,2 wheeler theft,12.94561,77.57034,2019-10-16,,2019
girinagar,2 wheeler theft,12.895621,77.659851,2019-10-21,,2019
girinagar,2 wheeler theft,12.785951,77.895461,2019-10-30,,2019
girinagar,2 wheeler theft,12.94588,77.57526,2019-10-31,,2019
girinagar,2 wheeler theft,12.92967,77.57649,,,2019
girinagar,2 wheeler theft,12.9455949,77.5686997,2019-11-20,,2019
girinagar,2 wheeler theft,12.985461,77.985461,2019-11-23,,2019
girinagar,2 wheeler theft,12.940919,77.573481,2019-11-28,,2019
girinagar,2 wheeler theft,12.940631,77.577855,2019-11-29,,2019
girinagar,2 wheeler theft,12.93982,77.7757,2019-12-18,,2019
girinagar,2 wheeler theft,12.85641,77.86521,2019-12-18,,2019
girinagar,2 wheeler theft,12.94629,77.58006,2019-12-20,,2019
girinagar,2 wheeler theft,12.9155368,77.5558355,,13:15:00,2015
girinagar,2 wheeler theft,12.9155368,77.5558355,,14:10:00,2015
girinagar,2 wheeler theft,12.9115954,77.5849247,2015-01-13,17:20:00,2015
girinagar,2 wheeler theft,12.879478,77.548839,2015-01-15,14:20:00,2015
girinagar,2 wheeler theft,12.9016695,77.5859681,2015-01-16,11:00:00,2015
girinagar,2 wheeler theft,12.9171572,77.5811823,2015-01-16,15:15:00,2015
girinagar,2 wheeler theft,12.9166719,77.5892002,2015-01-17,14:15:00,2015
girinagar,2 wheeler theft,12.9166979,77.5826341,2015-01-19,13:10:00,2015
girinagar,2 wheeler theft,12.8784077,77.5572069,2015-01-20,16:00:00,2015
girinagar,2 wheeler theft,12.9313776,77.6225849,2015-01-28,12:10:00,2015
girinagar,2 wheeler theft,12.9314241,77.6072639,2015-01-31,14:20:00,2015
girinagar,2 wheeler theft,12.9034662,77.579759,,21:50:00,2015
girinagar,2 wheeler theft,12.8953192,77.5789612,,17:45:00,2015
girinagar,2 wheeler theft,12.8953297,77.5789612,,18:15:00,2015
girinagar,2 wheeler theft,12.9143145,77.597372,,19:15:00,2015
girinagar,2 wheeler theft,12.9144777,77.5295196,,10:30:00,2015
girinagar,2 wheeler theft,12.9147937,77.5295194,2015-02-16,13:15:00,2015
girinagar,2 wheeler theft,12.8978565,77.5944308,2015-02-16,14:00:00,2015
girinagar,2 wheeler theft,12.9108572,77.5764323,2015-02-18,13:50:00,2015
girinagar,2 wheeler theft,12.9159341,77.5834543,2015-02-20,00:00:00,2015
girinagar,2 wheeler theft,12.9159806,77.5681333,2015-02-24,15:15:00,2015
girinagar,2 wheeler theft,12.8934268,77.5638784,2015-02-24,19:30:00,2015
girinagar,2 wheeler theft,12.9062162,77.5954373,2015-02-25,17:40:00,2015
girinagar,2 wheeler theft,12.9014666,77.5889394,2015-02-28,13:00:00,2015
girinagar,2 wheeler theft,12.9119148,77.597496,,21:50:00,2015
girinagar,2 wheeler theft,12.8998217,77.5663605,,12:20:00,2015
girinagar,2 wheeler theft,12.9158958,77.5973937,,16:00:00,2015
girinagar,2 wheeler theft,12.8999994,77.5850921,2015-03-14,12:00:00,2015
girinagar,2 wheeler theft,12.9112055,77.5935164,2015-03-25,12:30:00,2015
girinagar,2 wheeler theft,12.9043076,77.5783411,2015-03-26,07:15:00,2015
girinagar,2 wheeler theft,12.916582,77.5950877,2015-03-26,17:00:00,2015
girinagar,2 wheeler theft,12.9230991,77.5786912,2015-03-26,21:30:00,2015
girinagar,2 wheeler theft,12.9106388,77.5792415,2015-03-28,15:00:00,2015
girinagar,2 wheeler theft,12.9108381,77.5267101,2015-03-30,17:45:00,2015
girinagar,2 wheeler theft,12.912451,77.5764631,2015-03-31,10:45:00,2015
girinagar,2 wheeler theft,12.9053286,77.5937894,,12:00:00,2015
girinagar,2 wheeler theft,12.9077254,77.5978325,,16:00:00,2015
girinagar,2 wheeler theft,12.9077514,77.5912664,,19:00:00,2015
girinagar,2 wheeler theft,12.9080696,77.4599325,2015-04-15,11:50:00,2015
girinagar,2 wheeler theft,12.9077705,77.5815606,2015-04-17,19:15:00,2015
girinagar,2 wheeler theft,12.9958855,77.5171967,2015-04-21,19:30:00,2015
girinagar,2 wheeler theft,12.9093151,77.5731743,2015-04-21,22:10:00,2015
girinagar,2 wheeler theft,12.8911779,77.579489,2015-04-24,21:30:00,2015
girinagar,2 wheeler theft,12.9136898,77.583736,2015-04-27,10:10:00,2015
girinagar,2 wheeler theft,12.9072388,77.5713789,2015-04-28,10:30:00,2015
girinagar,2 wheeler theft,12.9183568,77.6028079,2015-04-28,23:15:00,2015
girinagar,2 wheeler theft,12.8950958,77.5852983,2015-04-29,11:15:00,2015
girinagar,2 wheeler theft,12.8951218,77.5787322,,18:10:00,2015
girinagar,2 wheeler theft,12.9031786,77.5849079,,19:00:00,2015
girinagar,2 wheeler theft,12.9008018,77.5816468,,10:15:00,2015
girinagar,2 wheeler theft,12.9008278,77.5750807,,18:05:00,2015
girinagar,2 wheeler theft,12.9077602,77.5760421,2015-05-13,11:00:00,2015
girinagar,2 wheeler theft,12.9077862,77.569476,2015-05-16,13:10:00,2015
girinagar,2 wheeler theft,12.89145,77.5656028,2015-05-17,12:00:00,2015
girinagar,2 wheeler theft,12.9133357,77.5824947,2015-05-17,16:30:00,2015
girinagar,2 wheeler theft,12.9090896,77.5842335,2015-05-18,18:15:00,2015
girinagar,2 wheeler theft,12.861,77.5798343,2015-05-25,14:10:00,2015
girinagar,2 wheeler theft,12.9055733,77.5737403,2015-05-27,11:00:00,2015
girinagar,2 wheeler theft,12.9043378,77.5805354,2015-05-28,10:15:00,2015
girinagar,2 wheeler theft,12.9043378,77.5805354,2015-05-29,11:15:00,2015
girinagar,2 wheeler theft,12.9089063,77.5978035,2015-05-29,17:30:00,2015
girinagar,2 wheeler theft,12.8807651,77.5499705,,11:30:00,2015
girinagar,2 wheeler theft,12.8918733,77.5760625,,15:30:00,2015
girinagar,2 wheeler theft,12.9053555,77.577754,,10:30:00,2015
girinagar,2 wheeler theft,12.8929625,77.575637,,12:10:00,2015
girinagar,2 wheeler theft,12.9060197,77.5820522,,13:00:00,2015
girinagar,2 wheeler theft,12.9061063,77.5492212,2015-06-17,17:00:00,2015
girinagar,2 wheeler theft,12.894285,77.5813033,2015-06-19,13:00:00,2015
girinagar,2 wheeler theft,12.9085246,77.5796617,2015-06-19,14:30:00,2015
girinagar,2 wheeler theft,12.9164782,77.5901863,2015-06-19,22:10:00,2015
girinagar,2 wheeler theft,12.9119429,77.5749591,2015-06-22,10:30:00,2015
girinagar,2 wheeler theft,12.9122711,77.5855913,2015-06-22,12:00:00,2015
girinagar,2 wheeler theft,12.9029352,77.5708923,2015-06-27,21:35:00,2015
girinagar,2 wheeler theft,12.9637533,77.5168826,2015-06-29,16:15:00,2015
girinagar,2 wheeler theft,12.8969174,77.5941004,,12:30:00,2015
girinagar,2 wheeler theft,12.8972962,77.4890314,,10:40:00,2015
girinagar,2 wheeler theft,12.9088289,77.590309,,15:10:00,2015
girinagar,2 wheeler theft,12.8896097,77.5799274,,10:30:00,2015
girinagar,2 wheeler theft,12.9116619,77.5714176,2015-07-16,21:30:00,2015
girinagar,2 wheeler theft,12.9042766,77.5860081,2015-07-24,14:10:00,2015
girinagar,2 wheeler theft,12.9056417,77.587171,2015-07-26,12:20:00,2015
girinagar,2 wheeler theft,12.908332,77.5883169,2015-07-28,10:10:00,2015
girinagar,2 wheeler theft,12.891874,77.5722678,,21:00:00,2015
girinagar,2 wheeler theft,12.9147013,77.5901702,,11:00:00,2015
girinagar,2 wheeler theft,12.9164294,77.5928205,,16:30:00,2015
girinagar,2 wheeler theft,12.9122956,77.5871272,,15:30:00,2015
girinagar,2 wheeler theft,12.9117755,77.5978418,,11:45:00,2015
girinagar,2 wheeler theft,12.9065529,77.5840374,2015-08-15,12:00:00,2015
girinagar,2 wheeler theft,12.9188508,77.5920109,2015-08-19,16:20:00,2015
girinagar,2 wheeler theft,12.9607566,77.5045435,2015-08-20,12:10:00,2015
girinagar,2 wheeler theft,12.9226108,77.5504603,2015-08-23,08:25:00,2015
girinagar,2 wheeler theft,12.9079595,77.5796007,2015-08-26,11:30:00,2015
girinagar,2 wheeler theft,12.9123367,77.5753893,2015-08-26,15:00:00,2015
girinagar,2 wheeler theft,12.9070668,77.5824862,2015-08-28,12:00:00,2015
girinagar,2 wheeler theft,12.9103962,77.5881939,,14:35:00,2015
girinagar,2 wheeler theft,12.9047516,77.5859256,,12:20:00,2015
girinagar,2 wheeler theft,12.9113134,77.5778436,,19:20:00,2015
girinagar,2 wheeler theft,12.9016613,77.591716,,19:00:00,2015
girinagar,2 wheeler theft,12.9102266,77.573465,,10:15:00,2015
girinagar,2 wheeler theft,12.9095272,77.5724722,,16:15:00,2015
girinagar,2 wheeler theft,12.8897795,77.5430398,,23:20:00,2015
girinagar,2 wheeler theft,12.8986844,77.5701467,2015-09-16,11:30:00,2015
girinagar,2 wheeler theft,12.9114052,77.5806481,2015-09-16,19:00:00,2015
girinagar,2 wheeler theft,12.916317,77.5814483,2015-09-18,18:30:00,2015
girinagar,2 wheeler theft,12.9120932,77.5776531,,14:40:00,2015
girinagar,2 wheeler theft,12.9112862,77.5902845,,16:30:00,2015
girinagar,2 wheeler theft,12.9182129,77.5874986,,11:30:00,2015
girinagar,2 wheeler theft,12.9015916,77.5830689,,23:00:00,2015
girinagar,2 wheeler theft,12.9063735,77.5945017,,11:55:00,2015
girinagar,2 wheeler theft,12.9012851,77.586504,,12:15:00,2015
girinagar,2 wheeler theft,12.9080514,77.5758748,,11:00:00,2015
girinagar,2 wheeler theft,12.9125541,77.578243,,11:30:00,2015
girinagar,2 wheeler theft,12.8969955,77.569931,,09:30:00,2015
girinagar,2 wheeler theft,12.9164782,77.5901863,,11:00:00,2015
girinagar,2 wheeler theft,12.911867,77.5723821,2015-10-16,18:10:00,2015
girinagar,2 wheeler theft,12.9118205,77.5877031,2015-10-20,14:30:00,2015
girinagar,2 wheeler theft,12.8916715,77.5121741,2015-10-22,09:45:00,2015
girinagar,2 wheeler theft,12.9084829,77.5864992,2015-10-27,12:15:00,2015
girinagar,2 wheeler theft,12.9115792,77.5790908,2015-10-27,17:30:00,2015
girinagar,2 wheeler theft,12.9105151,77.5796778,2015-10-27,19:45:00,2015
girinagar,2 wheeler theft,12.9133796,77.5875121,2015-10-30,11:30:00,2015
girinagar,2 wheeler theft,12.9010783,77.5869911,,11:00:00,2015
girinagar,2 wheeler theft,12.9148274,77.5862183,,15:45:00,2015
girinagar,2 wheeler theft,12.9148169,77.5862183,,08:45:00,2015
girinagar,2 wheeler theft,12.9054817,77.5836763,,10:30:00,2015
girinagar,2 wheeler theft,12.8953489,77.5826563,2015-11-17,18:10:00,2015
girinagar,2 wheeler theft,12.9009907,77.5858522,2015-11-21,10:35:00,2015
girinagar,2 wheeler theft,12.9052128,77.5860968,2015-11-21,12:15:00,2015
girinagar,2 wheeler theft,12.9067819,77.5820718,2015-11-24,16:30:00,2015
girinagar,2 wheeler theft,12.9067559,77.5886379,2015-11-30,19:35:00,2015
girinagar,2 wheeler theft,12.898687,77.5709177,,13:15:00,2015
girinagar,2 wheeler theft,12.914057,77.5922226,,11:40:00,2015
girinagar,2 wheeler theft,12.9094322,77.5706543,,20:25:00,2015
girinagar,2 wheeler theft,12.9150401,77.5848676,,12:10:00,2015
girinagar,2 wheeler theft,12.904056,77.5807885,,16:10:00,2015
girinagar,2 wheeler theft,12.9217529,77.5825697,2015-12-13,10:15:00,2015
girinagar,2 wheeler theft,12.9036392,77.5806814,2015-12-15,19:05:00,2015
girinagar,2 wheeler theft,12.9070991,77.5854734,2015-12-22,20:00:00,2015
girinagar,2 wheeler theft,12.9143909,77.5965978,2015-12-24,11:10:00,2015
girinagar,2 wheeler theft,12.9011152,77.5860979,2015-12-24,12:00:00,2015
girinagar,2 wheeler theft,12.9050495,77.5732506,2015-12-24,12:40:00,2015
girinagar,2 wheeler theft,12.8953428,77.5796813,2015-12-25,17:15:00,2015
girinagar,2 wheeler theft,12.9087903,77.5718047,,15:15:00,2016
girinagar,2 wheeler theft,12.9095172,77.5910063,,16:30:00,2016
girinagar,2 wheeler theft,12.9057454,77.5871944,,12:15:00,2016
girinagar,2 wheeler theft,12.8989851,77.5715475,,15:30:00,2016
girinagar,2 wheeler theft,12.7694063,77.6201729,,10:15:00,2016
girinagar,2 wheeler theft,12.9032961,77.5795281,,11:15:00,2016
girinagar,2 wheeler theft,12.9001909,77.5834218,,13:30:00,2016
girinagar,2 wheeler theft,12.9164782,77.5901863,2016-01-13,16:30:00,2016
girinagar,2 wheeler theft,12.9054915,77.5781472,2016-01-16,12:00:00,2016
girinagar,2 wheeler theft,12.9135052,77.5744027,2016-01-18,08:40:00,2016
girinagar,2 wheeler theft,12.7942903,77.6186244,2016-01-18,13:30:00,2016
girinagar,2 wheeler theft,12.9103962,77.5881939,2016-01-20,12:15:00,2016
girinagar,2 wheeler theft,12.9064936,77.586014,2016-01-20,13:00:00,2016
girinagar,2 wheeler theft,12.9071806,77.5903186,2016-01-22,09:15:00,2016
girinagar,2 wheeler theft,12.9143145,77.597372,2016-01-22,20:15:00,2016
girinagar,2 wheeler theft,12.9035518,77.5809121,2016-01-25,14:30:00,2016
girinagar,2 wheeler theft,12.9023916,77.5896382,2016-01-27,17:30:00,2016
girinagar,2 wheeler theft,12.9080387,77.5745688,2016-01-28,11:10:00,2016
girinagar,2 wheeler theft,12.9133702,77.5947384,2016-01-29,12:05:00,2016
girinagar,2 wheeler theft,12.9117821,77.5957892,2016-01-29,12:45:00,2016
girinagar,2 wheeler theft,12.9156223,77.5844122,2016-01-29,13:20:00,2016
girinagar,2 wheeler theft,12.9078016,77.5765677,2016-01-29,21:35:00,2016
girinagar,2 wheeler theft,12.9123816,77.5746445,2016-01-29,21:50:00,2016
girinagar,2 wheeler theft,12.9065012,77.5978687,2016-01-30,13:00:00,2016
girinagar,2 wheeler theft,12.9065272,77.5913026,2016-01-30,20:25:00,2016
girinagar,2 wheeler theft,12.9456796,77.6145995,,08:45:00,2016
girinagar,2 wheeler theft,12.911058,77.5851285,,13:41:00,2016
girinagar,2 wheeler theft,12.9085246,77.5796617,,15:00:00,2016
girinagar,2 wheeler theft,12.8988216,77.5770057,,17:15:00,2016
girinagar,2 wheeler theft,12.9164782,77.5901863,2016-02-15,18:30:00,2016
girinagar,2 wheeler theft,12.9165247,77.5748653,2016-02-17,20:05:00,2016
girinagar,2 wheeler theft,12.9070223,77.5948755,2016-02-23,14:40:00,2016
girinagar,2 wheeler theft,12.8982839,77.5689839,2016-02-23,14:40:00,2016
girinagar,2 wheeler theft,12.9042879,77.5884535,2016-02-24,16:45:00,2016
girinagar,2 wheeler theft,12.9043344,77.5731325,2016-02-28,11:40:00,2016
girinagar,2 wheeler theft,12.9099209,77.5862602,,20:45:00,2016
girinagar,2 wheeler theft,12.9108911,77.5766733,,16:10:00,2016
girinagar,2 wheeler theft,12.9020645,77.5712393,,,2016
girinagar,2 wheeler theft,12.9147085,77.5919691,,11:30:00,2016
girinagar,2 wheeler theft,12.8971647,77.5697233,2016-03-14,18:45:00,2016
girinagar,2 wheeler theft,12.8949759,77.5791437,2016-03-18,12:05:00,2016
girinagar,2 wheeler theft,12.9737491,77.5396984,2016-03-19,16:40:00,2016
girinagar,2 wheeler theft,12.9737491,77.5374201,2016-03-19,20:15:00,2016
girinagar,2 wheeler theft,12.8904427,77.5652102,2016-03-22,12:00:00,2016
girinagar,2 wheeler theft,12.9166719,77.5892002,2016-03-24,17:40:00,2016
girinagar,2 wheeler theft,12.9239112,77.599978,2016-03-25,11:45:00,2016
girinagar,2 wheeler theft,12.9050036,77.5874776,2016-03-28,11:20:00,2016
girinagar,2 wheeler theft,12.9049452,77.5781382,,13:10:00,2016
girinagar,2 wheeler theft,12.8965995,77.558537,,12:00:00,2016
girinagar,2 wheeler theft,12.9221119,77.5837002,,20:25:00,2016
girinagar,2 wheeler theft,12.9119875,77.5812725,,21:10:00,2016
girinagar,2 wheeler theft,12.8989033,77.5864483,,19:35:00,2016
girinagar,2 wheeler theft,12.8136777,77.4655359,2016-04-18,23:15:00,2016
girinagar,2 wheeler theft,12.9124103,77.5870629,2016-04-20,17:15:00,2016
girinagar,2 wheeler theft,12.9050036,77.5874776,2016-04-21,12:45:00,2016
girinagar,2 wheeler theft,12.9117027,77.591605,2016-04-24,10:40:00,2016
girinagar,2 wheeler theft,12.9062135,77.5959424,2016-04-26,21:30:00,2016
girinagar,2 wheeler theft,12.8807651,77.5499705,2016-04-29,17:10:00,2016
girinagar,2 wheeler theft,12.8808476,77.5499705,2016-04-30,20:15:00,2016
girinagar,2 wheeler theft,12.9108921,77.576662,,13:30:00,2016
girinagar,2 wheeler theft,12.9080219,77.5764137,,17:30:00,2016
girinagar,2 wheeler theft,12.900138,77.5833296,,21:05:00,2016
girinagar,2 wheeler theft,12.9124841,77.5910353,2016-05-13,15:30:00,2016
girinagar,2 wheeler theft,12.9091476,77.5748646,2016-05-13,21:30:00,2016
girinagar,2 wheeler theft,12.9129868,77.5804996,2016-05-19,11:35:00,2016
girinagar,2 wheeler theft,12.9104654,77.5890738,2016-05-24,13:45:00,2016
girinagar,2 wheeler theft,12.9164972,77.5939278,2016-05-25,20:15:00,2016
girinagar,2 wheeler theft,12.9104155,77.583716,2016-05-30,20:10:00,2016
girinagar,2 wheeler theft,12.9104155,77.583716,2016-05-30,20:25:00,2016
girinagar,2 wheeler theft,12.8922868,77.5773142,2016-05-31,21:00:00,2016
girinagar,2 wheeler theft,12.8879846,77.5927732,,08:15:00,2016
girinagar,2 wheeler theft,12.9084907,77.5728394,,15:30:00,2016
girinagar,2 wheeler theft,12.897694,77.580906,,19:30:00,2016
girinagar,2 wheeler theft,12.9120932,77.5776531,,18:30:00,2016
girinagar,2 wheeler theft,12.9113496,77.5752264,,20:15:00,2016
girinagar,2 wheeler theft,12.8973154,77.5672237,2016-06-14,11:45:00,2016
girinagar,2 wheeler theft,12.9141413,77.5834073,2016-06-16,10:15:00,2016
girinagar,2 wheeler theft,12.8986844,77.570347,2016-06-17,20:00:00,2016
girinagar,2 wheeler theft,12.8921884,77.5963849,2016-06-21,16:00:00,2016
girinagar,2 wheeler theft,12.9158154,77.5930411,2016-06-22,12:15:00,2016
girinagar,2 wheeler theft,12.9056668,77.5892894,2016-06-23,14:30:00,2016
girinagar,2 wheeler theft,12.910647,77.5731035,2016-06-28,20:05:00,2016
girinagar,2 wheeler theft,12.9088669,77.5950873,2016-06-29,15:35:00,2016
girinagar,2 wheeler theft,12.9077754,77.5751496,,20:05:00,2016
girinagar,2 wheeler theft,12.9077859,77.5751496,,17:00:00,2016
girinagar,2 wheeler theft,12.9251077,77.5988194,,16:35:00,2016
girinagar,2 wheeler theft,12.9134518,77.5883934,,17:45:00,2016
girinagar,2 wheeler theft,12.9134752,77.580733,,11:20:00,2016
girinagar,2 wheeler theft,12.9109933,77.577546,,16:00:00,2016
girinagar,2 wheeler theft,12.9105916,77.5788548,2016-07-13,11:00:00,2016
girinagar,2 wheeler theft,12.8995955,77.5699612,2016-07-14,16:45:00,2016
girinagar,2 wheeler theft,12.9080514,77.5758748,2016-07-15,20:00:00,2016
girinagar,2 wheeler theft,12.9076947,77.5717929,2016-07-16,11:15:00,2016
girinagar,2 wheeler theft,12.9069991,77.5720367,2016-07-16,20:10:00,2016
girinagar,2 wheeler theft,12.9116607,77.5860521,2016-07-19,16:00:00,2016
girinagar,2 wheeler theft,12.9059209,77.595293,2016-07-26,18:10:00,2016
girinagar,2 wheeler theft,12.9067854,77.5770718,2016-07-28,17:50:00,2016
girinagar,2 wheeler theft,12.9121036,77.5733551,2016-07-28,19:15:00,2016
girinagar,2 wheeler theft,12.905118,77.5895652,,07:00:00,2016
girinagar,2 wheeler theft,12.9103798,77.5725853,,08:15:00,2016
girinagar,2 wheeler theft,12.905732,77.5874371,,17:00:00,2016
girinagar,2 wheeler theft,12.9116102,77.5909028,,10:30:00,2016
girinagar,2 wheeler theft,12.9099209,77.5862602,,11:00:00,2016
girinagar,2 wheeler theft,12.9099469,77.5796941,,11:45:00,2016
girinagar,2 wheeler theft,12.9085038,77.5927965,2016-08-13,19:00:00,2016
girinagar,2 wheeler theft,12.9129359,77.5765529,2016-08-13,19:30:00,2016
girinagar,2 wheeler theft,12.9203297,77.5814445,2016-08-13,20:45:00,2016
girinagar,2 wheeler theft,12.9203762,77.5661235,2016-08-13,21:00:00,2016
girinagar,2 wheeler theft,12.9396724,77.5050632,2016-08-13,21:30:00,2016
girinagar,2 wheeler theft,12.8983412,77.5867776,2016-08-16,16:00:00,2016
girinagar,2 wheeler theft,12.9054003,77.5836808,2016-08-18,11:30:00,2016
girinagar,2 wheeler theft,12.9151942,77.5927357,2016-08-20,18:50:00,2016
girinagar,2 wheeler theft,12.9152808,77.5599047,2016-08-21,17:15:00,2016
girinagar,2 wheeler theft,12.9084498,77.5742016,2016-08-22,23:10:00,2016
girinagar,2 wheeler theft,12.9113496,77.5752264,2016-08-25,17:30:00,2016
girinagar,2 wheeler theft,12.8977777,77.5705204,2016-08-25,20:15:00,2016
girinagar,2 wheeler theft,12.9126336,77.5803178,2016-08-30,17:30:00,2016
girinagar,2 wheeler theft,12.8986844,77.5701467,,18:30:00,2016
girinagar,2 wheeler theft,12.8987282,77.5537313,,19:20:00,2016
girinagar,2 wheeler theft,12.9217529,77.5825697,,19:30:00,2016
girinagar,2 wheeler theft,12.9136978,77.5755933,,22:45:00,2016
girinagar,2 wheeler theft,12.9129342,77.5852723,,19:00:00,2016
girinagar,2 wheeler theft,12.9109337,77.5768905,,21:30:00,2016
girinagar,2 wheeler theft,12.905966,77.5794364,,18:20:00,2016
girinagar,2 wheeler theft,12.8946208,77.5726585,,14:30:00,2016
girinagar,2 wheeler theft,12.9069297,77.5839456,,13:35:00,2016
girinagar,2 wheeler theft,12.9049829,77.5964971,,18:20:00,2016
girinagar,2 wheeler theft,12.9088191,77.5911795,,19:30:00,2016
girinagar,2 wheeler theft,12.8823007,77.6421299,,13:30:00,2016
girinagar,2 wheeler theft,12.9055733,77.5737403,2016-09-16,15:40:00,2016
girinagar,2 wheeler theft,12.9091489,77.5749182,2016-09-22,16:30:00,2016
girinagar,2 wheeler theft,12.9061809,77.5761523,2016-09-22,20:15:00,2016
girinagar,2 wheeler theft,12.8994628,77.5879082,2016-09-27,13:20:00,2016
girinagar,2 wheeler theft,12.8949266,77.5797921,2016-09-27,19:45:00,2016
girinagar,2 wheeler theft,12.9204557,77.5927397,2016-09-29,08:15:00,2016
girinagar,2 wheeler theft,12.907227,77.5850279,,17:15:00,2016
girinagar,2 wheeler theft,12.9164703,77.5892631,,16:00:00,2016
girinagar,2 wheeler theft,12.9048306,77.5911549,,09:00:00,2016
girinagar,2 wheeler theft,12.9113677,77.5960245,,14:30:00,2016
girinagar,2 wheeler theft,12.9019915,77.5702781,2016-10-13,21:00:00,2016
girinagar,2 wheeler theft,12.7942903,77.6186244,2016-10-15,11:00:00,2016
girinagar,2 wheeler theft,12.9032684,77.5813839,2016-10-15,15:00:00,2016
girinagar,2 wheeler theft,12.9108373,77.5735857,2016-10-15,20:15:00,2016
girinagar,2 wheeler theft,12.9055162,77.57742,2016-10-16,08:40:00,2016
girinagar,2 wheeler theft,12.8656861,77.5190988,2016-10-16,09:15:00,2016
girinagar,2 wheeler theft,12.8843862,77.5612567,2016-10-16,10:15:00,2016
girinagar,2 wheeler theft,12.906408,77.5836806,2016-10-17,08:00:00,2016
girinagar,2 wheeler theft,12.9064946,77.5508496,2016-10-17,14:05:00,2016
girinagar,2 wheeler theft,12.9125009,77.5726922,2016-10-18,17:10:00,2016
girinagar,2 wheeler theft,12.8986844,77.5708546,2016-10-19,14:45:00,2016
girinagar,2 wheeler theft,12.9583931,77.6133147,2016-10-19,16:15:00,2016
girinagar,2 wheeler theft,12.9119971,77.580521,2016-10-24,11:15:00,2016
girinagar,2 wheeler theft,12.8929582,77.5641009,,10:30:00,2016
girinagar,2 wheeler theft,12.9056972,77.5761708,,12:45:00,2016
girinagar,2 wheeler theft,12.9154445,77.5843151,,13:15:00,2016
girinagar,2 wheeler theft,12.9155833,77.5892263,,16:45:00,2016
girinagar,2 wheeler theft,12.9106125,77.5911797,,22:45:00,2016
girinagar,2 wheeler theft,12.9108904,77.576682,,12:30:00,2016
girinagar,2 wheeler theft,12.9109369,77.561361,,15:10:00,2016
girinagar,2 wheeler theft,12.9071693,77.5739887,,10:40:00,2016
girinagar,2 wheeler theft,12.9067229,77.5735098,,12:30:00,2016
girinagar,2 wheeler theft,12.9114985,77.581973,,15:10:00,2016
girinagar,2 wheeler theft,12.9087798,77.5718047,2016-11-14,11:45:00,2016
girinagar,2 wheeler theft,12.8941861,77.5812776,2016-11-14,21:30:00,2016
girinagar,2 wheeler theft,12.9045672,77.5835518,2016-11-15,13:30:00,2016
girinagar,2 wheeler theft,12.9053529,77.5903186,2016-11-19,13:50:00,2016
girinagar,2 wheeler theft,12.8471471,77.5699785,2016-11-19,15:20:00,2016
girinagar,2 wheeler theft,12.9106291,77.5739464,2016-11-22,10:30:00,2016
girinagar,2 wheeler theft,12.9060236,77.5970624,2016-11-23,13:30:00,2016
girinagar,2 wheeler theft,12.8924623,77.5955068,2016-11-23,20:00:00,2016
girinagar,2 wheeler theft,12.9117148,77.5913008,2016-11-26,22:05:00,2016
girinagar,2 wheeler theft,12.9055791,77.5752691,2016-11-28,14:45:00,2016
girinagar,2 wheeler theft,12.9092846,77.5887198,2016-11-28,15:30:00,2016
girinagar,2 wheeler theft,12.9017543,77.5708348,,11:15:00,2016
girinagar,2 wheeler theft,12.8929065,77.5816106,,12:54:00,2016
girinagar,2 wheeler theft,12.9057021,77.5883601,,12:35:00,2016
girinagar,2 wheeler theft,12.9027279,77.5749579,,13:05:00,2016
girinagar,2 wheeler theft,12.898694,77.576426,,15:00:00,2016
girinagar,2 wheeler theft,12.9135229,77.5888862,,13:20:00,2016
girinagar,2 wheeler theft,12.9320639,77.5733541,,13:45:00,2016
girinagar,2 wheeler theft,12.9103798,77.5725853,,16:30:00,2016
girinagar,2 wheeler theft,12.8902592,77.5813993,,11:31:00,2016
girinagar,2 wheeler theft,12.8902592,77.5813993,,19:45:00,2016
girinagar,2 wheeler theft,12.9166667,77.5913889,,20:05:00,2016
girinagar,2 wheeler theft,12.912997,77.5764456,,11:30:00,2016
girinagar,2 wheeler theft,12.8986844,77.5701467,,16:10:00,2016
girinagar,2 wheeler theft,12.8939858,77.5696474,,19:15:00,2016
girinagar,2 wheeler theft,12.909427,77.572843,,12:20:00,2016
girinagar,2 wheeler theft,12.8889619,77.5874967,,19:10:00,2016
girinagar,2 wheeler theft,12.9129555,77.5764456,,16:45:00,2016
girinagar,2 wheeler theft,12.9087798,77.5718047,,17:15:00,2016
girinagar,2 wheeler theft,12.9030369,77.580521,,17:35:00,2016
girinagar,2 wheeler theft,12.893242,77.5765389,,18:00:00,2016
girinagar,2 wheeler theft,12.8988197,77.5784865,2016-12-14,20:45:00,2016
girinagar,2 wheeler theft,12.9050995,77.5896883,2016-12-17,09:30:00,2016
girinagar,2 wheeler theft,12.9703481,77.6419314,2016-12-19,09:00:00,2016
girinagar,2 wheeler theft,12.8988637,77.5577131,2016-12-20,15:45:00,2016
girinagar,2 wheeler theft,12.912386,77.5909992,2016-12-20,16:30:00,2016
girinagar,2 wheeler theft,12.9114576,77.5760498,2016-12-24,18:10:00,2016
girinagar,2 wheeler theft,12.9050134,77.5810344,2016-12-26,10:00:00,2016
girinagar,2 wheeler theft,12.912815,77.5950573,2016-12-26,12:15:00,2016
girinagar,2 wheeler theft,12.9049874,77.5876005,2016-12-26,16:05:00,2016
girinagar,2 wheeler theft,12.9217529,77.5825697,2016-12-27,17:10:00,2016
girinagar,2 wheeler theft,12.9049691,77.5873496,2016-12-28,20:15:00,2016
girinagar,2 wheeler theft,12.9203184,77.579691,,20:15:00,2017
girinagar,2 wheeler theft,12.9101695,77.5870192,,16:30:00,2017
girinagar,2 wheeler theft,12.910216,77.5716982,2017-01-13,13:05:00,2017
girinagar,2 wheeler theft,12.9104152,77.5191668,2017-01-16,13:30:00,2017
girinagar,2 wheeler theft,12.9164782,77.5901863,2017-01-23,16:00:00,2017
girinagar,2 wheeler theft,12.9143145,77.597372,,13:40:00,2017
girinagar,2 wheeler theft,12.908332,77.5883169,,12:10:00,2017
girinagar,2 wheeler theft,12.9128148,77.5756627,,12:30:00,2017
girinagar,2 wheeler theft,12.916473,77.592375,,08:50:00,2017
girinagar,2 wheeler theft,12.9086267,77.5910674,2017-02-20,12:00:00,2017
girinagar,2 wheeler theft,12.9217529,77.5825697,2017-02-23,16:00:00,2017
girinagar,2 wheeler theft,12.9217994,77.5672487,2017-02-23,18:15:00,2017
girinagar,2 wheeler theft,12.9087588,77.5913153,2017-02-25,17:00:00,2017
girinagar,2 wheeler theft,12.9152853,77.5889758,2017-02-26,20:45:00,2017
girinagar,2 wheeler theft,12.9125428,77.5900454,,13:50:00,2017
girinagar,2 wheeler theft,12.9103962,77.5881939,2017-03-15,21:15:00,2017
girinagar,2 wheeler theft,12.9163605,77.5841222,2017-03-21,09:15:00,2017
girinagar,2 wheeler theft,12.9048825,77.5877278,2017-03-21,13:30:00,2017
girinagar,2 wheeler theft,12.9085246,77.5796617,2017-03-24,13:30:00,2017
girinagar,2 wheeler theft,12.9127289,77.5955015,,13:45:00,2017
girinagar,2 wheeler theft,12.9159378,77.5855939,2017-04-13,11:30:00,2017
girinagar,2 wheeler theft,12.9112281,77.5777576,2017-04-17,10:00:00,2017
girinagar,2 wheeler theft,12.8978849,77.644838,2017-04-21,18:30:00,2017
girinagar,2 wheeler theft,12.9565601,77.5651606,2017-04-21,20:25:00,2017
girinagar,2 wheeler theft,12.908332,77.5883169,2017-04-25,14:10:00,2017
girinagar,2 wheeler theft,12.9083785,77.5729959,2017-04-28,09:45:00,2017
girinagar,2 wheeler theft,12.9085777,77.5204645,2017-04-28,13:30:00,2017
girinagar,2 wheeler theft,12.9078841,77.5761146,,12:00:00,2017
girinagar,2 wheeler theft,12.9128317,77.5820664,2017-05-13,15:30:00,2017
girinagar,2 wheeler theft,13.1114292,77.6021703,2017-05-16,16:15:00,2017
girinagar,2 wheeler theft,12.9165248,77.5905062,2017-05-17,17:00:00,2017
girinagar,2 wheeler theft,12.9163635,77.5902506,2017-05-18,18:30:00,2017
girinagar,2 wheeler theft,12.9065595,77.5955035,2017-05-19,13:30:00,2017
girinagar,2 wheeler theft,12.9154996,77.5929093,2017-05-20,17:45:00,2017
girinagar,2 wheeler theft,12.910304,77.5796597,2017-05-23,00:10:00,2017
girinagar,2 wheeler theft,12.91161,77.5761316,2017-05-23,13:30:00,2017
girinagar,2 wheeler theft,12.9116205,77.5761316,2017-05-24,12:15:00,2017
girinagar,2 wheeler theft,12.908332,77.5883169,2017-05-25,17:30:00,2017
girinagar,2 wheeler theft,12.9127807,77.5881329,2017-05-27,17:00:00,2017
girinagar,2 wheeler theft,12.9217529,77.5825697,2017-05-30,16:30:00,2017
girinagar,2 wheeler theft,12.9085952,77.5747557,2017-05-31,09:00:00,2017
girinagar,2 wheeler theft,12.9123249,77.592595,,18:20:00,2017
girinagar,2 wheeler theft,12.9072691,77.578509,,13:00:00,2017
girinagar,2 wheeler theft,12.9072951,77.5719429,,15:30:00,2017
girinagar,2 wheeler theft,12.9129181,77.5885869,2017-06-16,09:15:00,2017
girinagar,2 wheeler theft,12.9117884,77.5929617,2017-06-16,15:15:00,2017
girinagar,2 wheeler theft,12.9118349,77.5776407,2017-06-17,17:30:00,2017
girinagar,2 wheeler theft,12.9119174,77.5776407,2017-06-19,16:45:00,2017
girinagar,2 wheeler theft,12.9111173,77.5770481,2017-06-21,17:00:00,2017
girinagar,2 wheeler theft,12.9104784,77.5834944,2017-06-22,11:00:00,2017
girinagar,2 wheeler theft,12.8897795,77.5430551,2017-06-22,23:35:00,2017
girinagar,2 wheeler theft,12.9166719,77.5892002,2017-06-27,12:00:00,2017
girinagar,2 wheeler theft,12.908332,77.5883169,2017-06-27,12:30:00,2017
girinagar,2 wheeler theft,12.9031364,77.5749004,2017-06-28,19:15:00,2017
girinagar,2 wheeler theft,12.9217529,77.5825697,2017-06-29,13:30:00,2017
girinagar,2 wheeler theft,12.9217789,77.5760036,2017-06-30,16:25:00,2017
girinagar,2 wheeler theft,12.9123816,77.5746445,,15:30:00,2017
girinagar,2 wheeler theft,12.9068586,77.5836691,,20:00:00,2017
girinagar,2 wheeler theft,12.9217529,77.5825697,2017-07-13,13:30:00,2017
girinagar,2 wheeler theft,12.907653,77.5818448,2017-07-17,22:30:00,2017
girinagar,2 wheeler theft,12.9095383,77.5789476,2017-07-17,22:45:00,2017
girinagar,2 wheeler theft,12.9168337,77.5810239,2017-07-18,17:35:00,2017
girinagar,2 wheeler theft,12.9168802,77.5657029,2017-07-18,17:50:00,2017
girinagar,2 wheeler theft,12.9192124,77.585885,2017-07-24,12:20:00,2017
girinagar,2 wheeler theft,12.9117032,77.5903747,2017-07-24,13:40:00,2017
girinagar,2 wheeler theft,12.9116772,77.5969408,2017-07-27,11:45:00,2017
girinagar,2 wheeler theft,12.9164119,77.5224624,,12:10:00,2017
girinagar,2 wheeler theft,12.9162487,77.5903148,,15:30:00,2017
girinagar,2 wheeler theft,12.9084615,77.5808686,2017-08-14,16:30:00,2017
girinagar,2 wheeler theft,12.9149733,77.5878989,2017-08-19,10:45:00,2017
girinagar,2 wheeler theft,12.9164782,77.5901863,2017-08-22,11:50:00,2017
girinagar,2 wheeler theft,12.9208508,77.5666869,2017-08-25,09:00:00,2017
girinagar,2 wheeler theft,12.9070912,77.5711913,2017-08-26,16:00:00,2017
girinagar,2 wheeler theft,12.9096874,77.5791612,,09:00:00,2017
girinagar,2 wheeler theft,12.9098845,77.5803379,,11:00:00,2017
girinagar,2 wheeler theft,12.8697931,77.5948584,2017-09-13,20:45:00,2017
girinagar,2 wheeler theft,12.91563,77.5580547,2017-09-14,12:00:00,2017
girinagar,2 wheeler theft,12.9155434,77.5908858,2017-09-16,09:30:00,2017
girinagar,2 wheeler theft,12.9128808,77.598714,2017-09-18,15:00:00,2017
girinagar,2 wheeler theft,12.9078173,77.5779678,2017-09-26,09:30:00,2017
girinagar,2 wheeler theft,12.9156825,77.5740998,2017-09-26,,2017
girinagar,2 wheeler theft,12.915636,77.5894208,2017-09-26,13:30:00,2017
girinagar,2 wheeler theft,12.9147191,77.5902336,2017-09-27,10:00:00,2017
girinagar,2 wheeler theft,12.9124262,77.6008344,,09:00:00,2017
girinagar,2 wheeler theft,12.9082721,77.5565603,,10:20:00,2017
girinagar,2 wheeler theft,12.9082256,77.5718813,,12:20:00,2017
girinagar,2 wheeler theft,12.9109125,77.5865459,,09:30:00,2017
girinagar,2 wheeler theft,12.9142916,77.5909833,2017-10-16,17:30:00,2017
girinagar,2 wheeler theft,12.9130265,77.5847637,2017-10-17,11:40:00,2017
girinagar,2 wheeler theft,12.9191277,77.5914538,2017-10-20,15:30:00,2017
girinagar,2 wheeler theft,12.9109337,77.5768905,2017-10-24,16:15:00,2017
girinagar,2 wheeler theft,12.9117804,77.59249,2017-10-28,13:00:00,2017
girinagar,2 wheeler theft,12.9121036,77.5733551,2017-10-30,20:00:00,2017
girinagar,2 wheeler theft,12.908303,77.5899746,,16:30:00,2017
girinagar,2 wheeler theft,12.9079196,77.5751564,,16:15:00,2017
girinagar,2 wheeler theft,12.9087291,77.5734503,,09:30:00,2017
girinagar,2 wheeler theft,12.911238,77.575194,,12:30:00,2017
girinagar,2 wheeler theft,12.9085246,77.5796617,2017-11-15,12:00:00,2017
girinagar,2 wheeler theft,12.9084733,77.587459,2017-11-15,13:00:00,2017
girinagar,2 wheeler theft,12.9110252,77.5910139,2017-11-20,12:15:00,2017
girinagar,2 wheeler theft,12.910375,77.5885265,2017-11-20,14:30:00,2017
hanumantha nagar,2 wheeler theft,12.910375,77.5885265,2017-11-26,12:00:00,2017
hanumantha nagar,2 wheeler theft,12.9079648,77.5766412,2017-11-26,12:15:00,2017
hanumantha nagar,2 wheeler theft,12.9103452,77.5913872,2017-11-28,09:00:00,2017
hanumantha nagar,2 wheeler theft,12.9142916,77.5909833,2017-11-29,11:45:00,2017
hanumantha nagar,2 wheeler theft,12.9116607,77.5860521,2017-11-29,12:15:00,2017
hanumantha nagar,2 wheeler theft,12.9117313,77.5811908,,11:00:00,2017
hanumantha nagar,2 wheeler theft,12.9085246,77.5796617,,11:20:00,2017
hanumantha nagar,2 wheeler theft,12.9105818,77.5878644,,12:00:00,2017
hanumantha nagar,2 wheeler theft,12.9115414,77.5779409,2017-12-13,11:15:00,2017
hanumantha nagar,2 wheeler theft,12.9168346,77.5918358,2017-12-16,11:00:00,2017
hanumantha nagar,2 wheeler theft,12.9217529,77.5825697,2017-12-20,17:45:00,2017
hanumantha nagar,2 wheeler theft,12.9066661,77.5881806,2017-12-23,11:45:00,2017
hanumantha nagar,2 wheeler theft,12.9116178,77.5717153,2017-12-29,13:00:00,2017
hanumantha nagar,2 wheeler theft,12.9127412,77.5737093,,,2018
hanumantha nagar,2 wheeler theft,12.9127877,77.5583883,,16:00:00,2018
hanumantha nagar,2 wheeler theft,12.9088167,77.5950889,,14:07:00,2018
hanumantha nagar,2 wheeler theft,12.9107522,77.5910287,2018-01-18,14:00:00,2018
hanumantha nagar,2 wheeler theft,12.9107987,77.5757077,2018-01-28,19:00:00,2018
hanumantha nagar,2 wheeler theft,12.9117957,77.5826913,2018-01-30,12:00:00,2018
hanumantha nagar,2 wheeler theft,12.9120689,77.5937903,,14:00:00,2018
hanumantha nagar,2 wheeler theft,12.917501,77.5780559,,17:00:00,2018
hanumantha nagar,2 wheeler theft,12.9115751,77.5743223,2018-02-14,14:30:00,2018
hanumantha nagar,2 wheeler theft,12.9200827,77.5796881,,15:00:00,2018
hanumantha nagar,2 wheeler theft,12.908529,77.5822192,,17:00:00,2018
hanumantha nagar,2 wheeler theft,12.8976867,77.5809436,2018-03-20,15:00:00,2018
hanumantha nagar,2 wheeler theft,12.9135277,77.5767264,2018-03-22,09:30:00,2018
hanumantha nagar,2 wheeler theft,12.9110682,77.5770827,2018-03-23,16:00:00,2018
hanumantha nagar,2 wheeler theft,12.9094322,77.5706543,2018-03-29,11:30:00,2018
hanumantha nagar,2 wheeler theft,12.9095188,77.5378233,,15:10:00,2018
hanumantha nagar,2 wheeler theft,12.9124153,77.5892543,,17:00:00,2018
hanumantha nagar,2 wheeler theft,12.9131644,77.591585,,17:20:00,2018
hanumantha nagar,2 wheeler theft,12.9065942,77.5896108,,10:30:00,2018
hanumantha nagar,2 wheeler theft,12.910852,77.578621,,09:20:00,2018
hanumantha nagar,2 wheeler theft,12.9108952,77.5684907,2018-04-13,16:15:00,2018
hanumantha nagar,2 wheeler theft,12.9108487,77.5838117,2018-04-14,23:15:00,2018
hanumantha nagar,2 wheeler theft,12.9662285,77.6392596,2018-04-17,10:00:00,2018
hanumantha nagar,2 wheeler theft,12.9078104,77.5760964,2018-04-23,11:00:00,2018
hanumantha nagar,2 wheeler theft,12.9085038,77.5927965,2018-04-26,10:00:00,2018
hanumantha nagar,2 wheeler theft,12.9110148,77.5732511,2018-04-26,13:30:00,2018
hanumantha nagar,2 wheeler theft,12.9090149,77.5834522,,15:15:00,2018
hanumantha nagar,2 wheeler theft,12.899262,77.5650223,2018-05-16,15:15:00,2018
hanumantha nagar,2 wheeler theft,12.9070912,77.5711913,2018-05-17,11:30:00,2018
hanumantha nagar,2 wheeler theft,12.9155096,77.5922788,,,2018
hanumantha nagar,2 wheeler theft,12.9075615,77.5708723,,10:00:00,2018
hanumantha nagar,2 wheeler theft,12.9062977,77.5943451,2018-06-15,17:00:00,2018
hanumantha nagar,2 wheeler theft,12.9142916,77.5909833,2018-06-19,18:00:00,2018
hanumantha nagar,2 wheeler theft,12.9098757,77.5806217,2018-06-20,10:45:00,2018
hanumantha nagar,2 wheeler theft,12.9094853,77.574801,2018-06-21,11:30:00,2018
hanumantha nagar,2 wheeler theft,12.908079,77.5938816,2018-06-29,15:30:00,2018
hanumantha nagar,2 wheeler theft,12.9065595,77.5955035,,11:00:00,2018
hanumantha nagar,2 wheeler theft,12.9164992,77.5966286,,16:00:00,2018
hanumantha nagar,2 wheeler theft,12.9088423,77.592968,,17:00:00,2018
hanumantha nagar,2 wheeler theft,12.9032415,77.5732529,2018-07-21,12:30:00,2018
hanumantha nagar,2 wheeler theft,12.9071521,77.5730487,,06:15:00,2018
hanumantha nagar,2 wheeler theft,12.9249597,77.5733253,2018-08-20,19:00:00,2018
hanumantha nagar,2 wheeler theft,12.9066889,77.5867052,,14:30:00,2018
hanumantha nagar,2 wheeler theft,12.9070945,77.5781946,,09:10:00,2018
hanumantha nagar,2 wheeler theft,12.9084813,77.5881974,2018-09-14,11:30:00,2018
hanumantha nagar,2 wheeler theft,12.9117172,77.5724407,2018-09-29,11:00:00,2018
hanumantha nagar,2 wheeler theft,12.9135728,77.6437918,2018-09-30,10:15:00,2018
hanumantha nagar,2 wheeler theft,12.9112689,77.5742133,,13:30:00,2018
hanumantha nagar,2 wheeler theft,12.9066889,77.5867052,,11:30:00,2018
hanumantha nagar,2 wheeler theft,12.9100432,77.5903,2018-10-15,15:00:00,2018
hanumantha nagar,2 wheeler theft,12.9100046,77.5899285,2018-11-14,11:00:00,2018
hanumantha nagar,2 wheeler theft,12.9085015,77.5801181,2018-11-16,11:00:00,2018
hanumantha nagar,2 wheeler theft,12.962112,77.6033269,2018-11-16,16:30:00,2018
hanumantha nagar,2 wheeler theft,12.9067229,77.5735098,2018-11-16,19:30:00,2018
hanumantha nagar,2 wheeler theft,12.9083539,77.5989745,2018-11-20,12:00:00,2018
hanumantha nagar,2 wheeler theft,12.8791483,77.5522352,2018-11-22,18:00:00,2018
hanumantha nagar,2 wheeler theft,12.9135052,77.5744027,2018-11-23,13:00:00,2018
hanumantha nagar,2 wheeler theft,12.9193608,77.5956138,2018-11-24,12:00:00,2018
hanumantha nagar,2 wheeler theft,12.9109126,77.5701591,,11:00:00,2018
hanumantha nagar,2 wheeler theft,12.9108866,77.5767252,2018-12-26,11:30:00,2018
hanumantha nagar,2 wheeler theft,12.9076055,77.5759247,,10:00:00,2019
hanumantha nagar,2 wheeler theft,12.907652,77.5606037,2019-01-14,12:00:00,2019
hanumantha nagar,2 wheeler theft,12.9146818,77.5826099,2019-01-17,12:00:00,2019
hanumantha nagar,2 wheeler theft,12.9150173,77.5845175,2019-01-18,10:45:00,2019
hanumantha nagar,2 wheeler theft,12.9073505,77.5760548,2019-01-30,11:00:00,2019
hanumantha nagar,2 wheeler theft,12.9111696,77.5913062,2019-02-14,11:50:00,2019
hanumantha nagar,2 wheeler theft,12.9115751,77.5743223,,11:30:00,2019
hanumantha nagar,2 wheeler theft,12.9135496,77.5885392,2019-03-15,12:00:00,2019
hanumantha nagar,2 wheeler theft,12.9119429,77.5749591,2019-03-18,13:30:00,2019
hanumantha nagar,2 wheeler theft,12.908332,77.5883169,,10:00:00,2019
hanumantha nagar,2 wheeler theft,12.9116754,77.6041743,,16:00:00,2019
hanumantha nagar,2 wheeler theft,12.9092672,77.589316,,14:30:00,2019
hanumantha nagar,2 wheeler theft,12.9774928,77.5718903,,13:30:00,2019
hanumantha nagar,2 wheeler theft,12.9074525,77.5913079,2019-04-13,12:00:00,2019
hanumantha nagar,2 wheeler theft,12.9082916,77.5897012,2019-04-15,10:30:00,2019
hanumantha nagar,2 wheeler theft,12.9083539,77.5989745,2019-04-20,10:00:00,2019
hanumantha nagar,2 wheeler theft,12.9083539,77.5989745,2019-04-20,10:00:00,2019
hanumantha nagar,2 wheeler theft,12.9083934,77.5952422,2019-04-24,15:10:00,2019
hanumantha nagar,2 wheeler theft,12.9088745,77.5929109,,11:00:00,2019
hanumantha nagar,2 wheeler theft,12.9127423,77.5861278,,11:00:00,2019
hanumantha nagar,2 wheeler theft,12.9151885,77.5941337,2019-05-15,17:00:00,2019
hanumantha nagar,2 wheeler theft,12.9077254,77.5978325,2019-05-18,17:00:00,2019
hanumantha nagar,2 wheeler theft,12.9165623,77.5870966,2019-05-22,15:00:00,2019
hanumantha nagar,2 wheeler theft,12.9085041,77.5735867,2019-05-27,08:00:00,2019
hanumantha nagar,2 wheeler theft,12.9113821,77.5957139,2019-05-29,13:00:00,2019
hanumantha nagar,2 wheeler theft,12.9161507,77.5846836,2019-05-29,15:00:00,2019
hanumantha nagar,2 wheeler theft,12.9147413,77.5874376,2019-05-30,15:00:00,2019
hanumantha nagar,2 wheeler theft,12.9152626,77.5994055,2019-05-31,11:00:00,2019
hanumantha nagar,2 wheeler theft,12.9124262,77.6008344,,10:30:00,2019
hanumantha nagar,2 wheeler theft,12.9084329,77.5720747,,11:30:00,2019
hanumantha nagar,2 wheeler theft,12.9103392,77.5804057,2019-06-14,12:00:00,2019
hanumantha nagar,2 wheeler theft,12.9190179,77.5150998,2019-06-17,15:00:00,2019
hanumantha nagar,2 wheeler theft,12.9147841,77.5778715,2019-06-23,15:00:00,2019
hanumantha nagar,2 wheeler theft,12.9147581,77.5844376,,14:00:00,2019
hanumantha nagar,2 wheeler theft,12.910319,77.5872771,2019-07-13,13:00:00,2019
hanumantha nagar,2 wheeler theft,12.9083539,77.5989745,2019-07-25,14:00:00,2019
hanumantha nagar,2 wheeler theft,12.9148942,77.5887273,2019-07-25,15:00:00,2019
hanumantha nagar,2 wheeler theft,12.9133944,77.5859906,,12:00:00,2019
hanumantha nagar,2 wheeler theft,12.9147697,77.584399,,13:00:00,2019
hanumantha nagar,2 wheeler theft,12.9074673,77.5777489,,11:00:00,2019
hanumantha nagar,2 wheeler theft,12.9061934,77.5768652,,10:30:00,2019
hanumantha nagar,2 wheeler theft,12.9067229,77.5735098,,11:00:00,2019
hanumantha nagar,2 wheeler theft,12.9066436,77.5461889,,10:30:00,2019
hanumantha nagar,2 wheeler theft,12.906557,77.5790199,2019-09-27,11:30:00,2019
hanumantha nagar,2 wheeler theft,12.9113841,77.5967984,,12:10:00,2019
hanumantha nagar,2 wheeler theft,12.9104194,77.5928999,,15:00:00,2019
hanumantha nagar,2 wheeler theft,12.89963,77.56877,2019-10-17,16:15:00,2019
hanumantha nagar,2 wheeler theft,12.90896,77.58473,2019-10-21,13:00:00,2019
hanumantha nagar,2 wheeler theft,12.96557,77.60625,2019-10-24,16:00:00,2019
hanumantha nagar,2 wheeler theft,12.914668,77.593316,2019-10-26,12:40:00,2019
hanumantha nagar,2 wheeler theft,12.909156,77.597556,,16:00:00,2019
hanumantha nagar,2 wheeler theft,12.90891,77.59889,2019-11-27,09:00:00,2019
hanumantha nagar,2 wheeler theft,12.914376,77.595004,2019-11-28,15:00:00,2019
hanumantha nagar,2 wheeler theft,12.911348,77.578907,2019-11-30,10:30:00,2019
hanumantha nagar,2 wheeler theft,12.916958,77.591343,,15:45:00,2019
hanumantha nagar,2 wheeler theft,12.913056,77.597104,2019-12-23,09:00:00,2019
hanumantha nagar,2 wheeler theft,12.906946,77.57568,2019-12-25,10:00:00,2019
hanumantha nagar,2 wheeler theft,12.909614,77.590259,2019-12-25,20:00:00,2019
hanumantha nagar,2 wheeler theft,12.9082619,77.5709324,2019-12-28,10:00:00,2019
hanumantha nagar,2 wheeler theft,12.9155306,77.5685306,2015-01-13,12:00:00,2015
hanumantha nagar,2 wheeler theft,12.9183333,77.5678944,2015-01-19,21:00:00,2015
hanumantha nagar,2 wheeler theft,12.9224833,77.5704944,2015-01-25,12:00:00,2015
hanumantha nagar,2 wheeler theft,12.9320417,77.5714694,,09:30:00,2015
hanumantha nagar,2 wheeler theft,12.9217361,77.5614167,,11:00:00,2015
hanumantha nagar,2 wheeler theft,12.9195528,77.5720194,2015-02-24,09:30:00,2015
hanumantha nagar,2 wheeler theft,12.9143278,77.5678056,2015-02-26,16:30:00,2015
hanumantha nagar,2 wheeler theft,12.9279528,77.5655056,2015-02-27,15:00:00,2015
hanumantha nagar,2 wheeler theft,12.9276222,77.5768083,,10:30:00,2015
hanumantha nagar,2 wheeler theft,12.9221667,77.5720444,,18:30:00,2015
hanumantha nagar,2 wheeler theft,12.9251778,77.56345,,12:30:00,2015
hanumantha nagar,2 wheeler theft,12.9238806,77.5735944,,10:30:00,2015
hanumantha nagar,2 wheeler theft,12.9150556,77.5540194,,20:00:00,2015
hanumantha nagar,2 wheeler theft,12.9166278,77.5661694,2015-03-28,13:15:00,2015
hanumantha nagar,2 wheeler theft,12.9208361,77.5741583,2015-03-28,09:00:00,2015
hanumantha nagar,2 wheeler theft,12.9155139,77.5661,2015-03-31,09:30:00,2015
hanumantha nagar,2 wheeler theft,12.9250611,77.5646611,2015-04-29,17:30:00,2015
hanumantha nagar,2 wheeler theft,12.916825,77.567825,,10:30:00,2015
hanumantha nagar,2 wheeler theft,12.916825,77.567825,,10:30:00,2015
hanumantha nagar,2 wheeler theft,12.9152944,77.5678056,,17:00:00,2015
hanumantha nagar,2 wheeler theft,12.9267972,77.5644056,2015-05-29,12:00:00,2015
hanumantha nagar,2 wheeler theft,12.9250611,77.5646611,2015-06-24,11:00:00,2015
hanumantha nagar,2 wheeler theft,12.9249889,77.5662639,2015-07-17,13:00:00,2015
hanumantha nagar,2 wheeler theft,12.9250611,77.5646611,2015-07-18,09:30:00,2015
hanumantha nagar,2 wheeler theft,12.9217222,77.57355,2015-07-18,11:00:00,2015
hanumantha nagar,2 wheeler theft,12.9253222,77.5679917,2015-07-27,12:00:00,2015
hanumantha nagar,2 wheeler theft,12.9223694,77.5741667,2015-07-30,11:00:00,2015
hanumantha nagar,2 wheeler theft,12.9306444,77.5757806,2015-07-31,17:15:00,2015
hanumantha nagar,2 wheeler theft,12.9169139,77.5677167,,19:30:00,2015
hanumantha nagar,2 wheeler theft,12.9185417,77.5715083,2015-08-13,15:45:00,2015
hanumantha nagar,2 wheeler theft,12.9171528,77.5639444,,12:00:00,2015
hanumantha nagar,2 wheeler theft,12.9173222,77.5559139,,12:15:00,2015
hanumantha nagar,2 wheeler theft,12.9251556,77.564775,,09:30:00,2015
hanumantha nagar,2 wheeler theft,12.9363306,77.5742444,2015-09-24,13:30:00,2015
hanumantha nagar,2 wheeler theft,12.9268472,77.5749083,,13:00:00,2015
hanumantha nagar,2 wheeler theft,12.9249361,77.5648528,,13:45:00,2015
hanumantha nagar,2 wheeler theft,12.9221611,77.5679861,,10:00:00,2015
hanumantha nagar,2 wheeler theft,12.9232306,77.5657028,,11:45:00,2015
hanumantha nagar,2 wheeler theft,12.9299389,77.5687972,2015-10-13,11:00:00,2015
hanumantha nagar,2 wheeler theft,12.9172694,77.5657556,2015-10-24,10:15:00,2015
hanumantha nagar,2 wheeler theft,12.9168167,77.5720667,2015-10-26,10:10:00,2015
hanumantha nagar,2 wheeler theft,12.9194444,77.5734944,2015-10-26,18:30:00,2015
hanumantha nagar,2 wheeler theft,12.9241806,77.570425,2015-10-27,10:30:00,2015
hanumantha nagar,2 wheeler theft,12.9197333,77.5638278,,11:45:00,2015
hanumantha nagar,2 wheeler theft,12.9212111,77.5682278,2015-11-25,12:00:00,2015
hanumantha nagar,2 wheeler theft,12.9197528,77.5741583,2015-12-22,20:00:00,2015
hanumantha nagar,2 wheeler theft,12.9250278,77.57335,,19:45:00,2016
hanumantha nagar,2 wheeler theft,12.9197139,77.5599,2016-01-25,20:30:00,2016
hanumantha nagar,2 wheeler theft,12.9256333,77.5761583,,10:00:00,2016
hanumantha nagar,2 wheeler theft,12.9163194,77.5552778,,11:00:00,2016
hanumantha nagar,2 wheeler theft,12.9161667,77.5569917,2016-02-20,09:00:00,2016
hanumantha nagar,2 wheeler theft,12.9245694,77.5656056,2016-02-26,10:00:00,2016
hanumantha nagar,2 wheeler theft,12.9185417,77.5715083,2016-02-29,11:00:00,2016
hanumantha nagar,2 wheeler theft,12.9276278,77.5705389,2016-03-25,09:30:00,2016
hanumantha nagar,2 wheeler theft,12.9220306,77.5675611,2016-04-15,09:30:00,2016
hanumantha nagar,2 wheeler theft,12.9195528,77.5720194,2016-04-17,09:30:00,2016
hanumantha nagar,2 wheeler theft,12.9265306,77.5673389,2016-04-27,15:30:00,2016
hanumantha nagar,2 wheeler theft,12.9217222,77.57355,2016-05-14,09:30:00,2016
hanumantha nagar,2 wheeler theft,12.9248722,77.5662417,,17:45:00,2016
hanumantha nagar,2 wheeler theft,12.9248722,77.5662417,,17:50:00,2016
hanumantha nagar,2 wheeler theft,12.9236333,77.5725083,,14:00:00,2016
hanumantha nagar,2 wheeler theft,12.9312028,77.5758028,2016-06-21,15:30:00,2016
hanumantha nagar,2 wheeler theft,12.9226861,77.5741167,2016-06-26,15:20:00,2016
hanumantha nagar,2 wheeler theft,12.9154389,77.5678389,,17:30:00,2016
hanumantha nagar,2 wheeler theft,12.9185083,77.5662194,2016-07-13,17:00:00,2016
hanumantha nagar,2 wheeler theft,12.9160667,77.5549139,2016-07-28,15:00:00,2016
hanumantha nagar,2 wheeler theft,12.9198889,77.5679583,,04:30:00,2016
hanumantha nagar,2 wheeler theft,12.9283389,77.5654278,,11:00:00,2016
hanumantha nagar,2 wheeler theft,12.9343694,77.5752583,2016-08-15,10:00:00,2016
hanumantha nagar,2 wheeler theft,12.92265,77.5607194,2016-08-20,10:00:00,2016
hanumantha nagar,2 wheeler theft,12.9156861,77.5626528,2016-08-20,11:30:00,2016
hanumantha nagar,2 wheeler theft,12.9236861,77.5669167,2016-08-28,19:40:00,2016
hanumantha nagar,2 wheeler theft,12.9251639,77.564875,2016-10-26,12:00:00,2016
hanumantha nagar,2 wheeler theft,12.9223139,77.5617111,,15:00:00,2016
hanumantha nagar,2 wheeler theft,12.9154083,77.5669278,,12:00:00,2016
hanumantha nagar,2 wheeler theft,12.9185917,77.5735556,,12:00:00,2016
hanumantha nagar,2 wheeler theft,12.9181917,77.5560083,,10:30:00,2016
hanumantha nagar,2 wheeler theft,12.9138444,77.5673556,,15:30:00,2016
hanumantha nagar,2 wheeler theft,12.9243833,77.565575,,15:30:00,2016
hanumantha nagar,2 wheeler theft,12.9131972,77.5704889,,13:00:00,2016
hanumantha nagar,2 wheeler theft,12.9218278,77.5735444,2016-10-19,15:00:00,2016
hanumantha nagar,2 wheeler theft,12.9238583,77.5685639,,13:30:00,2016
hanumantha nagar,2 wheeler theft,12.9238583,77.5685639,2016-11-14,17:30:00,2016
hanumantha nagar,2 wheeler theft,12.9238583,77.5685639,2016-11-16,16:00:00,2016
hanumantha nagar,2 wheeler theft,12.9280139,77.5621194,2016-11-18,17:15:00,2016
hanumantha nagar,2 wheeler theft,12.9232278,77.5691722,2016-11-24,16:10:00,2016
hanumantha nagar,2 wheeler theft,12.9251694,77.5753472,2016-11-26,13:00:00,2016
hanumantha nagar,2 wheeler theft,12.9165056,77.5542028,,13:30:00,2016
hanumantha nagar,2 wheeler theft,12.9202028,77.5606694,2016-12-13,14:00:00,2016
hanumantha nagar,2 wheeler theft,12.92355,77.5761361,2016-12-16,13:30:00,2016
hanumantha nagar,2 wheeler theft,12.9198111,77.5715556,2016-12-17,12:45:00,2016
hanumantha nagar,2 wheeler theft,12.92355,77.5761361,2016-12-18,12:45:00,2016
hanumantha nagar,2 wheeler theft,12.9220944,77.5723222,2016-12-17,18:30:00,2016
hanumantha nagar,2 wheeler theft,12.9171889,77.5687611,2016-12-21,11:00:00,2016
hanumantha nagar,2 wheeler theft,12.9169583,77.5540028,2016-12-28,15:00:00,2016
hanumantha nagar,2 wheeler theft,12.9220278,77.5748222,,10:15:00,2016
hanumantha nagar,2 wheeler theft,12.9236444,77.5736056,,11:00:00,2016
hanumantha nagar,2 wheeler theft,12.9135417,77.5662444,2016-03-23,20:00:00,2016
hanumantha nagar,2 wheeler theft,12.9174194,77.5731222,2016-04-18,16:30:00,2016
hanumantha nagar,2 wheeler theft,12.9186417,77.5736972,2016-07-30,09:30:00,2016
hanumantha nagar,2 wheeler theft,12.9212139,77.5557056,2016-08-31,10:30:00,2016
hanumantha nagar,2 wheeler theft,12.92,77.5718083,2016-09-25,12:00:00,2016
hanumantha nagar,2 wheeler theft,12.9185639,77.5736944,2016-12-28,19:30:00,2016
hanumantha nagar,2 wheeler theft,12.9138389,77.5648778,,14:30:00,2017
hanumantha nagar,2 wheeler theft,12.9235389,77.5668694,2017-01-17,15:15:00,2017
hanumantha nagar,2 wheeler theft,12.9222556,77.5675111,2017-01-18,16:40:00,2017
hanumantha nagar,2 wheeler theft,12.9188778,77.5674917,2017-01-21,11:00:00,2017
hanumantha nagar,2 wheeler theft,12.9202028,77.5606694,2017-01-31,12:45:00,2017
hanumantha nagar,2 wheeler theft,12.9195528,77.5720194,,12:30:00,2017
hanumantha nagar,2 wheeler theft,12.9263556,77.5769306,,11:15:00,2017
hanumantha nagar,2 wheeler theft,12.9236333,77.5725083,,16:45:00,2017
hanumantha nagar,2 wheeler theft,12.9226444,77.5674306,,10:00:00,2017
hanumantha nagar,2 wheeler theft,12.9223333,77.556325,2017-02-13,15:30:00,2017
hanumantha nagar,2 wheeler theft,12.9251694,77.5753472,2017-02-27,10:00:00,2017
hanumantha nagar,2 wheeler theft,12.9212472,77.5732139,2017-03-14,15:00:00,2017
hanumantha nagar,2 wheeler theft,12.9239389,77.5606389,2017-04-16,16:15:00,2017
hanumantha nagar,2 wheeler theft,12.9220306,77.5675611,2017-04-19,09:45:00,2017
hanumantha nagar,2 wheeler theft,12.9174083,77.5730611,2017-04-20,09:30:00,2017
hanumantha nagar,2 wheeler theft,12.9185917,77.5735556,2017-04-25,10:30:00,2017
hanumantha nagar,2 wheeler theft,12.9218278,77.5735444,,13:30:00,2017
hanumantha nagar,2 wheeler theft,12.9263556,77.5769306,,11:20:00,2017
hanumantha nagar,2 wheeler theft,12.92675,77.5636056,,16:30:00,2017
hanumantha nagar,2 wheeler theft,12.9263556,77.5769306,2017-05-23,13:40:00,2017
hanumantha nagar,2 wheeler theft,12.834075,77.4063944,2017-05-29,15:30:00,2017
hanumantha nagar,2 wheeler theft,12.9190361,77.5539111,2017-05-31,14:00:00,2017
hanumantha nagar,2 wheeler theft,13.019965,77.596145,2017-05-31,21:00:00,2017
hanumantha nagar,2 wheeler theft,12.9150583,77.5659917,,12:30:00,2017
hanumantha nagar,2 wheeler theft,12.9276278,77.5705389,,18:00:00,2017
hanumantha nagar,2 wheeler theft,12.9276278,77.5705389,2017-06-16,11:00:00,2017
hanumantha nagar,2 wheeler theft,12.9251694,77.5753472,2017-06-22,14:00:00,2017
hanumantha nagar,2 wheeler theft,12.915325,77.5636611,2017-06-25,15:10:00,2017
hanumantha nagar,2 wheeler theft,12.9236333,77.5725083,,18:00:00,2017
hanumantha nagar,2 wheeler theft,12.9175389,77.5686583,,13:20:00,2017
hanumantha nagar,2 wheeler theft,12.9220306,77.5675611,2017-07-13,13:00:00,2017
hanumantha nagar,2 wheeler theft,12.9169583,77.5540028,2017-07-21,14:00:00,2017
hanumantha nagar,2 wheeler theft,12.9174083,77.5730611,2017-07-27,10:00:00,2017
hanumantha nagar,2 wheeler theft,12.9135417,77.5662444,2017-07-28,13:20:00,2017
hanumantha nagar,2 wheeler theft,12.9170667,77.5603222,2017-07-29,12:00:00,2017
hanumantha nagar,2 wheeler theft,12.9220306,77.5675611,,13:00:00,2017
hanumantha nagar,2 wheeler theft,12.9190361,77.5539111,,11:00:00,2017
hanumantha nagar,2 wheeler theft,12.9190361,77.5539111,,10:30:00,2017
hanumantha nagar,2 wheeler theft,12.9263556,77.5769306,,16:00:00,2017
hanumantha nagar,2 wheeler theft,12.9248722,77.5662417,2017-08-23,13:00:00,2017
hanumantha nagar,2 wheeler theft,12.9190361,77.5539111,2017-08-24,10:30:00,2017
hanumantha nagar,2 wheeler theft,12.9155528,77.5568611,2017-08-27,11:30:00,2017
hanumantha nagar,2 wheeler theft,12.91595,77.554811,2017-08-28,14:00:00,2017
hanumantha nagar,2 wheeler theft,12.91595,77.554811,2017-09-19,13:30:00,2017
hanumantha nagar,2 wheeler theft,12.91595,77.554811,2017-09-21,19:00:00,2017
hanumantha nagar,2 wheeler theft,12.91595,77.554811,2017-09-28,17:00:00,2017
hanumantha nagar,2 wheeler theft,12.91595,77.554811,,09:30:00,2017
hanumantha nagar,2 wheeler theft,13.019965,77.596145,2017-10-16,19:30:00,2017
hanumantha nagar,2 wheeler theft,12.91595,77.554811,2017-10-24,10:00:00,2017
hanumantha nagar,2 wheeler theft,12.9263556,77.5769306,2017-10-25,14:00:00,2017
hanumantha nagar,2 wheeler theft,12.927689,77.576758,,14:00:00,2017
hanumantha nagar,2 wheeler theft,12.91595,77.554811,,10:00:00,2017
hanumantha nagar,2 wheeler theft,12.9249889,77.5662639,,10:30:00,2017
hanumantha nagar,2 wheeler theft,12.9175389,77.5686583,2017-11-13,11:00:00,2017
hanumantha nagar,2 wheeler theft,12.915325,77.5636611,2017-11-13,11:30:00,2017
hanumantha nagar,2 wheeler theft,12.9220306,77.5675611,2017-11-21,14:15:00,2017
hanumantha nagar,2 wheeler theft,12.9237528,77.5669306,2017-11-21,15:00:00,2017
hanumantha nagar,2 wheeler theft,12.9249889,77.5662639,2017-01-13,10:45:00,2017
hanumantha nagar,2 wheeler theft,12.9174083,77.5730611,2017-07-25,09:30:00,2017
hanumantha nagar,2 wheeler theft,12.9263556,77.5769306,2017-07-31,09:30:00,2017
hanumantha nagar,2 wheeler theft,13.00557,77.535655,2018-01-16,10:30:00,2018
hanumantha nagar,2 wheeler theft,12.9263556,77.5769306,2018-01-20,15:30:00,2018
hanumantha nagar,2 wheeler theft,12.930033,77.569549,2018-01-28,15:00:00,2018
hanumantha nagar,2 wheeler theft,12.930033,77.569549,2018-01-30,17:30:00,2018
hanumantha nagar,2 wheeler theft,12.930033,77.569549,2018-02-20,13:30:00,2018
hanumantha nagar,2 wheeler theft,12.930033,77.569549,2018-02-27,18:00:00,2018
hanumantha nagar,2 wheeler theft,12.930033,77.569549,,11:00:00,2018
hanumantha nagar,2 wheeler theft,12.91842,77.619725,,11:00:00,2018
hanumantha nagar,2 wheeler theft,12.929072,77.574329,,19:00:00,2018
hanumantha nagar,2 wheeler theft,12.930033,77.569549,,15:30:00,2018
hanumantha nagar,2 wheeler theft,12.929333,77.567733,2018-03-15,15:00:00,2018
hanumantha nagar,2 wheeler theft,12.961351,77.526137,2018-03-17,10:00:00,2018
hanumantha nagar,2 wheeler theft,12.930033,77.569549,2018-03-26,14:15:00,2018
hanumantha nagar,2 wheeler theft,12.9179833,77.5673417,2018-04-18,12:10:00,2018
hanumantha nagar,2 wheeler theft,12.9138,77.5673,2018-04-23,18:10:00,2018
hanumantha nagar,2 wheeler theft,12.9138,77.5673,2018-04-28,10:30:00,2018
hanumantha nagar,2 wheeler theft,12.924493,77.565365,,11:45:00,2018
hanumantha nagar,2 wheeler theft,12.924493,77.565365,,13:30:00,2018
hanumantha nagar,2 wheeler theft,13.019965,77.596145,2018-05-14,11:00:00,2018
hanumantha nagar,2 wheeler theft,12.931223,77.567147,2018-05-16,13:00:00,2018
hanumantha nagar,2 wheeler theft,12.933331,77.57014,2018-05-19,11:15:00,2018
hanumantha nagar,2 wheeler theft,12.929247,77.561924,2018-05-21,11:00:00,2018
hanumantha nagar,2 wheeler theft,12.9087719,77.576222,2018-05-21,14:15:00,2018
hanumantha nagar,2 wheeler theft,12.921297,77.573257,2018-05-22,14:30:00,2018
hanumantha nagar,2 wheeler theft,12.922906,77.555794,2018-05-24,14:40:00,2018
hanumantha nagar,2 wheeler theft,12.929909,77.571062,2018-05-30,13:30:00,2018
hanumantha nagar,2 wheeler theft,12.9087719,77.576222,2018-05-31,11:15:00,2018
hanumantha nagar,2 wheeler theft,12.9087719,77.576222,2018-05-31,14:45:00,2018
hanumantha nagar,2 wheeler theft,12.926974,77.576626,,13:30:00,2018
hanumantha nagar,2 wheeler theft,12.926717,77.571633,,12:30:00,2018
hanumantha nagar,2 wheeler theft,12.926717,77.571633,,11:30:00,2018
hanumantha nagar,2 wheeler theft,12.926717,77.571633,,12:00:00,2018
hanumantha nagar,2 wheeler theft,12.909253,77.575762,2018-06-19,11:00:00,2018
hanumantha nagar,2 wheeler theft,12.971599,77.594563,2018-06-22,11:40:00,2018
hanumantha nagar,2 wheeler theft,12.917888,77.555785,2018-06-25,10:45:00,2018
hanumantha nagar,2 wheeler theft,13.000578,77.544693,2018-06-26,10:30:00,2018
hanumantha nagar,2 wheeler theft,13.000578,77.544693,2018-06-30,09:45:00,2018
hanumantha nagar,2 wheeler theft,13.019965,77.596145,,13:30:00,2018
hanumantha nagar,2 wheeler theft,12.924048,77.575334,,14:00:00,2018
hanumantha nagar,2 wheeler theft,12.924048,77.575334,,11:40:00,2018
hanumantha nagar,2 wheeler theft,12.9183333,77.5678944,2018-07-27,09:30:00,2018
hanumantha nagar,2 wheeler theft,12.821709,77.572062,,12:30:00,2018
hanumantha nagar,2 wheeler theft,12.923099,77.563107,,16:45:00,2018
hanumantha nagar,2 wheeler theft,12.925182,77.564736,2018-08-19,11:45:00,2018
hanumantha nagar,2 wheeler theft,12.93307,77.56703,,14:00:00,2018
hanumantha nagar,2 wheeler theft,12.91986,77.56931,,10:00:00,2018
hanumantha nagar,2 wheeler theft,12.91616,77.55915,2018-10-15,12:20:00,2018
hanumantha nagar,2 wheeler theft,13.02049,77.615822,2018-10-24,10:30:00,2018
hanumantha nagar,2 wheeler theft,12.91616,77.55915,2018-10-24,17:00:00,2018
hanumantha nagar,2 wheeler theft,12.91616,77.55915,2018-10-29,16:30:00,2018
hanumantha nagar,2 wheeler theft,12.98779,77.56357,2018-11-16,13:05:00,2018
hanumantha nagar,2 wheeler theft,12.98779,77.56357,2018-11-27,19:00:00,2018
hanumantha nagar,2 wheeler theft,12.91796,77.558434,,15:30:00,2018
hanumantha nagar,2 wheeler theft,12.91796,77.558434,2018-12-31,17:00:00,2018
hanumantha nagar,2 wheeler theft,12.92996,77.559454,2018-12-31,18:30:00,2018
hanumantha nagar,2 wheeler theft,12.92996,77.559454,,12:15:00,2019
hanumantha nagar,2 wheeler theft,12.92209,77.57321,,18:15:00,2019
hanumantha nagar,2 wheeler theft,12.92423,77.57196,,19:00:00,2019
hanumantha nagar,2 wheeler theft,12.92087,77.57401,2019-01-30,12:30:00,2019
hanumantha nagar,2 wheeler theft,12.9212472,77.5732139,,13:45:00,2019
hanumantha nagar,2 wheeler theft,12.91429,77.56558,,16:40:00,2019
hanumantha nagar,2 wheeler theft,12.91827,77.55868,,11:00:00,2019
hanumantha nagar,2 wheeler theft,12.92574,77.56963,2019-02-14,19:30:00,2019
hanumantha nagar,2 wheeler theft,12.92889,77.57237,2019-02-25,10:30:00,2019
hanumantha nagar,2 wheeler theft,12.91768,77.56777,2019-02-28,13:00:00,2019
hanumantha nagar,2 wheeler theft,12.96557,77.60625,,12:00:00,2019
hanumantha nagar,2 wheeler theft,12.96557,77.60625,,13:00:00,2019
hanumantha nagar,2 wheeler theft,12.96557,77.60625,2019-03-14,13:45:00,2019
hanumantha nagar,2 wheeler theft,12.96557,77.60625,2019-03-20,15:45:00,2019
hanumantha nagar,2 wheeler theft,12.96557,77.60625,2019-03-20,18:30:00,2019
hanumantha nagar,2 wheeler theft,12.92281,77.57143,2019-03-22,13:00:00,2019
hanumantha nagar,2 wheeler theft,12.94302,77.547234,2019-03-23,10:45:00,2019
hanumantha nagar,2 wheeler theft,13.01015,77.54377,2019-03-24,14:55:00,2019
hanumantha nagar,2 wheeler theft,12.91613,77.56717,2019-03-26,13:00:00,2019
hanumantha nagar,2 wheeler theft,12.91374,77.55816,,12:20:00,2019
hanumantha nagar,2 wheeler theft,12.95588,77.53172,2019-04-15,11:45:00,2019
hanumantha nagar,2 wheeler theft,12.97194,77.59369,,19:30:00,2019
hanumantha nagar,2 wheeler theft,12.90525,77.56858,,11:45:00,2019
hanumantha nagar,2 wheeler theft,12.91676,77.56088,2019-05-13,10:00:00,2019
hanumantha nagar,2 wheeler theft,12.90054,77.5548,,11:00:00,2019
hanumantha nagar,2 wheeler theft,12.92444,77.57102,2019-05-31,12:00:00,2019
hanumantha nagar,2 wheeler theft,12.91418,77.558197,,12:30:00,2019
hanumantha nagar,2 wheeler theft,12.91961,77.56911,,11:40:00,2019
hanumantha nagar,2 wheeler theft,12.92062,77.5693,2019-06-27,11:55:00,2019
hanumantha nagar,2 wheeler theft,12.91389,77.55691,,11:00:00,2019
hanumantha nagar,2 wheeler theft,12.92285,77.5698,,17:30:00,2019
hanumantha nagar,2 wheeler theft,13.0001841,77.708389,,10:40:00,2019
hanumantha nagar,2 wheeler theft,12.92432,77.5656,,12:30:00,2019
hanumantha nagar,2 wheeler theft,12.93467,77.57411,2019-08-13,17:15:00,2019
hanumantha nagar,2 wheeler theft,12.92534,77.56083,2019-08-17,11:30:00,2019
hanumantha nagar,2 wheeler theft,12.99796,77.62866,2019-08-23,13:45:00,2019
hanumantha nagar,2 wheeler theft,12.99796,77.62866,2019-08-27,14:00:00,2019
hanumantha nagar,2 wheeler theft,12.93482,77.569601,2019-08-28,10:45:00,2019
hanumantha nagar,2 wheeler theft,13.014,77.65938,,11:00:00,2019
hanumantha nagar,2 wheeler theft,12.91639,77.56013,2019-11-14,17:00:00,2019
hanumantha nagar,2 wheeler theft,12.92579,77.54982,2019-11-23,11:00:00,2019
hanumantha nagar,2 wheeler theft,12.92285,77.5698,2019-11-20,18:00:00,2019
hanumantha nagar,2 wheeler theft,12.92046,77.554802,2019-11-24,15:10:00,2019
hanumantha nagar,2 wheeler theft,12.92142,77.56657,2019-11-25,13:30:00,2019
hanumantha nagar,2 wheeler theft,12.93377,77.57457,2019-12-19,13:00:00,2019
hanumantha nagar,2 wheeler theft,12.946042,77.593699,,16:00:00,2015
hanumantha nagar,2 wheeler theft,12.946392,77.594947,,10:30:00,2015
hanumantha nagar,2 wheeler theft,12.9446676,77.592128,,16:30:00,2015
hanumantha nagar,2 wheeler theft,12.944736,77.593505,2015-01-26,11:30:00,2015
hanumantha nagar,2 wheeler theft,12.934233,77.591216,2015-01-31,11:15:00,2015
hanumantha nagar,2 wheeler theft,12.931844,77.591428,,12:30:00,2015
hanumantha nagar,2 wheeler theft,12.939428,77.58285,,16:30:00,2015
hanumantha nagar,2 wheeler theft,12.9446676,77.592128,2015-03-13,09:45:00,2015
hanumantha nagar,2 wheeler theft,12.9446676,77.592128,2015-03-23,13:15:00,2015
hanumantha nagar,2 wheeler theft,12.940355,77.594182,,12:00:00,2015
hanumantha nagar,2 wheeler theft,12.939417,77.583817,2015-05-21,13:30:00,2015
hanumantha nagar,2 wheeler theft,12.935505,77.587229,2015-05-29,15:30:00,2015
hanumantha nagar,2 wheeler theft,12.942883,77.592583,,15:45:00,2015
hanumantha nagar,2 wheeler theft,12.941547,77.593379,,10:00:00,2015
hanumantha nagar,2 wheeler theft,12.9446676,77.592128,,17:00:00,2015
hanumantha nagar,2 wheeler theft,12.943581,77.585101,2015-06-13,11:30:00,2015
hanumantha nagar,2 wheeler theft,12.943587,77.591066,2015-06-16,14:30:00,2015
hanumantha nagar,2 wheeler theft,12.943166,77.583418,2015-06-19,11:30:00,2015
hanumantha nagar,2 wheeler theft,12.93666,77.58527,,10:30:00,2015
hanumantha nagar,2 wheeler theft,12.942789,77.596405,2015-07-13,21:00:00,2015
hanumantha nagar,2 wheeler theft,12.951355,77.590874,,14:30:00,2015
hanumantha nagar,2 wheeler theft,12.94519,77.592536,,14:00:00,2015
hanumantha nagar,2 wheeler theft,12.942789,77.596405,,10:30:00,2015
hanumantha nagar,2 wheeler theft,12.942789,77.596405,2015-09-22,19:00:00,2015
hanumantha nagar,2 wheeler theft,12.938289,77.582813,2015-09-24,17:30:00,2015
hanumantha nagar,2 wheeler theft,12.946609,77.594675,2015-09-25,10:00:00,2015
hanumantha nagar,2 wheeler theft,12.942789,77.596405,2015-09-27,16:00:00,2015
hanumantha nagar,2 wheeler theft,12.939677,77.596403,,10:00:00,2015
hanumantha nagar,2 wheeler theft,12.939677,77.596403,,14:00:00,2015
hanumantha nagar,2 wheeler theft,12.937704,77.59229,,16:30:00,2015
hanumantha nagar,2 wheeler theft,12.937818,77.590828,,17:10:00,2015
hanumantha nagar,2 wheeler theft,12.936506,77.585075,,19:30:00,2015
hanumantha nagar,2 wheeler theft,12.934587,77.588617,,16:30:00,2015
hanumantha nagar,2 wheeler theft,12.931692,77.591865,2015-10-14,13:00:00,2015
hanumantha nagar,2 wheeler theft,12.937704,77.59229,2015-10-15,14:00:00,2015
hanumantha nagar,2 wheeler theft,12.943041,77.593933,2015-10-20,16:00:00,2015
hanumantha nagar,2 wheeler theft,12.941172,77.586042,2015-10-28,11:30:00,2015
hanumantha nagar,2 wheeler theft,12.941847,77.585118,,14:30:00,2015
hanumantha nagar,2 wheeler theft,12.941183,77.5931,2015-11-29,13:00:00,2015
hanumantha nagar,2 wheeler theft,12.934322,77.591197,2015-11-30,11:00:00,2015
hanumantha nagar,2 wheeler theft,12.938046,77.590946,,12:10:00,2015
hanumantha nagar,2 wheeler theft,12.94045,77.585075,,11:30:00,2015
hanumantha nagar,2 wheeler theft,12.940397,77.594227,2015-12-16,11:00:00,2015
hanumantha nagar,2 wheeler theft,12.945655,77.586611,2015-12-19,19:45:00,2015
hanumantha nagar,2 wheeler theft,12.937446,77.585543,2015-12-29,19:00:00,2015
hanumantha nagar,2 wheeler theft,12.934444,77.59214,2016-01-22,10:30:00,2016
hanumantha nagar,2 wheeler theft,12.94425,77.592277,,19:20:00,2016
hanumantha nagar,2 wheeler theft,12.933558,77.590996,,16:10:00,2016
hanumantha nagar,2 wheeler theft,12.944301,77.594469,,10:00:00,2016
hanumantha nagar,2 wheeler theft,12.9327402,77.589576,,10:30:00,2016
hanumantha nagar,2 wheeler theft,12.942789,77.596405,2016-03-15,15:15:00,2016
hanumantha nagar,2 wheeler theft,12.940952,77.580429,2016-03-19,10:10:00,2016
hanumantha nagar,2 wheeler theft,12.938806,77.581839,2016-03-28,10:40:00,2016
hanumantha nagar,2 wheeler theft,12.942999,77.583279,,14:30:00,2016
hanumantha nagar,2 wheeler theft,12.941627,77.582777,,06:00:00,2016
hanumantha nagar,2 wheeler theft,12.935218,77.591921,,10:10:00,2016
hanumantha nagar,2 wheeler theft,12.951436,77.590351,2016-04-14,15:30:00,2016
hanumantha nagar,2 wheeler theft,12.941871,77.593349,2016-04-19,09:00:00,2016
hanumantha nagar,2 wheeler theft,12.941716,77.584774,,13:00:00,2016
hanumantha nagar,2 wheeler theft,12.935428,77.587328,2016-05-13,09:00:00,2016
hanumantha nagar,2 wheeler theft,12.936783,77.581883,2016-04-25,12:10:00,2016
hanumantha nagar,2 wheeler theft,12.938588,77.580968,2016-05-26,18:20:00,2016
hanumantha nagar,2 wheeler theft,12.943031,77.592284,,18:20:00,2016
hanumantha nagar,2 wheeler theft,12.939385,77.583999,,12:10:00,2016
hanumantha nagar,2 wheeler theft,12.942031,77.591851,2016-06-17,09:30:00,2016
hanumantha nagar,2 wheeler theft,12.942031,77.591851,,08:00:00,2016
hanumantha nagar,2 wheeler theft,12.936069,77.585351,,18:00:00,2016
hanumantha nagar,2 wheeler theft,12.943203,77.597168,2016-07-27,11:00:00,2016
hanumantha nagar,2 wheeler theft,12.943031,77.592284,2016-07-27,12:00:00,2016
hanumantha nagar,2 wheeler theft,12.943031,77.592284,,10:00:00,2016
hanumantha nagar,2 wheeler theft,12.934337,77.592554,2016-08-20,12:00:00,2016
hanumantha nagar,2 wheeler theft,12.940965,77.592936,2016-08-25,10:30:00,2016
hanumantha nagar,2 wheeler theft,12.939433,77.581352,2016-08-30,15:00:00,2016
hanumantha nagar,2 wheeler theft,12.943031,77.592284,,11:00:00,2016
hanumantha nagar,2 wheeler theft,12.942997,77.594541,,13:00:00,2016
hanumantha nagar,2 wheeler theft,12.939433,77.581352,2016-09-22,13:00:00,2016
hanumantha nagar,2 wheeler theft,12.942978,77.589249,2016-09-23,14:00:00,2016
hanumantha nagar,2 wheeler theft,12.942775,77.587071,2016-09-26,15:00:00,2016
hanumantha nagar,2 wheeler theft,12.945075,77.588157,2016-10-21,16:00:00,2016
hanumantha nagar,2 wheeler theft,12.93891,77.581963,2016-10-23,12:00:00,2016
hanumantha nagar,2 wheeler theft,12.946909,77.590614,2016-04-20,14:00:00,2016
hanumantha nagar,2 wheeler theft,12.943936,77.594538,,06:00:00,2016
hanumantha nagar,2 wheeler theft,12.935388,77.592732,,14:00:00,2016
hanumantha nagar,2 wheeler theft,12.934063,77.59113,,15:00:00,2016
hanumantha nagar,2 wheeler theft,12.932318,77.590208,,17:00:00,2016
hanumantha nagar,2 wheeler theft,12.934548,77.58876,2016-11-21,09:35:00,2016
hanumantha nagar,2 wheeler theft,12.938982,77.585226,2016-11-22,12:00:00,2016
hanumantha nagar,2 wheeler theft,12.949543,77.589799,,10:00:00,2016
hanumantha nagar,2 wheeler theft,12.932684,77.590517,,11:00:00,2016
hanumantha nagar,2 wheeler theft,12.941951,77.593935,2017-01-14,20:00:00,2017
hanumantha nagar,2 wheeler theft,12.93476,77.586843,,11:30:00,2017
hanumantha nagar,2 wheeler theft,12.933745,77.592268,2017-02-14,16:00:00,2017
hanumantha nagar,2 wheeler theft,12.942789,77.596405,2017-02-22,19:00:00,2017
hanumantha nagar,2 wheeler theft,12.935426,77.592216,,18:00:00,2017
hanumantha nagar,2 wheeler theft,12.959314,77.590934,2017-03-15,17:00:00,2017
hanumantha nagar,2 wheeler theft,12.937818,77.590828,2017-03-28,16:50:00,2017
hanumantha nagar,2 wheeler theft,12.936741,77.58398,2017-03-28,20:15:00,2017
hanumantha nagar,2 wheeler theft,12.94269,77.590911,2017-04-13,13:55:00,2017
hanumantha nagar,2 wheeler theft,12.939812,77.596725,,16:00:00,2017
hanumantha nagar,2 wheeler theft,12.938179,77.598667,,11:30:00,2017
hanumantha nagar,2 wheeler theft,12.936872,77.581466,,21:40:00,2017
hanumantha nagar,2 wheeler theft,12.945439,77.590488,2017-06-22,16:00:00,2017
hanumantha nagar,2 wheeler theft,12.933192,77.591085,2017-07-13,17:00:00,2017
hanumantha nagar,2 wheeler theft,12.936528,77.6003,2017-07-14,11:10:00,2017
hanumantha nagar,2 wheeler theft,12.941159,77.584094,2017-07-21,17:45:00,2017
hanumantha nagar,2 wheeler theft,12.942618,77.582821,,09:45:00,2017
hanumantha nagar,2 wheeler theft,12.938179,77.598667,2017-07-31,11:15:00,2017
hanumantha nagar,2 wheeler theft,12.939622,77.593827,,12:10:00,2017
hanumantha nagar,2 wheeler theft,12.94283,77.593797,2017-08-26,16:30:00,2017
hanumantha nagar,2 wheeler theft,12.933156,77.590644,2017-08-29,12:45:00,2017
hanumantha nagar,2 wheeler theft,12.938179,77.598667,,15:00:00,2017
hanumantha nagar,2 wheeler theft,12.939844,77.582127,,11:00:00,2017
hanumantha nagar,2 wheeler theft,12.94295,77.585319,2017-09-18,11:30:00,2017
hanumantha nagar,2 wheeler theft,12.941159,77.584094,2017-09-20,18:00:00,2017
hanumantha nagar,2 wheeler theft,12.931896,77.591442,2017-09-24,13:30:00,2017
hanumantha nagar,2 wheeler theft,12.945957,77.592082,,19:00:00,2017
hanumantha nagar,2 wheeler theft,12.984376,77.657449,2017-10-18,14:00:00,2017
hanumantha nagar,2 wheeler theft,12.950511,77.59221,,17:30:00,2017
hanumantha nagar,2 wheeler theft,12.946187,77.589202,2017-11-18,16:30:00,2017
hanumantha nagar,2 wheeler theft,12.946187,77.589202,,11:30:00,2017
hanumantha nagar,2 wheeler theft,12.936267,77.600882,2017-12-29,17:45:00,2017
hanumantha nagar,2 wheeler theft,12.936267,77.600882,2017-12-30,17:30:00,2017
hanumantha nagar,2 wheeler theft,12.9446676,77.592128,,09:00:00,2018
hanumantha nagar,2 wheeler theft,12.950511,77.59221,2018-02-16,10:00:00,2018
hanumantha nagar,2 wheeler theft,12.939733,77.585277,2018-02-17,12:00:00,2018
hanumantha nagar,2 wheeler theft,12.94649,77.58808,2018-02-20,15:00:00,2018
hanumantha nagar,2 wheeler theft,12.936267,77.600882,2018-02-26,12:30:00,2018
hanumantha nagar,2 wheeler theft,12.945644,77.595568,2018-02-28,12:00:00,2018
hanumantha nagar,2 wheeler theft,12.953988,77.585241,,14:00:00,2018
hanumantha nagar,2 wheeler theft,12.935391,77.591902,,15:00:00,2018
hanumantha nagar,2 wheeler theft,12.942647,77.585393,2018-03-27,14:00:00,2018
hanumantha nagar,2 wheeler theft,12.932534,77.591803,,10:00:00,2018
hanumantha nagar,2 wheeler theft,12.945952,77.594245,2018-04-22,09:15:00,2018
hanumantha nagar,2 wheeler theft,12.937386,77.597458,2018-07-14,11:00:00,2018
hanumantha nagar,2 wheeler theft,12.937666,77.584041,2018-08-15,09:30:00,2018
hanumantha nagar,2 wheeler theft,12.943292,77.583545,2018-08-16,09:30:00,2018
hanumantha nagar,2 wheeler theft,12.942868,77.59469,2018-08-27,19:20:00,2018
hanumantha nagar,2 wheeler theft,12.941651,77.581975,2018-09-24,15:10:00,2018
hanumantha nagar,2 wheeler theft,12.946453,77.594771,,13:15:00,2018
hanumantha nagar,2 wheeler theft,12.944252,77.592705,2018-10-16,15:30:00,2018
hanumantha nagar,2 wheeler theft,12.94389,77.594355,2018-10-17,13:00:00,2018
hanumantha nagar,2 wheeler theft,12.935448,77.592742,2018-10-23,17:30:00,2018
hanumantha nagar,2 wheeler theft,12.934751,77.586682,2018-11-13,14:00:00,2018
hanumantha nagar,2 wheeler theft,12.946225,77.587883,2018-11-17,13:00:00,2018
hanumantha nagar,2 wheeler theft,12.940164,77.594947,2018-12-26,17:00:00,2018
hanumantha nagar,2 wheeler theft,12.941828,77.592295,2019-02-23,12:00:00,2019
hanumantha nagar,2 wheeler theft,12.941761,77.585061,2019-02-25,12:25:00,2019
hanumantha nagar,2 wheeler theft,12.936267,77.600882,2019-03-28,17:00:00,2019
hanumantha nagar,2 wheeler theft,12.938418,77.580222,2019-03-30,14:00:00,2019
hanumantha nagar,2 wheeler theft,12.936838,77.580382,,10:00:00,2019
hanumantha nagar,2 wheeler theft,12.935159,77.58578,,12:00:00,2019
hanumantha nagar,2 wheeler theft,12.940428,77.594052,,16:00:00,2019
hanumantha nagar,2 wheeler theft,12.942527,77.581104,,14:30:00,2019
hanumantha nagar,2 wheeler theft,12.933146,77.591085,2019-06-14,12:00:00,2019
hanumantha nagar,2 wheeler theft,12.938273,77.581836,2019-06-30,13:00:00,2019
hanumantha nagar,2 wheeler theft,12.931795,77.591758,,14:00:00,2019
hanumantha nagar,2 wheeler theft,12.940428,77.594052,,20:00:00,2019
hanumantha nagar,2 wheeler theft,12.938621,77.580436,,18:00:00,2019
hanumantha nagar,2 wheeler theft,12.938621,77.580436,2019-10-23,14:00:00,2019
hanumantha nagar,2 wheeler theft,12.938252,77.581851,2019-10-25,20:00:00,2019
hanumantha nagar,2 wheeler theft,12.938621,77.580436,2019-11-13,14:30:00,2019
hanumantha nagar,2 wheeler theft,12.939733,77.585277,2019-11-24,13:30:00,2019
hanumantha nagar,2 wheeler theft,12.8896229,77.572132,,22:00:00,2015
hanumantha nagar,2 wheeler theft,12.8728462,77.5826671,2014-12-30,20:00:00,2015
hanumantha nagar,2 wheeler theft,12.9159005,77.547469,,12:00:00,2015
hanumantha nagar,2 wheeler theft,12.8904709,77.5708101,,20:00:00,2015
hanumantha nagar,2 wheeler theft,12.8996407,77.5439996,,10:30:00,2015
hanumantha nagar,2 wheeler theft,12.9070359,77.5357148,2014-11-30,20:30:00,2015
hanumantha nagar,2 wheeler theft,12.8996407,77.5439996,,21:45:00,2015
hanumantha nagar,2 wheeler theft,12.9120022,77.5409525,,22:00:00,2015
hanumantha nagar,2 wheeler theft,12.8894838,77.5623209,2015-01-13,07:00:00,2015
hanumantha nagar,2 wheeler theft,12.9130251,77.5535707,2015-01-18,23:00:00,2015
hanumantha nagar,2 wheeler theft,12.8839897,77.5655223,2015-01-22,22:00:00,2015
hanumantha nagar,2 wheeler theft,12.8832879,77.5813055,2015-01-25,21:30:00,2015
hanumantha nagar,2 wheeler theft,12.9080963,77.5485376,2015-01-28,22:30:00,2015
hanumantha nagar,2 wheeler theft,12.9064718,77.5476534,,10:30:00,2015
hanumantha nagar,2 wheeler theft,12.8831659,77.5652009,,20:30:00,2015
hanumantha nagar,2 wheeler theft,12.8915788,77.5814294,,07:00:00,2015
hanumantha nagar,2 wheeler theft,12.9060275,77.5455556,2015-02-16,14:00:00,2015
hanumantha nagar,2 wheeler theft,12.9050068,77.5424572,2015-02-17,21:30:00,2015
hanumantha nagar,2 wheeler theft,12.891082,77.578155,2015-02-21,22:00:00,2015
hanumantha nagar,2 wheeler theft,12.9163375,77.5407785,,08:50:00,2015
hanumantha nagar,2 wheeler theft,12.8915788,77.5814294,2014-12-21,19:00:00,2015
hanumantha nagar,2 wheeler theft,12.9098888,77.5540214,2015-02-25,22:15:00,2015
hanumantha nagar,2 wheeler theft,12.9145234,77.5477792,,20:30:00,2015
hanumantha nagar,2 wheeler theft,12.9163375,77.5407785,,21:00:00,2015
hanumantha nagar,2 wheeler theft,12.8795243,77.5616337,2015-03-13,23:59:00,2015
hanumantha nagar,2 wheeler theft,12.8821173,77.5572937,2015-03-14,20:00:00,2015
hanumantha nagar,2 wheeler theft,12.9057223,77.5355813,2015-03-22,11:30:00,2015
hanumantha nagar,2 wheeler theft,12.9107972,77.5374417,,20:45:00,2015
hanumantha nagar,2 wheeler theft,12.9107972,77.5374417,2015-03-31,15:30:00,2015
hanumantha nagar,2 wheeler theft,12.8656847,77.5824163,2015-03-28,22:00:00,2015
hanumantha nagar,2 wheeler theft,12.9106431,77.5508872,2015-04-17,15:30:00,2015
hanumantha nagar,2 wheeler theft,12.8902501,77.582188,2015-04-17,22:30:00,2015
hanumantha nagar,2 wheeler theft,12.8825551,77.5563552,2015-04-19,22:30:00,2015
hanumantha nagar,2 wheeler theft,12.882965,77.5573593,2015-04-18,20:30:00,2015
hanumantha nagar,2 wheeler theft,12.8693836,77.5839106,,21:45:00,2015
hanumantha nagar,2 wheeler theft,12.8776868,77.580717,2015-05-23,11:00:00,2015
hanumantha nagar,2 wheeler theft,12.9193715,77.5396696,2015-05-16,23:30:00,2015
hanumantha nagar,2 wheeler theft,12.8890359,77.5720819,2015-05-26,23:00:00,2015
hanumantha nagar,2 wheeler theft,12.8934443,77.5699353,2015-05-29,06:30:00,2015
j p nagar,2 wheeler theft,12.8874431,77.5685571,,22:40:00,2015
j p nagar,2 wheeler theft,12.911738,77.556877,2015-05-25,05:30:00,2015
j p nagar,2 wheeler theft,12.8903324,77.5633483,2015-05-24,23:00:00,2015
j p nagar,2 wheeler theft,12.9170725,77.5489195,2015-05-25,11:50:00,2015
j p nagar,2 wheeler theft,12.9051845,77.5446977,2015-06-14,20:30:00,2015
j p nagar,2 wheeler theft,12.9055788,77.5564596,2015-06-29,23:02:00,2015
j p nagar,2 wheeler theft,12.9059423,77.5501191,,22:00:00,2015
j p nagar,2 wheeler theft,12.9138152,77.5486188,2015-07-18,14:40:00,2015
j p nagar,2 wheeler theft,12.911738,77.556877,2015-07-19,18:30:00,2015
j p nagar,2 wheeler theft,12.9163375,77.5407785,2015-07-25,18:30:00,2015
j p nagar,2 wheeler theft,12.9170725,77.5489195,2015-07-26,20:45:00,2015
j p nagar,2 wheeler theft,12.8910892,77.5549767,2015-07-25,21:00:00,2015
j p nagar,2 wheeler theft,12.8856108,77.5683408,2015-06-25,21:00:00,2015
j p nagar,2 wheeler theft,12.9095826,77.5569617,2015-07-28,21:00:00,2015
j p nagar,2 wheeler theft,12.8993735,77.550967,2015-06-20,22:00:00,2015
j p nagar,2 wheeler theft,12.8952807,77.5506745,,21:45:00,2015
j p nagar,2 wheeler theft,12.8693836,77.5839106,,10:45:00,2015
j p nagar,2 wheeler theft,12.880459,77.5640354,2015-08-23,22:30:00,2015
j p nagar,2 wheeler theft,12.9097647,77.5540032,2015-08-19,21:30:00,2015
j p nagar,2 wheeler theft,12.9075982,77.5348106,2015-09-19,22:30:00,2015
j p nagar,2 wheeler theft,12.8903324,77.5633483,2015-09-22,15:30:00,2015
j p nagar,2 wheeler theft,12.8910892,77.5549767,2015-09-23,20:00:00,2015
j p nagar,2 wheeler theft,12.9075982,77.5348106,2015-09-24,21:00:00,2015
j p nagar,2 wheeler theft,12.8819803,77.5730296,2015-09-30,22:01:00,2015
j p nagar,2 wheeler theft,12.8780693,77.5699951,2015-09-14,15:30:00,2015
j p nagar,2 wheeler theft,12.8776868,77.580717,,20:00:00,2015
j p nagar,2 wheeler theft,12.9091215,77.5515491,2015-10-21,21:30:00,2015
j p nagar,2 wheeler theft,12.9160735,77.5491507,2015-10-28,21:30:00,2015
j p nagar,2 wheeler theft,12.8881276,77.5811466,,23:00:00,2015
j p nagar,2 wheeler theft,12.9083627,77.5536847,2015-11-13,19:10:00,2015
j p nagar,2 wheeler theft,12.8839046,77.5572122,2015-11-19,11:00:00,2015
j p nagar,2 wheeler theft,12.8754426,77.5829255,2015-11-29,18:30:00,2015
j p nagar,2 wheeler theft,12.9091215,77.5515491,2015-11-24,21:00:00,2015
j p nagar,2 wheeler theft,12.8897779,77.5804365,,22:30:00,2015
j p nagar,2 wheeler theft,12.8903324,77.5633483,2015-12-14,23:30:00,2015
j p nagar,2 wheeler theft,12.9102289,77.5481594,,20:30:00,2015
j p nagar,2 wheeler theft,12.8952807,77.5506745,2015-12-20,06:00:00,2015
j p nagar,2 wheeler theft,12.8825551,77.5563552,2015-12-17,18:00:00,2015
j p nagar,2 wheeler theft,12.918283,77.5523288,2015-12-23,17:30:00,2015
j p nagar,2 wheeler theft,12.8856657,77.553498,2015-12-22,12:00:00,2015
j p nagar,2 wheeler theft,12.8903324,77.5633483,2016-06-20,21:00:00,2016
j p nagar,2 wheeler theft,12.8903324,77.5633483,,20:45 PM,2016
j p nagar,2 wheeler theft,12.8801818,77.5656393,,22:50:00,2016
j p nagar,2 wheeler theft,12.8819803,77.5730296,2016-01-13,,2016
j p nagar,2 wheeler theft,12.8887116,77.5737734,2016-01-16,,2016
j p nagar,2 wheeler theft,12.8933315,77.570007,2016-01-25,,2016
j p nagar,2 wheeler theft,12.8941218,77.5507072,2016-01-28,,2016
j p nagar,2 wheeler theft,12.9067446,77.5437391,2016-01-30,,2016
j p nagar,2 wheeler theft,12.8688139,77.5808343,2016-01-30,,2016
j p nagar,2 wheeler theft,12.8728462,77.5826671,,21:50 PM,2016
j p nagar,2 wheeler theft,12.9064564,77.542538,,18:15 PM,2016
j p nagar,2 wheeler theft,12.8856108,77.5683408,2016-02-15,,2016
j p nagar,2 wheeler theft,12.9080963,77.5485376,2016-02-18,20:15 PM,2016
j p nagar,2 wheeler theft,12.9127392,77.5487886,2016-02-21,13:00 PM,2016
j p nagar,2 wheeler theft,12.8902501,77.582188,2016-02-22,21:00 PM,2016
j p nagar,2 wheeler theft,12.8831659,77.5652009,2016-02-23,13:10 PM,2016
j p nagar,2 wheeler theft,12.8685477,77.5801126,2016-02-24,21:00 PM,2016
j p nagar,2 wheeler theft,12.9190062,77.5453977,2016-02-29,14:30 PM,2016
j p nagar,2 wheeler theft,12.8887116,77.5737734,,,2016
j p nagar,2 wheeler theft,12.8989062,77.5499374,,17:00 PM,2016
j p nagar,2 wheeler theft,12.9138671,77.5428395,,18:40 PM,2016
j p nagar,2 wheeler theft,12.8896229,77.572132,2016-03-14,21:00 PM,2016
j p nagar,2 wheeler theft,12.8902501,77.582188,2016-03-15,16:00 PM,2016
j p nagar,2 wheeler theft,12.8837663,77.5684252,2016-03-29,18:00:00,2016
j p nagar,2 wheeler theft,12.9095845,77.5515973,2016-03-31,18:45:00,2016
j p nagar,2 wheeler theft,12.8858475,77.5677318,,21:40:00,2016
j p nagar,2 wheeler theft,12.9156468,77.5391042,,14:40:00,2016
j p nagar,2 wheeler theft,12.8904709,77.5708101,2016-04-15,22:30:00,2016
j p nagar,2 wheeler theft,12.8776868,77.580717,2016-04-20,22:00:00,2016
j p nagar,2 wheeler theft,12.9097624,77.5484522,2016-04-20,22:00 PM,2016
j p nagar,2 wheeler theft,12.9049596,77.5419216,2016-04-21,16:40 PM,2016
j p nagar,2 wheeler theft,12.9190062,77.5453977,2016-04-25,12:20:00,2016
j p nagar,2 wheeler theft,12.8702491,77.5757928,2016-04-20,14:40 PM,2016
j p nagar,2 wheeler theft,12.8881276,77.5811466,2016-04-28,18:30 PM,2016
j p nagar,2 wheeler theft,12.9159205,77.5395744,2016-04-28,20:35 PM,2016
j p nagar,2 wheeler theft,12.8754763,77.5704184,,18:30 PM,2016
j p nagar,2 wheeler theft,12.9182536,77.5433099,,22:50:00,2016
j p nagar,2 wheeler theft,12.9070796,77.5501424,,14:00 PM,2016
j p nagar,2 wheeler theft,12.8910892,77.5549767,2016-05-14,20:16 PM,2016
j p nagar,2 wheeler theft,12.8835012,77.5690232,2016-05-20,21:30 PM,2016
j p nagar,2 wheeler theft,12.8920137,77.5694466,2016-05-21,14:30 PM,2016
j p nagar,2 wheeler theft,12.8904709,77.5708101,2016-05-22,16:30 PM,2016
j p nagar,2 wheeler theft,12.9183454,77.5518496,2016-05-24,23:00:00,2016
j p nagar,2 wheeler theft,12.8736948,77.5831787,2016-05-24,23:30:00,2016
j p nagar,2 wheeler theft,12.9108104,77.5377182,2016-05-25,14:30 PM,2016
j p nagar,2 wheeler theft,12.87795,77.5830017,2016-05-25,,2016
j p nagar,2 wheeler theft,13.007485,77.5678803,2016-05-29,20:00 PM,2016
j p nagar,2 wheeler theft,12.891898,77.5523692,,20:45 PM,2016
j p nagar,2 wheeler theft,12.8940351,77.5552543,,20:10:00,2016
j p nagar,2 wheeler theft,12.8776868,77.580717,,23:00 PM,2016
j p nagar,2 wheeler theft,12.9057223,77.5355813,,18:40 PM,2016
j p nagar,2 wheeler theft,12.8849644,77.5576756,2016-06-14,12:15:00,2016
j p nagar,2 wheeler theft,12.911738,77.556877,2016-06-14,22:50 PM,2016
j p nagar,2 wheeler theft,12.8948658,77.5512952,2016-06-15,21:35 PM,2016
j p nagar,2 wheeler theft,12.9075982,77.5348106,2016-06-16,22:15:00,2016
j p nagar,2 wheeler theft,12.8903571,77.5637871,2016-06-16,12:00:00,2016
j p nagar,2 wheeler theft,12.9054085,77.5422454,2016-06-17,20:45 PM,2016
j p nagar,2 wheeler theft,12.9098893,77.5509634,2016-06-18,15:00 PM,2016
j p nagar,2 wheeler theft,12.8736948,77.5831787,2016-06-21,23:30:00,2016
j p nagar,2 wheeler theft,12.9065717,77.5464471,2016-06-21,13:10 PM,2016
j p nagar,2 wheeler theft,12.8968899,77.5713635,2016-06-28,22:30 PM,2016
j p nagar,2 wheeler theft,12.8887116,77.5737734,2016-06-28,22:45 PM,2016
j p nagar,2 wheeler theft,12.8835699,77.5806092,2016-06-29,12:30:00,2016
j p nagar,2 wheeler theft,12.9053296,77.5448995,,,2016
j p nagar,2 wheeler theft,12.9154032,77.548967,,17:30 PM,2016
j p nagar,2 wheeler theft,12.9098923,77.5567352,,13:15 PM,2016
j p nagar,2 wheeler theft,12.9156468,77.5391042,,18:45 PM,2016
j p nagar,2 wheeler theft,12.8913885,77.5700924,,,2016
j p nagar,2 wheeler theft,12.9080963,77.5485376,2016-07-14,14:30 PM,2016
j p nagar,2 wheeler theft,12.8754426,77.5829255,2016-07-14,16:00 PM,2016
j p nagar,2 wheeler theft,12.9116377,77.538127,2016-07-28,19:00 PM,2016
j p nagar,2 wheeler theft,12.8886499,77.5613003,,12:00:00,2016
j p nagar,2 wheeler theft,12.9067446,77.5437391,2016-08-18,12:30:00,2016
j p nagar,2 wheeler theft,12.9129811,77.5581536,2016-08-23,14:20 PM,2016
j p nagar,2 wheeler theft,12.9175275,77.5453758,2016-08-30,23:45 PM,2016
j p nagar,2 wheeler theft,12.9087458,77.5554661,2016-08-31,22:30:00,2016
j p nagar,2 wheeler theft,12.9158664,77.5397981,,21:30 PM,2016
j p nagar,2 wheeler theft,12.9183454,77.5518496,,22:30:00,2016
j p nagar,2 wheeler theft,12.8953716,77.5503236,,19:10 PM,2016
j p nagar,2 wheeler theft,12.8948658,77.5512952,,12:00:00,2016
j p nagar,2 wheeler theft,12.8754426,77.5829255,2016-09-13,22:00:00,2016
j p nagar,2 wheeler theft,12.88259,77.5555621,2016-09-17,13:50 PM,2016
j p nagar,2 wheeler theft,12.9067446,77.5437391,2016-09-21,22:40 PM,2016
j p nagar,2 wheeler theft,12.8913885,77.5700924,2016-09-26,19:10 PM,2016
j p nagar,2 wheeler theft,12.8906256,77.5640557,2016-09-26,16:30 PM,2016
j p nagar,2 wheeler theft,12.9067446,77.5437391,2016-09-27,22:05:00,2016
j p nagar,2 wheeler theft,12.8918048,77.55394,2016-09-27,23:00 PM,2016
j p nagar,2 wheeler theft,12.9067446,77.5437391,2016-09-30,10:30:00,2016
j p nagar,2 wheeler theft,12.9098878,77.5576361,2016-09-30,11:00:00,2016
j p nagar,2 wheeler theft,12.8841283,77.582068,2016-09-30,11:30:00,2016
j p nagar,2 wheeler theft,12.9169727,77.5613917,,16:00 PM,2016
j p nagar,2 wheeler theft,12.9156468,77.5391042,,10:00:00,2016
j p nagar,2 wheeler theft,12.8781012,77.5823357,,11:00:00,2016
j p nagar,2 wheeler theft,12.9142227,77.5392943,,11:30:00,2016
j p nagar,2 wheeler theft,12.9067446,77.5437391,,00:00:00,2016
j p nagar,2 wheeler theft,12.9047104,77.5448882,,09:30:00,2016
j p nagar,2 wheeler theft,12.8881276,77.5811466,,19:30 PM,2016
j p nagar,2 wheeler theft,12.9053296,77.5448995,,15:30 PM,2016
j p nagar,2 wheeler theft,12.8830443,77.5685224,2016-10-14,10:15:00,2016
j p nagar,2 wheeler theft,12.8698494,77.5876468,2016-10-15,00:00:00,2016
j p nagar,2 wheeler theft,12.87795,77.5830017,2016-10-18,17:30 PM,2016
j p nagar,2 wheeler theft,12.870236,77.5787401,2016-10-19,13:40 PM,2016
j p nagar,2 wheeler theft,12.9084997,77.5496526,2016-10-21,12:30:00,2016
j p nagar,2 wheeler theft,12.8754426,77.5829255,2016-10-23,23:30 PM,2016
j p nagar,2 wheeler theft,12.8760566,77.5690681,2016-10-24,12:30:00,2016
j p nagar,2 wheeler theft,12.8868841,77.5810795,2016-10-25,00:30:00,2016
j p nagar,2 wheeler theft,12.9067446,77.5437391,2016-10-26,15:15 PM,2016
j p nagar,2 wheeler theft,12.911738,77.556877,2016-10-27,10:00:00,2016
j p nagar,2 wheeler theft,12.8799909,77.5673953,2016-10-27,13:00 PM,2016
j p nagar,2 wheeler theft,12.8827373,77.5565235,2016-10-27,14:00 PM,2016
j p nagar,2 wheeler theft,12.8825551,77.5563552,2016-10-28,13:00 PM,2016
j p nagar,2 wheeler theft,12.8791506,77.5768367,,17:45 PM,2016
j p nagar,2 wheeler theft,12.8993735,77.550967,,20:30:00,2016
j p nagar,2 wheeler theft,12.9098878,77.5576361,,20:20 PM,2016
j p nagar,2 wheeler theft,12.911738,77.556877,,23:00:00,2016
j p nagar,2 wheeler theft,12.9074,77.5512151,,00:00:00,2016
j p nagar,2 wheeler theft,12.8940351,77.5552543,,15:00 PM,2016
j p nagar,2 wheeler theft,12.9067446,77.5437391,2016-11-15,14:20 PM,2016
j p nagar,2 wheeler theft,12.8835699,77.5806092,2016-11-17,20:45 PM,2016
j p nagar,2 wheeler theft,12.9047104,77.5448882,2016-11-18,13:00 PM,2016
j p nagar,2 wheeler theft,12.9074,77.5512151,2016-11-19,14:30 PM,2016
j p nagar,2 wheeler theft,12.8698494,77.5876468,2016-11-20,15:30 PM,2016
j p nagar,2 wheeler theft,12.9047104,77.5448882,2016-11-29,19:00 PM,2016
j p nagar,2 wheeler theft,12.9079601,77.532092,,21:45:00,2016
j p nagar,2 wheeler theft,12.8868841,77.5810795,,10:30:00,2016
j p nagar,2 wheeler theft,12.9067446,77.5437391,,12:45:00,2016
j p nagar,2 wheeler theft,12.8829853,77.5573574,,12:35:00,2016
j p nagar,2 wheeler theft,12.9093142,77.5552663,2016-12-13,00:00:00,2016
j p nagar,2 wheeler theft,12.8911707,77.5699034,2016-12-13,18:30 PM,2016
j p nagar,2 wheeler theft,12.8856326,77.5482591,2016-12-15,14:00 PM,2016
j p nagar,2 wheeler theft,12.9097769,77.5564617,2016-12-15,17:30 PM,2016
j p nagar,2 wheeler theft,12.8818325,77.5669348,2016-12-17,17:30 PM,2016
j p nagar,2 wheeler theft,12.9094414,77.5572145,2016-12-17,22:00 AM,2016
j p nagar,2 wheeler theft,12.88259,77.5555621,2016-12-18,15:15 AM,2016
j p nagar,2 wheeler theft,12.9098878,77.5576361,2016-12-19,18:15 AM,2016
j p nagar,2 wheeler theft,12.8791506,77.5768367,2016-12-22,00:00:00,2016
j p nagar,2 wheeler theft,12.8832233,77.5657915,2016-12-26,12:10:00,2016
j p nagar,2 wheeler theft,12.8832233,77.5657915,2016-12-28,18:00 PM,2016
j p nagar,2 wheeler theft,12.8825551,77.5563552,,15:05 PM,2017
j p nagar,2 wheeler theft,12.9095826,77.5569617,,17:30 PM,2017
j p nagar,2 wheeler theft,12.8910892,77.5549767,,18:15 PM,2017
j p nagar,2 wheeler theft,12.9135398,77.5560388,2017-01-16,11:00:00,2017
j p nagar,2 wheeler theft,12.8990011,77.544042,2017-01-16,18:00 PM,2017
j p nagar,2 wheeler theft,12.8671716,77.5831004,2017-01-18,10:00:00,2017
j p nagar,2 wheeler theft,12.8887225,77.5702187,2017-01-21,10:10:00,2017
j p nagar,2 wheeler theft,12.9062372,77.5419825,2017-01-20,20:00 PM,2017
j p nagar,2 wheeler theft,12.8887225,77.5702187,2017-01-21,11:30:00,2017
j p nagar,2 wheeler theft,12.9146567,77.5509081,2017-01-21,11:40:00,2017
j p nagar,2 wheeler theft,12.9156468,77.5391042,2017-01-28,14:30 PM,2017
j p nagar,2 wheeler theft,12.9099108,77.5570324,2017-01-29,17:45 PM,2017
j p nagar,2 wheeler theft,13.007485,77.5678803,2017-01-31,11:00:00,2017
j p nagar,2 wheeler theft,12.9168839,77.5420111,,21:00 PM,2017
j p nagar,2 wheeler theft,12.8920004,77.5742817,,00:00:00,2017
j p nagar,2 wheeler theft,12.8829315,77.5670899,,,2017
j p nagar,2 wheeler theft,12.915632,77.5552535,,21:30 AM,2017
j p nagar,2 wheeler theft,12.9168839,77.5420111,2017-02-20,15:00 PM,2017
j p nagar,2 wheeler theft,12.8671716,77.5831004,2017-02-21,10:45:00,2017
j p nagar,2 wheeler theft,12.8917273,77.5723151,2017-02-21,00:00:00,2017
j p nagar,2 wheeler theft,12.9109421,77.5562327,2017-02-25,13:30 PM,2017
j p nagar,2 wheeler theft,12.9031545,77.5438607,2017-02-28,11:30:00,2017
j p nagar,2 wheeler theft,12.8990011,77.544042,,16:45 PM,2017
j p nagar,2 wheeler theft,12.8801033,77.5742614,,15:31 PM,2017
j p nagar,2 wheeler theft,12.8924686,77.5754077,2017-03-13,18:10 PM,2017
j p nagar,2 wheeler theft,12.9103186,77.5563932,2017-03-25,11:00:00,2017
j p nagar,2 wheeler theft,12.8902501,77.582188,,16:30 PM,2017
j p nagar,2 wheeler theft,12.8894709,77.5742082,,20:50 PM,2017
j p nagar,2 wheeler theft,12.89877,77.5498716,2017-04-15,17:10 PM,2017
j p nagar,2 wheeler theft,12.9104118,77.5366632,2017-04-24,11:00:00,2017
j p nagar,2 wheeler theft,12.911738,77.556877,,18:30 PM,2017
j p nagar,2 wheeler theft,12.8898214,77.579747,,22:00 PM,2017
j p nagar,2 wheeler theft,12.8725648,77.5813207,,12:40:00,2017
j p nagar,2 wheeler theft,12.9069936,77.5358262,,00:00:00,2017
j p nagar,2 wheeler theft,12.905759,77.542703,,14:20 PM,2017
j p nagar,2 wheeler theft,12.880459,77.5640354,2016-05-15,11:00:00,2017
j p nagar,2 wheeler theft,12.9097769,77.5564617,2017-05-17,13:00 PM,2017
j p nagar,2 wheeler theft,12.8896229,77.572132,2017-05-19,12:20:00,2017
j p nagar,2 wheeler theft,12.8671716,77.5831004,2016-05-20,00:00:00,2017
j p nagar,2 wheeler theft,12.9093142,77.5552663,,22:30:00,2017
j p nagar,2 wheeler theft,12.9057223,77.5355813,,00:00:00,2017
j p nagar,2 wheeler theft,12.883141,77.557939,2017-06-19,15:00 PM,2017
j p nagar,2 wheeler theft,12.9098095,77.5535885,2017-06-25,15:00 PM,2017
j p nagar,2 wheeler theft,12.9098095,77.5535885,2017-06-25,15:45 PM,2017
j p nagar,2 wheeler theft,12.9095826,77.5569617,2017-06-29,10:00:00,2017
j p nagar,2 wheeler theft,12.8831411,77.5649826,,14:30 PM,2017
j p nagar,2 wheeler theft,12.8902199,77.5630583,,14:00 PM,2017
j p nagar,2 wheeler theft,12.8885802,77.5612033,,12:30:00,2017
j p nagar,2 wheeler theft,12.9091215,77.5515491,,13:00 PM,2017
j p nagar,2 wheeler theft,12.908622,77.5553156,2017-07-13,12:30:00,2017
j p nagar,2 wheeler theft,12.8829315,77.5670899,2017-07-15,23:00 AM,2017
j p nagar,2 wheeler theft,12.8671716,77.5831004,2017-07-24,22:30:00,2017
j p nagar,2 wheeler theft,12.8856657,77.553498,,13:30 PM,2017
j p nagar,2 wheeler theft,12.9150585,77.5548265,,16:00 PM,2017
j p nagar,2 wheeler theft,12.9138671,77.5428395,,11:30:00,2017
j p nagar,2 wheeler theft,12.911738,77.556877,,21:00 PM,2017
j p nagar,2 wheeler theft,12.9086018,77.5362102,,15:30 PM,2017
j p nagar,2 wheeler theft,12.9057223,77.5355813,2017-08-16,13:00 PM,2017
j p nagar,2 wheeler theft,12.9091345,77.5532527,2017-08-28,14:17 PM,2017
j p nagar,2 wheeler theft,12.9138671,77.5428395,2019-08-24,18:10 PM,2017
j p nagar,2 wheeler theft,12.911738,77.556877,2017-08-28,14:50 PM,2017
j p nagar,2 wheeler theft,12.9150585,77.5548265,2017-08-29,17:00 PM,2017
j p nagar,2 wheeler theft,12.9138405,77.5640179,,11:45:00,2017
j p nagar,2 wheeler theft,12.8671716,77.5831004,,16:40:00,2017
j p nagar,2 wheeler theft,12.9102289,77.5481594,,16:23 PM,2017
j p nagar,2 wheeler theft,12.9156468,77.5391042,,15:30 PM,2017
j p nagar,2 wheeler theft,12.8671716,77.5831004,2017-09-13,16:20 PM,2017
j p nagar,2 wheeler theft,12.905759,77.542703,2017-09-19,14:00 PM,2017
j p nagar,2 wheeler theft,12.9138671,77.5428395,2017-09-23,18:00 PM,2017
j p nagar,2 wheeler theft,12.8801033,77.5742614,,12:30:00,2017
j p nagar,2 wheeler theft,12.9005684,77.5430228,,13:00 PM,2017
j p nagar,2 wheeler theft,12.9127392,77.5487886,,16:45 PM,2017
j p nagar,2 wheeler theft,12.911738,77.556877,,12:30:00,2017
j p nagar,2 wheeler theft,12.9106431,77.5508872,,13:30 PM,2017
j p nagar,2 wheeler theft,12.9168839,77.5420111,2017-10-17,21:15:00,2017
j p nagar,2 wheeler theft,12.8828956,77.5664778,2017-10-23,16:00 PM,2017
j p nagar,2 wheeler theft,12.9127392,77.5487886,2017-10-26,00:00:00,2017
j p nagar,2 wheeler theft,12.9047104,77.5448882,2017-10-27,11:50:00,2017
j p nagar,2 wheeler theft,12.9110992,77.5465121,2017-10-31,14:40 PM,2017
j p nagar,2 wheeler theft,12.91789,77.559799,,20:30:00,2017
j p nagar,2 wheeler theft,12.8910892,77.5549767,,09:00:00,2017
j p nagar,2 wheeler theft,12.9083627,77.5536847,2017-11-13,11:10:00,2017
j p nagar,2 wheeler theft,12.8902501,77.582188,2017-11-16,22:15:00,2017
j p nagar,2 wheeler theft,12.8805674,77.5669238,2019-11-16,13:10 PM,2017
j p nagar,2 wheeler theft,12.9102289,77.5481594,2017-11-18,15:30 PM,2017
j p nagar,2 wheeler theft,12.9175275,77.5453758,2017-11-28,12:30:00,2017
j p nagar,2 wheeler theft,12.9159005,77.547469,2017-11-29,13:30:00,2017
j p nagar,2 wheeler theft,12.8903019,77.5574873,2017-11-29,14:20 PM,2017
j p nagar,2 wheeler theft,12.8905534,77.5730932,2017-11-30,10:15:00,2017
j p nagar,2 wheeler theft,12.9069088,77.5514561,,15:00 PM,2017
j p nagar,2 wheeler theft,12.9074508,77.5455684,,12:30:00,2017
j p nagar,2 wheeler theft,12.9045017,77.5299858,2017-12-17,17:00 PM,2017
j p nagar,2 wheeler theft,12.9057223,77.5355813,2017-12-19,14:00 PM,2017
j p nagar,2 wheeler theft,12.9057223,77.5355813,2017-12-21,10:00:00,2017
j p nagar,2 wheeler theft,12.8902199,77.5630583,2017-12-24,14:30 PM,2017
j p nagar,2 wheeler theft,12.9150585,77.5548265,2017-12-27,15:00 PM,2017
j p nagar,2 wheeler theft,12.9010821,77.5475381,2017-12-29,11:35:00,2017
j p nagar,2 wheeler theft,12.903573,77.543788,2017-12-30,19:00 PM,2017
j p nagar,2 wheeler theft,12.9098095,77.5535885,2017-12-31,16:00 PM,2017
j p nagar,2 wheeler theft,12.8887225,77.5702187,2017-12-31,16:40 PM,2017
j p nagar,2 wheeler theft,12.8976078,77.5506283,2017-12-31,16:50 PM,2017
j p nagar,2 wheeler theft,12.8920004,77.5742817,2018-01-20,14:00 PM,2018
j p nagar,2 wheeler theft,12.9055387,77.5514365,,00:00:00,2018
j p nagar,2 wheeler theft,12.9059052,77.5427315,,13:30 PM,2018
j p nagar,2 wheeler theft,12.8976018,77.5457543,2018-03-13,11:00:00,2018
j p nagar,2 wheeler theft,12.9097769,77.5564617,,19:00 PM,2018
j p nagar,2 wheeler theft,12.9005684,77.5430228,2018-03-22,10:00:00,2018
j p nagar,2 wheeler theft,12.9074508,77.5455684,2018-03-30,19:30 PM,2018
j p nagar,2 wheeler theft,12.9057223,77.5355813,,16:30 PM,2018
j p nagar,2 wheeler theft,12.9138671,77.5428395,,15:00 PM,2018
j p nagar,2 wheeler theft,12.8899236,77.5807998,2018-05-25,16:20 PM,2018
j p nagar,2 wheeler theft,12.8813465,77.574735,2018-05-28,13:50 PM,2018
j p nagar,2 wheeler theft,12.9145439,77.5401618,,18:00:00,2018
j p nagar,2 wheeler theft,12.911738,77.556877,,20:45 PM,2018
j p nagar,2 wheeler theft,12.9173923,77.560815,2018-06-13,22:00:00,2018
j p nagar,2 wheeler theft,12.9113455,77.5381237,2018-06-19,16:23 PM,2018
j p nagar,2 wheeler theft,12.8902501,77.582188,2018-06-26,00:00:00,2018
j p nagar,2 wheeler theft,12.9156805,77.5501634,2018-06-30,10:10:00,2018
j p nagar,2 wheeler theft,12.9114038,77.5368546,2018-07-15,18:00 PM,2018
j p nagar,2 wheeler theft,12.9093142,77.5552663,2018-07-21,17:00 PM,2018
j p nagar,2 wheeler theft,12.9057223,77.5355813,2018-07-21,21:30 PM,2018
j p nagar,2 wheeler theft,12.9176607,77.5421871,,00:00:00,2018
j p nagar,2 wheeler theft,12.8934443,77.5699353,2018-08-21,09:30:00,2018
j p nagar,2 wheeler theft,12.903573,77.543788,2018-08-23,16:00:00,2018
j p nagar,2 wheeler theft,12.9173966,77.545338,,10:30:00,2018
j p nagar,2 wheeler theft,12.8933315,77.570007,,12:00:00,2018
j p nagar,2 wheeler theft,12.917986,77.553778,,12:00:00,2018
j p nagar,2 wheeler theft,12.9091215,77.5515491,,14:00:00,2018
j p nagar,2 wheeler theft,12.8887225,77.5702187,,18:30:00,2018
j p nagar,2 wheeler theft,12.8888868,77.5718004,2018-09-18,11:45:00,2018
j p nagar,2 wheeler theft,12.8894838,77.5623209,2018-09-18,12:30:00,2018
j p nagar,2 wheeler theft,12.917986,77.553778,2018-09-21,17:00:00,2018
j p nagar,2 wheeler theft,12.9142983,77.5507585,2018-09-29,14:00:00,2018
j p nagar,2 wheeler theft,12.8899236,77.5807998,,13:10:00,2018
j p nagar,2 wheeler theft,12.9171959,77.5420862,,10:30:00,2018
j p nagar,2 wheeler theft,12.9100853,77.5565659,,12:00:00,2018
j p nagar,2 wheeler theft,12.9139631,77.5393265,2018-10-15,12:00:00,2018
j p nagar,2 wheeler theft,12.9024547,77.5418141,2018-10-17,18:00:00,2018
j p nagar,2 wheeler theft,12.8953716,77.5503236,2018-10-18,12:00:00,2018
j p nagar,2 wheeler theft,12.8837663,77.5684252,2018-10-27,13:00:00,2018
j p nagar,2 wheeler theft,12.8801033,77.5742614,2018-10-30,12:00:00,2018
j p nagar,2 wheeler theft,12.9150585,77.5548265,2018-10-31,13:00:00,2018
j p nagar,2 wheeler theft,12.9070359,77.5357148,2018-11-14,12:00:00,2018
j p nagar,2 wheeler theft,12.9054085,77.5422454,2018-11-15,21:30:00,2018
j p nagar,2 wheeler theft,12.9108489,77.5374565,2018-11-20,16:00:00,2018
j p nagar,2 wheeler theft,12.9057223,77.5355813,2018-11-27,10:30:00,2018
j p nagar,2 wheeler theft,12.9075282,77.5529161,2018-11-27,21:30:00,2018
j p nagar,2 wheeler theft,12.9108237,77.5439817,,14:42:00,2018
j p nagar,2 wheeler theft,12.9098878,77.5576361,,13:30:00,2018
j p nagar,2 wheeler theft,12.8899236,77.5807998,2018-12-25,17:00:00,2018
j p nagar,2 wheeler theft,12.8780653,77.571171,2018-12-31,14:00:00,2018
j p nagar,2 wheeler theft,12.915632,77.5552535,,19:45:00,2019
j p nagar,2 wheeler theft,12.9095826,77.5569617,2019-01-28,12:00:00,2019
j p nagar,2 wheeler theft,12.9010821,77.5475381,,14:55:00,2019
j p nagar,2 wheeler theft,12.9045017,77.5299858,,14:30:00,2019
j p nagar,2 wheeler theft,12.9010821,77.5475381,2019-03-21,13:30:00,2019
j p nagar,2 wheeler theft,12.9069823,77.552059,2019-03-29,09:00:00,2019
j p nagar,2 wheeler theft,12.9152714,77.5377111,2019-03-30,15:30:00,2019
j p nagar,2 wheeler theft,12.9054832,77.54276,,15:00:00,2019
j p nagar,2 wheeler theft,12.8894709,77.5742082,,15:30:00,2019
j p nagar,2 wheeler theft,12.8915788,77.5814294,,16:30:00,2019
j p nagar,2 wheeler theft,12.882805,77.5650418,2019-04-13,18:00:00,2019
j p nagar,2 wheeler theft,12.89877,77.5498716,,15:00:00,2019
j p nagar,2 wheeler theft,12.903139,77.55107,2019-05-16,17:30:00,2019
j p nagar,2 wheeler theft,12.912126,77.55578,2019-05-19,19:30:00,2019
j p nagar,2 wheeler theft,12.8982506,77.548007,2019-05-25,10:00:00,2019
j p nagar,2 wheeler theft,12.9001575,77.5504657,,11:00:00,2019
j p nagar,2 wheeler theft,12.9091215,77.5515491,2019-06-26,17:00:00,2019
j p nagar,2 wheeler theft,12.9173966,77.545338,,17:30:00,2019
j p nagar,2 wheeler theft,12.8898214,77.579747,,11:00:00,2019
j p nagar,2 wheeler theft,12.9060275,77.5455556,2019-07-21,12:00:00,2019
j p nagar,2 wheeler theft,12.9113234,77.5569718,2019-07-28,10:00:00,2019
j p nagar,2 wheeler theft,12.905759,77.542703,,22:00:00,2019
j p nagar,2 wheeler theft,12.8953716,77.5503236,,18:00:00,2019
j p nagar,2 wheeler theft,12.89877,77.5498716,2019-08-24,08:45:00,2019
j p nagar,2 wheeler theft,12.8801033,77.5742614,2019-08-28,18:15:00,2019
j p nagar,2 wheeler theft,12.8825551,77.5563552,2019-08-28,18:30:00,2019
j p nagar,2 wheeler theft,13.007485,77.5510756,,14:00:00,2019
j p nagar,2 wheeler theft,12.8790849,77.5678096,2019-10-13,16:00:00,2019
j p nagar,2 wheeler theft,12.8801033,77.5742614,2019-10-14,21:00:00,2019
j p nagar,2 wheeler theft,12.8902501,77.582188,2019-10-23,10:00:00,2019
j p nagar,2 wheeler theft,12.9156468,77.5391042,,15:30:00,2019
j p nagar,2 wheeler theft,12.911738,77.556877,2019-11-30,22:00:00,2019
j p nagar,2 wheeler theft,12.9103186,77.5563932,,20:00:00,2019
j p nagar,2 wheeler theft,12.9091215,77.5515491,2019-12-28,13:30:00,2019
j p nagar,2 wheeler theft,12.877624,77.503474,2015-01-16,18:00:00,2015
j p nagar,2 wheeler theft,12.868557,77.574874,,18:00:00,2015
j p nagar,2 wheeler theft,12.890277,77.539519,,20:15:00,2015
j p nagar,2 wheeler theft,12.879408,77.545308,2015-02-24,20:15:00,2015
j p nagar,2 wheeler theft,12.873752,77.531731,,11:00:00,2015
j p nagar,2 wheeler theft,12.874702,77.568832,2015-03-25,14:15:00,2015
j p nagar,2 wheeler theft,12.87941,77.54512,2015-03-25,19:00:00,2015
j p nagar,2 wheeler theft,12.882304,77.546402,2015-03-28,11:00:00,2015
j p nagar,2 wheeler theft,12.890309,77.519725,2015-03-31,16:30:00,2015
j p nagar,2 wheeler theft,12.882146,77.546251,,13:00:00,2015
j p nagar,2 wheeler theft,12.874461,77.544645,2015-06-28,11:30:00,2015
j p nagar,2 wheeler theft,12.876479,77.542305,,13:30:00,2015
j p nagar,2 wheeler theft,12.879408,77.545308,,17:30:00,2015
j p nagar,2 wheeler theft,12.879408,77.545308,,11:30:00,2015
j p nagar,2 wheeler theft,12.869127,77.56841,,12:30:00,2015
j p nagar,2 wheeler theft,12.879408,77.545308,,11:30:00,2015
j p nagar,2 wheeler theft,12.876178,77.546951,2015-09-30,10:30:00,2015
j p nagar,2 wheeler theft,12.879408,77.545308,2015-10-17,17:00:00,2015
j p nagar,2 wheeler theft,12.875236,77.539963,2015-10-31,15:30:00,2015
j p nagar,2 wheeler theft,12.871118,77.562216,,14:30:00,2015
j p nagar,2 wheeler theft,12.8794,77.546049,,11:10:00,2015
j p nagar,2 wheeler theft,12.871221,77.56242,,18:30:00,2015
j p nagar,2 wheeler theft,12.87213,77.564301,,15:00:00,2015
j p nagar,2 wheeler theft,12.875062,77.542607,,21:00:00,2015
j p nagar,2 wheeler theft,12.874978,77.542085,2015-12-18,10:45:00,2015
j p nagar,2 wheeler theft,12.879408,77.545308,2015-12-21,10:00:00,2015
j p nagar,2 wheeler theft,12.874266,77.542421,2015-12-25,16:00:00,2015
j p nagar,2 wheeler theft,12.87736,77.517883,,10:30:00,2016
j p nagar,2 wheeler theft,12.879633,77.544387,,21:55:00,2016
j p nagar,2 wheeler theft,12.873042,77.532601,2016-09-18,13:45:00,2016
j p nagar,2 wheeler theft,12.877766,77.526946,2016-04-21,13:30:00,2016
j p nagar,2 wheeler theft,12.86895,77.536559,2016-04-22,16:30:00,2016
j p nagar,2 wheeler theft,12.877766,77.526946,2016-04-22,21:00:00,2016
j p nagar,2 wheeler theft,12.887066,77.543303,,18:10:00,2016
j p nagar,2 wheeler theft,12.866777,77.534346,,15:00:00,2016
j p nagar,2 wheeler theft,12.872061,77.559914,2016-07-23,21:00:00,2016
j p nagar,2 wheeler theft,12.876818,77.531179,,17:00:00,2016
j p nagar,2 wheeler theft,12.879448,77.513354,2016-08-16,11:00:00,2016
j p nagar,2 wheeler theft,12.874194,77.51219,,11:00`,2016
j p nagar,2 wheeler theft,12.855212,77.553361,,12:00:00,2016
j p nagar,2 wheeler theft,12.880968,77.545877,,12:00:00,2016
j p nagar,2 wheeler theft,12.867642,77.535364,,18:00:00,2016
j p nagar,2 wheeler theft,12.867642,77.535364,2016-12-30,12:45:00,2016
j p nagar,2 wheeler theft,12.86869,77.569688,2016-12-30,17:00:00,2016
j p nagar,2 wheeler theft,12.892566,77.524068,,12:30:00,2017
j p nagar,2 wheeler theft,12.874883,77.539537,,11:00:00,2017
j p nagar,2 wheeler theft,12.870417,77.53452,,11:00:00,2017
j p nagar,2 wheeler theft,12.84728,77.563682,2017-02-25,17:00:00,2017
j p nagar,2 wheeler theft,12.87605,77.53775,,15:45:00,2017
j p nagar,2 wheeler theft,12.875168,77.552815,2017-03-21,10:15:00,2017
j p nagar,2 wheeler theft,12.881655,77.538172,2017-03-27,09:30:00,2017
j p nagar,2 wheeler theft,12.859956,77.566246,,11:30:00,2017
j p nagar,2 wheeler theft,12.870031,77.565897,2017-05-16,12:00:00,2017
j p nagar,2 wheeler theft,12.892459,77.524063,2017-05-24,10:45:00,2017
j p nagar,2 wheeler theft,12.882391,77.545366,,14:45:00,2017
j p nagar,2 wheeler theft,12.888931,77.542637,2017-06-14,13:30:00,2017
j p nagar,2 wheeler theft,12.886651,77.538595,2017-06-23,13:20:00,2017
j p nagar,2 wheeler theft,12.873365,77.53268,,12:30:00,2017
j p nagar,2 wheeler theft,12.886792,77.545222,2017-08-24,16:30:00,2017
j p nagar,2 wheeler theft,12.87186,77.572322,2017-09-18,14:30:00,2017
j p nagar,2 wheeler theft,12.900051,77.53957,,20:00:00,2017
j p nagar,2 wheeler theft,12.863357,77.556833,,11:10:00,2017
j p nagar,2 wheeler theft,12.876068,77.551614,2017-10-13,11:30:00,2017
j p nagar,2 wheeler theft,12.884743,77.54812,2017-10-23,17:15:00,2017
j p nagar,2 wheeler theft,12.872441,77.542736,2017-10-28,10:00:00,2017
j p nagar,2 wheeler theft,12.861725,77.57725,2017-10-31,14:15:00,2017
j p nagar,2 wheeler theft,12.86991,77.535721,,19:40:00,2017
j p nagar,2 wheeler theft,12.886329,77.545892,2017-11-16,12:30:00,2017
j p nagar,2 wheeler theft,12.866836,77.535127,,10:30:00,2017
j p nagar,2 wheeler theft,12.886622,77.54059,,13:30:00,2017
j p nagar,2 wheeler theft,12.887024,77.540498,2017-12-24,17:00:00,2017
j p nagar,2 wheeler theft,12.89274,77.536626,,13:00:00,2018
j p nagar,2 wheeler theft,12.895814,77.57851,,10:30:00,2018
j p nagar,2 wheeler theft,12.884507,77.540898,,11:30:00,2018
j p nagar,2 wheeler theft,12.881091,77.545719,2018-06-29,14:30:00,2018
j p nagar,2 wheeler theft,12.878823,77.529835,,18:45:00,2018
j p nagar,2 wheeler theft,12.854741,77.558752,2018-07-24,12:30:00,2018
j p nagar,2 wheeler theft,12.886938,77.545271,,21:30:00,2018
j p nagar,2 wheeler theft,12.871903,77.559703,,11:30:00,2018
j p nagar,2 wheeler theft,12.888105,77.547943,2018-09-20,11:00:00,2018
j p nagar,2 wheeler theft,12.88495,77.539897,2018-09-23,09:45:00,2018
j p nagar,2 wheeler theft,12.879433,77.5434,2018-09-25,10:00:00,2018
j p nagar,2 wheeler theft,12.868462,77.535762,,15:30:00,2018
j p nagar,2 wheeler theft,12.868393,77.536126,,12:00:00,2018
j p nagar,2 wheeler theft,12.861823,77.560918,,13:00:00,2018
j p nagar,2 wheeler theft,12.871903,77.559703,2018-10-14,07:00:00,2018
j p nagar,2 wheeler theft,12.880535,77.544034,,17:00:00,2018
j p nagar,2 wheeler theft,12.871939,77.546442,,13:30:00,2018
j p nagar,2 wheeler theft,12.8731,77.543828,2018-11-19,09:30:00,2018
j p nagar,2 wheeler theft,12.874842,77.553166,2018-11-23,11:30:00,2018
j p nagar,2 wheeler theft,12.883216,77.543523,,13:00:00,2018
j p nagar,2 wheeler theft,12.855333,77.570747,,21:00:00,2018
j p nagar,2 wheeler theft,12.862301,77.565498,2019-01-19,11:00:00,2019
j p nagar,2 wheeler theft,12.864271,77.568791,2019-02-14,11:30:00,2019
j p nagar,2 wheeler theft,12.852458,77.659874,2019-03-15,23:00:00,2019
j p nagar,2 wheeler theft,12.874921,77.553128,2019-03-23,17:00:00,2019
j p nagar,2 wheeler theft,12.879218,77.542339,2019-04-25,12:45:00,2019
j p nagar,2 wheeler theft,12.860019,77.549131,,15:00:00,2019
j p nagar,2 wheeler theft,12.876257,77.546363,2019-07-13,17:00:00,2019
j p nagar,2 wheeler theft,12.867504,77.571207,2019-07-19,12:20:00,2019
j p nagar,2 wheeler theft,12.856238,77.567545,2019-07-27,13:00:00,2019
j p nagar,2 wheeler theft,12.876225,77.541865,2019-07-31,10:30:00,2019
j p nagar,2 wheeler theft,12.863245,77.578415,,17:00:00,2019
j p nagar,2 wheeler theft,12.860318,77.535118,,11:30:00,2019
j p nagar,2 wheeler theft,12.870725,77.548058,2019-09-16,19:00:00,2019
j p nagar,2 wheeler theft,12.884141,77.546082,,16:00:00,2019
j p nagar,2 wheeler theft,12.87706,77.498009,2019-12-25,11:00:00,2019
j p nagar,2 wheeler theft,12.876248,77.542688,2019-12-25,18:30:00,2019
j p nagar,2 wheeler theft,12.853413,77.572877,2019-12-28,12:30:00,2019
j p nagar,2 wheeler theft,12.8907991,77.520248,2019-12-28,21:00:00,2019
j p nagar,2 wheeler theft,12.888051,77.5805,,00:00:00,2017
j p nagar,2 wheeler theft,12.881587,77.5762,,00:00:00,2017
j p nagar,2 wheeler theft,12.88631,77.570697,,,2017
j p nagar,2 wheeler theft,12.862054,77.585957,,,2017
j p nagar,2 wheeler theft,12.843663,77.58176,,,2017
j p nagar,2 wheeler theft,12.887851,77.573581,,,2017
j p nagar,2 wheeler theft,12.88207,77.57099,,,2017
j p nagar,2 wheeler theft,12.896403,77.570289,,,2017
j p nagar,2 wheeler theft,12.882116,77.574506,,,2017
j p nagar,2 wheeler theft,12.883242,77.575999,,,2017
j p nagar,2 wheeler theft,12.862054,77.585957,,,2017
j p nagar,2 wheeler theft,12.866559,77.571249,,,2017
j p nagar,2 wheeler theft,12.869404,77.582054,,00:00:00,2017
j p nagar,2 wheeler theft,12.889349,77.578031,,,2017
j p nagar,2 wheeler theft,12.895925,77.585328,,,2017
j p nagar,2 wheeler theft,12.892301,77.570581,,,2017
j p nagar,2 wheeler theft,12.896403,77.570289,,,2017
j p nagar,2 wheeler theft,12.885887,77.566884,,,2017
j p nagar,2 wheeler theft,12.885887,77.566884,,,2017
j p nagar,2 wheeler theft,12.882084,77.5744,,,2017
j p nagar,2 wheeler theft,12.86031,77.581034,,,2017
j p nagar,2 wheeler theft,12.883568,77.56841,,,2017
j p nagar,2 wheeler theft,12.877363,77.582778,,,2017
j p nagar,2 wheeler theft,12.895015,77.581947,,,2017
j p nagar,2 wheeler theft,12.8860017,77.55758,,,2017
j p nagar,2 wheeler theft,12.8822193,77.5659682,,,2017
j p nagar,2 wheeler theft,12.881629,77.584344,,,2017
j p nagar,2 wheeler theft,12.885572,77.574967,,,2017
j p nagar,2 wheeler theft,12.885887,77.566884,,,2017
j p nagar,2 wheeler theft,12.869404,77.582054,,,2017
j p nagar,2 wheeler theft,12.859404,77.582054,,,2017
j p nagar,2 wheeler theft,12.896403,77.570289,,,2017
j p nagar,2 wheeler theft,12.8569211,77.5769867,,,2017
j p nagar,2 wheeler theft,12.8880134,77.5608861,,,2017
j p nagar,2 wheeler theft,12.8401011,77.5807872,,,2017
j p nagar,2 wheeler theft,12.885887,77.566884,,,2017
j p nagar,2 wheeler theft,12.856443,77.568844,,,2017
j p nagar,2 wheeler theft,12.8769547,77.5827175,,,2017
j p nagar,2 wheeler theft,12.8895219,77.5798522,,,2017
j p nagar,2 wheeler theft,12.8769547,77.5827175,,,2017
j p nagar,2 wheeler theft,12.8822193,77.565968,,,2017
j p nagar,2 wheeler theft,12.8769547,77.5827175,,,2017
j p nagar,2 wheeler theft,12.8880134,77.5708861,,,2017
j p nagar,2 wheeler theft,12.8769547,77.5827175,,,2017
j p nagar,2 wheeler theft,12.894637,77.5639739,,,2017
j p nagar,2 wheeler theft,12.874346,77.5805685,,,2017
j p nagar,2 wheeler theft,12.888222,77.5659682,,,2017
j p nagar,2 wheeler theft,12.888134,77.576881,,,2017
j p nagar,2 wheeler theft,12.8765469,77.5827175,,,2017
j p nagar,2 wheeler theft,12.8564423,77.5888448,,,2017
j p nagar,2 wheeler theft,12.8889522,77.5798522,,,2017
j p nagar,2 wheeler theft,12.856443,77.5888448,,,2018
j p nagar,2 wheeler theft,12.8747346,77.5805685,,,2018
j p nagar,2 wheeler theft,12.8276955,77.5827175,,,2018
j p nagar,2 wheeler theft,12.871268,77.583191,,,2018
j p nagar,2 wheeler theft,12.879442,77.566932,,,2018
j p nagar,2 wheeler theft,12.88913,77.5659682,,,2018
j p nagar,2 wheeler theft,12.881898,77.57622,,,2018
j p nagar,2 wheeler theft,12.8880134,77.5708862,,,2018
j p nagar,2 wheeler theft,12.879442,77.566932,,,2018
j p nagar,2 wheeler theft,12.8769546,77.5827175,,,2018
j p nagar,2 wheeler theft,12.8769546,77.5827175,,,2018
j p nagar,2 wheeler theft,12.881898,77.57622,,,2018
j p nagar,2 wheeler theft,12.8769547,77.5827175,,,2018
j p nagar,2 wheeler theft,12.8747346,77.5805686,,,2018
j p nagar,2 wheeler theft,12.888655,77.571018,,,2018
j p nagar,2 wheeler theft,12.865989,77.580985,,,2018
j p nagar,2 wheeler theft,12.8829522,77.5798522,,,2018
j p nagar,2 wheeler theft,12.8882013,77.5708861,,,2018
j p nagar,2 wheeler theft,12.8564429,77.5888448,,,2018
j p nagar,2 wheeler theft,12.865989,77.580985,,,2018
j p nagar,2 wheeler theft,12.8828222,77.565968,,,2018
j p nagar,2 wheeler theft,12.8828222,77.565968,,,2018
j p nagar,2 wheeler theft,12.8401017,77.5807872,,,2018
j p nagar,2 wheeler theft,12.8880134,77.5708861,,,2018
j p nagar,2 wheeler theft,12.881898,77.57622,,,2018
j p nagar,2 wheeler theft,12.856443,77.5888448,,,2018
j p nagar,2 wheeler theft,12.856443,77.5888448,,,2018
j p nagar,2 wheeler theft,12.865989,77.580985,,,2018
j p nagar,2 wheeler theft,12.856443,77.5888448,,,2018
j p nagar,2 wheeler theft,12.865989,77.580985,,,2018
j p nagar,2 wheeler theft,12.881898,77.57622,,,2018
j p nagar,2 wheeler theft,12.8401017,77.5807872,,,2018
j p nagar,2 wheeler theft,12.8401017,77.5807872,,,2018
j p nagar,2 wheeler theft,12.8769546,77.5827175,,,2018
j p nagar,2 wheeler theft,12.8401017,77.5807872,,,2018
j p nagar,2 wheeler theft,12.8765469,77.5827175,,,2018
j p nagar,2 wheeler theft,12.8880134,77.5708861,,,2018
j p nagar,2 wheeler theft,12.8401017,77.5807872,,,2018
j p nagar,2 wheeler theft,12.8880134,77.5708861,,,2018
j p nagar,2 wheeler theft,12.865989,77.580985,,,2018
j p nagar,2 wheeler theft,12.8880134,77.5708861,,,2018
j p nagar,2 wheeler theft,12.865989,77.580985,,,2018
j p nagar,2 wheeler theft,12.8765469,77.5827175,,,2018
j p nagar,2 wheeler theft,12.865989,77.580985,,,2018
j p nagar,2 wheeler theft,12.8880134,77.5708861,,,2018
j p nagar,2 wheeler theft,12.8880134,77.5708861,,,2018
j p nagar,2 wheeler theft,12.855696,77.574186,,,2018
j p nagar,2 wheeler theft,12.865696,77.5684186,,,2018
j p nagar,2 wheeler theft,12.8723196,77.566016,,,2018
j p nagar,2 wheeler theft,12.868232,77.576016,,,2018
j p nagar,2 wheeler theft,12.8880134,77.5708861,,,2018
j p nagar,2 wheeler theft,12.8758013,77.5608861,,,2018
j p nagar,2 wheeler theft,12.888188,77.570812,,,2018
j p nagar,2 wheeler theft,12.888051,77.5805,,,2018
j p nagar,2 wheeler theft,12.892977,77.57807,,,2018
j p nagar,2 wheeler theft,12.892977,77.57807,,,2018
j p nagar,2 wheeler theft,12.8880134,77.5708861,,,2018
j p nagar,2 wheeler theft,12.856443,77.5888448,,,2018
j p nagar,2 wheeler theft,12.892977,77.57807,,,2018
j p nagar,2 wheeler theft,12.896403,77.570289,,,2018
j p nagar,2 wheeler theft,12.895925,77.585328,,,2018
j p nagar,2 wheeler theft,12.888188,77.570812,,,2018
j p nagar,2 wheeler theft,12.840419,77.576783,,,2018
j p nagar,2 wheeler theft,12.8880134,77.5708861,,,2018
j p nagar,2 wheeler theft,12.8880134,77.5708861,,,2018
j p nagar,2 wheeler theft,12.884587,77.569498,,,2018
j p nagar,2 wheeler theft,12.845696,77.584186,,,2019
j p nagar,2 wheeler theft,12.895925,77.585328,,,2019
j p nagar,2 wheeler theft,12.888188,77.570812,,,2019
j p nagar,2 wheeler theft,12.866559,77.571249,,,2019
j p nagar,2 wheeler theft,12.881898,77.57622,,,2019
j p nagar,2 wheeler theft,12.869404,77.582054,,,2019
j p nagar,2 wheeler theft,12.876526,77.562358,,,2019
j p nagar,2 wheeler theft,12.896403,77.570289,,,2019
j p nagar,2 wheeler theft,12.856443,77.5888448,,,2019
j p nagar,2 wheeler theft,12.85514,77.588799,,,2019
j p nagar,2 wheeler theft,12.896403,77.570289,,,2019
j p nagar,2 wheeler theft,12.866559,77.571249,,,2019
j p nagar,2 wheeler theft,12.8764,77.581172,,,2019
j p nagar,2 wheeler theft,12.85514,77.588799,,,2019
j p nagar,2 wheeler theft,12.869404,77.582054,,,2019
j p nagar,2 wheeler theft,12.856443,77.5888448,,,2019
j p nagar,2 wheeler theft,12.896403,77.570289,,,2019
j p nagar,2 wheeler theft,12.881514,77.565853,,,2019
j p nagar,2 wheeler theft,12.8523663,77.58176,,,2019
j p nagar,2 wheeler theft,12.880369,77.575178,,,2019
j p nagar,2 wheeler theft,12.87769,77.56715,,,2019
j p nagar,2 wheeler theft,12.8765469,77.5827175,,,2019
j p nagar,2 wheeler theft,12.87769,77.56715,,,2019
j p nagar,2 wheeler theft,12.8765469,77.5827175,,,2019
j p nagar,2 wheeler theft,12.884022,77.583093,,,2019
j p nagar,2 wheeler theft,12.845696,77.584186,,,2019
j p nagar,2 wheeler theft,12.865769,77.56715,,,2019
j p nagar,2 wheeler theft,12.85469,77.55715,,,2019
j p nagar,2 wheeler theft,12.87769,77.567115,,,2019
j p nagar,2 wheeler theft,12.84569,77.567158,,,2019
j p nagar,2 wheeler theft,12.869404,77.582054,,,2019
j p nagar,2 wheeler theft,12.8769546,77.5827175,,,2019
j p nagar,2 wheeler theft,12.866994,77.591193,,,2019
j p nagar,2 wheeler theft,12.887741,77.56966,,,2019
j p nagar,2 wheeler theft,12.8807444,77.57559,,,2019
j p nagar,2 wheeler theft,12.869404,77.582054,,,2019
j p nagar,2 wheeler theft,12.866559,77.571249,,,2019
j p nagar,2 wheeler theft,12.8769546,77.5827175,,,2019
j p nagar,2 wheeler theft,12.86409,77.584085,,,2019
j p nagar,2 wheeler theft,12.89122,77.623724,,,2019
j p nagar,2 wheeler theft,12.8769546,77.5827175,,,2019
j p nagar,2 wheeler theft,12.878194,77.57011,,,2019
j p nagar,2 wheeler theft,12.8764,77.581172,,,2019
j p nagar,2 wheeler theft,12.8765469,77.5827175,,,2019
j p nagar,2 wheeler theft,12.8764,77.581172,,,2019
j p nagar,2 wheeler theft,12.876526,77.562358,,,2019
j p nagar,2 wheeler theft,12.8764,77.581172,,,2019
j p nagar,2 wheeler theft,12.856443,77.5888448,,,2019
j p nagar,2 wheeler theft,12.876526,77.562358,,,2019
j p nagar,2 wheeler theft,12.896403,77.570289,,,2019
j p nagar,2 wheeler theft,12.861208,77.579595,,,2019
j p nagar,2 wheeler theft,12.880763,77.584638,,21:00:00,2017
j p nagar,2 wheeler theft,12.8978861,77.5729806,,19:00:00,2017
j p nagar,2 wheeler theft,12.8971917,77.5814,,19:30:00,2017
j p nagar,2 wheeler theft,12.902092,77.58447,,19:30:00,2017
j p nagar,2 wheeler theft,12.907625,77.5879917,,19:50:00,2017
j p nagar,2 wheeler theft,12.8947972,77.5817556,,14:00:00,2017
j p nagar,2 wheeler theft,12.9046889,77.5805028,,12:00:00,2017
j p nagar,2 wheeler theft,12.8938444,77.59875,,12:00:00,2017
j p nagar,2 wheeler theft,12.9057833,77.5920667,,14:00:00,2017
j p nagar,2 wheeler theft,12.9016139,77.582525,,09:15:00,2017
j p nagar,2 wheeler theft,12.8916333,77.5857806,,10:45:00,2017
j p nagar,2 wheeler theft,12.907061,77.590478,,21:00:00,2017
j p nagar,2 wheeler theft,12.889178,77.571874,,19:00:00,2017
j p nagar,2 wheeler theft,12.903834,77.584171,,09:30:00,2017
j p nagar,2 wheeler theft,12.9057833,77.5920667,,17:00:00,2017
j p nagar,2 wheeler theft,12.8937972,77.5818694,,11:00:00,2017
j p nagar,2 wheeler theft,12.9007444,77.5771,,17:00:00,2017
j p nagar,2 wheeler theft,12.9080806,77.6004472,,19:00:00,2017
j p nagar,2 wheeler theft,12.9052556,77.5772417,,00:00:00,2017
j p nagar,2 wheeler theft,12.8931472,77.5841722,,16:00:00,2017
j p nagar,2 wheeler theft,12.8907611,77.5912278,,14:00:00,2017
j p nagar,2 wheeler theft,12.8938444,77.59875,,12:00:00,2017
j p nagar,2 wheeler theft,12.9006111,77.5844528,,10:00:00,2017
j p nagar,2 wheeler theft,12.8875944,77.5924944,,11:00:00,2017
j p nagar,2 wheeler theft,12.9045778,77.5881944,,11:00:00,2017
j p nagar,2 wheeler theft,12.9025528,77.5899972,,12:00:00,2017
j p nagar,2 wheeler theft,12.9004833,77.6006167,,12:30:00,2017
j p nagar,2 wheeler theft,12.8834889,77.583375,,15:30:00,2017
j p nagar,2 wheeler theft,12.8880056,77.5710194,,10:35:00,2017
j p nagar,2 wheeler theft,12.8920972,77.578625,,13:30:00,2017
j p nagar,2 wheeler theft,12.8951056,77.5847167,,11:00:00,2017
j p nagar,2 wheeler theft,12.9049778,77.5974694,,11:45:00,2017
j p nagar,2 wheeler theft,12.8880056,77.5710194,,14:30:00,2017
j p nagar,2 wheeler theft,12.9029583,77.5787722,,16:30:00,2017
j p nagar,2 wheeler theft,12.8861139,77.5824778,,10:20:00,2017
j p nagar,2 wheeler theft,12.8874556,77.59245,,11:00:00,2017
j p nagar,2 wheeler theft,12.9049778,77.5974694,,10:45:00,2017
j p nagar,2 wheeler theft,12.9049778,77.5974694,,11:00:00,2017
j p nagar,2 wheeler theft,12.9049778,77.5974694,,11:00:00,2017
j p nagar,2 wheeler theft,12.8880056,77.5710194,,11:00:00,2017
j p nagar,2 wheeler theft,12.9016139,77.582525,,10:30:00,2017
j p nagar,2 wheeler theft,12.8931472,77.5841722,,11:15:00,2017
j p nagar,2 wheeler theft,12.8880056,77.5710194,,10:15:00,2017
j p nagar,2 wheeler theft,12.8861139,77.5824778,,12:00:00,2017
j p nagar,2 wheeler theft,12.8938444,77.59875,,12:30:00,2017
j p nagar,2 wheeler theft,12.8874556,77.59245,,10:45:00,2017
j p nagar,2 wheeler theft,12.9049778,77.5974694,,10:30:00,2017
j p nagar,2 wheeler theft,12.888295,77.592134,,10:30:00,2017
j p nagar,2 wheeler theft,12.8978861,77.5729806,,11:30:00,2017
j p nagar,2 wheeler theft,12.8978861,77.5729806,,11:00:00,2017
j p nagar,2 wheeler theft,12.9045778,77.5881944,,18:00:00,2017
j p nagar,2 wheeler theft,12.9045778,77.5881944,,10:30:00,2017
j p nagar,2 wheeler theft,12.906379,77.598782,,10:45:00,2017
j p nagar,2 wheeler theft,12.9045778,77.5881944,,12:00:00,2017
j p nagar,2 wheeler theft,12.9049778,77.5974694,,15:20:00,2017
j p nagar,2 wheeler theft,12.8861139,77.5824778,,16:00:00,2017
j p nagar,2 wheeler theft,12.8978861,77.5729806,,15:15:00,2017
j p nagar,2 wheeler theft,12.9024028,77.581975,,12:00:00,2017
j p nagar,2 wheeler theft,12.8978861,77.5729806,,14:30:00,2017
j p nagar,2 wheeler theft,12.8978861,77.5729806,,12:00:00,2017
j p nagar,2 wheeler theft,12.897384,77.580647,,11:20:00,2017
j p nagar,2 wheeler theft,12.8837528,77.5900583,,16:00:00,2017
j p nagar,2 wheeler theft,12.9024028,77.581975,,11:30:00,2017
j p nagar,2 wheeler theft,12.8978861,77.5729806,,10:00:00,2017
j p nagar,2 wheeler theft,12.8978861,77.5729806,,10:50:00,2017
j p nagar,2 wheeler theft,12.9038778,77.5914056,,16:00:00,2017
j p nagar,2 wheeler theft,12.9057972,77.6003278,,13:00:00,2017
j p nagar,2 wheeler theft,12.8861139,77.5824778,,13:00:00,2017
j p nagar,2 wheeler theft,12.9049778,77.5974694,,10:35:00,2017
j p nagar,2 wheeler theft,12.900202,77.600296,,11:00:00,2017
j p nagar,2 wheeler theft,12.9049778,77.5974694,,15:30:00,2017
j p nagar,2 wheeler theft,12.882375,77.5954639,,16:00:00,2017
j p nagar,2 wheeler theft,12.8938444,77.59875,,11:00:00,2017
j p nagar,2 wheeler theft,12.8947972,77.5817556,,10:30:00,2017
j p nagar,2 wheeler theft,12.894922,77.58234,,11:00:00,2017
j p nagar,2 wheeler theft,12.8970333,77.5708944,,13:30:00,2017
j p nagar,2 wheeler theft,12.9049722,77.5968167,,11:15:00,2017
j p nagar,2 wheeler theft,12.8970333,77.5708944,,11:10:00,2017
j p nagar,2 wheeler theft,12.8861139,77.5824778,,11:00:00,2017
j p nagar,2 wheeler theft,12.892836,77.591105,,11:00:00,2017
j p nagar,2 wheeler theft,12.89892,77.576586,,11:30:00,2017
j p nagar,2 wheeler theft,12.9007444,77.5771,,10:30:00,2017
j p nagar,2 wheeler theft,12.9049722,77.5968167,,16:00:00,2018
j p nagar,2 wheeler theft,12.89921,77.57162,,10:30:00,2018
j p nagar,2 wheeler theft,12.904843,77.589547,,15:00:00,2018
j p nagar,2 wheeler theft,12.88985,77.5926694,,17:10:00,2018
j p nagar,2 wheeler theft,12.8970333,77.5708944,,12:30:00,2018
j p nagar,2 wheeler theft,12.8897361,77.585625,,10:30:00,2018
j p nagar,2 wheeler theft,12.9049722,77.5968167,,15:00:00,2018
j p nagar,2 wheeler theft,12.8970333,77.5708944,,11:30:00,2018
j p nagar,2 wheeler theft,12.9024028,77.581975,,12:00:00,2018
j p nagar,2 wheeler theft,12.8970333,77.5708944,,11:30:00,2018
j p nagar,2 wheeler theft,12.904981,77.588136,,18:00:00,2018
j p nagar,2 wheeler theft,12.8947972,77.5817556,,14:00:00,2018
j p nagar,2 wheeler theft,12.8880056,77.5710194,,12:20:00,2018
j p nagar,2 wheeler theft,12.8880056,77.5710194,,12:00:00,2018
j p nagar,2 wheeler theft,12.9039389,77.5826583,,14:10:00,2018
j p nagar,2 wheeler theft,12.8926056,77.5981333,,17:00:00,2018
j p nagar,2 wheeler theft,12.906348,77.59955,2018-02-22,10:45:00,2018
j p nagar,2 wheeler theft,12.906348,77.59955,,11:30:00,2018
j p nagar,2 wheeler theft,12.882375,77.5954639,,13:07:00,2018
j p nagar,2 wheeler theft,12.9057833,77.5920667,,14:00:00,2018
j p nagar,2 wheeler theft,12.889336,77.588762,,13:27:00,2018
j p nagar,2 wheeler theft,12.8978861,77.5729806,,11:30:00,2018
j p nagar,2 wheeler theft,12.9039389,77.5826583,,12:30:00,2018
j p nagar,2 wheeler theft,12.8880056,77.5710194,,10:45:00,2018
j p nagar,2 wheeler theft,12.8900111,77.5884694,,16:30:00,2018
j p nagar,2 wheeler theft,12.9057833,77.5920667,,10:30:00,2018
j p nagar,2 wheeler theft,12.8971917,77.5814,,10:30:00,2018
j p nagar,2 wheeler theft,12.891019,77.582689,,10:10:00,2018
j p nagar,2 wheeler theft,12.8970333,77.5708944,,11:30:00,2018
j p nagar,2 wheeler theft,12.9057833,77.5920667,,12:00:00,2018
j p nagar,2 wheeler theft,12.9049778,77.5974694,,10:30:00,2018
j p nagar,2 wheeler theft,12.8958139,77.5869917,,11:40:00,2018
j p nagar,2 wheeler theft,12.8970333,77.5708944,,10:30:00,2018
j p nagar,2 wheeler theft,12.9049722,77.5968167,,13:15:00,2018
j p nagar,2 wheeler theft,12.903097,77.597421,,14:45:00,2018
j p nagar,2 wheeler theft,12.8970333,77.5708944,,17:30:00,2018
j p nagar,2 wheeler theft,12.902214,77.595617,,12:45:00,2018
j p nagar,2 wheeler theft,12.8971917,77.5814,,12:10:00,2018
j p nagar,2 wheeler theft,12.8970333,77.5708944,,12:15:00,2018
j p nagar,2 wheeler theft,12.8874556,77.59245,,11:30:00,2018
j p nagar,2 wheeler theft,12.8880056,77.5710194,,14:50:00,2018
j p nagar,2 wheeler theft,12.9004833,77.6006167,,18:15:00,2018
j p nagar,2 wheeler theft,12.88985,77.5926694,,10:30:00,2018
j p nagar,2 wheeler theft,12.9004833,77.6006167,,11:45:00,2018
j p nagar,2 wheeler theft,12.9024028,77.581975,,11:00:00,2018
j p nagar,2 wheeler theft,12.9024028,77.581975,,11:00:00,2018
j p nagar,2 wheeler theft,12.890857,77.582768,,11:30:00,2018
j p nagar,2 wheeler theft,12.8880056,77.5710194,,12:00:00,2018
j p nagar,2 wheeler theft,12.8978861,77.5729806,,11:30:00,2018
j p nagar,2 wheeler theft,12.9046389,77.5803333,,14:30:00,2018
j p nagar,2 wheeler theft,12.8978528,77.5726861,,14:30:00,2018
j p nagar,2 wheeler theft,12.9046389,77.5803333,,12:00:00,2018
j p nagar,2 wheeler theft,12.9046389,77.5803333,,13:00:00,2018
j p nagar,2 wheeler theft,12.9046389,77.5803333,,18:30:00,2018
j p nagar,2 wheeler theft,12.8938444,77.59875,,10:25:00,2018
j p nagar,2 wheeler theft,12.8861139,77.5824778,,18:15:00,2019
j p nagar,2 wheeler theft,12.897192,77.580155,,18:15:00,2019
j p nagar,2 wheeler theft,12.8947972,77.5817556,,12:05:00,2019
j p nagar,2 wheeler theft,12.9024028,77.581975,,11:30:00,2019
j p nagar,2 wheeler theft,12.88985,77.5926694,,11:30:00,2019
j p nagar,2 wheeler theft,12.8874556,77.59245,,14:05:00,2019
j p nagar,2 wheeler theft,12.8970333,77.5708944,,12:10:00,2019
j p nagar,2 wheeler theft,12.8970333,77.5708944,,11:00:00,2019
j p nagar,2 wheeler theft,12.8880056,77.5710194,,11:15:00,2019
j p nagar,2 wheeler theft,12.9024028,77.581975,,13:45:00,2019
j p nagar,2 wheeler theft,12.9038778,77.5914056,,14:30:00,2019
j p nagar,2 wheeler theft,12.9012806,77.5814194,,16:00:00,2019
j p nagar,2 wheeler theft,12.9024028,77.581975,,11:30:00,2019
j p nagar,2 wheeler theft,12.8978861,77.5729806,,11:45:00,2019
j p nagar,2 wheeler theft,12.9049722,77.5968167,,16:00:00,2019
j p nagar,2 wheeler theft,12.8916333,77.5857806,,16:15:00,2019
j p nagar,2 wheeler theft,12.8926056,77.5981333,,14:20:00,2019
j p nagar,2 wheeler theft,12.9057972,77.6003278,,12:30:00,2019
j p nagar,2 wheeler theft,12.8938444,77.59875,,15:00:00,2019
j p nagar,2 wheeler theft,12.9046389,77.5803333,,10:20:00,2019
j p nagar,2 wheeler theft,12.902465,77.584011,,15:00:00,2019
j p nagar,2 wheeler theft,12.88087,77.5855,,15:00:00,2019
j p nagar,2 wheeler theft,12.9039389,77.5826583,,10:30:00,2019
j p nagar,2 wheeler theft,12.8874556,77.59245,,10:30:00,2019
j p nagar,2 wheeler theft,12.88087,77.5855,,16:00:00,2019
j p nagar,2 wheeler theft,12.9046389,77.5803333,,11:00:00,2019
j p nagar,2 wheeler theft,12.9046389,77.5803333,,11:00:00,2019
j p nagar,2 wheeler theft,12.9057833,77.5920667,,11:00:00,2019
j p nagar,2 wheeler theft,12.8861139,77.5824778,,14:10:00,2019
j p nagar,2 wheeler theft,12.8947972,77.5817556,,13:30:00,2019
j p nagar,2 wheeler theft,12.8916333,77.5857806,,11:15:00,2019
j p nagar,2 wheeler theft,12.897492,77.582135,,10:30:00,2019
j p nagar,2 wheeler theft,12.8861139,77.5824778,,11:00:00,2019
j p nagar,2 wheeler theft,12.904838,77.575535,,13:30:00,2019
j p nagar,2 wheeler theft,12.90644,77.573289,,12:15:00,2019
j p nagar,2 wheeler theft,12.885152,77.583805,,17:30:00,2019
j p nagar,2 wheeler theft,12.903586,77.59154,,18:15:00,2019
j p nagar,2 wheeler theft,12.886115,77.59353,,16:15:00,2019
j p nagar,2 wheeler theft,12.894337,77.588356,,15:00:00,2019
j p nagar,2 wheeler theft,12.903586,77.591,,11:00:00,2019
j p nagar,2 wheeler theft,12.88297,77.584529,,10:45:00,2019
j p nagar,2 wheeler theft,12.887372,77.597209,,13:15:00,2019
j p nagar,2 wheeler theft,12.9162974,77.5707956,,16:00:00,2015
j p nagar,2 wheeler theft,12.9061712,77.5698458,,15:00:00,2015
j p nagar,2 wheeler theft,12.9026073,77.5614887,,16:30:00,2015
j p nagar,2 wheeler theft,12.9071512,77.5706533,,09:45:00,2015
j p nagar,2 wheeler theft,12.8996966,77.5716116,,11:30:00,2015
j p nagar,2 wheeler theft,12.9080333,77.5632487,,22:40:00,2015
j p nagar,2 wheeler theft,12.9080333,77.5632487,,10:30:00,2015
j p nagar,2 wheeler theft,12.8964475,77.5667368,,15:30:00,2015
j p nagar,2 wheeler theft,12.9124941,77.5724057,,13:00:00,2015
j p nagar,2 wheeler theft,12.8907542,77.5645057,,18:30:00,2015
j p nagar,2 wheeler theft,12.9026073,77.5614887,,19:00:00,2015
j p nagar,2 wheeler theft,12.9094534,77.5650952,,11:30:00,2015
j p nagar,2 wheeler theft,12.9114198,77.5620769,,18:00:00,2015
j p nagar,2 wheeler theft,12.9082211,77.5691572,,12:00:00,2015
j p nagar,2 wheeler theft,12.9077017,77.5713098,,12:15:00,2015
j p nagar,2 wheeler theft,12.9094534,77.5650952,,12:45:00,2015
j p nagar,2 wheeler theft,12.9061712,77.5698458,,11:00:00,2015
j p nagar,2 wheeler theft,12.9012989,77.5643151,,10:45:00,2015
j p nagar,2 wheeler theft,12.8903442,77.5642779,,15:00:00,2015
j p nagar,2 wheeler theft,12.908067,77.5611409,,11:00:00,2015
j p nagar,2 wheeler theft,12.9133048,77.568035,,11:45:00,2015
j p nagar,2 wheeler theft,12.8957622,77.5599416,,09:30:00,2015
j p nagar,2 wheeler theft,12.9026073,77.5614887,,11:30:00,2015
j p nagar,2 wheeler theft,12.8903442,77.5642779,,11:20:00,2015
j p nagar,2 wheeler theft,12.9052771,77.5577766,,18:00:00,2015
j p nagar,2 wheeler theft,12.9080333,77.5632487,,10:00:00,2015
j p nagar,2 wheeler theft,12.9124183,77.5641048,,15:00:00,2015
j p nagar,2 wheeler theft,12.9025739,77.5659247,,14:10:00,2015
j p nagar,2 wheeler theft,12.9109359,77.5646697,,10:30:00,2015
j p nagar,2 wheeler theft,12.8928134,77.5666301,,14:30:00,2015
j p nagar,2 wheeler theft,12.9114198,77.5620769,,09:30:00,2015
j p nagar,2 wheeler theft,12.9105469,77.5607455,,18:00:00,2015
j p nagar,2 wheeler theft,12.9084422,77.563674,,11:00:00,2015
j p nagar,2 wheeler theft,12.9080333,77.5620769,,10:30:00,2015
j p nagar,2 wheeler theft,12.9091807,77.5656071,,12:30:00,2015
j p nagar,2 wheeler theft,12.9156669,77.5615653,,20:15:00,2015
j p nagar,2 wheeler theft,12.9076945,77.5719852,,,
j p nagar,2 wheeler theft,12.9080333,77.5632487,,21:30:00,2015
j p nagar,2 wheeler theft,12.9076945,77.5719852,,11:10:00,2015
j p nagar,2 wheeler theft,12.9073405,77.5726119,,12:00:00,2015
j p nagar,2 wheeler theft,12.9073405,77.5726119,,12:00:00,2015
j p nagar,2 wheeler theft,12.9053291,77.5632981,,21:30:00,2015
j p nagar,2 wheeler theft,12.9108218,77.5682452,,,2015
j p nagar,2 wheeler theft,12.9076945,77.5719852,,12:00:00,2015
j p nagar,2 wheeler theft,12.9076945,77.5719852,,15:00:00,2015
j p nagar,2 wheeler theft,12.9021794,77.5692409,,10:30:00,2015
j p nagar,2 wheeler theft,12.9141256,77.5633355,,20:00:00,2015
j p nagar,2 wheeler theft,12.9079108,77.5667368,,12:45:00,2015
j p nagar,2 wheeler theft,12.8985573,77.5691446,,23:30:00,2015
j p nagar,2 wheeler theft,12.9082211,77.5691572,,11:00:00,2015
j p nagar,2 wheeler theft,12.9026073,77.5614887,,10:15:00,2015
j p nagar,2 wheeler theft,12.8985246,77.5693946,,16:00:00,2015
j p nagar,2 wheeler theft,12.9143717,77.5605678,,15:00:00,
j p nagar,2 wheeler theft,12.9007992,77.555989,,17:00:00,2015
j p nagar,2 wheeler theft,12.8928134,77.5666301,,21:00:00,2015
j p nagar,2 wheeler theft,12.9141256,77.5633355,,11:00:00,2015
j p nagar,2 wheeler theft,12.908067,77.5611409,,14:00:00,2015
j p nagar,2 wheeler theft,12.9032437,77.5661908,,16:00:00,2015
j p nagar,2 wheeler theft,12.915572,77.5732156,,18:00:00,2015
j p nagar,2 wheeler theft,12.9133048,77.568035,,12:05:00,2015
j p nagar,2 wheeler theft,12.8995645,77.5593349,,11:30:00,2015
j p nagar,2 wheeler theft,12.9045265,77.5661519,,11:00:00,2015
j p nagar,2 wheeler theft,12.90594,77.5582308,,11:15:00,2015
j p nagar,2 wheeler theft,12.8993986,77.5725849,,11:30:00,2015
j p nagar,2 wheeler theft,12.9036664,77.5674609,,16:30:00,2015
j p nagar,2 wheeler theft,12.9107445,77.5614125,,15:45:00,2015
j p nagar,2 wheeler theft,12.8974156,77.5551514,,22:00:00,2015
j p nagar,2 wheeler theft,12.9124941,77.5724057,,10:00:00,2015
j p nagar,2 wheeler theft,12.9021875,77.5726242,,,2016
j p nagar,2 wheeler theft,12.8988075,77.57229,,18:15:00,2016
j p nagar,2 wheeler theft,12.9091038,77.5728123,,13:45:00,2016
j p nagar,2 wheeler theft,12.9045265,77.5661519,,18:00:00,2016
j p nagar,2 wheeler theft,12.9058823,77.5714811,,12:00:00,2016
j p nagar,2 wheeler theft,12.915572,77.5732156,2016-01-13,10:00:00,2016
j p nagar,2 wheeler theft,12.9005377,77.565996,2016-01-13,10:30:00,2016
j p nagar,2 wheeler theft,12.899713,77.5716675,2016-01-13,19:30:00,2016
j p nagar,2 wheeler theft,12.8928134,77.5666301,2016-01-15,13:00:00,2016
j p nagar,2 wheeler theft,12.9108218,77.5682452,2016-01-18,22:10:00,2016
j p nagar,2 wheeler theft,12.90849,77.5597687,2016-01-20,16:10:00,2016
j p nagar,2 wheeler theft,12.8957622,77.5599416,2016-01-23,09:00:00,2016
j p nagar,2 wheeler theft,12.9108218,77.5682452,2016-01-23,11:00:00,2016
j p nagar,2 wheeler theft,12.9021875,77.5726242,2016-01-26,10:00:00,2016
j p nagar,2 wheeler theft,12.9086134,77.5613875,2016-01-29,17:30:00,2016
j p nagar,2 wheeler theft,12.8974156,77.5551514,,17:30:00,2016
j p nagar,2 wheeler theft,12.8985402,77.5712254,,,2016
j p nagar,2 wheeler theft,12.9124183,77.5641048,2016-02-13,09:30:00,2016
j p nagar,2 wheeler theft,12.9012358,77.5547662,2016-02-22,20:00:00,2016
j p nagar,2 wheeler theft,12.9045265,77.5661519,2016-02-24,12:00:00,2016
j p nagar,2 wheeler theft,12.8974156,77.5551514,2016-02-24,14:00:00,2016
j p nagar,2 wheeler theft,12.9108218,77.5682452,2016-02-27,11:30:00,2016
j p nagar,2 wheeler theft,12.9002895,77.5698767,2016-02-28,10:15:00,2016
j p nagar,2 wheeler theft,12.9108218,77.5682452,,09:30:00,2016
j p nagar,2 wheeler theft,12.90849,77.5597687,,10:30:00,2016
j p nagar,2 wheeler theft,12.9151437,77.5694191,2016-03-15,16:30:00,2016
j p nagar,2 wheeler theft,12.9076945,77.5719852,2016-03-17,10:00:00,2016
j p nagar,2 wheeler theft,12.9080003,77.5691435,2016-03-18,13:20:00,2016
j p nagar,2 wheeler theft,12.9043309,77.5684682,2016-03-21,16:30:00,2016
j p nagar,2 wheeler theft,12.9136601,77.5652671,2016-03-27,11:55:00,2016
j p nagar,2 wheeler theft,12.9108218,77.5682452,2016-03-27,22:15:00,2016
j p nagar,2 wheeler theft,12.8974156,77.5551514,2016-03-29,13:00:00,2016
j p nagar,2 wheeler theft,12.9071512,77.5706533,,21:30:00,2016
j p nagar,2 wheeler theft,12.9058711,77.5646367,2016-04-13,10:00:00,2016
j p nagar,2 wheeler theft,12.9007992,77.555989,2016-04-24,,2016
j p nagar,2 wheeler theft,12.9105358,77.5641391,2016-04-25,,2016
j p nagar,2 wheeler theft,12.9076945,77.5719852,2016-04-28,,2016
j p nagar,2 wheeler theft,12.915572,77.5732156,2016-04-29,,2016
j p nagar,2 wheeler theft,12.9105358,77.5641391,,,2016
j p nagar,2 wheeler theft,12.9155359,77.5616258,2016-05-16,12:50:00,2016
j p nagar,2 wheeler theft,12.9053443,77.5686566,,10:00:00,2016
j p nagar,2 wheeler theft,12.9128404,77.5678647,,11:15:00,2016
j p nagar,2 wheeler theft,12.9021875,77.5726242,,16:00:00,2016
j p nagar,2 wheeler theft,12.9105469,77.5607455,,15:00:00,2016
j p nagar,2 wheeler theft,12.9085831,77.5651011,,19:30:00,2016
j p nagar,2 wheeler theft,12.9053443,77.5686566,,08:00:00,2016
j p nagar,2 wheeler theft,12.9086134,77.5613875,2016-06-17,15:10:00,2016
j p nagar,2 wheeler theft,12.9068106,77.5730762,2016-06-22,17:30:00,2016
j p nagar,2 wheeler theft,12.9080003,77.5691435,,15:15:00,2016
j p nagar,2 wheeler theft,12.8985486,77.5696633,2016-07-13,19:30:00,2016
j p nagar,2 wheeler theft,12.9012358,77.5547662,2016-07-22,13:30:00,2016
j p nagar,2 wheeler theft,12.9162974,77.5707956,,09:30:00,2016
j p nagar,2 wheeler theft,12.9026073,77.5616066,2016-08-15,17:00:00,2016
j p nagar,2 wheeler theft,12.8983588,77.5613959,2016-08-18,23:00:00,2016
j p nagar,2 wheeler theft,12.9099852,77.5626174,2016-08-25,13:40:00,2016
j p nagar,2 wheeler theft,12.9124183,77.5641048,,14:10:00,2016
j p nagar,2 wheeler theft,12.9124183,77.5641048,,12:45:00,2016
j p nagar,2 wheeler theft,12.9080333,77.5632487,,11:30:00,2016
j p nagar,2 wheeler theft,12.9029362,77.5682325,2016-09-20,11:15:00,2016
j p nagar,2 wheeler theft,12.9057414,77.5652835,2016-09-21,17:00:00,2016
j p nagar,2 wheeler theft,12.9124183,77.5641048,2016-09-23,10:00:00,2016
j p nagar,2 wheeler theft,12.9020804,77.5651518,2016-09-28,10:30:00,2016
j p nagar,2 wheeler theft,12.9021875,77.5726242,,09:30:00,2016
j p nagar,2 wheeler theft,12.9026073,77.5614887,,11:30:00,2016
j p nagar,2 wheeler theft,12.9026073,77.5614887,2016-10-17,18:00:00,2016
j p nagar,2 wheeler theft,12.9057414,77.5652835,2016-10-22,21:40:00,2016
j p nagar,2 wheeler theft,12.9094534,77.5650952,2016-10-23,12:30:00,2016
j p nagar,2 wheeler theft,12.8988075,77.57229,2016-10-24,11:00:00,2016
j p nagar,2 wheeler theft,12.9124183,77.5641048,2016-10-30,14:45:00,2016
j p nagar,2 wheeler theft,12.9108218,77.5682452,,10:15:00,2016
j p nagar,2 wheeler theft,12.9151437,77.5694191,,11:00:00,2016
j p nagar,2 wheeler theft,12.9142072,77.5618648,,13:00:00,2016
j p nagar,2 wheeler theft,12.9079108,77.5667368,2016-11-17,11:45:00,2016
j p nagar,2 wheeler theft,12.9073405,77.5726119,2016-11-23,17:15:00,2016
j p nagar,2 wheeler theft,12.8957622,77.5599416,2016-11-29,09:00:00,2016
j p nagar,2 wheeler theft,12.8964475,77.5667368,,17:00:00,2016
j p nagar,2 wheeler theft,12.9141256,77.5633355,2016-12-22,19:00:00,2016
j p nagar,2 wheeler theft,12.8999136,77.5724909,2016-12-31,11:45:00,2016
j p nagar,2 wheeler theft,12.9012358,77.5547662,,14:00:00,2017
j p nagar,2 wheeler theft,12.9108218,77.5682452,,14:00:00,2017
j p nagar,2 wheeler theft,12.9008928,77.5698814,,10:20:00,2017
j p nagar,2 wheeler theft,12.9141256,77.5633355,,10:40:00,2017
j p nagar,2 wheeler theft,12.908067,77.5611409,,16:00:00,2017
j p nagar,2 wheeler theft,12.8964475,77.5667368,,11:30:00,2017
j p nagar,2 wheeler theft,12.9027651,77.5616313,,11:00:00,2017
j p nagar,2 wheeler theft,12.9085203,77.5725265,,14:00:00,2017
j p nagar,2 wheeler theft,12.9078188,77.5605678,,,2017
j p nagar,2 wheeler theft,12.9108218,77.5682452,,09:00:00,2017
j p nagar,2 wheeler theft,12.9124183,77.5641048,,17:30:00,2017
j p nagar,2 wheeler theft,12.9008928,77.5698814,,15:00:00,2017
j p nagar,2 wheeler theft,12.9109359,77.5646697,,06:00:00,2017
j p nagar,2 wheeler theft,12.9111004,77.5664471,,,2017
j p nagar,2 wheeler theft,12.9109359,77.5646697,,,2017
j p nagar,2 wheeler theft,12.9085203,77.5725265,,,2017
j p nagar,2 wheeler theft,12.8928134,77.5666301,,,2017
j p nagar,2 wheeler theft,12.8952844,77.5662129,,,2017
j p nagar,2 wheeler theft,12.9021875,77.5726242,,,2017
j p nagar,2 wheeler theft,12.9012358,77.5547662,,,2017
j p nagar,2 wheeler theft,12.9151437,77.5694191,,,2017
j p nagar,2 wheeler theft,12.898195,77.5693753,,09:30:00,2017
j p nagar,2 wheeler theft,12.9108218,77.5682452,,,2017
j p nagar,2 wheeler theft,12.9143691,77.5733106,,,2017
j p nagar,2 wheeler theft,12.8952844,77.5662129,,,2017
j p nagar,2 wheeler theft,12.9094534,77.5650952,,11:30:00,2017
j p nagar,2 wheeler theft,12.9025429,77.5616066,,15:30:00,2017
j p nagar,2 wheeler theft,12.8987339,77.5582035,,16:30:00,2017
j p nagar,2 wheeler theft,12.8988075,77.57229,,10:15:00,2017
j p nagar,2 wheeler theft,12.9058711,77.5646367,,12:30:00,2017
j p nagar,2 wheeler theft,12.9105469,77.5607455,,17:00:00,2017
j p nagar,2 wheeler theft,12.8928134,77.5666301,,17:30:00,2017
j p nagar,2 wheeler theft,12.8985486,77.5696633,,18:10:00,2017
j p nagar,2 wheeler theft,12.9141256,77.5633355,,16:20:00,2017
j p nagar,2 wheeler theft,12.908067,77.5611409,,12:00:00,2017
j p nagar,2 wheeler theft,12.9080333,77.5632487,,17:30:00,2017
j p nagar,2 wheeler theft,12.9008928,77.5698814,,11:00:00,2017
j p nagar,2 wheeler theft,12.9124941,77.5724057,,13:00:00,2017
j p nagar,2 wheeler theft,12.9035617,77.5595982,,13:10:00,2017
j p nagar,2 wheeler theft,12.9023333,77.5689282,,16:30:00,2017
j p nagar,2 wheeler theft,12.8928134,77.5666301,,15:00:00,2017
j p nagar,2 wheeler theft,12.8982902,77.5692057,,10:00:00,2017
j p nagar,2 wheeler theft,12.898195,77.5693753,,18:00:00,2017
j p nagar,2 wheeler theft,12.9156669,77.5615653,,11:00:00,2017
j p nagar,2 wheeler theft,12.9144906,77.5721065,,10:40:00,2017
j p nagar,2 wheeler theft,12.9058711,77.5646367,,16:00:00,2017
j p nagar,2 wheeler theft,12.9166716,77.5734554,,18:30:00,2017
j p nagar,2 wheeler theft,12.9021875,77.5726242,,17:45:00,2017
j p nagar,2 wheeler theft,12.9135166,77.5670477,,17:00:00,2017
j p nagar,2 wheeler theft,12.9110294,77.5643474,,17:30:00,2017
j p nagar,2 wheeler theft,12.908067,77.5611409,,14:00:00,2017
j p nagar,2 wheeler theft,12.9080333,77.5632487,,16:00:00,2017
j p nagar,2 wheeler theft,12.9143691,77.5733106,,10:00:00,2017
j p nagar,2 wheeler theft,12.9098518,77.5654042,,16:30:00,2017
j p nagar,2 wheeler theft,12.9135166,77.5670477,,11:00:00,2017
j p nagar,2 wheeler theft,12.9111004,77.5664471,,11:30:00,2017
j p nagar,2 wheeler theft,12.9109359,77.5646697,,12:45:00,2017
j p nagar,2 wheeler theft,12.8903442,77.5642779,,17:00:00,2017
j p nagar,2 wheeler theft,12.9076945,77.5719852,,17:30:00,2017
j p nagar,2 wheeler theft,12.9012358,77.5547662,,,2017
j p nagar,2 wheeler theft,12.896673,77.5607514,,,2017
jayanagar,2 wheeler theft,12.9025429,77.5616066,,,2017
jayanagar,2 wheeler theft,12.9057414,77.5652835,,17:30:00,2017
jayanagar,2 wheeler theft,12.9023386,77.5653253,,12:30:00,2017
jayanagar,2 wheeler theft,12.908067,77.5611409,,08:45:00,2017
jayanagar,2 wheeler theft,12.9124183,77.5641048,,13:00:00,2017
jayanagar,2 wheeler theft,12.8928134,77.5666301,,15:00:00,2017
jayanagar,2 wheeler theft,12.9061712,77.5698458,,17:00:00,2017
jayanagar,2 wheeler theft,12.8988075,77.57229,,10:00:00,2017
jayanagar,2 wheeler theft,12.9124941,77.5724057,,18:30:00,2017
jayanagar,2 wheeler theft,12.8930002,77.5629813,,,2017
jayanagar,2 wheeler theft,12.9156669,77.5615653,,,2017
jayanagar,2 wheeler theft,12.8907542,77.5645057,,,2017
jayanagar,2 wheeler theft,12.9085203,77.5725265,,,2017
jayanagar,2 wheeler theft,12.8985486,77.5696633,,,2017
jayanagar,2 wheeler theft,12.9094534,77.5650952,,,2017
jayanagar,2 wheeler theft,12.9156669,77.5615653,,,2017
jayanagar,2 wheeler theft,12.9108218,77.5682452,,,2017
jayanagar,2 wheeler theft,12.9025429,77.5616066,,,2017
jayanagar,2 wheeler theft,12.9092425,77.5632516,,,2017
jayanagar,2 wheeler theft,12.9027651,77.5616313,,,2017
jayanagar,2 wheeler theft,12.8985486,77.5696633,,,2017
jayanagar,2 wheeler theft,12.9080333,77.5632487,,,2017
jayanagar,2 wheeler theft,12.9080333,77.5632487,,,2017
jayanagar,2 wheeler theft,12.896673,77.5607514,,,2017
jayanagar,2 wheeler theft,12.9108218,77.5682452,,,2017
jayanagar,2 wheeler theft,12.9133048,77.568035,,,2017
jayanagar,2 wheeler theft,12.9076945,77.5719852,,,2017
jayanagar,2 wheeler theft,12.9133048,77.568035,,,2017
jayanagar,2 wheeler theft,12.9141256,77.5633355,,,2017
jayanagar,2 wheeler theft,12.9151437,77.5694191,,,2017
jayanagar,2 wheeler theft,12.9058711,77.5646367,,,2017
jayanagar,2 wheeler theft,12.8983588,77.5613959,,,2017
jayanagar,2 wheeler theft,12.8928134,77.5666301,,,2017
jayanagar,2 wheeler theft,12.9162974,77.5707956,,,2017
jayanagar,2 wheeler theft,12.9085203,77.5725265,,,2017
jayanagar,2 wheeler theft,12.9057414,77.5652835,,,2017
jayanagar,2 wheeler theft,12.9162974,77.5707956,,,2017
jayanagar,2 wheeler theft,12.9076945,77.5719852,,,2017
jayanagar,2 wheeler theft,12.9094534,77.5650952,,,2017
jayanagar,2 wheeler theft,12.8952844,77.5662129,,,2017
jayanagar,2 wheeler theft,12.9021875,77.5726242,,,2017
jayanagar,2 wheeler theft,12.9109359,77.5646697,,,2017
jayanagar,2 wheeler theft,12.9109359,77.5646697,,,2017
jayanagar,2 wheeler theft,12.9082211,77.5691572,,,2017
jayanagar,2 wheeler theft,12.908067,77.5611409,,,2017
jayanagar,2 wheeler theft,12.8928134,77.5666301,,19:30:00,2018
jayanagar,2 wheeler theft,12.9108218,77.5682452,,17:30:00,2018
jayanagar,2 wheeler theft,12.9026073,77.5614887,,10:30:00,2018
jayanagar,2 wheeler theft,12.9061712,77.5698458,,18:00:00,2018
jayanagar,2 wheeler theft,12.9156669,77.5615653,,15:00:00,2018
jayanagar,2 wheeler theft,12.9076945,77.5719852,,13:00:00,2018
jayanagar,2 wheeler theft,12.9162974,77.5707956,,14:00:00,2018
jayanagar,2 wheeler theft,12.8996966,77.5716116,,10:30:00,2018
jayanagar,2 wheeler theft,12.9012358,77.5547662,,12:30:00,2018
jayanagar,2 wheeler theft,12.9050964,77.571337,,10:00:00,2018
jayanagar,2 wheeler theft,12.9021875,77.5726242,,,2018
jayanagar,2 wheeler theft,12.8952844,77.5662129,,,2018
jayanagar,2 wheeler theft,12.90849,77.5597687,,,2018
jayanagar,2 wheeler theft,12.9080333,77.5632487,,,2018
jayanagar,2 wheeler theft,12.9061712,77.5698458,,12:15:00,2018
jayanagar,2 wheeler theft,12.9057414,77.5652835,,,2018
jayanagar,2 wheeler theft,12.9156669,77.5615653,,,2018
jayanagar,2 wheeler theft,12.908067,77.5611409,,,2018
jayanagar,2 wheeler theft,12.9135166,77.5670477,,,2018
jayanagar,2 wheeler theft,12.9099852,77.5626174,,12:15:00,2018
jayanagar,2 wheeler theft,12.9021875,77.5726242,,,2018
jayanagar,2 wheeler theft,12.9057414,77.5652835,,17:30:00,2018
jayanagar,2 wheeler theft,12.9061712,77.5698458,,18:20:00,2018
jayanagar,2 wheeler theft,12.9082211,77.5691572,,,2018
jayanagar,2 wheeler theft,12.9141256,77.5633355,,,2018
jayanagar,2 wheeler theft,12.9076945,77.5719852,,,2018
jayanagar,2 wheeler theft,12.9085203,77.5725265,,,2018
jayanagar,2 wheeler theft,12.9114198,77.5620769,,,2018
jayanagar,2 wheeler theft,12.8952844,77.5662129,,,2018
jayanagar,2 wheeler theft,12.9082211,77.5691572,,,2018
jayanagar,2 wheeler theft,12.8952844,77.5662129,,,2018
jayanagar,2 wheeler theft,12.9011495,77.5706466,,,2018
jayanagar,2 wheeler theft,12.8903442,77.5642779,,,2018
jayanagar,2 wheeler theft,12.908067,77.5611409,,,2018
jayanagar,2 wheeler theft,12.9073405,77.5726119,,,2018
jayanagar,2 wheeler theft,12.9058711,77.5646367,,,2018
jayanagar,2 wheeler theft,12.9109359,77.5646697,,,2018
jayanagar,2 wheeler theft,12.8957622,77.5599416,,,2018
jayanagar,2 wheeler theft,12.9124941,77.5724057,,,2018
jayanagar,2 wheeler theft,12.9105469,77.5607455,,,2018
jayanagar,2 wheeler theft,12.8952844,77.5662129,,,2018
jayanagar,2 wheeler theft,12.9061712,77.5698458,,,2018
jayanagar,2 wheeler theft,12.9109359,77.5646697,,,2018
jayanagar,2 wheeler theft,12.90849,77.5597687,,,2018
jayanagar,2 wheeler theft,12.9114198,77.5620769,,,2018
jayanagar,2 wheeler theft,12.9073405,77.5726119,,,2018
jayanagar,2 wheeler theft,12.8952844,77.5662129,,,2018
jayanagar,2 wheeler theft,12.9108218,77.5682452,,,2018
jayanagar,2 wheeler theft,12.9023333,77.5689282,,,2018
jayanagar,2 wheeler theft,12.8957622,77.5599416,,,2018
jayanagar,2 wheeler theft,12.9025429,77.5616066,,,2018
jayanagar,2 wheeler theft,12.9021875,77.5726242,,,2018
jayanagar,2 wheeler theft,12.9076945,77.5719852,,,2018
jayanagar,2 wheeler theft,12.9108218,77.5682452,,,2018
jayanagar,2 wheeler theft,12.9156669,77.5615653,,,2018
jayanagar,2 wheeler theft,12.9133048,77.568035,,,2018
jayanagar,2 wheeler theft,12.9143691,77.5733106,,,2018
jayanagar,2 wheeler theft,12.8928134,77.5666301,,,2018
jayanagar,2 wheeler theft,12.9124183,77.5641048,,,2018
jayanagar,2 wheeler theft,12.8907542,77.5645057,,,2018
jayanagar,2 wheeler theft,12.9108218,77.5682452,,,2018
jayanagar,2 wheeler theft,12.90849,77.5597687,,,2018
jayanagar,2 wheeler theft,12.9141256,77.5633355,,,2018
jayanagar,2 wheeler theft,12.9012358,77.5547662,,,2018
jayanagar,2 wheeler theft,12.9061712,77.5698458,,,2018
jayanagar,2 wheeler theft,12.8985982,77.5568979,,,2018
jayanagar,2 wheeler theft,12.9057414,77.5652835,,,2018
jayanagar,2 wheeler theft,12.9012358,77.5547662,,,2018
jayanagar,2 wheeler theft,12.9077017,77.5713098,,19:30:00,2018
jayanagar,2 wheeler theft,12.9061712,77.5698458,,19:30:00,2018
jayanagar,2 wheeler theft,12.907211,77.5697575,,18:15:00,2018
jayanagar,2 wheeler theft,12.8928134,77.5666301,,11:00:00,2019
jayanagar,2 wheeler theft,12.9124183,77.5641048,,11:15:00,2019
jayanagar,2 wheeler theft,12.9061712,77.5698458,,17:00:00,2019
jayanagar,2 wheeler theft,12.9076945,77.5719852,,12:00:00,2019
jayanagar,2 wheeler theft,12.8952844,77.5662129,,18:00:00,2019
jayanagar,2 wheeler theft,12.9012358,77.5547662,,18:30:00,2019
jayanagar,2 wheeler theft,12.9118926,77.5668834,,13:00:00,2019
jayanagar,2 wheeler theft,12.9061712,77.5698458,,16:50:00,2019
jayanagar,2 wheeler theft,12.9135166,77.5670477,,10:30:00,2019
jayanagar,2 wheeler theft,12.9008928,77.5698814,,13:45:00,2019
jayanagar,2 wheeler theft,12.9050964,77.571337,,,2019
jayanagar,2 wheeler theft,12.9108218,77.5682452,,21:15:00,2019
jayanagar,2 wheeler theft,12.8957622,77.5599416,,09:30:00,2019
jayanagar,2 wheeler theft,12.898195,77.5693753,,15:30:00,2019
jayanagar,2 wheeler theft,12.9108218,77.5682452,,19:30:00,2019
jayanagar,2 wheeler theft,12.9085203,77.5725265,,16:30:00,2019
jayanagar,2 wheeler theft,12.9141256,77.5633355,,16:00:00,2019
jayanagar,2 wheeler theft,12.9061712,77.5698458,,10:30:00,2019
jayanagar,2 wheeler theft,12.9057414,77.5652835,,16:30:00,2019
jayanagar,2 wheeler theft,12.9078188,77.5605678,,13:30:00,2019
jayanagar,2 wheeler theft,12.9124183,77.5641048,,16:00:00,2019
jayanagar,2 wheeler theft,12.8985982,77.5568979,,12:00:00,2019
jayanagar,2 wheeler theft,12.9057414,77.5652835,,14:15:00,2019
jayanagar,2 wheeler theft,12.9108218,77.5682452,,14:30:00,2019
jayanagar,2 wheeler theft,12.9124183,77.5641048,,15:15:00,2019
jayanagar,2 wheeler theft,12.9052771,77.5577766,,12:30:00,2019
jayanagar,2 wheeler theft,12.9109606,77.5639519,,,2019
jayanagar,2 wheeler theft,12.8964475,77.5667368,,20:00:00,2019
jayanagar,2 wheeler theft,12.8928134,77.5666301,,16:30:00,2019
jayanagar,2 wheeler theft,12.90849,77.5597687,,12:00:00,2019
jayanagar,2 wheeler theft,12.9155359,77.5616258,,12:30:00,2019
jayanagar,2 wheeler theft,12.9133048,77.568035,,12:30:00,2019
jayanagar,2 wheeler theft,12.9023386,77.5653253,,,2019
jayanagar,2 wheeler theft,12.8907542,77.5645057,,17:00:00,2019
jayanagar,2 wheeler theft,12.9080333,77.5632487,,,2019
jayanagar,2 wheeler theft,12.9109359,77.5646697,,13:30:00,2019
jayanagar,2 wheeler theft,12.9124941,77.5724057,,11:50:00,2019
jayanagar,2 wheeler theft,12.9111004,77.5664471,,14:15:00,2019
jayanagar,2 wheeler theft,12.9050964,77.571337,,15:30:00,2019
jayanagar,2 wheeler theft,12.908067,77.5611409,,16:00:00,2019
jayanagar,2 wheeler theft,12.9080333,77.5632487,,16:50:00,2019
jayanagar,2 wheeler theft,12.8928134,77.5666301,,11:00:00,2019
jayanagar,2 wheeler theft,12.9082211,77.5691572,,15:00:00,2019
jayanagar,2 wheeler theft,12.908067,77.5611409,,19:00:00,2019
jayanagar,2 wheeler theft,12.9036664,77.5674609,,18:10:00,2019
jayanagar,2 wheeler theft,12.9136601,77.5652671,,13:30:00,2019
jayanagar,2 wheeler theft,12.9094534,77.5650952,,11:20:00,2019
jayanagar,2 wheeler theft,12.9035617,77.5595982,,15:00:00,2019
jayanagar,2 wheeler theft,12.9082211,77.5691572,,10:30:00,2019
jayanagar,2 wheeler theft,12.9156669,77.5615653,,16:30:00,2019
jayanagar,2 wheeler theft,12.9162974,77.5707956,,15:00:00,2019
jayanagar,2 wheeler theft,12.9025429,77.5616066,,11:30:00,2019
jayanagar,2 wheeler theft,12.8983588,77.5613959,,11:30:00,2019
jayanagar,2 wheeler theft,12.9111004,77.5664471,,20:10:00,2019
jayanagar,2 wheeler theft,12.9021875,77.5726242,,22:30:00,2019
jayanagar,2 wheeler theft,12.8985486,77.5696633,,16:00:00,2019
jayanagar,2 wheeler theft,12.90849,77.5597687,,13:00:00,2019
jayanagar,2 wheeler theft,12.9082211,77.5691572,,15:00:00,2019
jayanagar,2 wheeler theft,12.9092425,77.5632516,,13:45:00,2019
jayanagar,2 wheeler theft,12.9080333,77.5632487,,15:00:00,2019
jayanagar,2 wheeler theft,12.9027651,77.5616313,,14:15:00,2019
jayanagar,2 wheeler theft,12.9124941,77.5724057,,12:00:00,2019
jayanagar,2 wheeler theft,12.9109359,77.5646697,,12:15:00,2019
jayanagar,2 wheeler theft,12.9135166,77.5670477,,11:00:00,2019
jayanagar,2 wheeler theft,12.9008928,77.5698814,,18:30:00,2019
jayanagar,2 wheeler theft,12.8995645,77.5593349,,,2019
jayanagar,2 wheeler theft,12.9057414,77.5652835,,17:30:00,2019
jayanagar,2 wheeler theft,12.9141256,77.5633355,,19:00:00,2019
jayanagar,2 wheeler theft,12.9151437,77.5694191,,20:45:00,2019
jayanagar,2 wheeler theft,12.8983588,77.5613959,,15:30:00,2019
jayanagar,2 wheeler theft,12.8983588,77.5613959,,12:30:00,2019
jayanagar,2 wheeler theft,12.9156669,77.5615653,,14:30:00,2019
jayanagar,2 wheeler theft,12.9091038,77.5728123,,11:00:00,2019
jayanagar,2 wheeler theft,12.8993986,77.5725849,,11:30:00,2019
jayanagar,2 wheeler theft,12.932885,77.537074,2015-01-27,10:30:00,2015
jayanagar,2 wheeler theft,12.941216,77.552572,2015-01-27,16:00:00,2015
jayanagar,2 wheeler theft,12.933678,77.537656,2015-02-17,09:10:00,2015
jayanagar,2 wheeler theft,12.943467,77.548921,2015-02-17,15:00:00,2015
jayanagar,2 wheeler theft,12.931249,77.536676,2015-02-25,11:00:00,2015
jayanagar,2 wheeler theft,12.94155,77.550038,2015-02-27,10:30:00,2015
jayanagar,2 wheeler theft,12.936808,77.549936,2015-03-24,21:00:00,2015
jayanagar,2 wheeler theft,12.9276,77.5412,2015-04-19,14:45:00,2015
jayanagar,2 wheeler theft,12.942317,77.546188,,17:00:00,2015
jayanagar,2 wheeler theft,12.933637,77.535893,2015-05-25,11:00:00,2015
jayanagar,2 wheeler theft,12.9163766,77.5361332,2015-06-14,16:40:00,2015
jayanagar,2 wheeler theft,12.933849,77.539052,2015-06-16,17:30:00,2015
jayanagar,2 wheeler theft,12.93014,77.53964,,15:50:00,2015
jayanagar,2 wheeler theft,12.931815,77.537104,2015-07-26,10:15:00,2015
jayanagar,2 wheeler theft,12.940137,77.540757,,10:10:00,2015
jayanagar,2 wheeler theft,12.934724,77.540023,,14:40:00,2015
jayanagar,2 wheeler theft,12.9402,77.5534,2015-09-25,13:00:00,2015
jayanagar,2 wheeler theft,12.932,77.5376,,15:20:00,2015
jayanagar,2 wheeler theft,12.92598,77.537346,2015-11-25,18:30:00,2015
jayanagar,2 wheeler theft,12.943841,77.545661,2015-11-27,11:40:00,2015
jayanagar,2 wheeler theft,12.940461,77.539963,2015-12-31,13:30:00,2015
jayanagar,2 wheeler theft,12.943464,77.548344,2015-12-31,15:40:00,2015
jayanagar,2 wheeler theft,12.9345271,77.5435215,2016-01-20,12:20:00,2016
jayanagar,2 wheeler theft,12.824,77.6858,2016-01-26,14:30:00,2016
jayanagar,2 wheeler theft,12.937635,77.551927,,13:15:00,2016
jayanagar,2 wheeler theft,12.939235,77.534342,,18:15:00,2016
jayanagar,2 wheeler theft,12.940003,77.53519,2016-04-14,19:00:00,2016
jayanagar,2 wheeler theft,12.933925,77.546335,2016-05-27,12:00:00,2016
jayanagar,2 wheeler theft,12.940966,77.541314,2016-05-30,13:50:00,2016
jayanagar,2 wheeler theft,12.9408855,77.5563292,2016-05-31,10:50:00,2016
jayanagar,2 wheeler theft,12.933023,77.535635,2016-06-13,11:10:00,2016
jayanagar,2 wheeler theft,12.934419,77.536231,2016-06-20,19:30:00,2016
jayanagar,2 wheeler theft,12.926708,77.537706,,13:30:00,2016
jayanagar,2 wheeler theft,12.937823,77.552329,,15:30:00,2016
jayanagar,2 wheeler theft,12.93901,77.551396,,15:00:00,2016
jayanagar,2 wheeler theft,12.93272,77.548864,,15:30:00,2016
jayanagar,2 wheeler theft,12.926906,77.539208,,16:00:00,2016
jayanagar,2 wheeler theft,12.944243,77.540517,2016-07-18,14:10:00,2016
jayanagar,2 wheeler theft,12.94233,77.55764,2016-07-19,19:00:00,2016
jayanagar,2 wheeler theft,12.9413,77.552608,,15:00:00,2016
jayanagar,2 wheeler theft,12.943464,77.548344,2016-09-27,18:20:00,2016
jayanagar,2 wheeler theft,12.941058,77.538891,,17:30:00,2016
jayanagar,2 wheeler theft,12.946276,77.548982,2017-01-27,14:30:00,2017
jayanagar,2 wheeler theft,12.930649,77.542598,2017-02-13,10:10:00,2017
jayanagar,2 wheeler theft,12.940433,77.551516,2017-02-26,11:30:00,2017
jayanagar,2 wheeler theft,12.939954,77.549348,,11:55:00,2017
jayanagar,2 wheeler theft,12.938374,77.533643,,15:30:00,2017
jayanagar,2 wheeler theft,12.937863,77.546965,2017-03-18,18:30:00,2017
jayanagar,2 wheeler theft,12.937483,77.549202,2017-04-14,18:10:00,2017
jayanagar,2 wheeler theft,12.940702,77.538779,2017-05-26,11:35:00,2017
jayanagar,2 wheeler theft,12.940656,77.551535,2017-06-13,14:30:00,2017
jayanagar,2 wheeler theft,12.93359,77.53568,,18:30:00,2017
jayanagar,2 wheeler theft,12.86945,77.548967,2017-07-28,16:35:00,2017
jayanagar,2 wheeler theft,12.930481,77.537762,2017-09-14,10:10:00,2017
jayanagar,2 wheeler theft,12.92468,77.537803,2017-09-19,13:00:00,2017
jayanagar,2 wheeler theft,12.940001,77.54371,2017-09-20,18:10:00,2017
jayanagar,2 wheeler theft,12.9421221,77.541273,2017-09-21,15:10:00,2017
jayanagar,2 wheeler theft,12.929938,77.5341,2017-10-13,15:00:00,2017
jayanagar,2 wheeler theft,12.938744,77.539196,,18:30:00,2017
jayanagar,2 wheeler theft,12.938639,77.544929,,17:30:00,2017
jayanagar,2 wheeler theft,12.942035,77.542716,2017-11-28,10:30:00,2017
jayanagar,2 wheeler theft,12.934339,77.536792,,12:30:00,2017
jayanagar,2 wheeler theft,12.927,77.539528,2017-12-18,12:15:00,2017
jayanagar,2 wheeler theft,12.928223,77.540142,2017-12-19,14:15:00,2017
jayanagar,2 wheeler theft,12.939531,77.544691,,14:10:00,2018
jayanagar,2 wheeler theft,12.942859,77.54364,,16:00:00,2018
jayanagar,2 wheeler theft,12.933594,77.5458,,12:45:00,2018
jayanagar,2 wheeler theft,12.941828,77.545858,,11:15:00,2018
jayanagar,2 wheeler theft,12.928114,77.541032,,10:45:00,2018
jayanagar,2 wheeler theft,12.929037,77.532915,,12:45:00,2018
jayanagar,2 wheeler theft,12.929027,77.532914,,09:30:00,2018
jayanagar,2 wheeler theft,12.934758,77.543265,,17:00:00,2018
jayanagar,2 wheeler theft,12.937601,77.542197,,17:30:00,2018
jayanagar,2 wheeler theft,12.929021,77.532912,,16:15:00,2018
jayanagar,2 wheeler theft,12.926021,77.532712,,10:30:00,2018
jayanagar,2 wheeler theft,12.934271,77.53444,,11:00:00,2018
jayanagar,2 wheeler theft,12.952511,77.549504,,12:00:00,2018
jayanagar,2 wheeler theft,12.941911,77.552375,,18:45:00,2018
jayanagar,2 wheeler theft,12.927274,77.534252,,14:30:00,2018
jayanagar,2 wheeler theft,12.926545,77.540534,,11:00:00,2018
jayanagar,2 wheeler theft,12.926545,77.54052,,16:00:00,2018
jayanagar,2 wheeler theft,12.941201,77.542656,,16:30:00,2018
jayanagar,2 wheeler theft,12.944742,77.549168,,11:30:00,2018
jayanagar,2 wheeler theft,12.941292,77.545851,,10:30:00,2018
jayanagar,2 wheeler theft,12.932724,77.54509,,12:00:00,2018
jayanagar,2 wheeler theft,12.932127,77.53752,,09:30:00,2018
jayanagar,2 wheeler theft,12.934732,77.543542,,10:30:00,2018
jayanagar,2 wheeler theft,12.937405,77.559019,,12:45:00,2018
jayanagar,2 wheeler theft,12.93382,77.537657,,11:00:00,2018
jayanagar,2 wheeler theft,12.9348,77.548851,,11:30:00,2018
jayanagar,2 wheeler theft,12.943221,77.551224,,15:00:00,2018
jayanagar,2 wheeler theft,12.93973,77.545269,,13:00:00,2018
jayanagar,2 wheeler theft,12.933616,77.533395,,16:30:00,2018
jayanagar,2 wheeler theft,12.933005,77.542065,,18:30:00,2018
jayanagar,2 wheeler theft,12.92943,77.546174,,12:00:00,2018
jayanagar,2 wheeler theft,12.930673,77.541399,,18:00:00,2018
jayanagar,2 wheeler theft,12.933028,77.53616,,16:00:00,2018
jayanagar,2 wheeler theft,12.93298,77.543597,,16:30:00,2018
jayanagar,2 wheeler theft,12.936383,77.543796,,16:00:00,2018
jayanagar,2 wheeler theft,12.9434685,77.5452942,,15:00:00,2019
jayanagar,2 wheeler theft,12.934706,77.53443,,10:15:00,2019
jayanagar,2 wheeler theft,12.94341,77.543073,,14:30:00,2019
jayanagar,2 wheeler theft,12.936383,77.543796,,17:30:00,2019
jayanagar,2 wheeler theft,12.932648,77.539994,,13:00:00,2019
jayanagar,2 wheeler theft,12.92929,77.546502,,10:00:00,2019
jayanagar,2 wheeler theft,12.942077,77.555857,,19:30:00,2019
jayanagar,2 wheeler theft,12.928227,77.53953,,11:00:00,2019
jayanagar,2 wheeler theft,12.94276,77.542377,,17:00:00,2019
jayanagar,2 wheeler theft,12.93667,77.551998,,13:30:00,2019
jayanagar,2 wheeler theft,12.931889,77.539962,,12:45:00,2019
jayanagar,2 wheeler theft,12.928457,77.539916,,15:15:00,2019
jayanagar,2 wheeler theft,12.930967,77.536328,,17:45:00,2019
jayanagar,2 wheeler theft,12.932878,77.535647,,16:30:00,2019
jayanagar,2 wheeler theft,12.936324,77.552162,,15:40:00,2019
jayanagar,2 wheeler theft,12.933363,77.538421,,16:30:00,2019
jayanagar,2 wheeler theft,12.932491,77.536167,,15:30:00,2019
jayanagar,2 wheeler theft,12.929203,77.540703,,15:00:00,2019
jayanagar,2 wheeler theft,12.942247,77.548043,,17:30:00,2019
jayanagar,2 wheeler theft,12.948809,77.549118,,15:10:00,2019
jayanagar,2 wheeler theft,12.940138,77.551841,,18:15:00,2019
jayanagar,2 wheeler theft,12.932803,77.537449,,18:00:00,2019
jayanagar,2 wheeler theft,12.94167,77.549287,,13:20:00,2019
jayanagar,2 wheeler theft,12.932359,77.533549,,18:00:00,2019
jayanagar,2 wheeler theft,12.927492,77.535274,,16:30:00,2019
jayanagar,2 wheeler theft,12.926389,77.540357,,18:40:00,2019
jayanagar,2 wheeler theft,12.942147,77.547988,,16:00:00,2019
jayanagar,2 wheeler theft,12.945896,77.540018,,12:20:00,2019
jayanagar,2 wheeler theft,12.936846,77.536453,,12:30:00,2019
jayanagar,2 wheeler theft,12.936865,77.54093,,11:45:00,2019
jayanagar,2 wheeler theft,12.941797,77.540275,,17:30:00,2019
jayanagar,2 wheeler theft,12.927732,77.536571,,12:15:00,2019
jayanagar,2 wheeler theft,12.944529,77.54827,,17:10:00,2019
jayanagar,2 wheeler theft,12.930487,77.537348,,10:45:00,2019
jayanagar,2 wheeler theft,12.941413,77.547757,,10:30:00,2019
jayanagar,2 wheeler theft,12.942438,77.547169,,12:10:00,2019
jayanagar,2 wheeler theft,12.940209,77.534144,,11:00:00,2019
jayanagar,2 wheeler theft,12.937354,77.551952,,11:45:00,2019
jayanagar,2 wheeler theft,12.955174,77.56712,,18:30:00,2015
jayanagar,2 wheeler theft,12.948212,77.562999,2015-02-15,10:15:00,2015
jayanagar,2 wheeler theft,12.9569535,77.561451,,11:00:00,2015
jayanagar,2 wheeler theft,12.94682,77.560151,2015-03-14,15:00:00,2015
jayanagar,2 wheeler theft,12.957033,77.564308,2015-03-17,18:15:00,2015
jayanagar,2 wheeler theft,12.957033,77.564308,2015-03-28,15:00:00,2015
jayanagar,2 wheeler theft,12.94925,77.56362,,,2015
jayanagar,2 wheeler theft,12.9486568,77.5622764,2015-05-14,08:45:00,2015
jayanagar,2 wheeler theft,12.9486568,77.5622764,2015-05-21,09:30:00,2015
jayanagar,2 wheeler theft,12.9577631,77.5556034,,,2015
jayanagar,2 wheeler theft,12.9504668,77.5643,,,2015
jayanagar,2 wheeler theft,12.94777,77.56177,,18:15:00,2015
jayanagar,2 wheeler theft,12.948212,77.56299,2015-07-20,12:00:00,2015
jayanagar,2 wheeler theft,12.957033,77.564308,,15:30:00,2015
jayanagar,2 wheeler theft,12.953286,77.561639,,,2015
jayanagar,2 wheeler theft,12.9491686,77.5662899,,15:30:00,2015
jayanagar,2 wheeler theft,12.952299,77.564412,,05:00:00,2015
jayanagar,2 wheeler theft,12.94733,77.56337,2015-02-14,10:30:00,2015
jayanagar,2 wheeler theft,12.952299,77.564412,2015-12-19,08:45:00,2015
jayanagar,2 wheeler theft,12.9486568,77.5622764,2016-01-16,17:30:00,2016
jayanagar,2 wheeler theft,12.94682,77.560151,2016-01-30,16:00:00,2016
jayanagar,2 wheeler theft,12.952299,77.564412,,11:00:00,2016
jayanagar,2 wheeler theft,12.95348,77.5624,,,2016
jayanagar,2 wheeler theft,12.952299,77.564412,2016-04-13,10:45:00,2016
jayanagar,2 wheeler theft,12.9504668,77.5643001,,,2016
jayanagar,2 wheeler theft,12.94962,77.55956,,13:15:00,2016
jayanagar,2 wheeler theft,12.94753,77.5634,,17:00:00,2016
jayanagar,2 wheeler theft,12.953436,77.563213,2016-07-24,21:00:00,2016
jayanagar,2 wheeler theft,12.95346,77.5619,2016-07-21,20:00:00,2016
jayanagar,2 wheeler theft,12.9486876,77.5630992,2016-10-24,17:00:00,2016
jayanagar,2 wheeler theft,12.95383,77.56642,,10:00:00,2016
jayanagar,2 wheeler theft,12.953511,77.559792,,18:15:00,2016
jayanagar,2 wheeler theft,12.94682,77.560151,2016-11-21,13:15:00,2016
jayanagar,2 wheeler theft,12.94682,77.560151,,11:00:00,2016
jayanagar,2 wheeler theft,12.95222,77.5568,2016-12-27,13:00:00,2016
jayanagar,2 wheeler theft,12.955174,77.567121,,18:00:00,2017
jayanagar,2 wheeler theft,12.953436,77.563213,2017-01-17,14:00:00,2017
jayanagar,2 wheeler theft,12.954202,77.561669,,04:30:00,2017
jayanagar,2 wheeler theft,12.9589325,77.587162,2017-04-17,14:00:00,2017
jayanagar,2 wheeler theft,12.955074,77.562575,2017-04-19,11:00:00,2017
jayanagar,2 wheeler theft,12.94962,77.55956,2017-04-30,10:00:00,2017
jayanagar,2 wheeler theft,12.94817,77.55981,2017-05-13,16:30:00,2017
jayanagar,2 wheeler theft,12.94864,77.55338,,11:30:00,2017
jayanagar,2 wheeler theft,12.95451,77.56418,2017-07-16,12:30:00,2017
jayanagar,2 wheeler theft,12.95098,77.56386,2017-07-18,13:00:00,2017
jayanagar,2 wheeler theft,12.9577631,77.5556034,2017-07-24,18:00:00,2017
jayanagar,2 wheeler theft,12.95346,77.5619,,16:00:00,2017
jayanagar,2 wheeler theft,12.9504668,77.5643001,2017-08-27,12:30:00,2017
jayanagar,2 wheeler theft,12.94804,77.56055,,18:10:00,2017
jayanagar,2 wheeler theft,12.947235,77.564204,,08:30:00,2017
jayanagar,2 wheeler theft,12.95279,77.56741,,13:00:00,2017
jayanagar,2 wheeler theft,12.9491686,77.5662899,2017-09-19,18:00:00,2017
jayanagar,2 wheeler theft,12.951551,77.567269,2017-09-25,12:00:00,2017
jayanagar,2 wheeler theft,12.948932,77.564211,2017-09-26,18:00:00,2017
jayanagar,2 wheeler theft,12.954089,77.561717,,13:30:00,2017
jayanagar,2 wheeler theft,12.94962,77.55956,,17:30:00,2017
jayanagar,2 wheeler theft,12.95301,77.55642,2017-11-23,10:15:00,2017
jayanagar,2 wheeler theft,12.9486568,77.5622764,2017-11-30,11:00:00,2017
jayanagar,2 wheeler theft,12.955174,77.567121,,17:30:00,2017
jayanagar,2 wheeler theft,12.948615,77.559507,2017-12-13,13:00:00,2017
jayanagar,2 wheeler theft,12.9515,77.56756,2017-12-31,14:45:00,2017
jayanagar,2 wheeler theft,12.948212,77.562999,,12:00:00,2018
jayanagar,2 wheeler theft,12.95047,77.56429,,11:00:00,2018
jayanagar,2 wheeler theft,12.953776,77.565255,,17:15:00,2018
jayanagar,2 wheeler theft,12.95515,77.56717,,18:45:00,2018
jayanagar,2 wheeler theft,12.9551,77.565204,2018-03-27,21:45:00,2018
jayanagar,2 wheeler theft,12.95507,77.56543,2018-04-17,17:15:00,2018
jayanagar,2 wheeler theft,12.95507,77.56543,,13:15:00,2018
jayanagar,2 wheeler theft,12.950436,77.567532,,15:00:00,2018
jayanagar,2 wheeler theft,12.948212,77.562999,,14:00:00,2018
jayanagar,2 wheeler theft,12.955074,77.562575,2018-12-22,10:00:00,2018
jayanagar,2 wheeler theft,12.948212,77.562999,2018-11-28,18:30:00,2018
jayanagar,2 wheeler theft,12.947235,77.564204,,11:00:00,2018
jayanagar,2 wheeler theft,12.948674,77.558459,2018-12-13,17:00:00,2018
jayanagar,2 wheeler theft,12.9541857,77.5665972,,10:30:00,2019
jayanagar,2 wheeler theft,12.95615,77.55933,,20:30:00,2019
jayanagar,2 wheeler theft,12.94681,77.55759,2019-01-18,16:30:00,2019
jayanagar,2 wheeler theft,12.94796,77.559985,,16:00:00,2019
jayanagar,2 wheeler theft,12.95706,77.56589,2019-02-16,18:50:00,2019
jayanagar,2 wheeler theft,12.94928,77.55739,,10:00:00,2019
jayanagar,2 wheeler theft,12.95025,77.56269,,11:30:00,2019
jayanagar,2 wheeler theft,12.95446,77.56184,,13:00:00,2019
jayanagar,2 wheeler theft,12.94771,77.55971,,13:30:00,2019
jayanagar,2 wheeler theft,12.9504668,77.5643001,2019-05-14,15:00:00,2019
jayanagar,2 wheeler theft,12.94908,77.55769,2019-05-20,19:00:00,2019
jayanagar,2 wheeler theft,12.94861,77.55821,,19:30:00,2019
jayanagar,2 wheeler theft,12.95236,77.56241,2019-07-27,11:30:00,2019
jayanagar,2 wheeler theft,12.95544,77.56632,2019-08-16,21:15:00,2019
jayanagar,2 wheeler theft,12.95196,77.56506,2019-09-26,10:30:00,2019
jayanagar,2 wheeler theft,12.95644,77.56345,2019-09-26,11:30:00,2019
jayanagar,2 wheeler theft,12.95685,77.56051,,20:45:00,2019
jayanagar,2 wheeler theft,12.95602,77.56368,,19:00:00,2019
jayanagar,2 wheeler theft,12.94839,77.56155,2019-11-21,20:31:00,2019
jayanagar,2 wheeler theft,12.95171,77.56194,,18:30:00,2019
jayanagar,2 wheeler theft,12.95644,77.56345,,20:30:00,2019
jayanagar,2 wheeler theft,12.94839,77.56121,2019-12-27,12:30:00,2019
jayanagar,2 wheeler theft,12.9517427,77.5690681,,,2015
jayanagar,2 wheeler theft,12.9517641,77.5684074,2015-01-13,16:30:00,2015
jayanagar,2 wheeler theft,12.9514,77.569814,2015-01-16,14:15:00,2015
jayanagar,2 wheeler theft,12.9525745,77.5714061,2015-01-20,10:00:00,2015
jayanagar,2 wheeler theft,12.9495775,77.5705235,2015-01-22,12:30:00,2015
jayanagar,2 wheeler theft,12.9534447,77.5683632,2015-02-13,19:15:00,2015
jayanagar,2 wheeler theft,12.95289,77.57194,,18:00:00,2015
jayanagar,2 wheeler theft,12.9533,77.57242,,10:15:00,2015
jayanagar,2 wheeler theft,12.9558379,77.5702345,2015-05-20,10:00:00,2015
jayanagar,2 wheeler theft,12.9551303,77.5703279,2015-06-22,10:00:00,2015
jayanagar,2 wheeler theft,12.95605,77.56759,2015-06-24,13:15:00,2015
jayanagar,2 wheeler theft,12.9497702,77.5689597,2015-07-20,10:30:00,2015
jayanagar,2 wheeler theft,12.9558379,77.5702345,2015-07-30,14:30:00,2015
jayanagar,2 wheeler theft,12.9499338,77.5730653,,17:15:00,2015
jayanagar,2 wheeler theft,12.95289,77.57194,,20:15:00,2015
jayanagar,2 wheeler theft,12.95056,77.56923,,18:30:00,2015
jayanagar,2 wheeler theft,12.95135,77.56877,2015-10-26,11:45:00,2015
jayanagar,2 wheeler theft,12.9550138,77.5702211,2015-12-18,14:00:00,2015
jayanagar,2 wheeler theft,12.9533,77.57242,,11:00:00,2016
jayanagar,2 wheeler theft,12.9533,77.57242,,16:30:00,2016
jayanagar,2 wheeler theft,12.9533,77.57242,,11:30:00,2016
jayanagar,2 wheeler theft,12.95289,77.57194,,13:15:00,2016
jayanagar,2 wheeler theft,12.9515487,77.5704819,,09:15:00,2016
jayanagar,2 wheeler theft,12.95575,77.56975,2016-06-18,10:00:00,2016
jayanagar,2 wheeler theft,12.95289,77.57194,2016-06-25,19:00:00,2016
jayanagar,2 wheeler theft,12.9515487,77.5704819,2016-07-18,19:00:00,2016
jayanagar,2 wheeler theft,12.95289,77.57194,,16:00:00,2016
jayanagar,2 wheeler theft,12.95289,77.57194,2016-12-25,12:30:00,2016
jayanagar,2 wheeler theft,12.9533,77.57242,,10:00:00,2017
jayanagar,2 wheeler theft,12.95128,77.57177,2017-04-21,15:00:00,2017
jayanagar,2 wheeler theft,12.9489875,77.5699568,2017-07-19,18:00:00,2017
jayanagar,2 wheeler theft,12.9515487,77.5704819,2017-08-14,14:30:00,2017
jayanagar,2 wheeler theft,12.94946,77.5713,2017-11-21,18:00:00,2017
jayanagar,2 wheeler theft,12.9525514,77.569814,2018-02-27,10:00:00,2018
jayanagar,2 wheeler theft,12.95128,77.57177,,16:00:00,2018
jayanagar,2 wheeler theft,12.94946,77.5713,2018-05-30,17:30:00,2018
jayanagar,2 wheeler theft,12.9515487,77.5704819,2018-08-22,09:00:00,2018
jayanagar,2 wheeler theft,12.94837,77.57152,,10:30:00,2018
jayanagar,2 wheeler theft,12.95682,77.56796,,10:30:00,2018
jayanagar,2 wheeler theft,12.95416,77.56679,,17:00:00,2019
jayanagar,2 wheeler theft,12.9515487,77.5704819,2019-02-17,12:45:00,2019
jayanagar,2 wheeler theft,12.948775,77.572542,2019-03-18,10:30:00,2019
jayanagar,2 wheeler theft,12.9515487,77.5704819,2019-03-29,13:00:00,2019
jayanagar,2 wheeler theft,12.95416,77.56679,2019-05-14,16:00:00,2019
jayanagar,2 wheeler theft,12.9529,77.5713,2019-06-14,16:00:00,2019
jayanagar,2 wheeler theft,12.948775,77.572542,2019-07-25,15:00:00,2019
jayanagar,2 wheeler theft,12.948775,77.572542,2019-08-16,16:30:00,2019
jayanagar,2 wheeler theft,12.94951,77.5674,,03:35:00,2019
jayanagar,2 wheeler theft,12.9532178,77.5777217,,12:30:00,2015
jayanagar,2 wheeler theft,12.954761,77.5778354,,,2015
jayanagar,2 wheeler theft,12.954761,77.5778354,,13:30:00,2015
jayanagar,2 wheeler theft,12.9582975,77.5696155,,15:30:00,2015
jayanagar,2 wheeler theft,12.9496921,77.57486,,18:30:00,2015
jayanagar,2 wheeler theft,12.954761,77.5778354,,00:00:00,2015
jayanagar,2 wheeler theft,12.9515482,77.575554,,17:45:00,2015
jayanagar,2 wheeler theft,12.9534469,77.5768618,,12:30:00,2015
jayanagar,2 wheeler theft,12.9625684,77.5711112,,12:45:00,2015
jayanagar,2 wheeler theft,12.9515482,77.575554,,00:00:00,2015
jayanagar,2 wheeler theft,12.9504095,77.5749664,,00:00:00,2015
jayanagar,2 wheeler theft,12.9523789,77.5798657,,14:30:00,2015
jayanagar,2 wheeler theft,12.9591802,77.5716622,,00:00:00,2015
jayanagar,2 wheeler theft,12.9527424,77.5763878,,15:30:00,2015
jayanagar,2 wheeler theft,12.9588291,77.5700715,,12:30:00,2015
jayanagar,2 wheeler theft,12.9499629,77.5766638,,00:00:00,2015
jayanagar,2 wheeler theft,12.94864,77.5758666,,14:15:00,2015
jayanagar,2 wheeler theft,12.9507264,77.5769263,,00:00:00,2015
jayanagar,2 wheeler theft,12.9568504,77.5739046,,11:30:00,2015
jayanagar,2 wheeler theft,12.9532287,77.5777318,,00:00:00,2015
jayanagar,2 wheeler theft,12.9567385,77.5754801,,00:00:00,2015
jayanagar,2 wheeler theft,12.949273,77.5775782,,00:00:00,2015
jayanagar,2 wheeler theft,12.9621253,77.5715782,,10:30:00,2015
jayanagar,2 wheeler theft,12.954052,77.5755385,,13:30:00,2015
jayanagar,2 wheeler theft,12.9504059,77.5749663,,00:00:00,2015
jayanagar,2 wheeler theft,12.9588575,77.5700099,,00:00:00,2015
jayanagar,2 wheeler theft,12.9604347,77.57267,,00:00:00,2015
jayanagar,2 wheeler theft,12.9504059,77.5749663,,00:00:00,2015
jayanagar,2 wheeler theft,12.9525617,77.5764151,,13:15:00,2015
jayanagar,2 wheeler theft,12.9496921,77.57486,,00:00:00,2015
jayanagar,2 wheeler theft,12.9527424,77.5763878,,00:00:00,2015
jayanagar,2 wheeler theft,12.9486433,77.5789127,,13:40:00,2015
jayanagar,2 wheeler theft,12.9502485,77.5751806,,00:00:00,2015
jayanagar,2 wheeler theft,12.9515482,77.575554,,10:30:00,2015
jayanagar,2 wheeler theft,12.9525603,77.576151,,00:00:00,2015
jayanagar,2 wheeler theft,12.9502485,77.5751806,,00:00:00,2015
jayanagar,2 wheeler theft,12.954761,77.5778354,,10:45:00,2015
jayanagar,2 wheeler theft,12.9511306,77.5745268,,00:00:00,2015
jayanagar,2 wheeler theft,12.9521918,77.5758463,,00:00:00,2015
jayanagar,2 wheeler theft,12.9562385,77.5754801,,00:00:00,2015
jayanagar,2 wheeler theft,12.9595545,77.5716124,,00:00:00,2016
jayanagar,2 wheeler theft,12.9552351,77.577145,,00:00:00,2016
jayanagar,2 wheeler theft,12.9542305,77.579561,,00:00:00,2016
jayanagar,2 wheeler theft,12.9519045,77.5770521,,10:30:00,2016
jayanagar,2 wheeler theft,12.9593499,77.5693986,,00:00:00,2016
jayanagar,2 wheeler theft,12.9495994,77.5743652,,12:10:00,2016
jayanagar,2 wheeler theft,12.9576959,77.5683718,,00:00:00,2016
jayanagar,2 wheeler theft,12.9632845,77.5705603,,16:30:00,2016
jayanagar,2 wheeler theft,12.9484632,77.5756786,,00:00:00,2016
jayanagar,2 wheeler theft,12.9496921,77.57486,,18:30:00,2016
jayanagar,2 wheeler theft,12.9521322,77.5771519,,12:15:00,2016
jayanagar,2 wheeler theft,12.9577424,77.5743878,,00:00:00,2016
jayanagar,2 wheeler theft,12.9615484,77.5709308,,14:30:00,2016
jayanagar,2 wheeler theft,12.9512375,77.5759692,,00:00:00,2016
jayanagar,2 wheeler theft,12.9625657,77.577003,,00:00:00,2016
jayanagar,2 wheeler theft,12.9526122,77.5764999,,10:50:00,2016
jayanagar,2 wheeler theft,12.9499629,77.5766638,,00:00:00,2016
jayanagar,2 wheeler theft,12.9568504,77.5738046,,16:30:00,2016
jayanagar,2 wheeler theft,12.9485059,77.5784134,,00:00:00,2016
jayanagar,2 wheeler theft,12.9526122,77.5764999,,12:30:00,2016
jayanagar,2 wheeler theft,12.9588959,77.5725401,,12:30:00,2016
jayanagar,2 wheeler theft,12.9625684,77.5711123,,13:50:00,2016
jayanagar,2 wheeler theft,12.9484311,77.5792395,,12:30:00,2016
jayanagar,2 wheeler theft,12.9588291,77.5700715,,11:30:00,2016
jayanagar,2 wheeler theft,12.9527424,77.5763878,,18:15:00,2016
jayanagar,2 wheeler theft,12.9626613,77.5702671,,13:45:00,2016
jayanagar,2 wheeler theft,12.9552351,77.577145,,13:15:00,2016
jayanagar,2 wheeler theft,12.9512664,77.5774393,,13:30:00,2016
jayanagar,2 wheeler theft,12.9629644,77.5716808,,00:00:00,2016
jayanagar,2 wheeler theft,12.9527424,77.5763878,,00:00:00,2016
jayanagar,2 wheeler theft,12.9517436,77.5761142,,00:00:00,2017
jayanagar,2 wheeler theft,12.9484311,77.5792395,,12:30:00,2017
jayanagar,2 wheeler theft,12.9486945,77.5777437,,00:00:00,2017
jayanagar,2 wheeler theft,12.948703,77.5787416,,18:10:00,2017
jayanagar,2 wheeler theft,12.9567385,77.5754801,,18:10:00,2017
jayanagar,2 wheeler theft,12.9527424,77.5763878,,00:00:00,2017
jayanagar,2 wheeler theft,12.948703,77.5787416,,12:25:00,2017
jayanagar,2 wheeler theft,12.9539289,77.577592,,16:30:00,2017
jayanagar,2 wheeler theft,12.9512664,77.5798657,,00:00:00,2017
jayanagar,2 wheeler theft,12.9593499,77.5693986,,12:30:00,2017
jayanagar,2 wheeler theft,12.9516578,77.577348,,00:00:00,2017
jayanagar,2 wheeler theft,12.9516669,77.5746164,,00:00:00,2017
jayanagar,2 wheeler theft,12.9626307,77.5715893,,00:00:00,2017
jayanagar,2 wheeler theft,12.9624382,77.5692513,,00:00:00,2017
jayanagar,2 wheeler theft,12.9639212,77.5716229,,,2017
jayanagar,2 wheeler theft,12.9627307,77.5705156,,20:30:00,2017
jayanagar,2 wheeler theft,12.9512664,77.5774393,,18:30:00,2017
jayanagar,2 wheeler theft,12.948703,77.5787416,,00:00:00,2017
jayanagar,2 wheeler theft,12.9567385,77.5754801,,12:10:00,2017
jayanagar,2 wheeler theft,12.9614984,77.5717386,,00:00:00,2017
jayanagar,2 wheeler theft,12.9525617,77.5764151,,00:00:00,2017
jayanagar,2 wheeler theft,12.9624382,77.5692513,,18:30:00,2017
jayanagar,2 wheeler theft,12.958015,77.5694856,,00:00:00,2017
jayanagar,2 wheeler theft,12.958015,77.5694856,,,2017
jayanagar,2 wheeler theft,12.9568328,77.5744492,,10:30:00,2017
jayanagar,2 wheeler theft,12.9587767,77.5699064,,10:30:00,2017
jayanagar,2 wheeler theft,12.9568328,77.5744492,,11:30:00,2017
jayanagar,2 wheeler theft,12.9500359,77.5744936,,12:50:00,2017
jayanagar,2 wheeler theft,12.9542964,77.575475,,00:00:00,2018
jayanagar,2 wheeler theft,12.9527424,77.5763878,,12:00:00,2018
jayanagar,2 wheeler theft,12.9540019,77.5799778,,10:30:00,2018
jayanagar,2 wheeler theft,12.9625657,77.5716053,,14:15:00,2018
jayanagar,2 wheeler theft,12.9625657,77.5716053,,10:50:00,2018
jayanagar,2 wheeler theft,12.9510359,77.5744936,,00:00:00,2018
jayanagar,2 wheeler theft,12.9520368,77.576546,,17:30:00,2018
jayanagar,2 wheeler theft,12.9617059,77.5711369,,00:00:00,2018
jayanagar,2 wheeler theft,12.948703,77.5787416,,00:00:00,2018
jayanagar,2 wheeler theft,12.9621253,77.5715782,,19:35:00,2018
jayanagar,2 wheeler theft,12.9621253,77.5715782,,10:30:00,2018
jayanagar,2 wheeler theft,12.9626307,77.5715893,,11:15:00,2018
jayanagar,2 wheeler theft,12.948703,77.5787416,,10:30:00,2018
jayanagar,2 wheeler theft,12.9626307,77.5715893,,00:00:00,2018
jayanagar,2 wheeler theft,12.9604631,77.5713721,,15:30:00,2018
jayanagar,2 wheeler theft,12.9512864,77.5772723,,11:50:00,2018
jayanagar,2 wheeler theft,12.9542011,77.5760329,,11:35:00,2018
jayanagar,2 wheeler theft,12.9519184,77.5772173,,14:10:00,2018
jayanagar,2 wheeler theft,12.960209,77.5703506,,10:15:00,2018
jayanagar,2 wheeler theft,12.9519569,77.5744548,,,2018
jayanagar,2 wheeler theft,12.9541548,77.5716053,,00:00:00,2018
jayanagar,2 wheeler theft,12.948703,77.5787416,,00:00:00,2018
jayanagar,2 wheeler theft,12.9616083,77.5713165,,10:45:00,2018
jayanagar,2 wheeler theft,12.948703,77.5787416,,00:00:00,2018
jayanagar,2 wheeler theft,12.9542011,77.5760329,,14:15:00,2018
jayanagar,2 wheeler theft,12.9588368,77.5713245,,11:15:00,2018
jayanagar,2 wheeler theft,12.9543262,77.5790973,,10:30:00,2018
jayanagar,2 wheeler theft,12.9510359,77.5744936,,11:30:00,2018
jayanagar,2 wheeler theft,12.9625657,77.5716053,,15:30:00,2018
jayanagar,2 wheeler theft,12.959545,77.5716124,,14:35:00,2019
jayanagar,2 wheeler theft,12.9527424,77.5763878,,09:30:00,2019
jayanagar,2 wheeler theft,12.949273,77.5775782,,00:00:00,2019
jayanagar,2 wheeler theft,12.9517215,77.5779375,,19:30:00,2019
jayanagar,2 wheeler theft,12.9496921,77.57486,,19:30:00,2019
jayanagar,2 wheeler theft,12.9542964,77.575475,,10:30:00,2019
jayanagar,2 wheeler theft,12.9551591,77.5739384,,10:50:00,2019
jayanagar,2 wheeler theft,12.9552519,77.577003,,16:45:00,2019
jayanagar,2 wheeler theft,12.9625657,77.5716053,,00:00:00,2019
jayanagar,2 wheeler theft,12.963326,77.571046,,00:00:00,2019
jayanagar,2 wheeler theft,12.9629909,77.5721546,,10:30:00,2019
jayanagar,2 wheeler theft,12.9588368,77.5713245,,11:30:00,2019
jayanagar,2 wheeler theft,12.9552519,77.577003,,11:30:00,2019
jayanagar,2 wheeler theft,12.9588291,77.5716124,,11:15:00,2019
jayanagar,2 wheeler theft,12.9551591,77.5738986,,11:30:00,2019
jayanagar,2 wheeler theft,12.9591053,77.5700715,,13:30:00,2019
jayanagar,2 wheeler theft,12.9621253,77.5715782,,14:30:00,2019
jayanagar,2 wheeler theft,12.9616083,77.5713165,,10:15:00,2019
jayanagar,2 wheeler theft,12.9621253,77.5715782,,11:45:00,2019
jayanagar,2 wheeler theft,12.9621253,77.5715782,,09:45:00,2019
jayanagar,2 wheeler theft,12.9543262,77.5790973,,11:30:00,2019
jayanagar,2 wheeler theft,12.9595545,77.5716124,,10:30:00,2019
jayanagar,2 wheeler theft,12.9498278,77.5746,,00:00:00,2019
jayanagar,2 wheeler theft,12.9624491,77.5729655,,14:30:00,2019
jayanagar,2 wheeler theft,12.9625657,77.5716053,,09:30:00,2019
jayanagar,2 wheeler theft,12.951019,77.5775248,,13:30:00,2019
jayanagar,2 wheeler theft,12.9558508,77.5755997,,00:00:00,2019
jayanagar,2 wheeler theft,12.9624491,77.5729655,,00:00:00,2019
jayanagar,2 wheeler theft,12.953672,77.577753,,00:00:00,2019
jayanagar,2 wheeler theft,12.9607877,77.5720958,,00:00:00,2019
jayanagar,2 wheeler theft,12.96341,77.57023,,10:30:00,2019
jayanagar,2 wheeler theft,12.92612,77.575115,,11:10:00,2015
jayanagar,2 wheeler theft,12.941828,77.561823,2015-01-21,22:30:00,2015
jayanagar,2 wheeler theft,12.932685,77.544577,,11:30:00,2015
jayanagar,2 wheeler theft,12.944081,77.55546,,14:30:00,2015
jayanagar,2 wheeler theft,12.942649,77.544916,,13:45:00,2015
jayanagar,2 wheeler theft,12.943277,77.555311,,08:50:00,2015
jayanagar,2 wheeler theft,12.945538,77.553088,,13:30:00,2015
jayanagar,2 wheeler theft,12.948701,77.551524,,12:00:00,2015
jayanagar,2 wheeler theft,12.942746,77.545402,,16:00:00,2015
jayanagar,2 wheeler theft,12.94533,77.564184,,12:00:00,2015
jayanagar,2 wheeler theft,12.938835,77.552467,,11:50:00,2015
jayanagar,2 wheeler theft,12.94201,77.552382,,01:30:00,2015
jayanagar,2 wheeler theft,12.946303,77.550848,,13:00:00,2015
jayanagar,2 wheeler theft,12.940124,77.559239,,08:00:00,2015
jayanagar,2 wheeler theft,12.936371,77.553711,,12:00:00,2015
jayanagar,2 wheeler theft,12.927632,77.568274,,17:00:00,2015
jayanagar,2 wheeler theft,12.938391,77.567624,,12:00:00,2015
jayanagar,2 wheeler theft,12.941545,77.557568,,11:00:00,2015
jayanagar,2 wheeler theft,12.945881,77.5626,,13:00:00,2015
jayanagar,2 wheeler theft,12.934504,77.559655,,18:15:00,2015
jayanagar,2 wheeler theft,12.947553,77.552613,,11:15:00,2015
jayanagar,2 wheeler theft,12.941265,77.565566,,14:15:00,2015
jayanagar,2 wheeler theft,12.937318,77.561461,,17:45:00,2015
jayanagar,2 wheeler theft,12.93898,77.562519,,13:45:00,2015
jayanagar,2 wheeler theft,12.941265,77.565566,,11:00:00,2015
jayanagar,2 wheeler theft,12.938445,77.560747,2015-08-31,12:15:00,2015
jayanagar,2 wheeler theft,12.9938379,77.564288,,12:00:00,2015
jayanagar,2 wheeler theft,12.98987,77.564124,,12:00:00,2015
jayanagar,2 wheeler theft,12.946545,77.560737,,21:00:00,2015
jayanagar,2 wheeler theft,12.94856,77.552215,,12:00:00,2015
jayanagar,2 wheeler theft,12.938325,77.563274,,13:00:00,2015
jayanagar,2 wheeler theft,12.940128,77.553518,,14:30:00,2015
jayanagar,2 wheeler theft,12.938782,77.561543,,12:00:00,2015
jayanagar,2 wheeler theft,12.944532,77.563359,,09:30:00,2015
jayanagar,2 wheeler theft,12.930423,77.553171,,13:30:00,2015
jayanagar,2 wheeler theft,12.945001,77.555126,,12:00:00,2015
jayanagar,2 wheeler theft,12.934222,77.559017,,15:00:00,2015
jayanagar,2 wheeler theft,12.941555,77.56314,,17:30:00,2015
jayanagar,2 wheeler theft,12.936984,77.561075,,10:30:00,2015
jayanagar,2 wheeler theft,12.941477,77.559944,,17:00:00,2015
jayanagar,2 wheeler theft,12.939464,77.55785,,12:30:00,2015
jayanagar,2 wheeler theft,12.937633,77.562301,,13:00:00,2015
jayanagar,2 wheeler theft,12.938849,77.565144,,16:00:00,2015
jayanagar,2 wheeler theft,12.948047,77.55195,,12:00:00,2015
jayanagar,2 wheeler theft,12.941818,77.561845,2015-12-14,19:30:00,2015
jayanagar,2 wheeler theft,12.936474,77.553951,,20:40:00,2015
jayanagar,2 wheeler theft,12.947014,77.559808,,18:30:00,2015
jayanagar,2 wheeler theft,12.938984,77.5569874,,19:00:00,2015
jayanagar,2 wheeler theft,12.949135,77.553108,,19:30:00,2016
jayanagar,2 wheeler theft,12.947301,77.56419,,11:15:00,2016
jayanagar,2 wheeler theft,12.947134,77.554724,,00:00:00,2016
jayanagar,2 wheeler theft,12.940849,77.559491,,11:00:00,2016
jayanagar,2 wheeler theft,12.946687,77.555968,,22:30:00,2016
jayanagar,2 wheeler theft,12.936584,77.561168,,13:10:00,2016
jayanagar,2 wheeler theft,12.938387,77.555871,,13:25:00,2016
jayanagar,2 wheeler theft,12.944121,77.566997,,18:20:00 PM,2016
jayanagar,2 wheeler theft,12.937713,77.563224,,11:00:00,2016
jayanagar,2 wheeler theft,12.940737,77.54897,,11:50:00,2016
jayanagar,2 wheeler theft,12.9444,77.55475,,11:30:00,2016
jayanagar,2 wheeler theft,12.944704,77.555823,,17:30:00,2016
jayanagar,2 wheeler theft,12.94325,77.555388,,14:30:00,2016
jayanagar,2 wheeler theft,12.943065,77.567071,,11:30:00,2016
jayanagar,2 wheeler theft,12.942268,77.56044,,11:15:00,2016
jayanagar,2 wheeler theft,12.943856,77.554011,,00:00:00,2016
jayanagar,2 wheeler theft,12.944147,77.552753,,11:00:00,2016
jayanagar,2 wheeler theft,12.943581,77.556408,,00:00:00,2016
jayanagar,2 wheeler theft,12.943946,77.551643,,11:30:00,2016
jayanagar,2 wheeler theft,12.944379,77.565626,,17:30:00,2016
jayanagar,2 wheeler theft,12.942876,77.564424,,00:00:00,2016
jayanagar,2 wheeler theft,12.955891,77.55796,,00:00:00,2016
jayanagar,2 wheeler theft,12.947727,77.566845,,11:00:00,2016
jayanagar,2 wheeler theft,12.94387,77.54861,,11:00:00,2016
jayanagar,2 wheeler theft,12.933741,77.548654,,01:25:00,2016
jayanagar,2 wheeler theft,12.940396,77.561433,,00:00:00,2016
jayanagar,2 wheeler theft,12.941579,77.554914,,11:15:00,2016
jayanagar,2 wheeler theft,12.942435,77.568036,,14:10:00,2016
jayanagar,2 wheeler theft,12.949776,77.557949,,00:00:00,2016
jayanagar,2 wheeler theft,12.942376,77.557949,,10:45:00,2016
jayanagar,2 wheeler theft,12.96398,77.558069,,20:15:00,2016
jayanagar,2 wheeler theft,12.946594,77.554582,,00:00:00,2016
jayanagar,2 wheeler theft,12.946409,77.554114,,13:15:00,2016
jayanagar,2 wheeler theft,12.941292,77.557429,,13:30:00,2016
jayanagar,2 wheeler theft,12.941154,77.556565,,00:00:00,2016
jayanagar,2 wheeler theft,12.941244,77.551365,,12:00:00,2016
jayanagar,2 wheeler theft,12.997906,77.571392,,00:00:00,2016
jayanagar,2 wheeler theft,12.949546,77.567682,,12:30:00,2016
jayanagar,2 wheeler theft,12.947954,77.550693,,10:15:00,2016
jayanagar,2 wheeler theft,12.935265,77.560167,,14:30:00,2016
jayanagar,2 wheeler theft,12.936411,77.562597,,12:20:00,2016
jayanagar,2 wheeler theft,12.945547,77.550716,,11:00:00,2016
jayanagar,2 wheeler theft,12.954893,77.549488,,00:00:00,2016
jayanagar,2 wheeler theft,12.94398,77.555905,,18:30:00,2016
jayanagar,2 wheeler theft,12.943525,77.560295,,18:30:00 hr,2016
jayanagar,2 wheeler theft,12.96433,77.555479,,19:40:00,2016
jayanagar,2 wheeler theft,12.950621,77.549072,,14:40:00,2016
jayanagar,2 wheeler theft,12.936647,77.562933,,00:00:00,2016
jayanagar,2 wheeler theft,12.943242,77.562715,,18:30:00,2016
jayanagar,2 wheeler theft,12.945068,77.564487,,17:45:00,2016
jayanagar,2 wheeler theft,12.942493,77.562749,,00:00:00,2016
jayanagar,2 wheeler theft,12.946035,77.567626,,11:30:00,2016
jayanagar,2 wheeler theft,12.946035,77.567626,,23:00:00,2016
jayanagar,2 wheeler theft,12.943484,77.56131,,13:00:00,2016
jayanagar,2 wheeler theft,12.941807,77.561796,,11:00:00,2016
jayanagar,2 wheeler theft,12.939755,77.53564,,10:30:00,2016
jayanagar,2 wheeler theft,12.93025,77.552845,,12:15:00,2016
jayanagar,2 wheeler theft,12.947798,77.555929,,11:00:00,2016
jayanagar,2 wheeler theft,12.947032,77.556724,,17:00:00,2017
jayanagar,2 wheeler theft,12.946231,77.554584,,11:15:00,2017
jayanagar,2 wheeler theft,12.943296,77.5583,,14:00:00,2017
jayanagar,2 wheeler theft,12.938424,77.563509,,12:00:00,2017
jayanagar,2 wheeler theft,12.944757,77.561546,,14:30:00,2017
jayanagar,2 wheeler theft,12.945152,77.567681,,15:30:00,2017
jayanagar,2 wheeler theft,12.946743,77.564732,,20:45:00,2017
jayanagar,2 wheeler theft,12.946017,77.550443,,14:30:00,2017
jayanagar,2 wheeler theft,12.937087,77.554725,,02:45:00,2017
jayanagar,2 wheeler theft,12.941787,77.563655,,12:00:00,2017
jayanagar,2 wheeler theft,12.945149,77.558629,,13:30:00,2017
jayanagar,2 wheeler theft,12.94611,77.556185,,20:45:00,2017
jayanagar,2 wheeler theft,12.9442,77.562025,,14:30:00,2017
jayanagar,2 wheeler theft,12.944199,77.556471,,10:30:00,2017
jayanagar,2 wheeler theft,12.948862,77.550299,,11:00:00,2017
jayanagar,2 wheeler theft,12.945862,77.567542,,16:30:00,2017
jayanagar,2 wheeler theft,12.935655,77.557276,,15:10:00,2017
jayanagar,2 wheeler theft,12.938731,77.557515,,18:30:00,2017
jayanagar,2 wheeler theft,12.948826,77.550039,,10:15:00,2017
jayanagar,2 wheeler theft,12.947443,77.55347,,20:45:00,2017
jayanagar,2 wheeler theft,12.943931,77.565509,,12:15:00,2017
jayanagar,2 wheeler theft,12.938513,77.565111,,10:30:00,2017
jayanagar,2 wheeler theft,12.945416,77.55442,,15:30:00,2017
jayanagar,2 wheeler theft,12.94491,77.567516,,11:00:00,2017
jayanagar,2 wheeler theft,12.955198,77.567472,,16:30:00 AM,2017
jayanagar,2 wheeler theft,12.935385,77.555897,,15:15:00,2017
jayanagar,2 wheeler theft,12.944544,77.554925,,18:10:00,2017
jayanagar,2 wheeler theft,12.936651,77.55582,,11:15:00,2017
jayanagar,2 wheeler theft,12.93578,77.562458,,11:30:00,2017
jayanagar,2 wheeler theft,12.941842,77.561798,,11:30:00,2017
jayanagar,2 wheeler theft,12.943235,77.564335,,12:15:00,2017
jayanagar,2 wheeler theft,12.94169,77.557891,,10:30:00,2017
jayanagar,2 wheeler theft,12.935411,77.555958,,11:00:00,2017
jayanagar,2 wheeler theft,12.934848,77.553935,,00:30:00,2017
jayanagar,2 wheeler theft,12.93535,77.553614,,12:30:00,2017
jayanagar,2 wheeler theft,12.97171,77.555783,,16:30:00,2017
jayanagar,2 wheeler theft,12.946161,77.554204,,16:30:00,2017
jayanagar,2 wheeler theft,12.946161,77.554204,,12:30:00,2017
jayanagar,2 wheeler theft,12.947648,77.555133,,11:30:00,2017
jayanagar,2 wheeler theft,12.945656,77.55703,,11:30:00,2017
jayanagar,2 wheeler theft,12.947962,77.56137,,14:15:00,2017
jayanagar,2 wheeler theft,12.948875,77.558138,,12:30:00,2017
jayanagar,2 wheeler theft,12.941813,77.563095,,19:30:00,2017
jayanagar,2 wheeler theft,12.941723,77.561554,,11:30:00,2017
jayanagar,2 wheeler theft,12.946083,77.566288,,18:00:00,2017
jayanagar,2 wheeler theft,12.93887,77.563613,,12:30:00,2017
jayanagar,2 wheeler theft,12.941633,77.55737,,11:30:00,2017
jayanagar,2 wheeler theft,12.943655,77.551579,,16:00:00,2017
jayanagar,2 wheeler theft,12.940361,77.557352,,11:45:00,2017
jayanagar,2 wheeler theft,12.94301,77.554114,,11:45:00,2017
jayanagar,2 wheeler theft,12.936043,77.56367,,16:00:00,2017
jayanagar,2 wheeler theft,12.941526,77.560663,,12:00:00,2017
jayanagar,2 wheeler theft,12.941909,77.565285,,17:00:00,2017
jayanagar,2 wheeler theft,12.944881,77.562304,2017-12-13,11:00:00,2017
jayanagar,2 wheeler theft,12.935982,77.562713,2017-12-20,20:45:00,2017
jayanagar,2 wheeler theft,12.941289,77.558351,2017-12-25,12:30:00,2017
jayanagar,2 wheeler theft,12.939522,77.55879,2017-12-27,17:30:00,2017
jayanagar,2 wheeler theft,12.948199,77.562753,2017-12-29,11:30:00,2017
jayanagar,2 wheeler theft,12.940483,77.561484,,16:30:00,2018
jayanagar,2 wheeler theft,12.944755,77.566436,,15:10:00,2018
jayanagar,2 wheeler theft,12.93553,77.55892,,18:00:00,2018
jayanagar,2 wheeler theft,12.94021,77.561484,,14:40:00,2018
jayanagar,2 wheeler theft,12.944365,77.564264,,20:45:00,2018
jayanagar,2 wheeler theft,12.949334,77.555873,,12:30:00,2018
jayanagar,2 wheeler theft,12.947174,77.555448,,19:00:00,2018
jayanagar,2 wheeler theft,12.940891,77.556298,,11:00:00,2018
jayanagar,2 wheeler theft,12.942039,77.553681,2018-02-26,16:30:00,2018
jayanagar,2 wheeler theft,12.94911,77.55299,,19:00:00,2018
jayanagar,2 wheeler theft,12.939847,77.564293,,20:40:00,2018
jayanagar,2 wheeler theft,12.946133,77.555936,,13:00:00,2018
jayanagar,2 wheeler theft,12.944805,77.568012,,18:15:00,2018
jayanagar,2 wheeler theft,12.943248,77.557747,,16:40:00,2018
jayanagar,2 wheeler theft,12.946227,77.567505,,09:00:00,2018
jayanagar,2 wheeler theft,12.944394,77.554772,,16:00:00,2018
jayanagar,2 wheeler theft,12.944188,77.555529,,18:00:00,2018
jayanagar,2 wheeler theft,12.947936,77.550761,,13:00:00,2018
jayanagar,2 wheeler theft,12.948411,77.554547,,21:00:00,2018
jayanagar,2 wheeler theft,12.949157,77.550595,,10:00:00,2018
jayanagar,2 wheeler theft,12.933774,77.572827,,16:00:00,2018
jayanagar,2 wheeler theft,12.941233,77.565505,,12:00:00,2018
jayanagar,2 wheeler theft,12.946113,77.554071,,12:00:00,2018
jayanagar,2 wheeler theft,12.928164,77.54714,,15:00:00,2018
jayanagar,2 wheeler theft,12.941623,77.558911,,17:00:00,2018
jayanagar,2 wheeler theft,12.944661,77.567476,,11:00:00,2018
jayanagar,2 wheeler theft,12.942982,77.564302,,13:00:00,2018
jayanagar,2 wheeler theft,12.94311,77.558604,,13:00:00,2018
jayanagar,2 wheeler theft,12.934303,77.565947,,11:40:00,2018
jayanagar,2 wheeler theft,12.94406,77.56423,,18:15:00,2018
jayanagar,2 wheeler theft,12.94255,77.56258,,15:45:00,2018
jayanagar,2 wheeler theft,12.942203,77.562211,,15:00:00,2018
jayanagar,2 wheeler theft,12.93641,77.55977,,17:45:00,2018
k g nagar,2 wheeler theft,12.9222031,77.5407722,,19:00:00,2017
k g nagar,2 wheeler theft,12.9271487,77.5454016,,09:30:00,2017
k g nagar,2 wheeler theft,12.9238276,77.5432181,2017-02-16,12:30:00,2017
k g nagar,2 wheeler theft,12.9271487,77.5454016,2017-02-21,16:00:00,2017
k g nagar,2 wheeler theft,12.9238276,77.5432181,,16:40:00,2017
k g nagar,2 wheeler theft,12.9313747,77.5548858,,11:15:00,2017
k g nagar,2 wheeler theft,12.9222058,77.5428429,2017-03-20,19:30:00,2017
k g nagar,2 wheeler theft,12.9222058,77.5428429,2017-03-30,18:50:00,2017
k g nagar,2 wheeler theft,12.9325129,77.5607172,,21:30:00,2017
k g nagar,2 wheeler theft,12.9261127,77.5502655,,14:30:00,2017
k g nagar,2 wheeler theft,12.9222402,77.5593314,,13:20:00,2017
k g nagar,2 wheeler theft,12.9271487,77.5454016,,07:30:00,2017
k g nagar,2 wheeler theft,12.9222402,77.5593314,,10:00:00,2017
k g nagar,2 wheeler theft,12.9238276,77.5432181,2017-05-20,18:30:00,2017
k g nagar,2 wheeler theft,12.9222058,77.5428429,2017-05-22,16:30:00,2017
k g nagar,2 wheeler theft,12.9222058,77.5428429,2017-05-29,18:45:00,2017
k g nagar,2 wheeler theft,12.9222058,77.5428429,,18:00:00,2017
k g nagar,2 wheeler theft,12.9222058,77.5428429,,20:30:00,2017
k g nagar,2 wheeler theft,12.9222058,77.5428429,2017-06-27,07:45:00,2017
k g nagar,2 wheeler theft,12.9271487,77.5454016,,08:50:00,2017
k g nagar,2 wheeler theft,12.9222058,77.5428429,,06:00:00,2017
k g nagar,2 wheeler theft,12.9325129,77.5607172,2017-07-13,09:00:00,2017
k g nagar,2 wheeler theft,12.9222058,77.5428429,2017-07-18,07:30:00,2017
k g nagar,2 wheeler theft,12.9325129,77.5607172,2017-07-26,17:00:00,2017
k g nagar,2 wheeler theft,12.9271451,77.5583712,2017-07-30,08:00:00,2017
k g nagar,2 wheeler theft,12.9271486,77.540158,201-08-01,11:25:00,2017
k g nagar,2 wheeler theft,12.9325129,77.5607172,,13:50:00,2017
k g nagar,2 wheeler theft,12.9246874,77.5587541,,14:10:00,2017
k g nagar,2 wheeler theft,12.9325129,77.5607172,,11:45:00,2017
k g nagar,2 wheeler theft,12.9271451,77.5583712,2017-08-13,18:00:00,2017
k g nagar,2 wheeler theft,12.9246524,77.5556758,2017-08-30,16:30:00,2017
k g nagar,2 wheeler theft,12.9254322,77.5497304,2017-10-31,22:45:00,2017
k g nagar,2 wheeler theft,12.9254322,77.5497304,2017-11-16,19:00:00,2017
k g nagar,2 wheeler theft,12.9222058,77.5428429,2017-11-24,07:00:00,2017
k g nagar,2 wheeler theft,12.9222058,77.5428429,,11:15:00,2017
k g nagar,2 wheeler theft,12.9222031,77.5407722,2017-12-29,17:00:00,2017
k g nagar,2 wheeler theft,12.9271487,77.5454016,,22:30 PM,2018
k g nagar,2 wheeler theft,12.9271487,77.5454016,2018-05-19,09:45:00,2018
k g nagar,2 wheeler theft,12.9246874,77.5587541,,10:30:00,2018
k g nagar,2 wheeler theft,12.9325129,77.5607172,,13:30 PM,2018
k g nagar,2 wheeler theft,12.9325129,77.5607172,2018-09-29,17:00 PM,2018
k g nagar,2 wheeler theft,12.929584,77.561639,,15:45 PM,2018
k g nagar,2 wheeler theft,12.920024,77.544633,,14:30 PM,2018
k g nagar,ordinary theft,12.948385,77.577426,2017-10-13,,2017
k g nagar,ordinary theft,12.935135,77.573827,2017-10-14,,2017
k g nagar,ordinary theft,12.93867,77.580302,,,2017
k g nagar,ordinary theft,12.9446029,77.5768621,,,2017
k g nagar,ordinary theft,12.9458809,77.5757383,,,2017
k g nagar,ordinary theft,12.936943,77.571151,,,2017
k g nagar,ordinary theft,12.94914,77.5799229,2017-12-26,,2017
k g nagar,ordinary theft,12.94745,77.573955,,,2018
k g nagar,ordinary theft,12.948385,77.577426,2018-01-21,,2018
k g nagar,ordinary theft,12.935135,77.573827,2018-01-27,,2018
k g nagar,ordinary theft,12.93867,77.580302,2018-02-13,,2018
k g nagar,ordinary theft,12.75489,77.89456,,,2018
k g nagar,ordinary theft,12.9357389,77.5707205,2018-03-24,,2018
k g nagar,ordinary theft,12.935295,77.570349,2018-04-15,,2018
k g nagar,ordinary theft,12.943653,77.578494,,,2018
k g nagar,ordinary theft,12.94476,77.56998,,,2018
k g nagar,ordinary theft,12.86541,77.68521,2018-05-21,,2018
k g nagar,ordinary theft,12.948287,77.569667,2018-05-29,,2018
k g nagar,ordinary theft,12.944849,77.571818,2018-06-15,,2018
k g nagar,ordinary theft,12.865501,77.865241,2018-06-29,,2018
k g nagar,ordinary theft,12.947402,77.57754,2018-07-21,,2018
k g nagar,ordinary theft,12.948179,77.571832,2018-07-21,,2018
k g nagar,ordinary theft,12.946046,77.567819,2018-07-31,,2018
k g nagar,ordinary theft,12.93907,77.56821,,,2018
k g nagar,ordinary theft,12.940579,77.569651,,,2018
k g nagar,ordinary theft,12.93537,77.570284,2018-09-28,,2018
k g nagar,ordinary theft,12.949626,77.579916,,,2018
k g nagar,ordinary theft,12.941259,77.565207,,,2018
k g nagar,ordinary theft,12.947407,77.57754,2018-11-14,,2018
k g nagar,ordinary theft,12.948287,77.569667,2018-12-15,,2018
k g nagar,ordinary theft,12.939843,77.573197,2018-12-17,,2018
k g nagar,ordinary theft,12.939843,77.573198,2018-12-19,,2018
k g nagar,ordinary theft,12.939843,77.573199,,,2019
k g nagar,ordinary theft,12.940678,77.576308,,,2019
k g nagar,ordinary theft,12.876451,77.87941,,,2019
k g nagar,ordinary theft,12.9489565,77.7654121,2019-05-20,,2019
k g nagar,ordinary theft,12.934466,77.575195,,,2019
k g nagar,ordinary theft,12.934466,77.575196,2019-07-31,,2019
k g nagar,ordinary theft,12.934466,77.575197,,,2019
k g nagar,ordinary theft,12.934466,77.575198,,,2019
k g nagar,ordinary theft,12.9470267,77.5715016,2019-10-15,,2019
k g nagar,ordinary theft,12.9117957,77.5826913,,,2015
k g nagar,ordinary theft,12.9179451,77.5717196,2015-01-20,13:15:00,2015
k g nagar,ordinary theft,12.8978603,77.580407,2015-01-21,16:20:00,2015
k g nagar,ordinary theft,12.9094322,77.5706543,2015-01-26,14:15:00,2015
k g nagar,ordinary theft,12.9073481,77.5925392,2015-01-27,18:15:00,2015
k g nagar,ordinary theft,12.9003431,77.5899003,2015-02-25,10:45:00,2015
k g nagar,ordinary theft,12.9217529,77.5825697,2015-02-27,16:30:00,2015
k g nagar,ordinary theft,12.9097302,77.5836513,,,2015
k g nagar,ordinary theft,12.9097562,77.5770852,2015-03-16,22:05:00,2015
k g nagar,ordinary theft,12.9098583,77.5508203,2015-03-22,11:50:00,2015
k g nagar,ordinary theft,12.9164072,77.5833691,2015-03-23,21:20:00,2015
k g nagar,ordinary theft,12.8949214,77.5817017,,,2015
k g nagar,ordinary theft,12.8949474,77.5751356,2015-06-22,18:05:00,2015
k g nagar,ordinary theft,12.9160929,77.5835311,2015-06-22,19:30:00,2015
k g nagar,ordinary theft,12.9161189,77.576965,,,2015
k g nagar,ordinary theft,12.9110158,77.5842037,2015-07-14,15:30:00,2015
k g nagar,ordinary theft,12.9110418,77.5776376,2015-07-15,10:05:00,2015
k g nagar,ordinary theft,12.9023591,77.5817811,2015-07-16,21:55:00,2015
k g nagar,ordinary theft,12.9023591,77.5817811,2015-07-21,21:00:00,2015
k g nagar,ordinary theft,12.9074668,77.578562,,,2015
k g nagar,ordinary theft,12.9033787,77.58835,,,2015
k g nagar,ordinary theft,12.9034047,77.5817839,,,2015
k g nagar,ordinary theft,12.9081128,77.5818518,2015-08-24,14:30:00,2015
k g nagar,ordinary theft,12.91152,77.5708782,2015-08-27,22:05:00,2015
k g nagar,ordinary theft,12.915769,77.5925054,2015-09-15,10:30:00,2015
k g nagar,ordinary theft,12.9087853,77.5799377,2015-09-15,16:10:00,2015
k g nagar,ordinary theft,12.9062115,77.5912842,2015-09-17,11:30:00,2015
k g nagar,ordinary theft,12.9151204,77.5837865,2015-09-17,21:00:00,2015
k g nagar,ordinary theft,12.9151669,77.5684655,2015-09-24,18:15:00,2015
k g nagar,ordinary theft,12.909258,77.5897063,2015-09-24,21:30:00,2015
k g nagar,ordinary theft,12.9117957,77.5826913,,,2015
k g nagar,ordinary theft,12.9118422,77.5673703,2015-10-13,20:35:00,2015
k g nagar,ordinary theft,12.9119247,77.5673703,2015-10-23,22:20:00,2015
k g nagar,ordinary theft,12.9016695,77.5859681,2015-10-24,11:30:00,2015
k g nagar,ordinary theft,12.8944224,77.574979,2015-11-26,11:00:00,2015
k g nagar,ordinary theft,12.9137384,77.5641774,,,2015
k g nagar,ordinary theft,12.9113466,77.5794193,,,2015
k g nagar,ordinary theft,12.9037722,77.5837253,,,2015
k g nagar,ordinary theft,12.9037982,77.5771592,2015-12-23,11:05:00,2015
k g nagar,ordinary theft,12.8957314,77.579008,,,2016
k g nagar,ordinary theft,12.9077295,77.5782007,2016-01-14,12:40:00,2016
k g nagar,ordinary theft,12.9117957,77.5826913,2016-01-22,14:15:00,2016
k g nagar,ordinary theft,12.9156264,77.5962438,2016-01-22,18:30:00,2016
k g nagar,ordinary theft,12.9156524,77.5896777,2016-01-31,22:10:00,2016
k g nagar,ordinary theft,12.9157545,77.5634128,,,2016
k g nagar,ordinary theft,12.8972427,77.5703299,,,2016
k g nagar,ordinary theft,12.9060303,77.5820099,,,2016
k g nagar,ordinary theft,12.9084786,77.5798039,2016-02-16,18:30:00,2016
k g nagar,ordinary theft,12.9070951,77.5783314,2016-02-17,12:05:00,2016
k g nagar,ordinary theft,12.9024929,77.5877414,2016-03-28,12:45:00,2016
k g nagar,ordinary theft,12.8824103,77.5581059,,,2016
k g nagar,ordinary theft,12.9161725,77.5823337,,,2016
k g nagar,ordinary theft,12.9058011,77.5752642,,,2016
k g nagar,ordinary theft,12.914277,77.5877554,2016-04-14,12:10:00,2016
k g nagar,ordinary theft,12.9124841,77.5910353,2016-05-13,15:30:00,2016
k g nagar,ordinary theft,12.8880151,77.5748036,2016-05-25,21:05:00,2016
k g nagar,ordinary theft,12.9075302,77.5824858,,,2016
k g nagar,ordinary theft,12.9067229,77.5735098,,,2016
k g nagar,ordinary theft,12.8983605,77.573651,2016-06-13,18:15:00,2016
k g nagar,ordinary theft,12.9230649,77.5691731,2016-06-13,20:10:00,2016
k g nagar,ordinary theft,12.9054915,77.5781472,2016-06-20,11:40:00,2016
k g nagar,ordinary theft,12.9358084,77.5222107,2016-06-20,12:00:00,2016
k g nagar,ordinary theft,12.9055524,77.5772974,2016-06-20,12:15:00,2016
k g nagar,ordinary theft,12.9215017,77.5645742,2016-06-25,09:00:00,2016
k g nagar,ordinary theft,12.9060529,77.5915005,,,2016
k g nagar,ordinary theft,12.9062135,77.5959424,,,2016
k g nagar,ordinary theft,12.9056319,77.5964546,,,2016
k g nagar,ordinary theft,12.8986844,77.5701467,,,2016
k g nagar,ordinary theft,12.8987282,77.5537313,,,2016
k g nagar,ordinary theft,12.9110706,77.5737475,2016-07-19,16:45:00,2016
k g nagar,ordinary theft,12.9066249,77.5873944,2016-07-23,12:35:00,2016
k g nagar,ordinary theft,12.9034996,77.593697,2016-07-23,13:15:00,2016
k g nagar,ordinary theft,12.9011822,77.5712258,2016-07-27,15:35:00,2016
k g nagar,ordinary theft,12.9111028,77.5726486,,,2016
k g nagar,ordinary theft,12.9163837,77.5881088,,,2016
k g nagar,ordinary theft,12.9006982,77.5883553,2016-08-16,16:00:00,2016
k g nagar,ordinary theft,12.9084302,77.5854817,2016-08-22,21:00:00,2016
k g nagar,ordinary theft,12.9058661,77.5849725,2016-08-23,10:30:00,2016
k g nagar,ordinary theft,12.9057109,77.5879706,2016-08-24,10:15:00,2016
k g nagar,ordinary theft,12.9057369,77.5814045,,,2016
k g nagar,ordinary theft,12.9045277,77.5896538,,,2016
k g nagar,ordinary theft,12.908317,77.5904558,2016-10-13,13:45:00,2016
k g nagar,ordinary theft,12.8802211,77.5651294,2016-10-18,18:20:00,2016
k g nagar,ordinary theft,12.9057887,77.5929769,2016-12-27,19:35:00,2016
k g nagar,ordinary theft,12.9063322,77.5933172,,,2017
k g nagar,ordinary theft,12.9070982,77.5820122,2017-01-13,18:20:00,2017
k g nagar,ordinary theft,12.9135052,77.5744027,2017-01-28,16:20:00,2017
k g nagar,ordinary theft,12.9063684,77.5781524,,,2017
k g nagar,ordinary theft,12.9077977,77.5873741,,,2017
k g nagar,ordinary theft,12.911373,77.5835228,,,2017
k g nagar,ordinary theft,12.9535277,77.5726056,2017-02-16,14:00:00,2017
k g nagar,ordinary theft,12.9117957,77.5826913,,,2017
k g nagar,ordinary theft,12.9123284,77.5935433,,,2017
k g nagar,ordinary theft,12.9101002,77.5884323,,,2017
k g nagar,ordinary theft,12.9101262,77.5818662,,,2017
k g nagar,ordinary theft,12.9202366,77.5808573,,,2017
k g nagar,ordinary theft,12.9083163,77.586334,2017-07-21,11:15:00,2017
k g nagar,ordinary theft,12.9083423,77.5797679,,,2017
k s layout,2 wheeler theft,12.938858,77.564511,,10:00:00,2018
k s layout,2 wheeler theft,12.941712,77.562103,,16:00:00,2018
k s layout,2 wheeler theft,12.938851,77.563303,,10:40:00,2018
k s layout,2 wheeler theft,12.941957,77.562216,,14:00:00,2018
k s layout,2 wheeler theft,12.944236,77.563398,,17:00:00,2018
k s layout,2 wheeler theft,12.940408,77.553785,,18:00:00,2018
k s layout,2 wheeler theft,12.942478,77.547202,,11:30:00,2018
k s layout,2 wheeler theft,12.945773,77.55929,,13:30:00,2018
k s layout,2 wheeler theft,12.931927,77.569373,,10:00:00,2018
k s layout,2 wheeler theft,12.943647,77.558555,,12:30:00,2018
k s layout,2 wheeler theft,12.943836,77.551622,,11:30:00,2018
k s layout,2 wheeler theft,12.937101,77.562782,,10:30:00,2018
k s layout,2 wheeler theft,12.939266,77.564272,,11:00:00,2018
k s layout,2 wheeler theft,12.937216,77.557655,,11:45:00,2018
k s layout,2 wheeler theft,12.938444,77.563826,,12:00:00,2018
k s layout,2 wheeler theft,12.945461,77.561102,,17:00:00,2018
k s layout,2 wheeler theft,12.943573,77.564256,,17:30:00,2018
k s layout,2 wheeler theft,12.938089,77.55705,,23:30:00,2018
k s layout,2 wheeler theft,12.9417,77.560041,,11:00:00,2018
k s layout,2 wheeler theft,12.941914,77.55579,,18:30:00,2018
k s layout,2 wheeler theft,12.939249,77.564484,,11:20:00,2018
k s layout,2 wheeler theft,12.939249,77.564484,,11:30:00,2018
k s layout,2 wheeler theft,12.943463,77.559988,,11:00:00,2018
k s layout,2 wheeler theft,12.941853,77.556146,,17:30:00,2018
k s layout,2 wheeler theft,12.944064,77.557831,,12:30:00,2018
k s layout,2 wheeler theft,12.936234,77.562025,,10:30:00,2018
k s layout,2 wheeler theft,12.940836,77.565413,,12:30:00,2018
k s layout,2 wheeler theft,12.945369,77.564151,,10:00:00,2018
k s layout,2 wheeler theft,12.942101,77.559279,,17:00:00,2018
k s layout,2 wheeler theft,12.939269,77.564319,,17:00:00,2018
k s layout,2 wheeler theft,12.942101,77.559279,,17:00:00,2018
k s layout,2 wheeler theft,12.945148,77.558591,,10:45:00,2018
k s layout,2 wheeler theft,12.944751,77.552431,,16:00:00,2018
k s layout,2 wheeler theft,12.94453,77.56323,,11:00:00,2018
k s layout,2 wheeler theft,12.94036,77.56506,,12:30:00,2018
k s layout,2 wheeler theft,12.93887,77.56002,,19:30:00,2018
k s layout,2 wheeler theft,12.93888,77.56465,,20:00:00,2018
k s layout,2 wheeler theft,12.94606,77.55248,,17:00:00,2018
k s layout,2 wheeler theft,12.94036,77.56506,,11:30:00,2018
k s layout,2 wheeler theft,12.94036,77.56506,,11:40:00,2018
k s layout,2 wheeler theft,12.94036,77.56506,2018-11-15,00:00:00,2018
k s layout,2 wheeler theft,12.94103,77.5482,2018-11-20,00:00:00,2018
k s layout,2 wheeler theft,12.94103,77.5482,2018-11-28,11:00:00,2018
k s layout,2 wheeler theft,12.94103,77.5482,2018-11-30,00:00:00,2018
k s layout,2 wheeler theft,12.94036,77.56506,,00:00:00,2018
k s layout,2 wheeler theft,12.94036,77.56506,,12:30:00,2018
k s layout,2 wheeler theft,12.94103,77.5482,2018-12-23,17:30 PM,2018
k s layout,2 wheeler theft,12.94103,77.5482,2018-12-25,00:00:00,2018
k s layout,2 wheeler theft,12.94036,77.56506,,17:30:00,2018
k s layout,2 wheeler theft,12.94103,77.5482,2018-12-29,12:30:00,2018
k s layout,2 wheeler theft,12.939817,77.557056,,11:30:00,2019
k s layout,2 wheeler theft,12.950114,77.548385,,00:00:00,2019
k s layout,2 wheeler theft,12.951042,77.548328,2019-01-13,00:00:00,2019
k s layout,2 wheeler theft,12.944694,77.563192,2019-01-13,00:00:00,2019
k s layout,2 wheeler theft,12.944694,77.563193,2019-01-14,12:55:00,2019
k s layout,2 wheeler theft,12.88325,77.608371,2019-01-23,11:30:00,2019
k s layout,2 wheeler theft,12.95104,77.548302,2019-01-28,11:30:00,2019
k s layout,2 wheeler theft,12.936611,77.555965,2019-01-29,17:00:00 PM,2019
k s layout,2 wheeler theft,12.939481,77.557833,,00:00:00,2019
k s layout,2 wheeler theft,12.936611,77.555965,,18:00:00 PM,2019
k s layout,2 wheeler theft,12.925502,77.55489,2019-02-14,12:30:00,2019
k s layout,2 wheeler theft,12.971163,77.645682,2019-02-22,17:30:00 PM,2019
k s layout,2 wheeler theft,12.95104,77.548302,2019-02-27,11:45:00,2019
k s layout,2 wheeler theft,12.94103,77.5482,,00:00:00,2019
k s layout,2 wheeler theft,12.92551,77.5561,2019-03-16,16:30:00,2019
k s layout,2 wheeler theft,12.941913,77.564664,2019-03-27,00:00:00,2019
k s layout,2 wheeler theft,12.94103,77.5482,,18:00:00,2019
k s layout,2 wheeler theft,12.94103,77.5482,,12:30:00,2019
k s layout,2 wheeler theft,12.94103,77.5482,2019-04-28,00:00:00,2019
k s layout,2 wheeler theft,12.94103,77.5482,,16:30:00,2019
k s layout,2 wheeler theft,12.943227,77.558585,,00:00:00,2019
k s layout,2 wheeler theft,12.94103,77.5492,2019-05-13,10:00:00,2019
k s layout,2 wheeler theft,12.94103,77.5482,2019-05-20,10:30:00,2019
k s layout,2 wheeler theft,12.94085,77.56823,,10:30:00,2019
k s layout,2 wheeler theft,12.944738,77.56989,2019-06-14,18:15:00,2019
k s layout,2 wheeler theft,12.948734,77.561989,2019-06-15,11:00:00,2019
k s layout,2 wheeler theft,12.943751,77.558522,2019-06-20,17:30:00,2019
k s layout,2 wheeler theft,12.945751,77.558522,2019-06-24,11:10:00,2019
k s layout,2 wheeler theft,12.94803,77.5612,2019-06-25,16:30:00 hr,2019
k s layout,2 wheeler theft,12.944242,77.561343,,00:00:00,2019
k s layout,2 wheeler theft,12.938832,77.55328,,09:00:00,2019
k s layout,2 wheeler theft,12.941011,77.54821,,00:00:00,2019
k s layout,2 wheeler theft,12.941201,77.5472,2019-07-25,00:00:00,2019
k s layout,2 wheeler theft,12.943603,77.563806,,00:00:00,2019
k s layout,2 wheeler theft,12.939874,77.566567,2019-09-24,11:00:00,2019
k s layout,2 wheeler theft,12.94103,77.5481,2019-09-27,19:30:00,2019
k s layout,2 wheeler theft,12.934955,77.566136,,12:45:00,2019
k s layout,2 wheeler theft,12.936096,77.556173,2019-10-14,00:00:00,2019
k s layout,2 wheeler theft,12.94103,77.5482,2019-10-16,11:30:00,2019
k s layout,2 wheeler theft,12.934769,77.558239,2019-10-23,10:30:00,2019
k s layout,2 wheeler theft,12.941202,77.5482,2019-10-28,13:35:00,2019
k s layout,2 wheeler theft,12.93695,77.560103,2019-10-30,10:30:00,2019
k s layout,2 wheeler theft,12.94102,77.5481,,00:00:00,2019
k s layout,2 wheeler theft,12.936348,77.553776,,00:00:00,2019
k s layout,2 wheeler theft,12.94102,77.548,2019-11-13,00:00:00,2019
k s layout,2 wheeler theft,12.941168,77.556694,2019-11-18,11:00:00,2019
k s layout,2 wheeler theft,12.94103,77.5482,2019-01-22,11:00:00,2019
k s layout,2 wheeler theft,12.94103,77.5481,2019-11-29,00:00:00,2019
k s layout,2 wheeler theft,12.944277,77.56756,2019-12-13,11:30:00,2019
k s layout,2 wheeler theft,12.940375,77.561594,,11:00:00,2019
k s layout,2 wheeler theft,12.94103,77.5482,2019-12-17,15:30:00,2019
k s layout,2 wheeler theft,12.940695,77.550109,2019-12-18,00:00:00,2019
k s layout,2 wheeler theft,12.936089,77.567469,2019-12-19,16:10:00,2019
k s layout,2 wheeler theft,12.934727,77.560188,2019-12-30,10:00:00,2019
k s layout,2 wheeler theft,12.94102,77.5491,2019-12-31,00:00:00,2019
k s layout,2 wheeler theft,12.921348,77.546131,,20:30 PM,2015
k s layout,2 wheeler theft,12.932845,77.549736,201-01-07,19:30 PM,2015
k s layout,2 wheeler theft,12.926296,77.549812,2015-01-30,19:00:00,2015
k s layout,2 wheeler theft,12.930182,77.551713,,20:00 PM,2015
k s layout,2 wheeler theft,12.932844,77.585943,2015-02-16,11:30:00,2015
k s layout,2 wheeler theft,12.928617,77.558671,2015-02-17,14:35 PM,2015
k s layout,2 wheeler theft,12.932974,77.560001,2015-02-21,18:45 PM,2015
k s layout,2 wheeler theft,12.917831,77.54545,2015-03-13,07:00:00,2015
k s layout,2 wheeler theft,12.925529,77.552112,2015-03-30,13:30:00,2015
k s layout,2 wheeler theft,12.923758,77.546436,2015-04-16,05:00:00,2015
k s layout,2 wheeler theft,12.929599,77.561388,2015-04-28,15:00:00,2015
k s layout,2 wheeler theft,12.93067,77.553675,,18:00:00,2015
k s layout,2 wheeler theft,12.931346,77.554369,2015-05-22,13:45 PM,2015
k s layout,2 wheeler theft,12.92351,77.543624,,07:15:00,2015
k s layout,2 wheeler theft,12.92349,77.543602,2015-06-16,10:00:00,2015
k s layout,2 wheeler theft,12.924302,77.549946,2015-06-17,09:30:00,2015
k s layout,2 wheeler theft,12.933187,77.562638,2015-06-21,16:40:00,2015
k s layout,2 wheeler theft,12.926657,77.545097,2015-07-29,09:30:00,2015
k s layout,2 wheeler theft,12.92414,77.556143,,15:00:00,2015
k s layout,2 wheeler theft,12.934101,77.558938,,19:00:00,2015
k s layout,2 wheeler theft,12.928278,77.558549,,11:30:00,2015
k s layout,2 wheeler theft,12.929704,77.553769,2015-09-28,14:00:00,2015
k s layout,2 wheeler theft,12.921711,77.552801,,10:30:00,2015
k s layout,2 wheeler theft,12.923092,77.556213,,17:30:00,2015
k s layout,2 wheeler theft,12.921128,77.545196,2015-10-30,11:30:00,2015
k s layout,2 wheeler theft,12.925167,77.540889,2015-10-30,14:30:00,2015
k s layout,2 wheeler theft,12.934004,77.555083,2015-10-31,23:00 PM,2015
k s layout,2 wheeler theft,12.924796,77.541136,,18:30:00,2015
k s layout,2 wheeler theft,12.919496,77.539556,2015-11-14,20:00:00,2015
k s layout,2 wheeler theft,12.92004,77.54464,,11:00:00,2015
k s layout,2 wheeler theft,12.930425,77.553714,,17:00:00,2015
k s layout,2 wheeler theft,12.923021,77.556486,2017-12-18,10:15:00,2015
k s layout,2 wheeler theft,12.9278237,77.5603884,2015-12-23,19:30 PM,2015
k s layout,2 wheeler theft,12.9222058,77.5428429,2016-01-22,11:00:00,2016
k s layout,2 wheeler theft,12.9295802,77.5444495,2016-01-23,13:30:00,2016
k s layout,2 wheeler theft,12.9222402,77.5593314,,18:30:00,2016
k s layout,2 wheeler theft,12.9261127,77.5502655,2016-02-22,11:30:00,2016
k s layout,2 wheeler theft,12.9282625,77.5495424,2016-02-29,16:30:00,2016
k s layout,2 wheeler theft,12.9271451,77.5583712,,20:30:00,2016
k s layout,2 wheeler theft,12.9299925,77.5591622,,21:30:00,2016
k s layout,2 wheeler theft,12.9312508,77.5573752,,20:10:00,2016
k s layout,2 wheeler theft,12.9271487,77.5454016,2016-03-18,21:00 PM,2016
k s layout,2 wheeler theft,12.9238037,77.553205,,19:30:00,2016
k s layout,2 wheeler theft,12.9303612,77.547441,2016-04-26,12:30:00,2016
k s layout,2 wheeler theft,12.9222031,77.5407722,,22:30 PM,2016
k s layout,2 wheeler theft,12.9219228,77.5422287,,20:00 PM,2016
k s layout,2 wheeler theft,12.9219228,77.5422288,,09:00:00,2016
k s layout,2 wheeler theft,12.9222058,77.5428429,,15:15:00 PM,2016
k s layout,2 wheeler theft,12.92293,77.5489048,2016-05-14,22:30 PM,2016
k s layout,2 wheeler theft,12.9328848,77.5546856,2016-05-29,13:45 PM,2016
k s layout,2 wheeler theft,12.9313371,77.5593083,,20:00 PM,2016
k s layout,2 wheeler theft,12.9266769,77.5586401,,16:00 PM,2016
k s layout,2 wheeler theft,12.92306,77.5510115,,08:00:00,2016
k s layout,2 wheeler theft,12.9271486,77.540158,,07:00:00,2016
k s layout,2 wheeler theft,12.9318594,77.5484261,2016-07-15,10:00:00,2016
k s layout,2 wheeler theft,12.9238275,77.5432189,2016-07-21,05:30:00,2016
k s layout,2 wheeler theft,12.9311648,77.553211,,07:00:00,2016
k s layout,2 wheeler theft,12.9238275,77.5482189,2016-08-19,05:00:00,2016
k s layout,2 wheeler theft,12.9282625,77.5495424,2016-08-27,08:30:00,2016
k s layout,2 wheeler theft,12.9271487,77.5454016,2016-08-29,16:30 PM,2016
k s layout,2 wheeler theft,12.9238275,77.5482189,,11:00:00,2016
k s layout,2 wheeler theft,12.9303612,77.54741,2016-09-14,21:30 PM,2016
k s layout,2 wheeler theft,12.924681,77.547555,2019-09-19,21:00 PM,2016
k s layout,2 wheeler theft,12.9222031,77.5407722,,15:45 PM,2016
k s layout,2 wheeler theft,12.9275396,77.5513562,,10:30:00,2016
k s layout,2 wheeler theft,12.9271487,77.5454016,2016-10-14,21:00 PM,2016
k s layout,2 wheeler theft,12.9246874,77.5587541,2016-10-22,11:30:00,2016
k s layout,2 wheeler theft,12.9238275,77.5482189,,11:20:00,2016
k s layout,2 wheeler theft,12.9238037,77.553205,,12:30:00,2016
k s layout,2 wheeler theft,12.9323487,77.5556102,2016-11-16,18:30:00,2016
k s layout,2 wheeler theft,12.9316735,77.5492291,2016-11-21,22:00 PM,2016
k s layout,2 wheeler theft,12.9222402,77.5593314,2016-11-23,10:00:00,2016
k s layout,2 wheeler theft,12.9275397,77.5513562,,17:00 PM,2016
k s layout,2 wheeler theft,12.9303612,77.547441,,05:00:00,2016
k s layout,2 wheeler theft,12.9271451,77.5583712,2016-12-15,09:45:00,2016
k s layout,2 wheeler theft,12.9279381,77.5541878,2016-12-25,22:00 PM,2016
k s layout,2 wheeler theft,12.9280966,77.5562028,2016-12-22,08:45:00,2016
k s layout,2 wheeler theft,12.9312508,77.5573752,,14:00:00,2017
k s layout,2 wheeler theft,12.9325129,77.5607172,,21:00 PM,2017
k s layout,2 wheeler theft,12.9271487,77.5454016,2017-01-19,11:00:00,2017
k s layout,2 wheeler theft,12.9328848,77.5546856,2017-01-24,10:20:00,2017
k s layout,2 wheeler theft,12.9222058,77.5428429,2017-01-26,12:30:00,2017
k s layout,2 wheeler theft,12.9238037,77.55,2017-01-28,17:00:00,2017
k s layout,2 wheeler theft,12.927981,77.557327,,11:00:00,2018
k s layout,2 wheeler theft,12.928161,77.557262,,18:25 PM,2018
k s layout,2 wheeler theft,12.923171,77.555936,,10:00:00,2018
k s layout,2 wheeler theft,12.934342,77.557262,,11:00:00,2018
k s layout,2 wheeler theft,12.932454,77.559855,,18:14 PM,2018
k s layout,2 wheeler theft,12.9218,77.54423,2018-12-17,00:00:00,2018
k s layout,2 wheeler theft,12.927585,77.553824,2018-12-19,11:30:00,2018
k s layout,2 wheeler theft,12.929281,77.556975,2018-12-24,11:30:00,2018
k s layout,2 wheeler theft,12.926065,77.550154,2018-12-17,17:10 PM,2018
k s layout,2 wheeler theft,12.909037,77.64683,,00:00:00,2019
k s layout,2 wheeler theft,12.921697,77.543009,,10:00:00,2019
k s layout,2 wheeler theft,12.935785,77.543343,,10:30:00,2019
k s layout,2 wheeler theft,12.994327,77.8492,,10:30:00,2019
k s layout,2 wheeler theft,12.926735,77.540531,2019-01-17,10:00:00,2019
k s layout,2 wheeler theft,12.923475,77.553254,,10:30:00,2019
k s layout,2 wheeler theft,12.9232415,77.548245,2019-02-19,10:00:00,2019
k s layout,2 wheeler theft,12.926369,77.55818,2019-02-24,15:30 PM,2019
k s layout,2 wheeler theft,12.92995,77.555174,,12:30:00,2019
k s layout,2 wheeler theft,12.938805,77.555873,,10:30:00,2019
k s layout,2 wheeler theft,12.936458,77.542019,2019-03-14,11:15:00,2019
k s layout,2 wheeler theft,12.930977,77.539886,2019-03-15,14:00 PM,2019
k s layout,2 wheeler theft,12.921977,77.546792,2019-03-18,10:30:00,2019
k s layout,2 wheeler theft,12.922858,77.54036,2019-03-28,11:15:00,2019
k s layout,2 wheeler theft,12.920915,77.551366,,15:00 PM,2019
k s layout,2 wheeler theft,12.932112,77.540144,2019-04-20,11:00:00,2019
k s layout,2 wheeler theft,12.932261,77.561432,2019-04-22,14:00 PM,2019
k s layout,2 wheeler theft,12.923431,77.55337,2019-04-30,06:00:00,2019
k s layout,2 wheeler theft,12.929835,77.561032,,13:00 PM,2019
k s layout,2 wheeler theft,12.928219,77.561045,2019-05-17,19:30 PM,2019
k s layout,2 wheeler theft,12.922051,77.545731,2019-05-26,10:00:00,2019
k s layout,2 wheeler theft,12.921643,77.54754,2019-05-30,12:30:00,2019
k s layout,2 wheeler theft,12.928037,77.561969,,16:00 PM,2019
k s layout,2 wheeler theft,12.927757,77.555928,,14:00 PM,2019
k s layout,2 wheeler theft,12.930761,77.54681,,12:15:00,2019
k s layout,2 wheeler theft,12.923237,77.549222,2019-07-20,10:45:00,2019
k s layout,2 wheeler theft,12.925478,77.543311,,19:30 PM,2019
k s layout,2 wheeler theft,12.92338,77.545354,2019-08-14,15:15 PM,2019
k s layout,2 wheeler theft,12.924522,77.556745,2019-08-16,16:30 PM,2019
k s layout,2 wheeler theft,12.930204,77.550247,2019-08-23,11:00:00,2019
k s layout,2 wheeler theft,12.922928,77.549485,2019-08-25,15:00 PM,2019
k s layout,2 wheeler theft,12.932062,77.567332,2019-08-27,19:30 PM,2019
k s layout,2 wheeler theft,12.928152,77.541456,,15:30 PM,2019
k s layout,2 wheeler theft,12.924104,77.543617,2019-09-30,19:00 PM,2019
k s layout,2 wheeler theft,12.924778,77.541163,2019-09-15,15:15 PM,2019
k s layout,2 wheeler theft,12.939681,77.55726,2019-09-18,10:30:00,2019
k s layout,2 wheeler theft,12.919656,77.539511,2019-09-30,10:00:00,2019
k s layout,2 wheeler theft,12.924868,77.549211,,12:30:00,2019
k s layout,2 wheeler theft,12.919756,77.542113,,14:15:00,2019
k s layout,2 wheeler theft,12.92516,77.55646,,14:00:00,2019
k s layout,2 wheeler theft,12.922746,77.545253,,09:30:00,2019
k s layout,2 wheeler theft,12.930359,77.547661,2019-10-21,13:00:00,2019
k s layout,2 wheeler theft,12.929444,77.556264,2019-10-27,15:00:00,2019
k s layout,2 wheeler theft,12.932583,77.553005,,13:30:00,2019
k s layout,2 wheeler theft,12.930174,77.560579,,12:00:00,2019
k s layout,2 wheeler theft,12.922977,77.543699,2019-11-17,18:00:00,2019
k s layout,2 wheeler theft,12.933654,77.560956,2019-11-20,11:00:00,2019
k s layout,2 wheeler theft,12.933051,77.563834,2019-02-18,06:00:00,2019
k s layout,2 wheeler theft,12.922185,77.542037,2019-12-27,14:00:00,2019
k s layout,2 wheeler theft,12.924836,77.555671,2019-12-31,14:40:00,2019
k s layout,2 wheeler theft,12.92803,77.552027,2019-12-31,15:00:00,2019
k s layout,4 wheeler theft,12.92043,77.5819,,18:40:00,2015
k s layout,4 wheeler theft,12.915668,77.589964,,13:00:00,2015
k s layout,4 wheeler theft,12.918081,77.587101,,13:30:00,2015
k s layout,4 wheeler theft,12.92819,77.62512,2015-11-20,17:30:00,2015
k s layout,4 wheeler theft,12.92334,77.58484,,17:15:00,2015
k s layout,4 wheeler theft,12.92875,77.5801,,18:45:00,2015
k s layout,4 wheeler theft,12.931037,77.585842,,14:45:00,2016
k s layout,4 wheeler theft,12.922657,77.589563,2016-10-19,13:00:00,2016
k s layout,4 wheeler theft,12.917125,77.578344,2016-10-21,11:30:00,2016
k s layout,4 wheeler theft,12.922461,77.589557,2016-10-24,17:00:00,2016
k s layout,4 wheeler theft,12.891917,77.589229,2016-10-25,15:00:00,2016
k s layout,4 wheeler theft,12.93744,77.56426,,11:30:00,2017
k s layout,4 wheeler theft,12.928459,77.576972,2017-03-27,12:15:00,2017
k s layout,4 wheeler theft,12.919182,77.57765,2017-08-21,12:45:00,2017
k s layout,4 wheeler theft,12.926192,77.586141,2018-04-14,11:30:00,2018
k s layout,4 wheeler theft,12.91743,77.583465,,16:30:00,2018
k s layout,4 wheeler theft,12.920162,77.587113,2018-06-29,16:00:00,2018
k s layout,4 wheeler theft,12.92204,77.58221,,18:00:00,2018
k s layout,4 wheeler theft,12.916744,77.597456,2018-11-14,11:00:00,2018
k s layout,4 wheeler theft,12.9057223,77.5355813,2019-05-27,11:00:00,2019
k s layout,4 wheeler theft,12.9362949,77.5724694,,,2016
k s layout,4 wheeler theft,12.9483464,77.5784331,,,2016
k s layout,4 wheeler theft,12.9478532,77.575218,,,2016
k s layout,4 wheeler theft,12.9475493,77.5792841,,,2016
k s layout,4 wheeler theft,12.9386532,77.5765439,,,2017
k s layout,4 wheeler theft,12.9458905,77.5708001,,,2017
k s layout,4 wheeler theft,12.9362949,77.5724694,,,2018
k s layout,4 wheeler theft,12.9448453,77.5700556,,,2018
k s layout,4 wheeler theft,12.9462534,77.5703471,,,2019
k s layout,4 wheeler theft,12.9013564,77.5897255,,10:55:00,2015
k s layout,4 wheeler theft,12.8940057,77.5828137,2015-01-21,11:20:00,2015
k s layout,4 wheeler theft,12.9045368,77.5843208,,19:35:00,2015
k s layout,4 wheeler theft,12.9359949,77.5664314,,18:30:00,2015
k s layout,4 wheeler theft,12.9082055,77.5817295,2015-03-17,21:00:00,2015
k s layout,4 wheeler theft,12.8820672,77.5798883,2015-04-15,22:10:00,2015
k s layout,4 wheeler theft,12.9009867,77.584761,2015-04-17,22:30:00,2015
k s layout,4 wheeler theft,12.8920076,77.5837341,,08:40:00,2015
k s layout,4 wheeler theft,12.9059669,77.5793992,2015-10-19,11:30:00,2015
k s layout,4 wheeler theft,12.9059929,77.5728331,,11:00:00,2015
k s layout,4 wheeler theft,12.9092966,77.5739359,,20:05:00,2016
k s layout,4 wheeler theft,12.904328,77.5961512,,15:30:00,2016
k s layout,4 wheeler theft,12.913173,77.597754,,13:00:00,2016
k s layout,4 wheeler theft,12.9118554,77.5723761,,20:05:00,2016
k s layout,4 wheeler theft,12.8971425,77.5818036,,19:35:00,2016
k s layout,4 wheeler theft,12.9107989,77.5758887,,09:20:00,2016
k s layout,4 wheeler theft,12.9015479,77.5801482,2016-12-24,17:00:00,2016
k s layout,4 wheeler theft,12.9015739,77.5735821,2016-12-26,11:20:00,2016
k s layout,4 wheeler theft,12.9386699,77.5402407,,11:30:00,2017
k s layout,4 wheeler theft,12.9388326,77.5402407,,13:00:00,2017
k s layout,4 wheeler theft,12.9389952,77.5402406,2017-05-27,18:00:00,2017
k s layout,4 wheeler theft,12.9178748,77.5845514,2017-05-29,17:30:00,2017
k s layout,4 wheeler theft,12.9211693,77.5799377,2017-07-29,13:00:00,2017
k s layout,4 wheeler theft,12.916245,77.5932261,,17:30:00,2017
k s layout,4 wheeler theft,12.9077254,77.5978325,,12:30:00,2017
k s layout,4 wheeler theft,12.9097302,77.5836513,2018-02-14,13:00:00,2018
k s layout,4 wheeler theft,12.9154951,77.5931886,,09:30:00,2018
k s layout,4 wheeler theft,12.9159378,77.5855939,,15:15:00,2018
k s layout,4 wheeler theft,12.911032,77.5759036,,09:30:00,2019
k s layout,4 wheeler theft,12.908631,77.5866536,2019-10-19,11:00:00,2019
k s layout,4 wheeler theft,12.9294528,77.5736111,2015-01-28,11:00:00,2015
k s layout,4 wheeler theft,12.9151972,77.5586111,2015-07-30,13:30:00,2015
k s layout,4 wheeler theft,12.9251611,77.5613889,2015-08-19,13:30:00,2015
k s layout,4 wheeler theft,12.9254306,77.5608333,,05:30:00,2015
k s layout,4 wheeler theft,12.9243944,77.5680556,2016-04-25,13:00:00,2016
k s layout,4 wheeler theft,12.9325111,77.5755556,2016-07-15,19:30:00,2016
k s layout,4 wheeler theft,12.9254306,77.5608333,2017-07-13,10:00:00,2017
k s layout,4 wheeler theft,12.9263556,77.5769444,2017-07-31,18:00:00,2017
k s layout,4 wheeler theft,12.9154222,77.5619444,,09:30:00,2017
k s layout,4 wheeler theft,12.928291,77.574512,2018-05-25,08:00:00,2018
k s layout,4 wheeler theft,12.92088,77.56191,2018-11-17,19:00:00,2018
k s layout,4 wheeler theft,12.9169,77.559677,,16:15:00,2018
k s layout,4 wheeler theft,12.9212472,77.5730556,2019-01-16,19:30:00,2019
k s layout,4 wheeler theft,12.919,77.55535,2019-02-20,09:00:00,2019
k s layout,4 wheeler theft,12.87823,77.50026,2019-07-17,12:15:00,2019
k s layout,4 wheeler theft,12.935347,77.587477,2015-04-29,15:00:00,2015
k s layout,4 wheeler theft,12.942437,77.591254,2015-06-24,13:00:00,2015
k s layout,4 wheeler theft,12.936294,77.593072,2015-10-29,15:30:00,2015
k s layout,4 wheeler theft,12.938159,77.590823,2015-12-17,17:50:00,2015
k s layout,4 wheeler theft,12.93605,77.585719,,13:00:00,2017
k s layout,4 wheeler theft,12.942522,77.58286,,18:15:00,2017
k s layout,4 wheeler theft,12.947692,77.591893,,12:30:00,2018
k s layout,4 wheeler theft,12.943024,77.5871144,2018-11-19,16:00:00,2018
k s layout,4 wheeler theft,12.935347,77.587477,2019-07-14,12:30:00,2019
k s layout,4 wheeler theft,12.941058,77.586061,2019-07-27,14:00:00,2019
k s layout,4 wheeler theft,12.9047104,77.5448882,2015-01-18,14:45:00,2015
k s layout,4 wheeler theft,12.9062671,77.5505755,2015-01-18,20:00:00,2015
k s layout,4 wheeler theft,12.9024547,77.5418141,,22:10:00,2015
k s layout,4 wheeler theft,12.8892451,77.573702,,21:00:00,2015
k s layout,4 wheeler theft,12.8849644,77.5576756,2015-04-14,08:00:00,2015
k s layout,4 wheeler theft,12.9163375,77.5407785,2015-07-17,23:30:00,2015
k s layout,4 wheeler theft,12.9050527,77.5418957,,20:30:00,2015
k s layout,4 wheeler theft,12.8821173,77.5572937,2015-09-26,02:45:00,2015
k s layout,4 wheeler theft,12.9075982,77.5348106,2015-12-23,23:00:00,2015
k s layout,4 wheeler theft,12.8898214,77.579747,,10:02:00,2016
k s layout,4 wheeler theft,12.8989062,77.5499374,,10:00:00,2016
k s layout,4 wheeler theft,12.8754426,77.5829255,2016-01-25,,2016
k s layout,4 wheeler theft,12.8953716,77.5503236,,20:45:00,2016
k s layout,4 wheeler theft,12.8898214,77.579747,,21:45:00,2016
k s layout,4 wheeler theft,12.8894709,77.5742082,2016-03-28,08:40:00,2016
k s layout,4 wheeler theft,12.9075982,77.5348106,2016-06-16,10:15:00,2016
k s layout,4 wheeler theft,12.8887116,77.5737734,2016-08-20,22:30:00,2016
k s layout,4 wheeler theft,12.8776868,77.580717,2016-09-24,00:00:00,2016
k s layout,4 wheeler theft,12.8887116,77.5737734,2016-10-16,16:00:00,2016
k s layout,4 wheeler theft,12.8776868,77.580717,2016-11-22,14:00:00,2016
k s layout,4 wheeler theft,12.9050414,77.5431577,,19:15:00,2016
k s layout,4 wheeler theft,12.9168839,77.5420111,2017-03-27,10:30:00,2017
k s layout,4 wheeler theft,12.8837663,77.5684252,2017-07-27,14:50:00,2017
k s layout,4 wheeler theft,12.9057223,77.5355813,2018-03-21,21:30:00,2018
k s layout,4 wheeler theft,12.8918048,77.55394,,16:00:00,2018
k s layout,4 wheeler theft,12.8831659,77.5652009,2018-12-21,17:30:00,2018
k s layout,4 wheeler theft,12.8862783,77.571291,2019-03-19,15:00:00,2019
k s layout,4 wheeler theft,12.8915788,77.5814294,2019-03-19,18:30:00,2019
k s layout,4 wheeler theft,12.9071139,77.5439924,2019-03-13,12:45:00,2019
k s layout,4 wheeler theft,12.9072655,77.53614,2019-03-24,05:30:00,2019
k s layout,4 wheeler theft,12.9091215,77.5515491,2019-04-20,11:30:00,2019
k s layout,4 wheeler theft,12.9114782,77.5529187,2019-04-26,13:00:00,2019
k s layout,4 wheeler theft,12.9057223,77.5355813,2019-09-13,20:00:00,2019
k s layout,4 wheeler theft,12.87239,77.542482,2015-11-28,18:30:00,2015
k s layout,4 wheeler theft,12.865651,77.539388,,18:00:00,2016
k s layout,4 wheeler theft,12.872337,77.562521,,19:45:00,2016
k s layout,4 wheeler theft,12.870018,77.565913,2016-12-19,15:00:00,2016
k s layout,4 wheeler theft,12.89083,77.538516,2017-10-24,11:30:00,2017
k s layout,4 wheeler theft,12.892083,77.542315,2017-12-18,13:00:00,2017
k s layout,4 wheeler theft,12.870325,77.547321,2019-02-20,11:00:00,2019
k s layout,4 wheeler theft,12.858186,77.578695,,20:10:00,2019
k s layout,4 wheeler theft,12.891881,77.519617,,09:30:00,2019
k s layout,4 wheeler theft,12.857243,77.573414,2019-09-15,11:30:00,2019
k s layout,4 wheeler theft,12.869623,77.572816,,21:00:00,2019
k s layout,4 wheeler theft,12.895925,77.585328,,,2017
k s layout,4 wheeler theft,12.883242,77.575999,,,2017
k s layout,4 wheeler theft,12.85514,77.588799,,10:30:00,2017
k s layout,4 wheeler theft,12.896403,77.570289,,,2017
k s layout,4 wheeler theft,12.862054,77.585957,,,2017
k s layout,4 wheeler theft,12.896403,77.570289,2017-05-29,14:00:00,2017
k s layout,4 wheeler theft,12.895925,77.585328,2017-05-30,20:40:00,2017
k s layout,4 wheeler theft,12.8764,77.581172,,,2018
k s layout,4 wheeler theft,12.869404,77.582054,,,2018
k s layout,4 wheeler theft,12.866559,77.571249,,,2019
k s layout,4 wheeler theft,12.876526,77.562358,,,2019
k s layout,4 wheeler theft,12.866559,77.571249,,,2019
k s layout,4 wheeler theft,12.884996,77.580771,,,2019
k s layout,4 wheeler theft,12.8884083,77.5936111,,11:00:00,2017
k s layout,4 wheeler theft,12.9012194,77.5905556,,16:30:00,2017
k s layout,4 wheeler theft,12.903028,77.590791,,11:30:00,2017
k s layout,4 wheeler theft,12.88985,77.5927778,,13:00:00,2018
k s layout,4 wheeler theft,12.894823,77.59862,,12:30:00,2018
k s layout,4 wheeler theft,12.9039389,77.5825,,12:00:00,2018
k s layout,4 wheeler theft,12.893183,77.572113,,18:30:00,2019
k s layout,4 wheeler theft,12.904658,77.58838,,10:30:00,2019
k s layout,4 wheeler theft,12.88087,77.5855,,13:45:00,2019
k s layout,4 wheeler theft,12.889763,77.585588,,10:30:00,2019
k s layout,4 wheeler theft,12.9086134,77.5613875,,10:30:00,2015
k s layout,4 wheeler theft,12.915572,77.5732156,,12:00:00,2015
k s layout,4 wheeler theft,12.9134091,77.5708341,,11:00:00,2017
k s layout,4 wheeler theft,12.9061712,77.5698458,,12:00:00,2017
k s layout,4 wheeler theft,12.9035617,77.5595982,,,2018
k s layout,4 wheeler theft,12.8928134,77.5666301,,,2018
k s layout,4 wheeler theft,12.9108218,77.5682452,,,2018
k s layout,4 wheeler theft,12.9124183,77.5641048,,18:30:00,2018
k s layout,4 wheeler theft,12.9011495,77.5706466,,,2018
k s layout,4 wheeler theft,12.9108218,77.5682452,,,2018
k s layout,4 wheeler theft,12.9094534,77.5650952,,02:30:00,2018
k s layout,4 wheeler theft,12.9114198,77.5620769,,09:15:00,2019
k s layout,4 wheeler theft,12.9085203,77.5725265,,12:45:00,2019
k s layout,4 wheeler theft,12.9123064,77.567061,,,2019
k s layout,4 wheeler theft,12.936359,77.354721,2016-02-21,19:50:00,2016
k s layout,4 wheeler theft,12.936275,77.550704,,19:45:00,2016
k s layout,4 wheeler theft,12.945085,77.548612,,12:30:00,2018
k s layout,4 wheeler theft,12.943637,77.844691,,14:00:00,
k s layout,4 wheeler theft,12.938298,77.544986,,12:30:00,
k s layout,4 wheeler theft,12.931394,77.544233,,19:30:00,
k s layout,4 wheeler theft,12.935716,77.544577,,12:00:00,
k s layout,4 wheeler theft,12.939574,77.542507,,17:30:00,
k s layout,4 wheeler theft,12.937255,77.534241,,13:10:00,
k s layout,4 wheeler theft,12.941095,77.553129,,12:45:00,
k s layout,4 wheeler theft,12.9578264,77.5594174,2015-11-27,18:00:00,2015
k s layout,4 wheeler theft,12.9578264,77.5594174,,17:15:00,2016
k s layout,4 wheeler theft,12.94983,77.56041,2018-08-18,16:15:00,2018
k s layout,4 wheeler theft,12.9556,77.56883,,08:15:00,2015
k s layout,4 wheeler theft,12.9520674,77.579281,,16:30:00,2015
k s layout,4 wheeler theft,12.9520674,77.579281,,12:15:00,2016
k s layout,4 wheeler theft,12.9629909,77.5721546,,12:00:00,2017
k s layout,4 wheeler theft,12.9542866,77.577682,,11:30:00,2018
k s layout,4 wheeler theft,12.9532178,77.5777217,,13:50:00,2018
k s layout,4 wheeler theft,12.9621253,77.5715782,,10:45:00,2019
k s layout,4 wheeler theft,12.94253,77.55534,,13:45:00,2016
k s layout,4 wheeler theft,12.94176,77.55656,,11:15:00,2016
k s layout,4 wheeler theft,12.93526,77.56042,,11:00:00,2016
k s layout,4 wheeler theft,12.943648,77.549789,,12:30:00,2016
k s layout,4 wheeler theft,12.9422,77.552401,,10:30:00,2017
k s layout,4 wheeler theft,12.930861,77.554069,2015-01-29,20:00:00,2015
k s layout,4 wheeler theft,12.926837,77.544735,2015-03-29,08:00:00,2015
k s layout,4 wheeler theft,12.924688,77.548142,2015-01-31,08:00:00,2015
k s layout,4 wheeler theft,12.930228,77.547624,2015-04-24,23:00:00,2015
k s layout,4 wheeler theft,12.924729,77.558486,2015-07-23,07:00:00,2015
k s layout,4 wheeler theft,12.929702,77.553766,2015-08-31,18:00:00,2015
k s layout,4 wheeler theft,12.9212651,77.5499955,2016-08-17,11:30:00,2016
k s layout,4 wheeler theft,12.932284,77.54988,2019-05-22,10:15:00,2019
k s layout,4 wheeler theft,12.929298,77.54597,2019-09-23,09:30:00,2019
k s layout,4 wheeler theft,12.926366,77.549813,2019-10-18,00:00:00,2019
k s layout,ordinary theft,12.92256,77.58698,,12:30:00,2015
k s layout,ordinary theft,12.918025,77.58835,2015-01-14,22:40:00,2015
k s layout,ordinary theft,12.9274612,77.5862884,2015-01-29,19:25:00,2015
k s layout,ordinary theft,12.9369276,77.5789947,,20:00:00,2015
k s layout,ordinary theft,12.934423,77.592768,,13:30:00,2015
k s layout,ordinary theft,12.91856,77.58466,,18:00:00,2015
k s layout,ordinary theft,12.947111,77.594474,,19:30:00,2015
k s layout,ordinary theft,12.929333,77.58168,2015-03-28,19:30:00,2015
k s layout,ordinary theft,12.952429,77.543605,,20:00:00,2015
k s layout,ordinary theft,12.9388,77.859975,,21:40:00,2015
k s layout,ordinary theft,12.919098,77.589485,2015-04-29,13:00:00,2015
k s layout,ordinary theft,12.912976,77.573242,,15:00:00,2015
k s layout,ordinary theft,12.946444,77.579988,,11:40:00,2015
k s layout,ordinary theft,12.928613,77.585359,,11:00:00,2015
k s layout,ordinary theft,12.918025,77.58835,2015-05-22,17:30:00,2015
k s layout,ordinary theft,12.930433,77.549761,2015-05-26,19:20:00,2015
k s layout,ordinary theft,12.924603,77.588906,2015-05-30,13:30:00,2015
k s layout,ordinary theft,12.93349,77.576628,,13:30:00,2015
k s layout,ordinary theft,12.928613,77.585359,2015-06-18,13:00:00,2015
k s layout,ordinary theft,12.927136,77.5907,,14:15:00,2015
k s layout,ordinary theft,12.926523,77.579647,2015-07-15,19:00:00,2015
k s layout,ordinary theft,12.916757,77.593434,,21:15:00,2015
k s layout,ordinary theft,12.909694,77.634426,,17:30:00,2015
k s layout,ordinary theft,12.91756,77.58486,2015-09-23,16:00:00,2015
k s layout,ordinary theft,12.922536,77.587568,,20:45:00,2015
k s layout,ordinary theft,12.92253,77.585898,2015-10-18,12:15:00,2015
k s layout,ordinary theft,12.918028,77.58842,2015-10-25,20:20:00,2015
k s layout,ordinary theft,12.922535,77.58565,2015-11-14,18:00:00,2015
k s layout,ordinary theft,12.95645,77.786586,2015-12-29,09:15:00,2015
k s layout,ordinary theft,12.93443,77.592708,,13:00:00,2015
k s layout,ordinary theft,12.9165885,77.589965,,13:10:00,2015
k s layout,ordinary theft,12.931988,77.590196,,13:30:00,2015
k s layout,ordinary theft,12.931921,77.58029,2015-05-21,10:30:00,2015
k s layout,ordinary theft,12.88605,77.494843,2015-06-19,13:00:00,2015
k s layout,ordinary theft,13.05669,77.6256687,,19:30:00,2015
k s layout,ordinary theft,12.919774,77.577703,,15:00:00,2015
k s layout,ordinary theft,12.928613,77.585359,,14:30:00,2015
k s layout,ordinary theft,12.93192,77.58016,2015-11-14,13:00:00,2015
k s layout,ordinary theft,12.88605,77.494843,,04:00:00,2015
k s layout,ordinary theft,12.93192,77.580106,,19:35:00,2015
k s layout,ordinary theft,12.924857,77.583759,2015-03-24,11:00:00,2015
k s layout,ordinary theft,12.92885,77.5785,,15:00:00,2015
k s layout,ordinary theft,12.9273,77.57806,2015-01-18,16:30:00,2015
k s layout,ordinary theft,12.930535,77.586997,2015-03-23,17:00:00,2015
k s layout,ordinary theft,12.928613,77.585359,2015-04-15,12:00:00,2015
k s layout,ordinary theft,12.934891,77.581991,,14:00:00,2015
k s layout,ordinary theft,12.936652,77.576437,2015-07-22,15:40:00,2015
k s layout,ordinary theft,12.923852,77.576402,2015-01-15,19:30:00,2015
k s layout,ordinary theft,12.93067,77.581281,2015-01-16,21:20:00,2015
k s layout,ordinary theft,12.923852,77.576402,,12:30:00,2015
k s layout,ordinary theft,12.923852,77.576402,,17:30:00,2015
k s layout,ordinary theft,12.930397,77.585753,,11:30:00,2015
k s layout,ordinary theft,12.919817,77.58481,2015-04-30,19:40:00,2015
k s layout,ordinary theft,12.927082,77.588137,,14:45:00,2015
k s layout,ordinary theft,12.925458,77.584816,2015-06-25,09:50:00,2015
k s layout,ordinary theft,12.932553,77.580342,2015-08-28,19:10:00,2015
k s layout,ordinary theft,12.935566,77.589964,2015-11-26,09:15:00,2015
k s layout,ordinary theft,12.926858,77.583552,,13:00:00,2016
k s layout,ordinary theft,12.91945,77.58582,2016-04-20,15:00:00,2016
k s layout,ordinary theft,12.917758,77.588496,,12:00:00,2016
k s layout,ordinary theft,12.923975,77.579868,2016-06-28,12:30:00,2016
k s layout,ordinary theft,12.916869,77.589571,,13:30:00,2016
k s layout,ordinary theft,12.91845,77.584881,,14:00:00,2016
k s layout,ordinary theft,12.921458,77.58764,2016-09-21,13:30:00,2016
k s layout,ordinary theft,12.92556,77.59763,2016-09-28,14:00:00,2016
k s layout,ordinary theft,12.92556,77.59763,2016-11-22,17:00:00,2016
k s layout,ordinary theft,12.92074,77.59957,2016-01-16,18:00:00,2016
k s layout,ordinary theft,12.92847,77.58374,2016-01-21,13:30:00,2016
k s layout,ordinary theft,12.92825,77.57483,,16:30:00,2016
k s layout,ordinary theft,12.922084,77.589585,2016-04-22,12:00:00,2016
k s layout,ordinary theft,12.935688,77.586954,2016-10-20,10:00:00,2016
k s layout,ordinary theft,12.92847,77.58374,,08:30:00,2016
k s layout,ordinary theft,12.9167,77.59763,,18:50:00,2016
k s layout,ordinary theft,12.91945,77.58582,2016-01-22,17:00:00,2016
k s layout,ordinary theft,12.92556,77.57561,2016-02-19,18:00:00,2016
k s layout,ordinary theft,12.92367,77.58014,2016-02-27,16:00:00,2016
k s layout,ordinary theft,12.92556,77.57591,2016-04-22,12:00:00,2016
k s layout,ordinary theft,12.915868,77.58954,2016-05-31,09:00:00,2016
k s layout,ordinary theft,12.91699,77.58934,2016-07-22,10:35:00,2016
k s layout,ordinary theft,12.92367,77.58014,,22:15:00,2016
k s layout,ordinary theft,12.92556,77.57561,,15:35:00,2016
k s layout,ordinary theft,12.909645,77.632545,2016-11-29,10:25:00,2016
k s layout,ordinary theft,12.92556,77.57591,2016-01-24,22:30:00,2016
k s layout,ordinary theft,12.915785,77.58695,2016-02-29,18:30:00,2016
k s layout,ordinary theft,12.91945,77.58582,,12:35:00,2016
k s layout,ordinary theft,12.91945,77.58582,,13:30:00,2016
k s layout,ordinary theft,12.92311,77.5807,,18:40:00,2016
k s layout,ordinary theft,12.91945,77.58582,2016-04-13,10:30:00,2016
k s layout,ordinary theft,12.923675,77.580145,2016-04-28,19:30:00,2016
k s layout,ordinary theft,12.9237885,77.589685,2016-06-15,16:45:00,2016
k s layout,ordinary theft,12.92367,77.58014,2016-06-22,10:00:00,2016
k s layout,ordinary theft,12.92397,77.57968,,23:10:00,2016
k s layout,ordinary theft,12.93047,77.57957,2016-07-19,02:45:00,2016
k s layout,ordinary theft,12.93091,77.57812,,17:00:00,2016
k s layout,ordinary theft,12.91945,77.585805,2016-08-15,23:15:00,2016
k s layout,ordinary theft,12.92164,77.59149,,19:35:00,2016
k s layout,ordinary theft,12.92178,77.57923,,21:30:00,2016
k s layout,ordinary theft,12.92239,77.58076,2016-11-18,13:15:00,2016
k s layout,ordinary theft,12.92266,77.5854,2016-01-19,21:00:00,2016
k s layout,ordinary theft,12.921455,77.587621,2016-01-21,17:30:00,2016
k s layout,ordinary theft,12.92297,77.5807,2016-01-29,12:30:00,2016
k s layout,ordinary theft,12.92234,77.58076,,13:30:00,2016
k s layout,ordinary theft,12.914568,77.587485,2016-02-15,10:30:00,2016
k s layout,ordinary theft,12.91945,77.58582,2016-02-19,12:30:00,2016
k s layout,ordinary theft,12.92458,77.584796,2016-02-26,10:30:00,2016
k s layout,ordinary theft,12.919458,77.585795,2016-06-29,17:15:00,2016
k s layout,ordinary theft,12.919458,77.585795,,11:30:00,2016
k s layout,ordinary theft,12.914758,77.587965,2016-07-20,21:45:00,2016
k s layout,ordinary theft,12.93457,77.578685,2016-07-26,14:45:00,2016
k s layout,ordinary theft,12.92266,77.585845,,17:30:00,2016
k s layout,ordinary theft,12.916576,77.586945,,17:30:00,2016
k s layout,ordinary theft,12.86984,77.575962,2016-11-17,17:45:00,2016
k s layout,ordinary theft,12.92234,77.582254,,13:00:00,2017
k s layout,ordinary theft,12.9167,77.59763,2017-12-21,16:40:00,2017
k s layout,ordinary theft,12.91992,77.59044,,18:15:00,2017
k s layout,ordinary theft,12.92556,77.57561,2017-01-30,16:00:00,2017
k s layout,ordinary theft,12.92865,77.58178,2017-01-30,20:15:00,2017
k s layout,ordinary theft,12.93183,77.58355,2017-04-21,18:00:00,2017
k s layout,ordinary theft,12.94158,77.58758,2017-04-23,09:45:00,2017
k s layout,ordinary theft,12.9179,77.58718,2017-06-14,20:30:00,2017
k s layout,ordinary theft,12.92316,77.59376,,20:40:00,2017
k s layout,ordinary theft,12.92367,77.58014,2017-09-16,11:00:00,2017
k s layout,ordinary theft,12.92367,77.58014,2017-01-17,11:30:00,2017
k s layout,ordinary theft,12.92023,77.5819,2017-07-18,13:25:00,2017
k s layout,ordinary theft,12.92458,77.5846852,2017-09-17,08:45:00,2017
k s layout,ordinary theft,12.914686,77.5776952,2017-09-17,12:30:00,2017
k s layout,ordinary theft,12.945852,77.576951,2017-09-17,14:30:00,2017
k s layout,ordinary theft,12.92952,77.57891,,18:00:00,2017
k s layout,ordinary theft,12.92963,77.57702,2017-12-15,11:00:00,2017
k s layout,ordinary theft,12.92085,77.58139,2017-12-16,11:30:00,2017
k s layout,ordinary theft,12.92125,77.57905,,17:40:00,2017
k s layout,ordinary theft,12.92596,77.55321,2017-07-23,11:45:00,2017
k s layout,ordinary theft,12.93006,77.57958,2017-07-26,15:00:00,2017
k s layout,ordinary theft,12.92367,77.58014,2017-07-27,10:50:00,2017
k s layout,ordinary theft,12.91986,77.58274,,10:30:00,2017
k s layout,ordinary theft,12.92141,77.58077,,09:30:00,2017
k s layout,ordinary theft,12.92603,77.57362,,22:00:00,2017
k s layout,ordinary theft,12.92115,77.58075,2017-12-15,12:30:00,2017
k s layout,ordinary theft,12.92847,77.58374,,13:00:00,2017
k s layout,ordinary theft,12.929578,77.585484,,14:00:00,2017
k s layout,ordinary theft,12.92234,77.58076,,13:00:00,2017
k s layout,ordinary theft,12.9321,77.59005,,11:00:00,2017
k s layout,ordinary theft,12.924845,77.586384,,12:00:00,2017
k s layout,ordinary theft,12.92028,77.58801,2017-10-19,14:15:00,2017
k s layout,ordinary theft,12.91945,77.58582,,19:00:00,2017
k s layout,ordinary theft,12.923852,77.576401,,10:00:00,2017
k s layout,ordinary theft,12.9248555,77.58965,,14:15:00,2017
k s layout,ordinary theft,12.92367,77.58014,,18:00:00,2017
k s layout,ordinary theft,12.9218,77.58027,,20:00:00,2017
k s layout,ordinary theft,12.92338,77.58074,2017-04-25,12:20:00,2017
k s layout,ordinary theft,12.9218,77.58027,2017-05-31,13:00:00,2017
k s layout,ordinary theft,12.9184,77.58268,,14:30:00,2017
k s layout,ordinary theft,12.92161,77.580742,,18:30:00,2017
k s layout,ordinary theft,12.92367,77.58014,,16:30:00,2017
k s layout,ordinary theft,12.91945,77.58582,,19:00:00,2017
k s layout,ordinary theft,12.92367,77.58014,,21:00:00,2017
k s layout,ordinary theft,12.92239,77.580757,,11:50:00,2017
k s layout,ordinary theft,12.9167,77.59763,2017-12-15,23:50:00,2017
k s layout,ordinary theft,12.92053,77.58274,2017-03-22,00:45:00,2017
k s layout,ordinary theft,12.924885,77.586855,2017-08-29,16:00:00,2017
k s layout,ordinary theft,12.92367,77.58014,,17:00:00,2017
k s layout,ordinary theft,12.9218,77.58027,2018-01-13,15:10:00,2018
k s layout,ordinary theft,12.91457,77.586042,,14:00:00,2018
k s layout,ordinary theft,12.9184578,77.58458,2018-04-17,08:45:00,2018
k s layout,ordinary theft,12.91945,77.58582,2018-04-21,19:30:00,2018
k s layout,ordinary theft,12.92367,77.58014,,14:30:00,2018
k s layout,ordinary theft,12.925458,77.57486,2018-05-16,10:45:00,2018
k s layout,ordinary theft,12.92397,77.579678,,19:30:00,2018
k s layout,ordinary theft,12.9309485,77.57875,2018-06-23,13:30:00,2018
k s layout,ordinary theft,12.92847,77.585475,2018-06-25,18:00:00,2018
k s layout,ordinary theft,12.93443,77.5927,2018-08-24,15:30:00,2018
k s layout,ordinary theft,12.9167,77.58953,,18:00:00,2018
k s layout,ordinary theft,12.925648,77.575869,2018-01-23,12:05:00,2018
k s layout,ordinary theft,12.921648,77.580745,,21:30:00,2018
k s layout,ordinary theft,12.924586,77.580145,,14:30:00,2018
k s layout,ordinary theft,12.930911,77.578156,,17:15:00,2018
k s layout,ordinary theft,12.925684,77.575458,2018-10-13,17:30:00,2018
k s layout,ordinary theft,12.925568,77.580145,,20:45:00,2018
k s layout,ordinary theft,12.9235485,77.58948,,17:35:00,2018
k s layout,ordinary theft,12.921645,77.580286,2018-02-27,10:40:00,2018
k s layout,ordinary theft,12.921645,77.580286,2018-02-27,11:00:00,2018
k s layout,ordinary theft,12.9145885,77.58514,2018-02-27,11:30:00,2018
k s layout,ordinary theft,12.9145885,77.58514,2018-02-27,13:00:00,2018
k s layout,ordinary theft,12.921458,77.580478,,12:30:00,2018
k s layout,ordinary theft,12.917775,77.5854769,,17:00:00,2018
k s layout,ordinary theft,12.9124856,77.585478,,13:00:00,2018
k s layout,ordinary theft,12.92861,77.58447,,11:00:00,2019
k s layout,ordinary theft,12.92457,77.57899,,,2019
k s layout,ordinary theft,12.91965,77.5924,2019-01-21,14:00:00,2019
k s layout,ordinary theft,12.92385,77.576402,2019-01-26,14:00:00,2019
k s layout,ordinary theft,12.92367,77.58014,2019-01-31,10:00:00,2019
k s layout,ordinary theft,12.92385,77.576402,,,2019
k s layout,ordinary theft,12.91945,77.58582,,,2019
k s layout,ordinary theft,12.92367,77.58374,2019-02-14,14:30:00,2019
k s layout,ordinary theft,12.914588,77.587654,2019-02-17,11:00:00,2019
k s layout,ordinary theft,12.94247,77.55049,2019-02-24,11:30:00,2019
k s layout,ordinary theft,12.92253,77.58589,2019-02-26,10:00:00,2019
k s layout,ordinary theft,12.92847,77.58347,,21:00:00,2019
k s layout,ordinary theft,12.92009,77.58204,,22:00:00,2019
k s layout,ordinary theft,12.92861,77.58447,2019-03-15,11:30:00,2019
k s layout,ordinary theft,12.93486,77.58008,2019-03-17,12:00:00,2019
k s layout,ordinary theft,12.91921,77.57745,,23:15:00,2019
k s layout,ordinary theft,12.92178,77.58074,2019-04-16,23:45:00,2019
k s layout,ordinary theft,12.922657,77.589563,2019-04-24,12:00:00,2019
k s layout,ordinary theft,12.921652,77.579288,,11:30:00,2019
k s layout,ordinary theft,12.921652,77.579288,2019-05-26,18:00:00,2019
k s layout,ordinary theft,12.92819,77.62512,2019-05-27,18:30:00,2019
k s layout,ordinary theft,12.91691,77.585701,,18:45:00,2019
k s layout,ordinary theft,12.92253,77.58589,2019-06-20,12:00:00,2019
k s layout,ordinary theft,12.92253,77.58589,2019-06-23,17:00:00,2019
k s layout,ordinary theft,12.91953,77.57458,,21:45:00,2019
k s layout,ordinary theft,12.92253,77.58589,2019-08-14,20:00:00,2019
k s layout,ordinary theft,12.92334,77.58484,,11:00:00,2019
k s layout,ordinary theft,12.92875,77.5801,2019-09-27,11:35:00,2019
k s layout,ordinary theft,12.928459,77.576972,2019-10-29,20:30:00,2019
k s layout,ordinary theft,12.926192,77.586141,2019-11-13,20:00:00,2019
k s layout,ordinary theft,12.91743,77.583465,2019-11-15,18:00:00,2019
k s layout,ordinary theft,12.92367,77.58374,,23:40:00,2019
k s layout,ordinary theft,12.92556,77.57561,2019-12-14,12:00:00,2019
k s layout,ordinary theft,12.995296,77.568251,2015-07-30,,2015
k s layout,ordinary theft,12.936777,77.580124,,,2015
k s layout,ordinary theft,12.948374,77.580058,,,2015
k s layout,ordinary theft,12.941681,77.576788,2015-08-25,,2015
k s layout,ordinary theft,12.942909,77.567924,,,2015
k s layout,ordinary theft,12.938699,77.578183,2015-09-15,,2015
k s layout,ordinary theft,12.938661,77.575417,2015-09-17,,2015
k s layout,ordinary theft,12.939818,77.577399,2015-09-21,,2015
k s layout,ordinary theft,12.943393,77.57127,,,2015
k s layout,ordinary theft,12.936507,77.575417,,,2015
k s layout,ordinary theft,12.943401,77.57713,,,2015
k s layout,ordinary theft,12.94495,77.571928,,,2015
k s layout,ordinary theft,12.948048,77.56886,2015-12-19,,2015
k s layout,ordinary theft,12.94232,77.573877,2015-12-26,,2015
k s layout,ordinary theft,12.944929,77.571964,2015-12-27,,2015
k s layout,ordinary theft,12.942268,77.573885,2015-12-31,,2015
k s layout,ordinary theft,12.944837,77.574089,2016-01-29,,2016
k s layout,ordinary theft,12.9478532,77.575218,2016-02-28,,2016
k s layout,ordinary theft,12.9386532,77.5765439,,,2016
k s layout,ordinary theft,12.9362949,77.5724694,,,2016
k s layout,ordinary theft,12.9448453,77.5700556,,,2016
k s layout,ordinary theft,12.9475493,77.5792841,2016-03-17,,2016
k s layout,ordinary theft,12.9458905,77.5708001,2016-03-20,,2016
k s layout,ordinary theft,12.9462534,77.5703471,,,2016
k s layout,ordinary theft,12.9474204,77.5799202,2016-04-13,,2016
k s layout,ordinary theft,12.947495,77.5799164,2016-04-25,,2016
k s layout,ordinary theft,12.9469182,77.5687233,,,2016
k s layout,ordinary theft,12.9466329,77.5704523,2016-06-16,,2016
k s layout,ordinary theft,12.9428992,77.5718275,2016-07-29,,2016
k s layout,ordinary theft,12.94064,77.57925,,,2016
k s layout,ordinary theft,12.9458785,77.5694501,,,2016
k s layout,ordinary theft,12.995296,77.568251,2016-08-15,,2016
k s layout,ordinary theft,12.936777,77.580124,2016-08-20,,2016
k s layout,ordinary theft,12.948374,77.580058,,,2016
k s layout,ordinary theft,12.941681,77.576788,,,2016
k s layout,ordinary theft,12.942909,77.567924,2016-09-21,,2016
k s layout,ordinary theft,12.938699,77.578183,2016-10-17,,2016
k s layout,ordinary theft,12.938661,77.575417,2016-10-17,,2016
k s layout,ordinary theft,12.939818,77.577399,2016-10-27,,2016
k s layout,ordinary theft,12.943393,77.57127,,,2016
k s layout,ordinary theft,12.936507,77.575417,,,2016
k s layout,ordinary theft,12.943401,77.57713,2016-12-14,,2016
k s layout,ordinary theft,12.94495,77.571928,2016-12-30,,2016
k s layout,ordinary theft,12.948048,77.56886,2017-01-27,,2017
k s layout,ordinary theft,12.94232,77.573877,,,2017
k s layout,ordinary theft,12.944929,77.571964,,,2017
k s layout,ordinary theft,12.942268,77.573885,,,2017
k s layout,ordinary theft,12.944837,77.574089,2017-02-14,,2017
k s layout,ordinary theft,12.944602,77.5768621,,,2017
k s layout,ordinary theft,12.9458809,77.5757383,,,2017
k s layout,ordinary theft,12.936943,77.571151,2017-03-26,,2017
k s layout,ordinary theft,12.94914,77.5799229,,,2017
k s layout,ordinary theft,12.94745,77.573955,,,2017
k s layout,ordinary theft,12.948385,77.577426,2017-04-27,,2017
k s layout,ordinary theft,12.935135,77.573827,,,2017
k s layout,ordinary theft,12.93867,77.580302,,,2017
k s layout,ordinary theft,12.9446029,77.5768621,,,2017
k s layout,ordinary theft,12.9458809,77.5757383,,,2017
k s layout,ordinary theft,12.936943,77.571151,2017-05-14,,2017
k s layout,ordinary theft,12.94914,77.5799229,2017-05-29,,2017
k s layout,ordinary theft,12.94745,77.573955,2017-06-15,,2017
k s layout,ordinary theft,12.948385,77.577426,2017-07-21,,2017
k s layout,ordinary theft,12.935135,77.573827,,,2017
k s layout,ordinary theft,12.93867,77.580302,,,2017
k s layout,ordinary theft,12.9446029,77.5768621,,,2017
k s layout,ordinary theft,12.9458809,77.5757383,,,2017
k s layout,ordinary theft,12.936943,77.571151,2017-08-21,,2017
k s layout,ordinary theft,12.94914,77.5799229,2017-08-29,,2017
k s layout,ordinary theft,12.94745,77.573955,2017-09-22,,2017
k s layout,ordinary theft,12.929235,77.534782,2016-12-28,21:00:00,2016
k s layout,ordinary theft,12.934203,77.546257,2017-06-20,12:45:00,2017
k s layout,ordinary theft,12.922214,77.538914,,,2017
k s layout,ordinary theft,12.930782,77.53998,,,2017
k s layout,ordinary theft,12.935149,77.537055,2017-09-16,14:20:00,2017
k s layout,ordinary theft,12.928692,77.540906,,,2017
k s layout,ordinary theft,12.938683,77.551304,2017-10-14,17:30:00,2017
k s layout,ordinary theft,12.935612,77.54536,2017-12-27,12:05:00,2017
k s layout,ordinary theft,12.939623,77.528977,,,2018
k s layout,ordinary theft,12.93866,77.548997,,,2018
k s layout,ordinary theft,12.940213,77.547241,,,2018
k s layout,ordinary theft,12.930844,77.539062,,,2018
k s layout,ordinary theft,12.934568,77.542365,,,2018
k s layout,ordinary theft,12.938296,77.537588,,,2018
k s layout,ordinary theft,12.936884,77.536097,,,2018
k s layout,ordinary theft,12.934381,77.539059,,,2018
k s layout,ordinary theft,12.938641,77.543143,,,2018
k s layout,ordinary theft,12.928676,77.545563,,,2019
k s layout,ordinary theft,12.929708,77.53311,,,2019
k s layout,ordinary theft,12.930817,77.539821,,,2019
k s layout,ordinary theft,12.938422,77.543215,,,2019
k s layout,ordinary theft,12.940936,77.547361,,,2019
k s layout,ordinary theft,12.938095,77.543951,,,2019
k s layout,ordinary theft,12.948212,77.562999,,04:30:00,2015
k s layout,ordinary theft,12.952299,77.564412,2015-04-15,14:30:00,2015
k s layout,ordinary theft,12.94801,77.56771,2015-07-24,17:30:00,2015
k s layout,ordinary theft,12.94801,77.56771,2015-10-23,18:00:00,2015
k s layout,ordinary theft,12.9508,77.56371,2015-11-29,17:00:00,2015
k s layout,ordinary theft,12.953286,77.561639,2016-02-15,10:00:00,2016
k s layout,ordinary theft,12.95388,77.56341,,13:00:00,2016
k s layout,ordinary theft,12.955074,77.562575,,17:00:00,2016
k s layout,ordinary theft,12.9491686,77.5662899,2016-09-27,18:00:00,2016
k s layout,ordinary theft,12.955174,77.567121,,11:30:00,2017
k s layout,ordinary theft,12.956997,77.564332,,14:30:00,2017
k s layout,ordinary theft,12.957033,77.564308,2017-04-26,18:15:00,2017
k s layout,ordinary theft,12.9569535,77.561451,,18:15:00,2017
k s layout,ordinary theft,12.953503,77.56495,2017-09-22,13:00:00,2017
k s layout,ordinary theft,12.948212,77.562999,2017-08-19,11:00:00,2017
k s layout,ordinary theft,12.948212,77.562999,2017-11-15,15:00:00,2017
k s layout,ordinary theft,12.948212,77.562999,2017-11-25,11:45:00,2017
k s layout,ordinary theft,12.94896,77.56008,2017-12-27,14:00:00,2017
k s layout,ordinary theft,12.94896,77.56008,2017-12-28,15:00:00,2017
k s layout,ordinary theft,12.951642,77.567167,2018-01-17,14:00:00,2018
k s layout,ordinary theft,12.95522,77.56742,,19:00:00,2018
k s layout,ordinary theft,12.9491686,77.5662899,2018-05-29,11:40:00,2018
k s layout,ordinary theft,12.94868,77.55791,,20:30:00,2018
k s layout,ordinary theft,12.9542,77.56451,2018-06-25,15:30:00,2018
k s layout,ordinary theft,12.95707,77.56642,2018-07-24,10:45:00,2018
k s layout,ordinary theft,12.95521,77.56497,,18:15:00,2018
k s layout,ordinary theft,12.9578264,77.5594174,,14:30:00,2018
k s layout,ordinary theft,12.956997,77.564332,2018-10-22,16:00:00,2018
k s layout,ordinary theft,12.94966,77.55928,,15:10:00,2018
k s layout,ordinary theft,12.95709,77.56445,2019-02-16,18:50:00,2019
k s layout,ordinary theft,12.955052,77.566014,2019-02-25,17:00:00,2019
k s layout,ordinary theft,12.957028,77.565483,2019-03-21,09:00:00,2019
k s layout,ordinary theft,12.957045,77.562861,2019-03-22,17:30:00,2019
k s layout,ordinary theft,12.94973,77.56443,2019-07-20,11:30:00,2019
konanakunte,ordinary theft,12.9067229,77.5735098,,,2017
konanakunte,ordinary theft,12.9084615,77.5808686,2017-08-14,16:30:00,2017
konanakunte,ordinary theft,12.9187108,77.5856202,2017-08-17,21:45:00,2017
konanakunte,ordinary theft,12.9081128,77.5818518,,,2017
konanakunte,ordinary theft,12.9086808,77.5943062,,,2017
konanakunte,ordinary theft,12.9071033,77.5819105,,,2017
konanakunte,ordinary theft,12.9071899,77.5490795,2017-09-14,12:00:00,2017
konanakunte,ordinary theft,12.9155867,77.576883,2017-09-19,11:00:00,2017
konanakunte,ordinary theft,12.9068718,77.5705817,2017-09-20,09:30:00,2017
konanakunte,ordinary theft,12.9085532,77.5813653,2017-09-22,10:30:00,2017
konanakunte,ordinary theft,12.9054972,77.5732814,2017-09-22,11:00:00,2017
konanakunte,ordinary theft,12.9084481,77.5880616,2017-09-24,13:30:00,2017
konanakunte,ordinary theft,12.9119387,77.5943141,,,2017
konanakunte,ordinary theft,12.898444,77.5462742,2017-10-15,10:30:00,2017
konanakunte,ordinary theft,12.9070514,77.5826242,2017-10-17,17:00:00,2017
konanakunte,ordinary theft,12.887715,77.5673984,2017-10-26,12:00:00,2017
konanakunte,ordinary theft,12.909989,77.5850446,2017-12-21,12:20:00,2017
konanakunte,ordinary theft,12.9094052,77.5852783,2017-12-21,12:40:00,2017
konanakunte,ordinary theft,12.9138985,77.5922627,2017-12-25,11:00:00,2017
konanakunte,ordinary theft,12.9139245,77.5856966,2017-12-27,12:00:00,2017
konanakunte,ordinary theft,12.9217529,77.5825697,,,2018
konanakunte,ordinary theft,12.9111344,77.5893471,,,2018
konanakunte,ordinary theft,12.9111604,77.582781,2018-01-24,13:00:00,2018
konanakunte,ordinary theft,12.9174923,77.5905657,2018-01-24,15:00:00,2018
konanakunte,ordinary theft,12.9067229,77.5735098,,,2018
konanakunte,ordinary theft,12.9093977,77.5743495,2018-02-20,11:00:00,2018
konanakunte,ordinary theft,12.9117957,77.5826913,,,2018
konanakunte,ordinary theft,12.9084498,77.5742016,,,2018
konanakunte,ordinary theft,12.9102953,77.6014317,2018-05-30,19:00:00,2018
konanakunte,ordinary theft,12.9037825,77.5649329,,,2018
konanakunte,ordinary theft,12.9109337,77.5768905,2018-06-15,10:00:00,2018
konanakunte,ordinary theft,12.9164782,77.5901863,2018-08-13,20:50:00,2018
konanakunte,ordinary theft,12.9165247,77.5748653,,,2018
konanakunte,ordinary theft,12.9067229,77.5735098,,,2018
konanakunte,ordinary theft,12.9133742,77.5744027,,,2018
konanakunte,ordinary theft,12.9121733,77.5904941,2018-12-16,15:00:00,2018
konanakunte,ordinary theft,12.9154502,77.5886665,2018-12-29,13:00:00,2018
konanakunte,ordinary theft,12.9144517,77.5801036,2019-01-18,12:00:00,2019
konanakunte,ordinary theft,12.9094322,77.5706543,,,2019
konanakunte,ordinary theft,12.9094787,77.5553333,2019-02-13,18:00:00,2019
konanakunte,ordinary theft,12.9077254,77.5978325,,,2019
konanakunte,ordinary theft,12.9068433,77.572815,,,2019
konanakunte,ordinary theft,12.9199123,77.5510782,,,2019
konanakunte,ordinary theft,12.9117957,77.5826913,2019-08-16,09:10:00,2019
konanakunte,ordinary theft,12.9154896,77.594723,2019-09-26,10:45:00,2019
konanakunte,ordinary theft,12.9104019,77.5890694,2019-10-24,18:00:00,2019
konanakunte,ordinary theft,12.9151736,77.5753765,,,2019
konanakunte,ordinary theft,12.91152,77.5708782,2019-11-25,21:15:00,2019
konanakunte,ordinary theft,12.9142916,77.5909833,2019-12-29,04:30:00,2019
konanakunte,ordinary theft,12.9167861,77.5608333,2015-02-26,13:30:00,2015
konanakunte,ordinary theft,12.9311556,77.5761111,,16:00:00,2015
konanakunte,ordinary theft,12.9295472,77.5641667,2015-04-23,14:00:00,2015
konanakunte,ordinary theft,12.9258861,77.5641667,2015-06-23,17:30:00,2015
konanakunte,ordinary theft,12.9217222,77.5736111,2015-07-31,14:45:00,2015
konanakunte,ordinary theft,12.9279333,77.5652778,2015-08-24,14:00:00,2015
konanakunte,ordinary theft,12.9224861,77.595,,17:00:00,2015
konanakunte,ordinary theft,12.9255889,77.5630556,2015-12-17,15:00:00,2015
konanakunte,ordinary theft,12.9239389,77.5605556,2016-03-24,12:00:00,2016
konanakunte,ordinary theft,12.9185417,77.5713889,,19:45:00,2016
konanakunte,ordinary theft,12.9294528,77.5736111,2016-05-17,10:30:00,2016
konanakunte,ordinary theft,12.9239389,77.5605556,2016-05-22,16:30:00,2016
konanakunte,ordinary theft,12.9156972,77.5588889,,18:00:00,2016
konanakunte,ordinary theft,12.9156972,77.5588889,,14:30:00,2016
konanakunte,ordinary theft,12.9161583,77.57,,16:00:00,2016
konanakunte,ordinary theft,12.9156694,77.5616667,2016-08-25,18:00:00,2016
konanakunte,ordinary theft,12.9227944,77.5713889,,13:00:00,2016
konanakunte,ordinary theft,12.9183722,77.5663889,2016-09-19,17:50:00,2016
konanakunte,ordinary theft,12.9156556,77.5615833,,11:30:00,2016
konanakunte,ordinary theft,12.9291667,77.5641528,,10:30:00,2016
konanakunte,ordinary theft,12.9234806,77.5549667,2016-10-26,20:45:00,2016
konanakunte,ordinary theft,12.9296139,77.5681639,2016-10-17,17:20:00,2016
konanakunte,ordinary theft,12.926275,77.5623333,2016-10-31,17:00:00,2016
konanakunte,ordinary theft,12.9175194,77.5730528,2016-12-25,15:00:00,2016
konanakunte,ordinary theft,12.9204944,77.5599694,2017-01-28,21:00:00,2017
konanakunte,ordinary theft,12.9236444,77.5736056,,09:30:00,2017
konanakunte,ordinary theft,12.9232083,77.5690861,,17:15:00,2017
konanakunte,ordinary theft,12.87743,77.500191,,14:40:00,2017
konanakunte,ordinary theft,12.9223333,77.5563056,2017-05-29,15:00:00,2017
konanakunte,ordinary theft,12.9263556,77.5769306,,13:30:00,2017
konanakunte,ordinary theft,12.9250611,77.5646611,,16:00:00,2017
konanakunte,ordinary theft,12.9276278,77.5705389,2017-06-16,15:30:00,2017
konanakunte,ordinary theft,12.9307389,77.5764889,2017-09-27,17:30:00,2017
konanakunte,ordinary theft,12.9214,77.5729028,,14:00:00,2017
konanakunte,ordinary theft,12.9296528,77.5729111,,22:45:00,2017
konanakunte,ordinary theft,12.92578,77.566693,2018-07-29,11:45:00,2018
konanakunte,ordinary theft,12.91762,77.55959,2018-09-21,15:00:00,2018
konanakunte,ordinary theft,12.94351,77.546,2018-12-15,13:30:00,2018
konanakunte,ordinary theft,12.91191,77.56723,,19:00:00,2019
konanakunte,ordinary theft,12.927296,77.56474,,15:45:00,2019
konanakunte,ordinary theft,12.92666,77.54795,2019-03-27,11:30:00,2019
konanakunte,ordinary theft,12.92199,77.5692,,15:00:00,2019
konanakunte,ordinary theft,12.88999,77.5614,2019-04-20,12:00:00,2019
konanakunte,ordinary theft,12.97194,77.593689,2019-04-24,11:00:00,2019
konanakunte,ordinary theft,12.92804,77.562111,,17:30:00,2019
konanakunte,ordinary theft,12.92804,77.562111,,11:45:00,2019
konanakunte,ordinary theft,12.9311556,77.5760056,2019-06-17,18:30:00,2019
konanakunte,ordinary theft,12.9171403,77.5709063,2019-10-17,11:00:00,2019
konanakunte,ordinary theft,12.942789,77.5632,2019-12-15,12:15:00,2019
konanakunte,ordinary theft,12.942789,77.596405,,09:30:00,2015
konanakunte,ordinary theft,12.935919,77.585853,,10:30:00,2015
konanakunte,ordinary theft,12.935211,77.585661,2015-01-15,12:30:00,2015
konanakunte,ordinary theft,12.952192,77.585083,2015-01-18,18:30:00,2015
konanakunte,ordinary theft,12.942789,77.596405,2015-01-21,16:30:00,2015
konanakunte,ordinary theft,12.943529,77.58517,2015-01-21,18:00:00,2015
konanakunte,ordinary theft,12.941945,77.585178,,15:00:00,2015
konanakunte,ordinary theft,12.936654,77.585267,2015-02-20,23:00:00,2015
konanakunte,ordinary theft,12.943529,77.58517,2015-03-16,19:00:00,2015
konanakunte,ordinary theft,12.941945,77.585178,2015-03-20,16:30:00,2015
konanakunte,ordinary theft,12.941058,77.586061,2015-03-24,18:00:00,2015
konanakunte,ordinary theft,12.940924,77.580135,2015-03-27,11:30:00,2015
konanakunte,ordinary theft,12.952192,77.585083,,13:30:00,2015
konanakunte,ordinary theft,12.944089,77.597031,2015-04-13,17:00:00,2015
konanakunte,ordinary theft,12.952192,77.585083,,10:30:00,2015
konanakunte,ordinary theft,12.941116,77.587038,2015-06-15,10:30:00,2015
konanakunte,ordinary theft,12.939949,77.597681,2015-06-24,14:00:00,2015
konanakunte,ordinary theft,12.944009,77.59594,,20:00:00,2015
konanakunte,ordinary theft,12.948133,77.580087,2015-07-21,20:00:00,2015
konanakunte,ordinary theft,12.944045,77.597072,2015-07-28,18:40:00,2015
konanakunte,ordinary theft,12.944045,77.597072,,17:00:00,2015
konanakunte,ordinary theft,12.951199,77.591267,,10:00:00,2015
konanakunte,ordinary theft,12.944045,77.597072,2015-09-28,13:00:00,2015
konanakunte,ordinary theft,12.939261,77.585214,,13:30:00,2015
konanakunte,ordinary theft,12.938621,77.580436,,10:30:00,2015
konanakunte,ordinary theft,12.940924,77.580135,2015-10-30,14:00:00,2015
konanakunte,ordinary theft,12.941866,77.59739,2015-11-14,06:00:00,2015
konanakunte,ordinary theft,12.939172,77.594614,2015-11-17,15:00:00,2015
konanakunte,ordinary theft,12.944323,77.587775,2015-11-24,19:00:00,2015
konanakunte,ordinary theft,12.944045,77.597072,,11:00:00,2015
konanakunte,ordinary theft,12.945061,77.585683,2015-12-16,10:50:00,2015
konanakunte,ordinary theft,12.940163,77.597572,2015-12-29,19:40:00,2015
konanakunte,ordinary theft,12.950296,77.584509,2016-01-27,10:30:00,2016
konanakunte,ordinary theft,12.938784,77.593298,2016-01-27,14:20:00,2016
konanakunte,ordinary theft,12.942789,77.596405,,21:30:00,2016
konanakunte,ordinary theft,12.938784,77.593298,,14:00:00,2016
konanakunte,ordinary theft,12.941866,77.59739,,11:00:00,2016
konanakunte,ordinary theft,12.944045,77.597072,2016-03-24,18:20:00,2016
konanakunte,ordinary theft,12.938889,77.582073,2016-03-30,14:00:00,2016
konanakunte,ordinary theft,12.938784,77.593298,2016-04-13,16:30:00,2016
konanakunte,ordinary theft,12.951485,77.590503,,23:30:00,2016
konanakunte,ordinary theft,12.951485,77.590503,,23:35:00,2016
konanakunte,ordinary theft,12.939261,77.585214,2016-06-17,13:00:00,2016
konanakunte,ordinary theft,12.946087,77.588063,2016-06-19,17:00:00,2016
konanakunte,ordinary theft,12.94296,77.585117,2016-06-20,15:00:00,2016
konanakunte,ordinary theft,12.951485,77.590503,2016-06-26,11:45:00,2016
konanakunte,ordinary theft,12.940373,77.58702,,12:00:00,2016
konanakunte,ordinary theft,12.939543,77.584092,2016-08-27,09:30:00,2016
konanakunte,ordinary theft,12.940163,77.597572,2016-09-16,11:00:00,2016
konanakunte,ordinary theft,12.93455,77.588483,2017-07-24,13:00:00,2017
konanakunte,ordinary theft,12.935164,77.592701,2017-07-25,17:30:00,2017
konanakunte,ordinary theft,12.947819,77.593877,2017-10-19,18:40:00,2017
konanakunte,ordinary theft,12.953955,77.585205,2017-10-27,12:30:00,2017
konanakunte,ordinary theft,12.941771,77.585065,,15:00:00,2017
konanakunte,ordinary theft,12.947183,77.593819,,13:00:00,2018
konanakunte,ordinary theft,12.942983,77.583639,,13:30:00,2018
konanakunte,ordinary theft,12.94783,77.59203,2019-04-15,13:00:00,2019
konanakunte,ordinary theft,12.937991,77.598547,,17:30:00,2019
konanakunte,ordinary theft,12.951485,77.590503,2019-09-21,20:00:00,2019
konanakunte,ordinary theft,12.940004,77.597646,2019-10-25,13:30:00,2019
konanakunte,ordinary theft,12.8801213,77.5585335,2015-01-29,23:45:00,2015
konanakunte,ordinary theft,12.9071651,77.5359146,,12:30:00,2015
konanakunte,ordinary theft,12.8821173,77.5572937,2015-02-21,16:15:00,2015
konanakunte,ordinary theft,12.9057223,77.5355813,2015-02-28,16:40:00,2015
konanakunte,ordinary theft,12.9069403,77.5356211,2015-03-15,17:30:00,2015
konanakunte,ordinary theft,12.9139631,77.5393265,2015-03-23,18:00:00,2015
konanakunte,ordinary theft,12.8801656,77.5749768,2015-06-22,18:50:00,2015
konanakunte,ordinary theft,12.913901,77.5588202,,10:45:00,2015
konanakunte,ordinary theft,12.8827693,77.5575628,,18:40:00,2015
konanakunte,ordinary theft,12.9062671,77.5505755,2015-10-17,10:45:00,2015
konanakunte,ordinary theft,12.8885802,77.5612033,,11:30:00,2015
konanakunte,ordinary theft,12.9114763,77.5401234,2015-11-26,21:35:00,2015
konanakunte,ordinary theft,12.8831672,77.5577398,,23:10:00,2015
konanakunte,ordinary theft,12.9064564,77.542538,,18:30:00,2015
konanakunte,ordinary theft,12.9047104,77.5448882,,17:40:00,2016
konanakunte,ordinary theft,12.9159205,77.5395744,2016-01-14,,2016
konanakunte,ordinary theft,12.8829315,77.5670899,2016-01-21,,2016
konanakunte,ordinary theft,12.8868313,77.5699287,2016-02-23,23:15:00,2016
konanakunte,ordinary theft,12.8924686,77.5754077,,,2016
konanakunte,ordinary theft,12.888674,77.5731222,2016-03-30,08:40:00,2016
konanakunte,ordinary theft,12.9066004,77.5375653,,02:45:00,2016
konanakunte,ordinary theft,12.8831411,77.5649826,,06:00:00,2016
konanakunte,ordinary theft,12.8941218,77.5507072,,11:06:00,2016
konanakunte,ordinary theft,12.8671716,77.5831004,2016-05-23,16:00:00,2016
konanakunte,ordinary theft,12.9093142,77.5552663,2016-05-23,16:30:00,2016
konanakunte,ordinary theft,12.908622,77.5553156,2016-05-31,13:50:00,2016
konanakunte,ordinary theft,12.9057223,77.5355813,2016-08-29,20:00:00,2016
konanakunte,ordinary theft,12.905195,77.5449116,2016-08-30,17:00:00,2016
konanakunte,ordinary theft,12.9079568,77.536441,2016-09-27,17:00:00,2016
konanakunte,ordinary theft,12.87795,77.536441,,18:30:00,2016
konanakunte,ordinary theft,12.9062671,77.5505755,2016-10-21,12:45:00,2016
konanakunte,ordinary theft,12.8754763,77.5704184,2016-10-27,18:40:00,2016
konanakunte,ordinary theft,12.9061602,77.5298271,2016-12-27,10:40:00,2016
konanakunte,ordinary theft,12.9156468,77.5391042,,14:00:00,2017
konanakunte,ordinary theft,12.8953716,77.5503236,,18:00:00,2017
konanakunte,ordinary theft,12.8831411,77.5649826,2017-06-14,13:45:00,2017
konanakunte,ordinary theft,12.8899236,77.5807998,2017-06-15,13:00:00,2017
konanakunte,ordinary theft,12.904705,77.53011,2017-06-16,11:30:00,2017
konanakunte,ordinary theft,12.8997704,77.5486569,2017-07-16,21:30:00,2017
konanakunte,ordinary theft,12.9144943,77.5502142,2017-07-19,10:00:00,2017
konanakunte,ordinary theft,12.882965,77.5573593,2017-07-25,15:45:00,2017
konanakunte,ordinary theft,12.9057223,77.5355813,2017-07-29,10:30:00,2017
konanakunte,ordinary theft,12.9086872,77.544119,2017-09-14,,2017
konanakunte,ordinary theft,12.8831411,77.5649826,2017-08-16,14:00:00,2017
konanakunte,ordinary theft,12.8837663,77.5684252,2017-08-27,17:15:00,2017
konanakunte,ordinary theft,12.9138671,77.5428395,,,2017
konanakunte,ordinary theft,12.9095845,77.5515973,,22:30:00,2017
konanakunte,ordinary theft,12.8831672,77.5577398,2017-11-30,11:30:00,2017
konanakunte,ordinary theft,12.9091215,77.5515491,2018-01-14,11:00:00,2018
konanakunte,ordinary theft,12.8856657,77.553498,2018-01-28,04:00:00,2018
konanakunte,ordinary theft,12.9059052,77.5427315,,01:30:00,2018
konanakunte,ordinary theft,12.8997704,77.5486569,2018-02-19,02:00:00,2018
konanakunte,ordinary theft,12.8763847,77.5783528,,04:45:00,2018
konanakunte,ordinary theft,12.9080963,77.5485376,2018-05-20,07:30:00,2018
konanakunte,ordinary theft,12.8924686,77.5754077,,09:30:00,2018
konanakunte,ordinary theft,12.8910892,77.5549767,2018-07-17,08:20:00,2018
konanakunte,ordinary theft,12.9159005,77.547469,,05:30:00,2018
konanakunte,ordinary theft,12.9057223,77.5355813,,01:11:00,2018
konanakunte,ordinary theft,12.9159205,77.5395744,,10:30:00,2018
konanakunte,ordinary theft,12.9065717,77.5464471,,04:00:00,2018
konanakunte,ordinary theft,12.8829315,77.5670899,2019-01-24,06:30:00,2019
konanakunte,ordinary theft,12.9069823,77.552059,,04:00:00,2019
konanakunte,ordinary theft,12.8990011,77.544042,,11:30:00,2019
konanakunte,ordinary theft,12.9069823,77.552059,,09:45:00,2019
konanakunte,ordinary theft,12.9091215,77.5515491,2019-05-24,05:00:00,2019
konanakunte,ordinary theft,12.9124236,77.5485177,2019-05-28,10:30:00,2019
konanakunte,ordinary theft,12.9057223,77.5355813,,11:50:00,2019
konanakunte,ordinary theft,12.9120901,77.5462923,,05:30:00,2019
konanakunte,ordinary theft,12.9111999,77.5467065,,02:00:00,2019
konanakunte,ordinary theft,12.9138152,77.5486188,2019-09-14,07:00:00,2019
konanakunte,ordinary theft,12.9057223,77.5355813,2019-10-17,05:30:00,2019
konanakunte,ordinary theft,12.8790849,77.5678096,2019-11-25,09:00:00,2019
konanakunte,ordinary theft,12.885537,77.542174,2015-01-15,17:00:00,2015
konanakunte,ordinary theft,12.898497,77.531456,2015-01-21,12:00:00,2015
konanakunte,ordinary theft,12.882547,77.531487,,10:30:00,2015
konanakunte,ordinary theft,12.894879,77.531497,,10:30:00,2015
konanakunte,ordinary theft,12.882457,77.534879,2015-04-24,08:00:00,2015
konanakunte,ordinary theft,12.894578,77.543257,2015-06-16,10:00:00,2015
konanakunte,ordinary theft,12.883578,77.546789,2015-06-21,11:30:00,2015
konanakunte,ordinary theft,12.897588,77.548791,2015-08-27,20:10:00,2015
konanakunte,ordinary theft,12.887891,77.545712,2015-08-28,13:45:00,2015
konanakunte,ordinary theft,12.882457,77.545721,,19:00:00,2015
konanakunte,ordinary theft,12.892457,77.565478,,13:00:00,2015
konanakunte,ordinary theft,12.882487,77.545321,,13:00:00,2015
konanakunte,ordinary theft,12.875461,77.545211,2015-11-28,11:00:00,2015
konanakunte,ordinary theft,12.887489,77.546881,2015-12-21,15:00:00,2015
konanakunte,ordinary theft,12.894781,77.546621,2016-01-16,12:30:00,2016
konanakunte,ordinary theft,12.889541,77.546913,2016-01-25,12:40:00,2016
konanakunte,ordinary theft,12.891231,77.543871,,13:00:00,2016
konanakunte,ordinary theft,12.88381,77.546289,2016-02-18,11:45:00,2016
konanakunte,ordinary theft,12.893471,77.552697,2016-02-25,19:00:00,2016
konanakunte,ordinary theft,12.882138,77.542211,2016-02-29,11:00:00,2016
konanakunte,ordinary theft,12.884451,77.546187,,11:30:00,2016
konanakunte,ordinary theft,12.872431,77.546971,2016-03-20,19:00:00,2016
konanakunte,ordinary theft,12.88591,77.546978,2016-03-22,14:30:00,2016
konanakunte,ordinary theft,12.88112,77.54662,2016-04-14,21:40:00,2016
konanakunte,ordinary theft,12.894257,77.54691,2016-05-21,18:00:00,2016
konanakunte,ordinary theft,12.883891,77.5413,2016-11-19,12:00:00,2016
konanakunte,ordinary theft,12.884496,77.541287,2016-12-29,15:20:00,2016
konanakunte,ordinary theft,12.875419,77.551481,2017-01-29,22:30:00,2017
konanakunte,ordinary theft,12.882148,77.545514,,10:00:00,2017
konanakunte,ordinary theft,12.885124,77.546871,2017-02-21,14:30:00,2017
konanakunte,ordinary theft,12.881133,77.541236,2017-02-21,12:00:00,2017
konanakunte,ordinary theft,12.889457,77.541887,2017-08-26,21:00:00,2017
konanakunte,ordinary theft,12.881137,77.54461,2017-10-26,15:15:00,2017
konanakunte,ordinary theft,12.881497,77.54487,,15:00:00,2017
konanakunte,ordinary theft,12.88991,77.544001,,16:30:00,2017
konanakunte,ordinary theft,12.881128,77.541978,,18:00:00,2017
konanakunte,ordinary theft,12.876128,77.546139,2017-12-19,13:00:00,2017
konanakunte,ordinary theft,12.881276,77.5546123,,21:00:00,2018
konanakunte,ordinary theft,12.894257,77.55461,,19:30:00,2018
konanakunte,ordinary theft,12.894438,77.559917,,10:15:00,2018
konanakunte,ordinary theft,12.884297,77.543971,2018-06-20,13:00:00,2018
konanakunte,ordinary theft,12.894781,77.546913,2018-10-29,14:00:00,2018
konanakunte,ordinary theft,12.884331,77.549177,,13:00:00,2018
konanakunte,ordinary theft,12.89771,77.551288,2018-12-30,10:00:00,2018
konanakunte,ordinary theft,12.886114,77.554697,,18:30:00,2018
konanakunte,ordinary theft,12.88921,77.546991,,23:30:00,2019
konanakunte,ordinary theft,12.879241,77.54813,2019-06-27,14:30:00,2019
konanakunte,ordinary theft,12.88411,77.548118,2019-08-13,17:00:00,2019
konanakunte,ordinary theft,12.897001,77.55416,2019-10-26,14:45:00,2019
konanakunte,ordinary theft,12.87161,77.54891,2019-10-30,19:00:00,2019
konanakunte,ordinary theft,12.861944,77.589989,,12:30:00,2017
konanakunte,ordinary theft,12.843663,77.58176,2017-02-20,,2017
konanakunte,ordinary theft,12.8523663,77.58176,,,2017
konanakunte,ordinary theft,12.881514,77.565853,,17:00:00,2017
konanakunte,ordinary theft,12.885954,77.575194,2017-03-18,19:00:00,2017
konanakunte,ordinary theft,12.880369,77.575178,2017-03-24,,2017
konanakunte,ordinary theft,12.88365,77.567108,2017-03-27,,2017
konanakunte,ordinary theft,12.856115,77.57564,,,2017
konanakunte,ordinary theft,12.88365,77.567108,,,2017
konanakunte,ordinary theft,12.88365,77.567108,2017-04-20,16:00:00,2017
konanakunte,ordinary theft,12.8890144,77.581716,,13:40:00,2017
konanakunte,ordinary theft,12.854933,77.588491,2017-08-18,20:45:00,2017
konanakunte,ordinary theft,12.882116,77.574506,2017-08-22,15:40:00,2017
konanakunte,ordinary theft,12.88207,77.57099,2017-09-20,18:15:00,2017
konanakunte,ordinary theft,12.884707,77.55162,,18:25:00,2017
konanakunte,ordinary theft,12.892301,77.570581,,07:35:00,2017
konanakunte,ordinary theft,12.86121,77.579766,,14:00:00,2017
konanakunte,ordinary theft,12.884707,77.55162,,19:15:00,2017
konanakunte,ordinary theft,12.884587,77.569498,2018-01-14,10:00:00,2018
konanakunte,ordinary theft,12.845696,77.584186,,19:30:00,2018
konanakunte,ordinary theft,12.845696,77.584186,,20:20:00,2018
konanakunte,ordinary theft,12.883196,77.566016,2018-02-14,11:30:00,2018
konanakunte,ordinary theft,12.891883,77.5783,,18:30:00,2018
konanakunte,ordinary theft,12.869362,77.581945,2018-03-21,12:00:00,2018
konanakunte,ordinary theft,12.88861,77.582243,,,2018
konanakunte,ordinary theft,12.87046,77.557984,2018-05-24,11:00:00,2018
konanakunte,ordinary theft,12.89046,77.567984,,11:00:00,2018
konanakunte,ordinary theft,12.856442,77.589423,2018-07-23,12:00:00,2018
konanakunte,ordinary theft,12.866,77.580872,2018-10-30,19:05:00,2018
konanakunte,ordinary theft,12.885353,77.567029,2018-12-18,11:00:00,2018
konanakunte,ordinary theft,12.885016,77.577965,,15:00:00,2019
konanakunte,ordinary theft,12.885887,77.566884,2019-04-21,14:00:00,2019
konanakunte,ordinary theft,12.884592,77.551678,,19:00:00,2019
konanakunte,ordinary theft,12.888167,77.570945,,18:30:00,2019
konanakunte,ordinary theft,12.887851,77.573581,2019-09-21,13:00:00,2019
konanakunte,ordinary theft,12.8861139,77.5824778,,,2017
konanakunte,ordinary theft,12.9077944,77.5856806,,,2017
konanakunte,ordinary theft,12.90496,77.580906,,,2017
konanakunte,ordinary theft,12.8951056,77.5847167,,,2017
konanakunte,ordinary theft,12.8978861,77.5729806,,,2017
konanakunte,ordinary theft,12.8861139,77.5824778,,,2017
konanakunte,ordinary theft,12.8874556,77.59245,,,2017
konanakunte,ordinary theft,12.9039389,77.5826583,,,2017
konanakunte,ordinary theft,12.8947972,77.5817556,,,2017
konanakunte,ordinary theft,12.8938444,77.59875,,,2018
konanakunte,ordinary theft,12.8874556,77.59245,,,2018
konanakunte,ordinary theft,12.8880056,77.5710194,,,2018
konanakunte,ordinary theft,12.9024028,77.581975,,,2018
konanakunte,ordinary theft,12.882375,77.5954639,,,2018
konanakunte,ordinary theft,12.8970333,77.5708944,,,2018
konanakunte,ordinary theft,12.8874556,77.59245,,,2018
konanakunte,ordinary theft,12.904562,77.585546,,,2018
konanakunte,ordinary theft,12.9041938,77.5736388,,,2018
konanakunte,ordinary theft,12.9012806,77.5814194,,,2018
konanakunte,ordinary theft,12.8947972,77.5817556,,,2018
konanakunte,ordinary theft,12.893694,77.581685,,,2019
konanakunte,ordinary theft,12.8970333,77.5708944,,,2019
konanakunte,ordinary theft,12.8874556,77.59245,,,2019
konanakunte,ordinary theft,12.8938444,77.59875,,,2019
konanakunte,ordinary theft,12.9057972,77.6003278,,,2019
konanakunte,ordinary theft,12.8877333,77.5924528,,,2019
konanakunte,ordinary theft,12.897,77.571152,,,2019
konanakunte,ordinary theft,12.890028,77.59122,,,2019
konanakunte,ordinary theft,12.8996966,77.5716116,,14:30:00,2015
konanakunte,ordinary theft,12.8928134,77.5666301,,13:00:00,2015
konanakunte,ordinary theft,12.8928134,77.5666301,,11:30:00,2015
konanakunte,ordinary theft,12.8928134,77.5666301,,19:20:00,2015
konanakunte,ordinary theft,12.9166716,77.5734554,,10:40:00,2015
konanakunte,ordinary theft,12.9124941,77.5724057,,10:00:00,2015
konanakunte,ordinary theft,12.9008928,77.5698814,,14:15:00,2015
konanakunte,ordinary theft,12.9142072,77.5618648,,15:45:00,2015
konanakunte,ordinary theft,12.9076945,77.5719852,,11:30:00,2015
konanakunte,ordinary theft,12.9133048,77.568035,,10:00:00,2015
konanakunte,ordinary theft,12.90849,77.5597687,,12:45:00,2015
konanakunte,ordinary theft,12.8928134,77.5666301,,11:30:00,2015
konanakunte,ordinary theft,12.8928134,77.5666301,,12:45:00,2015
konanakunte,ordinary theft,12.915572,77.5732156,,17:00:00,2015
konanakunte,ordinary theft,12.8928134,77.5666301,,16:00:00,2015
konanakunte,ordinary theft,12.896673,77.5607514,,15:00:00,2015
konanakunte,ordinary theft,12.915572,77.5732156,,21:45:00,2015
konanakunte,ordinary theft,12.9107445,77.5614125,,18:00:00,2015
konanakunte,ordinary theft,12.8928134,77.5666301,,15:30:00,2015
konanakunte,ordinary theft,12.9094534,77.5650952,,10:00:00,2015
konanakunte,ordinary theft,12.9021875,77.5726242,,10:10:00,2015
konanakunte,ordinary theft,12.907211,77.5697575,2016-01-14,13:00:00,2016
konanakunte,ordinary theft,12.9166716,77.5734554,2016-01-25,10:30:00,2016
konanakunte,ordinary theft,12.9011495,77.5706466,,21:30:00,2016
konanakunte,ordinary theft,12.9058823,77.5714811,,21:15:00,2016
konanakunte,ordinary theft,12.9124183,77.5641048,2016-02-19,15:45:00,2016
konanakunte,ordinary theft,12.8928134,77.5666301,,14:20:00,2016
konanakunte,ordinary theft,12.8928134,77.5666301,,14:35:00,2016
konanakunte,ordinary theft,12.9021875,77.5726242,2016-03-21,13:15:00,2016
konanakunte,ordinary theft,12.8985573,77.5691446,2016-04-18,09:10:00,2016
konanakunte,ordinary theft,12.9008928,77.5698814,2016-04-22,,2016
konanakunte,ordinary theft,12.8982406,77.5583846,2016-04-25,,2016
konanakunte,ordinary theft,12.9026073,77.5614887,2016-05-16,20:00:00,2016
konanakunte,ordinary theft,12.9106184,77.5668939,2016-06-18,21:30:00,2016
konanakunte,ordinary theft,12.9076945,77.5719852,2016-06-26,10:00:00,2016
konanakunte,ordinary theft,12.8928134,77.5666301,,13:30:00,2016
konanakunte,ordinary theft,12.9045265,77.5661519,2016-07-18,14:00:00,2016
konanakunte,ordinary theft,12.9020804,77.5651518,2016-09-28,17:30:00,2016
konanakunte,ordinary theft,12.9021875,77.5726242,,14:00:00,2016
konanakunte,ordinary theft,12.9124183,77.5641048,,13:00:00,2016
konanakunte,ordinary theft,12.8928134,77.5666301,2016-10-15,11:30:00,2016
konanakunte,ordinary theft,12.9085203,77.5725265,2016-10-21,23:40:00,2016
konanakunte,ordinary theft,12.9085203,77.5725265,2016-10-31,15:00:00,2016
konanakunte,ordinary theft,12.8952844,77.5662129,2016-12-14,17:20:00,2016
konanakunte,ordinary theft,12.8983588,77.5613959,2016-12-15,15:00:00,2016
konanakunte,ordinary theft,12.8928134,77.5666301,2016-12-23,14:00:00,2016
konanakunte,ordinary theft,12.9166716,77.5734554,,16:00:00,2017
konanakunte,ordinary theft,12.8928134,77.5666301,,14:15:00,2017
konanakunte,ordinary theft,12.9108218,77.5682452,,11:00:00,2017
konanakunte,ordinary theft,12.9079108,77.5667368,,16:00:00,2017
konanakunte,ordinary theft,12.9124941,77.5724057,,11:30:00,2017
konanakunte,ordinary theft,12.9114198,77.5620769,,,2017
konanakunte,ordinary theft,12.9108218,77.5682452,,17:00:00,2017
konanakunte,ordinary theft,12.8928134,77.5666301,,,2017
konanakunte,ordinary theft,12.8928134,77.5666301,,03:00:00,2017
konanakunte,ordinary theft,12.8983588,77.5613959,,14:00:00,2017
konanakunte,ordinary theft,12.9166716,77.5734554,,16:00:00,2017
konanakunte,ordinary theft,12.9108218,77.5682452,,,2017
konanakunte,ordinary theft,12.9085203,77.5725265,,,2017
konanakunte,ordinary theft,12.9133048,77.568035,,14:00:00,2017
konanakunte,ordinary theft,12.9076945,77.5719852,,,2017
konanakunte,ordinary theft,12.9155359,77.5616258,,,2017
konanakunte,ordinary theft,12.9166716,77.5734554,,,2017
konanakunte,ordinary theft,12.8928134,77.5666301,,,2017
konanakunte,ordinary theft,12.9109359,77.5646697,,,2017
konanakunte,ordinary theft,12.8928134,77.5666301,,,2017
konanakunte,ordinary theft,12.9166716,77.5734554,,,2017
konanakunte,ordinary theft,12.9124941,77.5724057,,,2017
konanakunte,ordinary theft,12.9133048,77.568035,,14:00:00,2017
konanakunte,ordinary theft,12.9166716,77.568035,,,2017
konanakunte,ordinary theft,12.9166716,77.5734554,,,2017
konanakunte,ordinary theft,12.9109606,77.5639519,,09:00:00,2017
konanakunte,ordinary theft,12.8928134,77.5666301,,09:00:00,2018
konanakunte,ordinary theft,12.9166716,77.5734554,,,2018
konanakunte,ordinary theft,12.9008928,77.5698814,,,2018
konanakunte,ordinary theft,12.8927194,77.566816,,03:45:00,2018
konanakunte,ordinary theft,12.8928134,77.5666301,,,2018
konanakunte,ordinary theft,12.8928134,77.5666301,,,2018
konanakunte,ordinary theft,12.9166716,77.5734554,,,2018
konanakunte,ordinary theft,12.9166716,77.5734554,,,2018
konanakunte,ordinary theft,12.9166716,77.5734554,,,2018
konanakunte,ordinary theft,12.9109606,77.5639519,,,2018
konanakunte,ordinary theft,12.9166716,77.5734554,,,2018
konanakunte,ordinary theft,12.9061712,77.5698458,,,2018
konanakunte,ordinary theft,12.8928134,77.5666301,,,2018
konanakunte,ordinary theft,12.8928134,77.5666301,,,2018
konanakunte,ordinary theft,12.9166716,77.5734554,,,2018
konanakunte,ordinary theft,12.9166716,77.5734554,,,2018
konanakunte,ordinary theft,12.9109359,77.5646697,,22:00:00,2018
konanakunte,ordinary theft,12.8999136,77.5724909,,12:30:00,2018
konanakunte,ordinary theft,12.8928134,77.5666301,,17:20:00,2019
konanakunte,ordinary theft,12.9166716,77.5734554,,17:30:00,2019
konanakunte,ordinary theft,12.8928134,77.5666301,,17:00:00,2019
konanakunte,ordinary theft,12.8983588,77.5613959,,19:00:00,2019
konanakunte,ordinary theft,12.9124941,77.5724057,,13:30:00,2019
konanakunte,ordinary theft,12.9061712,77.5698458,,11:30:00,2019
konanakunte,ordinary theft,12.9015354,77.5628863,,14:30:00,2019
konanakunte,ordinary theft,12.9166716,77.5734554,,16:00:00,2019
konanakunte,ordinary theft,12.9136601,77.5652671,,,2019
konanakunte,ordinary theft,12.9061712,77.5698458,,,2019
konanakunte,ordinary theft,12.9073405,77.5726119,,12:30:00,2019
konanakunte,ordinary theft,12.8903442,77.5642779,,12:45:00,2019
konanakunte,ordinary theft,12.9156669,77.5615653,,12:45:00,2019
konanakunte,ordinary theft,12.9124941,77.5724057,,11:45:00,2019
konanakunte,ordinary theft,12.8985982,77.5568979,,19:30:00,2019
konanakunte,ordinary theft,12.940137,77.540757,2015-06-20,19:00:00,2015
konanakunte,ordinary theft,12.933405,77.537907,2015-07-13,11:30:00,2015
konanakunte,ordinary theft,12.932997,77.535741,2015-07-27,12:30:00,2015
konanakunte,ordinary theft,12.938936,77.555474,,,2015
konanakunte,ordinary theft,12.930253,77.539685,,,2015
konanakunte,ordinary theft,12.93719,77.539685,2016-02-17,18:30:00,2016
konanakunte,ordinary theft,12.929235,77.534782,2016-03-28,11:30:00,2016
konanakunte,ordinary theft,12.941071,77.545496,2016-06-30,11:45:00,2016
konanakunte,ordinary theft,12.928816,77.545496,,,2016
konanakunte,ordinary theft,12.934489,77.535962,2016-12-13,11:00:00,2016
puttenahalli,ordinary theft,12.95142,77.558217,2019-12-30,01:30:00,2019
puttenahalli,ordinary theft,12.9548104,77.5678156,,20:25:00,2015
puttenahalli,ordinary theft,12.9550138,77.5702211,2015-07-16,20:45:00,2015
puttenahalli,ordinary theft,12.95682,77.56796,2015-08-27,15:00:00,2015
puttenahalli,ordinary theft,12.9556884,77.5690702,2015-09-15,07:30:00,2015
puttenahalli,ordinary theft,12.95682,77.56796,,12:15:00,2015
puttenahalli,ordinary theft,12.95682,77.56796,,15:00:00,2015
puttenahalli,ordinary theft,12.9517641,77.5684074,2015-10-30,17:30:00,2015
puttenahalli,ordinary theft,12.94951,77.5674,2016-02-19,12:30:00,2016
puttenahalli,ordinary theft,12.95682,77.56796,2016-07-20,15:00:00,2016
puttenahalli,ordinary theft,12.95682,77.56796,2017-03-17,14:30:00,2017
puttenahalli,ordinary theft,12.95289,77.57194,,12:30:00,2017
puttenahalli,ordinary theft,12.95682,77.56796,2017-11-19,18:00:00,2017
puttenahalli,ordinary theft,12.94946,77.5713,2017-11-26,17:15:00,2017
puttenahalli,ordinary theft,12.94946,77.5713,,11:00:00,2018
puttenahalli,ordinary theft,12.95722,77.57187,2018-11-29,15:00:00,2018
puttenahalli,ordinary theft,12.950731,77.568905,,11:45:00,2019
puttenahalli,ordinary theft,12.9515482,77.575554,,16:30:00,2015
puttenahalli,ordinary theft,12.9596196,77.5722659,,15:00:00,2015
puttenahalli,ordinary theft,12.9604631,77.5713721,,19:00:00,2015
puttenahalli,ordinary theft,12.9543262,77.5790973,,10:30:00,2015
puttenahalli,ordinary theft,12.9588291,77.5700715,,12:00:00,2015
puttenahalli,ordinary theft,12.9522543,77.5770338,,09:00:00,2015
puttenahalli,ordinary theft,12.9588291,77.5700715,,17:50:00,2015
puttenahalli,ordinary theft,12.9588291,77.5700715,,12:10:00,2015
puttenahalli,ordinary theft,12.9621523,77.5715782,,21:15:00,2015
puttenahalli,ordinary theft,12.9625684,77.5711123,,21:30:00,2015
puttenahalli,ordinary theft,12.9514837,77.5747782,,12:00:00,2015
puttenahalli,ordinary theft,12.9523789,77.5798637,,11:30:00,2015
puttenahalli,ordinary theft,12.9520674,77.5792811,,15:30:00,2015
puttenahalli,ordinary theft,12.9492541,77.573875,,12:10:00,2015
puttenahalli,ordinary theft,12.9486433,77.5758666,,10:30:00,2015
puttenahalli,ordinary theft,12.9572857,77.5700953,,14:30:00,2015
puttenahalli,ordinary theft,12.9512664,77.5774393,,16:00:00,2015
puttenahalli,ordinary theft,12.9512664,77.5774393,,13:45:00,2015
puttenahalli,ordinary theft,12.963508,77.5737114,,11:30:00,2015
puttenahalli,ordinary theft,12.9512664,77.5774393,,12:30:00,2015
puttenahalli,ordinary theft,12.9507264,77.5769263,,17:00:00,2015
puttenahalli,ordinary theft,12.954782,77.577846,,11:00:00,2015
puttenahalli,ordinary theft,12.9507264,77.5769263,,13:45:00,2015
puttenahalli,ordinary theft,12.9507264,77.5769263,,22:30:00,2015
puttenahalli,ordinary theft,12.9507264,77.5769263,,20:45:00,2015
puttenahalli,ordinary theft,12.9507264,77.5769263,,12:45:00,2015
puttenahalli,ordinary theft,12.9507264,77.5769263,,13:30:00,2015
puttenahalli,ordinary theft,12.9507264,77.5769263,,15:00:00,2015
puttenahalli,ordinary theft,12.9570854,77.5789789,,15:15:00,2015
puttenahalli,ordinary theft,12.9570854,77.5789789,,15:30:00,2015
puttenahalli,ordinary theft,12.9567385,77.5754801,,18:10:00,2015
puttenahalli,ordinary theft,12.9643471,77.5731638,,08:30:00,2015
puttenahalli,ordinary theft,12.9626613,77.5702671,,14:30:00,2015
puttenahalli,ordinary theft,12.9533317,77.5762099,,22:30:00,2015
puttenahalli,ordinary theft,12.9507619,77.5781068,,06:30:00,2015
puttenahalli,ordinary theft,12.951675,77.577141,,,2015
puttenahalli,ordinary theft,12.9614018,77.5720584,,13:30:00,2015
puttenahalli,ordinary theft,12.9556886,77.573887,,20:30:00,2015
puttenahalli,ordinary theft,12.9568504,77.5738046,,15:00:00,2015
puttenahalli,ordinary theft,12.9567385,77.5754801,,16:00:00,2015
puttenahalli,ordinary theft,12.9595589,77.5706847,,15:45:00,2015
puttenahalli,ordinary theft,12.9484632,77.5756786,,19:00:00,2015
puttenahalli,ordinary theft,12.9527424,77.5763878,,20:30:00,2015
puttenahalli,ordinary theft,12.9512664,77.5774393,,20:30:00,2015
puttenahalli,ordinary theft,12.9568504,77.5738046,,11:00:00,2015
puttenahalli,ordinary theft,12.9523789,77.5798657,,10:30:00,2015
puttenahalli,ordinary theft,12.9506675,77.5777657,,21:00:00,2015
puttenahalli,ordinary theft,12.9512664,77.5774393,,21:00:00,2015
puttenahalli,ordinary theft,12.9512664,77.575554,,17:00:00,2015
puttenahalli,ordinary theft,12.9629909,77.5721546,,07:00:00,2015
puttenahalli,ordinary theft,12.9567385,77.5754801,,12:30:00,2015
puttenahalli,ordinary theft,12.9526122,77.5764999,,11:30:00,2015
puttenahalli,ordinary theft,12.9567385,77.5754801,,15:00:00,2015
puttenahalli,ordinary theft,12.9519184,77.5772173,,11:00:00,2015
puttenahalli,ordinary theft,12.9512664,77.5774393,,13:00:00,2016
puttenahalli,ordinary theft,12.9520674,77.5792811,,10:15:00,2016
puttenahalli,ordinary theft,12.9519184,77.5772173,,12:30:00,2016
puttenahalli,ordinary theft,12.9632845,77.5705603,,17:30:00,2016
puttenahalli,ordinary theft,12.9604631,77.5713721,,18:45:00,2016
puttenahalli,ordinary theft,12.9486445,77.5781619,,12:00:00,2016
puttenahalli,ordinary theft,12.9521322,77.5771519,,11:30:00,2016
puttenahalli,ordinary theft,12.9506675,77.5777657,,14:30:00,2016
puttenahalli,ordinary theft,12.9527424,77.5763878,,16:00:00,2016
puttenahalli,ordinary theft,12.9511344,77.5774716,,14:30:00,2016
puttenahalli,ordinary theft,12.9515482,77.575554,,11:30:00,2016
puttenahalli,ordinary theft,12.9519045,77.5770522,,14:10:00,2016
puttenahalli,ordinary theft,12.9515482,77.575554,,15:00:00,2016
puttenahalli,ordinary theft,12.9519418,77.5775791,,18:30:00,2016
puttenahalli,ordinary theft,12.9515482,77.5779125,,17:00:00,2016
puttenahalli,ordinary theft,12.9512664,77.5774393,,13:30:00,2016
puttenahalli,ordinary theft,12.9596654,77.5704065,,21:30:00,2016
puttenahalli,ordinary theft,12.9588291,77.5700715,,11:45:00,2016
puttenahalli,ordinary theft,12.9551591,77.5738986,,11:00:00,2016
puttenahalli,ordinary theft,12.9636375,77.5710716,,18:15:00,2016
puttenahalli,ordinary theft,12.9596196,77.5722658,,18:30:00,2016
puttenahalli,ordinary theft,12.9512837,77.5774538,,20:40:00,2016
puttenahalli,ordinary theft,12.9507264,77.5769263,,16:30:00,2016
puttenahalli,ordinary theft,12.9607829,77.568795,,14:00:00,2016
puttenahalli,ordinary theft,12.954542,77.5747897,,13:00:00,2016
puttenahalli,ordinary theft,12.9607829,77.568765,,14:10:00,2017
puttenahalli,ordinary theft,12.9639212,77.5716229,,11:30:00,2017
puttenahalli,ordinary theft,12.949273,77.5775782,,19:55:00,2017
puttenahalli,ordinary theft,12.9632845,77.5705603,,06:00:00,2017
puttenahalli,ordinary theft,12.9568504,77.5738046,,12:30:00,2017
puttenahalli,ordinary theft,12.9504059,77.5749663,,18:00:00,2017
puttenahalli,ordinary theft,12.9573761,77.5714323,,17:00:00,2017
puttenahalli,ordinary theft,12.9485467,77.5787793,,15:00:00,2017
puttenahalli,ordinary theft,12.9547178,77.5791189,,16:00:00,2017
puttenahalli,ordinary theft,12.9568328,77.5744492,,17:30:00,2017
puttenahalli,ordinary theft,12.950998,77.5785349,,21:00:00,2017
puttenahalli,ordinary theft,12.9511344,77.5774716,,09:45:00,2017
puttenahalli,ordinary theft,12.9484632,77.5756786,,09:00:00,2017
puttenahalli,ordinary theft,12.9639212,77.5716229,,12:00:00,2017
puttenahalli,ordinary theft,12.9496921,77.57486,,09:30:00,2017
puttenahalli,ordinary theft,12.9567437,77.5744272,,17:00:00,2018
puttenahalli,ordinary theft,12.9568328,77.5744492,,13:00:00,2018
puttenahalli,ordinary theft,12.948703,77.5787416,,10:15:00,2018
puttenahalli,ordinary theft,12.948703,77.5787416,,12:00:00,2018
puttenahalli,ordinary theft,12.948703,77.5787416,,20:00:00,2018
puttenahalli,ordinary theft,12.954542,77.5747898,,20:50:00,2018
puttenahalli,ordinary theft,12.9548534,77.5748491,,17:10:00,2018
puttenahalli,ordinary theft,12.9507853,77.5768375,,20:30:00,2018
puttenahalli,ordinary theft,12.954542,77.5747897,,19:00:00,2018
puttenahalli,ordinary theft,12.9522543,77.5770338,,10:15:00,2018
puttenahalli,ordinary theft,12.9512664,77.5774393,,21:30:00,2018
puttenahalli,ordinary theft,12.958015,77.5694856,,15:00:00,2018
puttenahalli,ordinary theft,12.9519045,77.5770522,,12:00:00,2018
puttenahalli,ordinary theft,12.9515482,77.575554,,07:30:00,2019
puttenahalli,ordinary theft,12.9551591,77.5739384,,11:30:00,2019
puttenahalli,ordinary theft,12.9625657,77.5716053,,10:15:00,2019
puttenahalli,ordinary theft,12.952048,77.5771455,,11:30:00,2019
puttenahalli,ordinary theft,12.9602853,77.5726168,,19:00:00,2019
puttenahalli,ordinary theft,12.94103,77.5482,,20:45:00,2015
puttenahalli,ordinary theft,12.938832,77.55328,2015-02-19,16:15:00,2015
puttenahalli,ordinary theft,12.934955,77.566136,,12:30:00,2015
puttenahalli,ordinary theft,12.94103,77.5482,,12:00:00,2015
puttenahalli,ordinary theft,12.938832,77.55328,,19:00:00,2015
puttenahalli,ordinary theft,12.938832,77.55328,,14:15:00,2015
puttenahalli,ordinary theft,12.938832,77.55328,2015-05-20,16:45:00,2015
puttenahalli,ordinary theft,12.938822,77.55128,,21:30:00,2015
puttenahalli,ordinary theft,12.938102,77.55128,2015-08-31,20:25:00,2015
puttenahalli,ordinary theft,12.948832,77.55328,2015-09-22,13:00:00,2015
puttenahalli,ordinary theft,12.938722,77.55128,,03:00:00,2015
puttenahalli,ordinary theft,12.938832,77.55328,,21::00,2015
puttenahalli,ordinary theft,12.938832,77.55328,,10:20:00,2015
puttenahalli,ordinary theft,12.938822,77.55328,,17:00:00,2015
puttenahalli,ordinary theft,12.938822,77.55328,2015-12-29,18:30:00,2015
puttenahalli,ordinary theft,12.938822,77.55328,,11:00:00,2016
puttenahalli,ordinary theft,12.938822,77.55328,2016-01-25,22:30:00,2016
puttenahalli,ordinary theft,12.938822,77.55328,2016-01-28,16:00:00,2016
puttenahalli,ordinary theft,12.938832,77.55328,2016-02-20,11:15:00,2016
puttenahalli,ordinary theft,12.938832,77.55328,2016-02-29,10:30:00,2016
puttenahalli,ordinary theft,12.937832,77.55328,,11:10:00,2016
puttenahalli,ordinary theft,12.937832,77.55329,2016-05-26,13:00:00,2016
puttenahalli,ordinary theft,12.937832,77.55329,2016-05-30,20:30:00,2016
puttenahalli,ordinary theft,12.938102,77.55128,2016-08-20,15:00:00,2016
puttenahalli,ordinary theft,12.94103,77.5482,2016-09-22,17:00:00,2016
puttenahalli,ordinary theft,12.94103,77.5482,2016-11-24,14:30:00,2016
puttenahalli,ordinary theft,12.94103,77.5482,2016-12-27,10:30:00,2016
puttenahalli,ordinary theft,12.934955,77.566136,,15:30:00,2017
puttenahalli,ordinary theft,12.934955,77.566136,,16:00:00,2017
puttenahalli,ordinary theft,12.934855,77.566137,2017-01-23,21:00:00,2017
puttenahalli,ordinary theft,12.934955,77.566138,,17:00:00,2017
puttenahalli,ordinary theft,12.934955,77.566139,2017-02-20,14:30:00,2017
puttenahalli,ordinary theft,12.934955,77.56614,2017-02-25,21:20:00,2017
puttenahalli,ordinary theft,12.94103,77.5482,,10:30:00,2017
puttenahalli,ordinary theft,12.934955,77.566138,,19:00:00,2017
puttenahalli,ordinary theft,12.94103,77.5482,2017-06-30,03:00:00,2017
puttenahalli,ordinary theft,12.94103,77.5482,,16:30:00,2017
puttenahalli,ordinary theft,12.934955,77.566138,,07:30:00,2017
puttenahalli,ordinary theft,12.94103,77.5482,2017-12-16,15:00:00,2017
puttenahalli,ordinary theft,12.94103,77.5482,2018-01-26,13:45:00,2018
puttenahalli,ordinary theft,12.934955,77.566138,2018-02-22,15:30:00,2018
puttenahalli,ordinary theft,12.94103,77.5482,2018-06-20,14:00:00,2018
puttenahalli,ordinary theft,12.937832,77.55328,,23:30:00,2018
puttenahalli,ordinary theft,12.94103,77.5482,,09:45:00,2018
puttenahalli,ordinary theft,12.937932,77.55328,2018-10-18,13:15:00,2018
puttenahalli,ordinary theft,12.934955,77.566138,2019-03-15,18:00:00,2018
puttenahalli,ordinary theft,12.934955,77.566138,,21:15:00,2019
puttenahalli,ordinary theft,12.94103,77.5482,,13:15:00,2019
puttenahalli,ordinary theft,12.934955,77.566138,2019-05-21,19:00:00,2019
puttenahalli,ordinary theft,12.94103,77.5482,,23:30:00,2019
puttenahalli,ordinary theft,12.934955,77.566138,,18:00:00,2019
puttenahalli,ordinary theft,12.94103,77.5482,2019-11-26,10:30:00,2019
puttenahalli,ordinary theft,12.934955,77.566138,2019-11-27,20:00:00,2019
puttenahalli,ordinary theft,12.926291,77.547338,,19:00:00,2015
puttenahalli,ordinary theft,12.934434,77.56055,201-02-12,15:25:00,2015
puttenahalli,ordinary theft,12.928179,77.55161,2015-02-18,09:00:00,2015
puttenahalli,ordinary theft,12.928197,77.550652,2015-03-24,15:20:00,2015
puttenahalli,ordinary theft,12.935006,77.5437545,,11:00:00,2015
puttenahalli,ordinary theft,12.930121,77.560592,2015-04-24,11:00:00,2015
puttenahalli,ordinary theft,12.946995,77.552044,2015-05-21,15:00:00,2015
puttenahalli,ordinary theft,12.930147,77.560524,2015-06-17,21:00:00,2015
puttenahalli,ordinary theft,12.923311,77.549288,2015-06-22,18:00:00,2015
puttenahalli,ordinary theft,12.934049,77.548061,2015-07-21,12:45:00,2015
puttenahalli,ordinary theft,12.928378,77.556654,,09:00:00,2015
puttenahalli,ordinary theft,12.921303,77.549263,2015-09-21,12:30:00,2015
puttenahalli,ordinary theft,12.925561,77.554801,2016-02-24,11:00:00,2016
puttenahalli,ordinary theft,12.926701,77.56077,2016-05-26,22:42:00,2016
puttenahalli,ordinary theft,12.930108,77.560549,2016-06-23,11:00:00,2016
puttenahalli,ordinary theft,12.9232086,77.550565,,15:30:00,2016
puttenahalli,ordinary theft,12.928365,77.556668,,12:00:00,2016
puttenahalli,ordinary theft,12.923029,77.553841,,14:45:00,2016
puttenahalli,ordinary theft,12.930108,77.560549,2017-01-16,17:00:00,2017
puttenahalli,ordinary theft,12.930108,77.560549,2017-01-18,12:30:00,2017
puttenahalli,ordinary theft,12.930106,77.555115,2017-01-22,15:30:00,2017
puttenahalli,ordinary theft,12.925223,77.550043,,23:15:00,2017
puttenahalli,ordinary theft,12.925255,77.550376,2017-04-27,14:45:00,2017
puttenahalli,ordinary theft,12.934218,77.553412,,,2017
puttenahalli,ordinary theft,12.928742,77.556882,2017-08-19,10:30:00,2017
puttenahalli,ordinary theft,12.92286,77.543799,2017-08-20,06:30:00,2017
puttenahalli,ordinary theft,12.93079,77.774284,2017-08-22,09:30:00,2017
puttenahalli,ordinary theft,12.922719,77.559596,2017-09-13,10:15:00,2017
puttenahalli,ordinary theft,12.926616,77.551001,,,2017
puttenahalli,ordinary theft,12.929455,77.55393,2017-06-16,03:00:00,2017
puttenahalli,ordinary theft,12.928169,77.556016,2017-09-19,12:45:00,2017
puttenahalli,ordinary theft,12.924486,77.55189,2017-09-24,10:00:00,2017
puttenahalli,ordinary theft,12.922643,77.532899,2017-09-24,02:30:00,2017
puttenahalli,ordinary theft,12.923575,77.553426,2017-09-27,10:00:00,2017
puttenahalli,ordinary theft,12.928425,77.555103,,,2017
puttenahalli,ordinary theft,12.932863,77.556597,,,2017
puttenahalli,ordinary theft,12.919271,77.539332,,,2017
puttenahalli,ordinary theft,12.9342486,77.560608,2017-11-24,10:30:00,2017
puttenahalli,ordinary theft,12.925357,77.551042,2017-11-26,11:15:00,2017
puttenahalli,ordinary theft,12.924286,77.549405,,,2017
puttenahalli,ordinary theft,12.926615,77.559433,2018-01-18,03:30:00,2018
puttenahalli,ordinary theft,12.922988,77.543718,2018-01-23,07:00:00,2018
puttenahalli,ordinary theft,12.928717,77.546084,,,2018
puttenahalli,ordinary theft,12.925671,77.548944,2018-02-22,03:30:00,2018
puttenahalli,ordinary theft,12.925293,77.549804,2018-02-24,02:00:00,2018
puttenahalli,ordinary theft,12.926135,77.550311,2018-03-21,10:50:00,2018
puttenahalli,ordinary theft,12.932048,77.549266,2018-08-17,07:30:00,2018
puttenahalli,ordinary theft,12.928496,77.545938,2018-08-23,09:15:00,2018
puttenahalli,ordinary theft,12.919309,77.53946,2018-08-29,12:15:00,2018
puttenahalli,ordinary theft,12.930316,77.553379,,,2018
puttenahalli,ordinary theft,12.923881,77.553337,2018-11-22,11:50:00,2018
puttenahalli,ordinary theft,12.921312,77.548304,,,2018
puttenahalli,ordinary theft,12.923268,77.5479842,2018-12-17,05:30:00,2018
puttenahalli,ordinary theft,12.928504,77.562012,2019-02-22,06:37:00,2019
puttenahalli,ordinary theft,12.923777,77.553303,2019-02-27,10:00:00,2019
puttenahalli,ordinary theft,12.929218,77.552071,,,2019
puttenahalli,ordinary theft,12.924268,77.551878,2019-05-27,02:00:00,2019
puttenahalli,ordinary theft,12.93263,77.556518,,,2019
puttenahalli,kidnap,12.926974,77.576626,,12:35:00,2016
puttenahalli,kidnap,12.919712,77.575901,,11:20:00,2017
puttenahalli,kidnap,12.912479,77.574069,2017-09-13,16:00:00,2017
puttenahalli,kidnap,12.922032,77.575659,2017-10-24,12:45:00,2017
puttenahalli,kidnap,12.933466,77.584554,2017-10-31,18:15:00,2017
puttenahalli,kidnap,12.929851,77.585404,2018-03-20,13:00:00,2018
puttenahalli,kidnap,12.932018,77.586094,,16:15:00,2018
puttenahalli,kidnap,12.91974,77.578194,2018-04-24,11:00:00,2018
puttenahalli,kidnap,12.922096,77.57601,2018-07-29,17:00:00,2018
puttenahalli,kidnap,12.93091,77.57812,2019-03-30,20:45:00,2019
puttenahalli,kidnap,12.935478,77.589671,2019-06-27,21:30:00,2019
puttenahalli,kidnap,12.92924,77.57816,,18:00:00,2019
puttenahalli,kidnap,12.943265,77.574663,2015-07-18,20:45:00,2015
puttenahalli,kidnap,12.940063,77.573045,2015-11-26,18:15:00,2015
puttenahalli,kidnap,12.940191,77.568224,2015-11-30,23:50:00,2015
puttenahalli,kidnap,12.947992,77.573527,2015-12-19,20:45:00,2015
puttenahalli,kidnap,12.94156,77.567074,2016-01-13,12:30:00,2016
puttenahalli,kidnap,12.9134789,77.5933807,,,2016
puttenahalli,kidnap,12.946572,77.572895,,,2017
puttenahalli,kidnap,12.9353841,77.570115,,,2017
puttenahalli,kidnap,12.943671,77.578616,,,2017
puttenahalli,kidnap,12.9402772,77.572097,2017-06-25,14:30:00,2017
puttenahalli,kidnap,12.93543,77.5668,2017-10-16,21:10:00,2017
puttenahalli,kidnap,12.943663,77.574706,2017-12-26,17:00:00,2017
puttenahalli,kidnap,12.9353841,77.570115,,,2017
puttenahalli,kidnap,12.935967,77.567808,,,2018
puttenahalli,kidnap,12.944817,77.578516,2018-07-19,22:30:00,2018
puttenahalli,kidnap,12.942306,77.57861,,,2018
puttenahalli,kidnap,12.940079,77.577179,,,2018
puttenahalli,kidnap,12.946418,77.573537,,,2018
puttenahalli,kidnap,12.940471,77.572534,,,2018
puttenahalli,kidnap,12.941435,77.571215,2019-02-16,10:40:00,2018
puttenahalli,kidnap,12.943343,77.574201,,,2018
puttenahalli,kidnap,12.936851,77.568538,,,2018
puttenahalli,kidnap,12.906409,77.5714701,2015-01-14,04:10:00,2015
puttenahalli,kidnap,12.9116975,77.591605,,,2015
puttenahalli,kidnap,12.9000874,77.5702607,,,2015
puttenahalli,kidnap,12.9177553,77.5400844,,,2015
puttenahalli,kidnap,12.8976927,77.5808958,2015-08-24,07:30:00,2015
puttenahalli,kidnap,12.8977965,77.5836728,2015-09-24,03:05:00,2015
puttenahalli,kidnap,12.9040774,77.5814306,,,2015
puttenahalli,kidnap,12.8969434,77.5653774,,,2015
puttenahalli,kidnap,12.9131535,77.5336382,,,2015
puttenahalli,kidnap,12.9059617,77.5793992,2015-12-24,01:45:00,2015
puttenahalli,kidnap,12.8986817,77.5690523,2015-12-30,05:05:00,2016
puttenahalli,kidnap,12.8980073,77.5939724,2016-01-23,01:00:00,2016
puttenahalli,kidnap,12.8842383,77.5748654,,,2016
puttenahalli,kidnap,12.8842378,77.5595444,2016-04-14,06:10:00,2016
puttenahalli,kidnap,12.9070893,77.5781946,,,2016
puttenahalli,kidnap,12.9089964,77.5756453,,,2016
puttenahalli,kidnap,12.9052883,77.5764984,2016-08-17,03:25:00,2016
puttenahalli,kidnap,12.9096707,77.5790691,2016-08-18,08:30:00,2016
puttenahalli,kidnap,12.8980035,77.5688626,,,2016
puttenahalli,kidnap,12.911281,77.5902845,2016-12-25,09:30:00,2017
puttenahalli,kidnap,12.915219,77.5818953,2017-01-28,04:00:00,2017
puttenahalli,kidnap,12.9085194,77.5796617,2018-09-28,04:00:00,2018
puttenahalli,kidnap,12.9085194,77.5796617,2018-11-17,04:00:00,2018
puttenahalli,kidnap,12.9096936,77.5792533,2018-11-17,04:45:00,2018
puttenahalli,kidnap,12.9074697,77.5904753,2018-12-13,04:25:00,2018
puttenahalli,kidnap,12.9085194,77.5796617,2018-12-19,10:00:00,2018
puttenahalli,kidnap,12.9113414,77.5794193,,,2019
puttenahalli,kidnap,12.9112903,77.5760705,,,2019
puttenahalli,kidnap,12.9107582,77.5767422,2019-08-20,12:00:00,2019
puttenahalli,kidnap,12.9107559,77.5439111,,,2019
puttenahalli,kidnap,12.9117832,77.5929617,2019-11-21,08:35:00,2019
puttenahalli,kidnap,12.9239917,77.5662417,,14:30:00,2015
puttenahalli,kidnap,12.9231139,77.5734528,2015-02-27,20:00:00,2015
puttenahalli,kidnap,12.9170194,77.5668694,,23:30:00,2015
puttenahalli,kidnap,12.9189639,77.5537111,2015-05-19,16:00:00,2015
puttenahalli,kidnap,12.9154083,77.5642833,2015-05-20,13:30:00,2015
puttenahalli,kidnap,12.9248722,77.5662417,,13:00:00,2015
puttenahalli,kidnap,12.9298833,77.5699694,,12:00:00,2015
puttenahalli,kidnap,12.9298833,77.5699694,2015-06-13,09:30:00,2015
puttenahalli,kidnap,12.9246056,77.5702778,,09:30:00,2015
puttenahalli,kidnap,12.9173778,77.5678861,,18:30:00,2015
puttenahalli,kidnap,12.9261268,77.575693,2018-12-29,10:30:00,2015
puttenahalli,kidnap,12.9277556,77.56015,,09:30:00,2015
puttenahalli,kidnap,12.9235667,77.5700028,,01:45:00,2015
puttenahalli,kidnap,12.9296528,77.5729111,,17:00:00,2016
puttenahalli,kidnap,12.9176889,77.5736333,,20:30:00,2016
puttenahalli,kidnap,12.9272889,77.5725972,,04:30:00,2016
puttenahalli,kidnap,12.9283389,77.5606444,2016-02-28,12:30:00,2016
puttenahalli,kidnap,12.91555,77.5660778,2016-03-27,14:20:00,2016
puttenahalli,kidnap,12.9277556,77.56015,,19:45:00,2016
puttenahalli,kidnap,12.9235667,77.5700028,2016-04-13,13:00:00,2016
puttenahalli,kidnap,12.9174667,77.5662639,,21:30:00,2016
puttenahalli,kidnap,12.9235667,77.5700028,2016-05-20,17:00:00,2016
puttenahalli,kidnap,12.92,77.5718083,,13:45:00,2016
puttenahalli,kidnap,12.92,77.5718083,,14:15:00,2016
puttenahalli,kidnap,12.9154083,77.5642833,2016-07-20,10:30:00,2016
puttenahalli,kidnap,12.9154083,77.5642833,2016-07-23,18:30:00,2016
puttenahalli,kidnap,12.9155694,77.5567722,,17:30:00,2016
puttenahalli,kidnap,12.91685,77.5557722,,20:15:00,2016
puttenahalli,kidnap,12.9166444,77.5640861,2016-10-28,20:20:00,2016
puttenahalli,kidnap,12.92,77.5718083,2016-11-18,15:00:00,2016
puttenahalli,kidnap,12.9196528,77.5740472,2016-12-25,12:30:00,2016
puttenahalli,kidnap,12.9276278,77.5705389,,00:30:00,2017
puttenahalli,kidnap,12.9176611,77.5732722,2017-05-24,20:45:00,2017
puttenahalli,kidnap,12.9194972,77.5648222,2017-06-19,16:00:00,2017
puttenahalli,kidnap,12.9235667,77.5700028,,14:00:00,2017
puttenahalli,kidnap,12.9292778,77.57365,2017-11-15,17:00:00,2017
puttenahalli,kidnap,12.9155694,77.5567722,2018-03-22,13:00:00,2018
puttenahalli,kidnap,12.9155694,77.5567722,,04:30:00,2018
puttenahalli,kidnap,12.9248722,77.5662417,,14:30:00,2018
shankarapua,kidnap,12.9226444,77.5674306,2018-06-23,15:00:00,2018
shankarapua,kidnap,12.9246056,77.5702778,,15:40:00,2018
shankarapua,kidnap,12.9261268,77.575693,,21:00:00,2018
shankarapua,kidnap,12.94355,77.60976,2018-10-25,11:30:00,2018
shankarapua,kidnap,12.9136361,77.55515,,08:45:00,2018
shankarapua,kidnap,12.9261268,77.575693,2018-12-29,18:30:00,2018
shankarapua,kidnap,12.9155694,77.5567722,2019-07-18,21:30:00,2019
shankarapua,kidnap,12.934299,77.591433,,15:30:00,2015
shankarapua,kidnap,12.946052,77.591889,2015-06-13,19:30:00,2015
shankarapua,kidnap,12.944562,77.592138,2015-07-13,18:45:00,2015
shankarapua,kidnap,12.936308,77.593096,2015-08-29,11:00:00,2015
shankarapua,kidnap,12.934135,77.591152,,13:00:00,2015
shankarapua,kidnap,12.934263,77.592712,2016-01-15,12:30:00,2016
shankarapua,kidnap,12.943446,77.594168,2016-02-23,12:40:00,2016
shankarapua,kidnap,12.946683,77.594379,2016-03-30,11:10:00,2016
shankarapua,kidnap,12.936308,77.593096,2016-06-16,14:00:00,2016
shankarapua,kidnap,12.943578,77.591104,2016-07-15,17:30:00,2016
shankarapua,kidnap,12.942478,77.589838,2016-07-28,15:00:00,2016
shankarapua,kidnap,12.942789,77.596405,2016-10-17,18:30:00,2016
shankarapua,kidnap,12.936244,77.596173,,08:20:00,2017
shankarapua,kidnap,12.945109,77.592747,2017-04-29,22:05:00,2017
shankarapua,kidnap,12.946168,77.591807,,18:00:00,2017
shankarapua,kidnap,12.942161,77.592299,,17:00:00,2017
shankarapua,kidnap,12.945109,77.592747,,15:00:00,2017
shankarapua,kidnap,12.935645,77.591333,2017-07-17,20:00:00,2017
shankarapua,kidnap,12.945109,77.592747,2017-10-24,17:00:00,2017
shankarapua,kidnap,12.940933,77.580283,,20:00:00,2018
shankarapua,kidnap,12.940022,77.594191,2018-04-30,14:00:00,2018
shankarapua,kidnap,12.944786,77.592797,2018-05-17,16:00:00,2018
shankarapua,kidnap,12.942787,77.58337,,10:00:00,2018
shankarapua,kidnap,12.936244,77.596173,2018-09-19,14:30:00,2018
shankarapua,kidnap,12.935678,77.597567,2019-07-24,14:00:00,2019
shankarapua,kidnap,12.933417,77.590693,,12:00:00,2019
shankarapua,kidnap,12.942787,77.58337,2019-09-16,16:00:00,2019
shankarapua,kidnap,12.944786,77.592797,2019-11-16,18:00:00,2019
shankarapua,kidnap,12.9035339,77.5412456,,05:00:00,2015
shankarapua,kidnap,12.9109421,77.5562327,2015-02-24,18:15:00,2015
shankarapua,kidnap,12.9060275,77.5455556,,09:15:00,2015
shankarapua,kidnap,12.9114763,77.5401234,,14:20:00,2015
shankarapua,kidnap,12.8827373,77.5565235,,11:45:00,2015
shankarapua,kidnap,12.8828956,77.5664778,2015-08-18,13:00:00,2015
shankarapua,kidnap,12.9055788,77.5564596,,15:00:00,2015
shankarapua,kidnap,12.9142983,77.5507585,2015-10-15,14:10:00,2015
shankarapua,kidnap,12.8898214,77.579747,2015-10-26,16:00:00,2015
shankarapua,kidnap,12.9079568,77.536441,2015-10-30,10:00:00,2015
shankarapua,kidnap,12.8894463,77.5715237,2015-11-20,12:00:00,2015
shankarapua,kidnap,12.9087458,77.5554661,,17:50:00,2015
shankarapua,kidnap,12.9176607,77.5765351,2015-12-16,01:00:00,2015
shankarapua,kidnap,12.9124236,77.5485177,2016-03-24,17:50:00,2016
shankarapua,kidnap,12.8915309,77.5811487,2016-03-30,22:10:00,2016
shankarapua,kidnap,12.8894838,77.5623209,,13:30:00,2016
shankarapua,kidnap,12.8915309,77.5811487,2016-04-13,22:50:00,2016
shankarapua,kidnap,12.8816845,77.565995,2016-04-21,03:30:00,2016
shankarapua,kidnap,12.8904709,77.5708101,,05:00:00,2016
shankarapua,kidnap,12.8915788,77.5814294,,14:00:00,2016
shankarapua,kidnap,12.8894463,77.5715237,2016-05-16,10:30:00,2016
shankarapua,kidnap,12.8967726,77.5445644,2016-05-18,17:40:00,2016
shankarapua,kidnap,12.9168449,77.5498573,2016-05-23,18:30:00,2016
shankarapua,kidnap,12.895948,77.5521903,,07:30:00,2016
shankarapua,kidnap,12.8768557,77.5818553,,10:00:00,2016
shankarapua,kidnap,12.8827438,77.5572725,2016-06-25,14:00:00,2016
shankarapua,kidnap,12.8837663,77.5684252,2016-07-18,20:00:00,2016
shankarapua,kidnap,12.886138,77.5717955,2016-07-22,13:00:00,2016
shankarapua,kidnap,12.8913885,77.5700924,,10:45:00,2016
shankarapua,kidnap,12.9086872,77.544119,,,2016
shankarapua,kidnap,12.9071139,77.5439924,2016-12-26,13:50:00,2016
shankarapua,kidnap,12.8825551,77.5563552,2017-01-17,16:30:00,2017
shankarapua,kidnap,12.8952807,77.5506745,,11:00:00,2017
shankarapua,kidnap,12.908276,77.5502268,2017-02-21,12:30:00,2017
shankarapua,kidnap,12.891898,77.5523692,2017-02-22,11:30:00,2017
shankarapua,kidnap,12.890435,77.5635394,2017-03-25,14:00:00,2017
shankarapua,kidnap,12.886138,77.5717955,2017-03-28,12:45:00,2017
shankarapua,kidnap,12.9142983,77.5507585,2017-04-26,16:00:00,2017
shankarapua,kidnap,12.895948,77.5521903,,17:00:00,2017
shankarapua,kidnap,12.8723662,77.566843,2017-05-31,23:00:00,2017
shankarapua,kidnap,12.9190062,77.5453977,,08:30:00,2017
shankarapua,kidnap,12.9124246,77.5355804,,17:45:00,2017
shankarapua,kidnap,12.904705,77.53011,,12:30:00,2017
shankarapua,kidnap,12.9159005,77.547469,,,2018
shankarapua,kidnap,12.8858475,77.5677318,,,2018
shankarapua,kidnap,12.9065717,77.5464471,2018-02-14,23:00:00,2018
shankarapua,kidnap,12.8802322,77.5738459,2018-02-19,15:30:00,2018
shankarapua,kidnap,12.8894838,77.5623209,2018-02-22,08:50:00,2018
shankarapua,kidnap,12.8688139,77.5808343,,14:00:00,2018
shankarapua,kidnap,12.9103186,77.5563932,2018-03-17,21:40:00,2018
shankarapua,kidnap,12.9102289,77.5481594,2018-04-17,12:15:00,2018
shankarapua,kidnap,12.8829076,77.5669061,2018-05-19,15:45:00,2018
shankarapua,kidnap,12.9053296,77.5448995,,18:30:00,2018
shankarapua,kidnap,12.905759,77.542703,2018-07-26,10:30:00,2018
shankarapua,kidnap,12.9173966,77.545338,,19:10:00,2018
shankarapua,kidnap,12.8888868,77.5718004,2018-08-13,17:45:00,2018
shankarapua,kidnap,12.8948658,77.5512952,2018-08-16,06:50:00,2018
shankarapua,kidnap,12.9047655,77.5371549,2018-08-29,10:15:00,2018
shankarapua,kidnap,12.9091345,77.5532527,,14:30:00,2018
shankarapua,kidnap,12.890435,77.5635394,2018-09-22,12:30:00,2018
shankarapua,kidnap,12.9155509,77.5394769,2018-10-24,18:00:00,2018
shankarapua,kidnap,12.9051233,77.5437512,2018-10-27,11:10:00,2018
shankarapua,kidnap,12.8702491,77.5757928,2018-11-14,18:30:00,2018
shankarapua,kidnap,12.9129811,77.5581536,2018-11-17,12:10:00,2018
siddapura,kidnap,12.917986,77.553778,2018-11-20,16:00:00,2018
siddapura,kidnap,12.8952807,77.5506745,,12:15:00,2018
siddapura,kidnap,12.8967726,77.5445644,2018-12-17,13:00:00,2018
siddapura,kidnap,12.8829245,77.5820694,2019-01-28,08:15:00,2019
siddapura,kidnap,12.8899236,77.5807998,2019-03-13,13:10:00,2019
siddapura,kidnap,12.9173966,77.545338,2019-04-15,23:00:00,2019
siddapura,kidnap,12.9010821,77.5475381,2019-04-22,17:40:00,2019
siddapura,kidnap,12.9057223,77.5355813,2019-04-24,23:15:00,2019
siddapura,kidnap,12.8976018,77.5457543,,14:45:00,2019
siddapura,kidnap,12.8836526,77.5817794,2019-05-29,21:00:00,2019
siddapura,kidnap,12.9095826,77.5569617,,,2019
siddapura,kidnap,12.8915788,77.5814294,,12:30:00,2019
siddapura,kidnap,12.9095826,77.5569617,2019-07-28,20:45:00,2019
siddapura,kidnap,12.8799197,77.5574935,2019-09-26,14:10:00,2019
siddapura,kidnap,12.8896229,77.572132,2019-10-26,12:45:00,2019
siddapura,kidnap,12.9100853,77.5565659,,14:30:00,2019
siddapura,kidnap,12.895948,77.5521903,2019-11-26,11:45:00,2019
siddapura,kidnap,12.868638,77.533289,,12:30:00,2015
siddapura,kidnap,12.874392,77.567161,2015-07-13,14:00:00,2015
siddapura,kidnap,12.86388,77.535496,2015-11-30,14:00:00,2015
siddapura,kidnap,12.859705,77.580537,,12:30:00,2015
siddapura,kidnap,12.865177,77.51857,2016-01-29,08:45:00,2016
siddapura,kidnap,12.859851,77.574956,2016-01-30,20:00:00,2016
siddapura,kidnap,12.874882,77.539331,2016-03-18,23:10:00,2016
siddapura,kidnap,12.868078,77.53468,2016-03-26,9:00 to 14:00,2016
siddapura,kidnap,12.863415,77.527177,2016-04-13,16:00:00,2016
siddapura,kidnap,12.885824,77.546078,2016-09-20,19:45:00,2016
siddapura,kidnap,12.875491,77.537771,,20:00:00,2017
siddapura,kidnap,12.891469,77.541803,,05:30:00,2017
siddapura,kidnap,12.863955,77.556258,2017-04-27,17:00:00,2017
siddapura,kidnap,12.86562,77.537673,2017-05-14,15:00:00,2017
siddapura,kidnap,12.873222,77.534888,,04:00:00,2017
siddapura,kidnap,12.866595,77.529815,2017-08-17,12:00:00,2017
siddapura,kidnap,12.889883,77.544416,2017-08-22,16:00:00,2017
siddapura,kidnap,12.871322,77.532192,,12:00:00,2017
siddapura,kidnap,12.864404,77.554397,2017-11-16,11:00:00,2017
siddapura,kidnap,12.886135,77.545482,,10:00:00,2017
siddapura,kidnap,12.857223,77.548885,2017-12-16,13:00:00,2017
siddapura,kidnap,12.870656,77.536163,2017-12-18,22:00:00,2017
siddapura,kidnap,12.852892,77.553711,,13:00:00,2018
siddapura,kidnap,12.878402,77.55041,2018-01-29,16:00:00,2018
siddapura,kidnap,12.875019,77.529843,2018-10-13,21:00:00,2018
siddapura,kidnap,12.867056,77.536419,2018-12-17,21:00:00,2018
siddapura,kidnap,12.878899,77.485867,2018-01-17,15:00:00,2018
siddapura,kidnap,12.876592,77.491665,2018-01-19,10:00:00,2018
siddapura,kidnap,12.86738,77.563821,2019-02-25,13:13:00,2019
siddapura,kidnap,12.867925,77.563568,2019-03-22,16:00:00,2019
siddapura,kidnap,12.853787,77.573044,2019-03-29,10:00:00,2019
siddapura,kidnap,12.87418,77.549659,2019-04-13,,2019
siddapura,kidnap,12.857401,77.561101,2019-05-24,16:30:00,2019
siddapura,kidnap,12.869011,77.565298,,21:30:00,2019
siddapura,kidnap,12.880097,77.513418,2019-08-14,16:40:00,2019
siddapura,kidnap,12.861796,77.538009,2019-08-21,04:00:00,2019
siddapura,kidnap,12.85984,77.575677,2019-09-25,21:15:00,2019
siddapura,kidnap,12.870019,77.564431,,18:00:00,2019
siddapura,kidnap,12.888188,77.570812,,16:35:00,2017
siddapura,kidnap,12.87466,77.579319,,,2017
siddapura,kidnap,12.87769,77.56715,2017-02-14,17:30:00,2017
siddapura,kidnap,12.883525,77.563547,2017-02-17,10:50:00,2017
siddapura,kidnap,12.86409,77.584085,,10:30:00,2017
siddapura,kidnap,12.89122,77.623724,2017-03-15,,2017
siddapura,kidnap,12.878194,77.57011,,09:30:00,2017
siddapura,kidnap,12.884022,77.583093,2017-04-16,17:00:00,2017
siddapura,kidnap,12.840839,77.581043,,12:00:00,2017
siddapura,kidnap,12.878992,77.562182,,15:00:00,2017
siddapura,kidnap,12.887529,77.573481,2017-05-30,16:00:00,2017
siddapura,kidnap,12.87822,77.570138,,12:00:00,2017
siddapura,kidnap,12.846865,77.582922,2017-10-26,09:00:00,2017
siddapura,kidnap,12.748862,77.486417,2017-10-30,08:00:00,2017
siddapura,kidnap,12.860378,77.571322,,13:00:00,2018
siddapura,kidnap,12.886841,77.567815,2018-03-16,21:35:00,2018
siddapura,kidnap,12.84564,77.584142,,13:15:00,2018
siddapura,kidnap,12.880104,77.567961,2018-05-29,10:30:00,2018
siddapura,kidnap,12.88288,77.578462,,19:15:00,2018
siddapura,kidnap,12.8667989,77.580991,,16:00:00,2018
siddapura,kidnap,12.8813,77.570951,2018-06-13,15:00:00,2018
siddapura,kidnap,12.966528,77.401109,,12:45:00,2018
siddapura,kidnap,12.85706,77.58406,2018-07-29,09:30:00,2018
siddapura,kidnap,12.884005,77.56634,,09:00:00,2018
siddapura,kidnap,12.878655,77.566708,,17:30:00,2018
siddapura,kidnap,12.794486,77.62091,,09:50:00,2018
siddapura,kidnap,12.872893,77.582921,2019-01-17,13:30:00,2019
siddapura,kidnap,12.87331,77.574396,,11:30:00,2019
siddapura,kidnap,12.8863383,77.573795,,19:00:00,2019
siddapura,kidnap,12.869624,77.58232,,16:40:00,2019
siddapura,kidnap,12.89341,77.580255,,10:30:00,2019
siddapura,kidnap,12.86383,77.57767,,21:00:00,2019
siddapura,kidnap,12.873437,77.583593,2019-04-29,21:30:00,2019
siddapura,kidnap,12.89065,77.564006,,21:00:00,2019
siddapura,kidnap,12.8824024,77.560456,,15:00:00,2019
siddapura,kidnap,12.861253,77.579712,,21:00:00,2019
siddapura,kidnap,12.844501,77.584473,2019-05-22,13:00:00,2019
siddapura,kidnap,12.885465,77.569815,2019-05-29,21:30:00,2019
siddapura,kidnap,12.88829,77.580217,2019-06-13,15:15:00,2019
siddapura,kidnap,12.882462,77.569158,,15:30:00,2019
siddapura,kidnap,12.845799,77.584087,2019-08-19,19:00:00,2019
siddapura,kidnap,12.835799,77.584087,2019-08-25,15:00:00,2019
siddapura,kidnap,12.878746,77.5622,2019-08-31,12:15:00,2019
siddapura,kidnap,12.863913,77.585848,2019-10-21,12:30:00,2019
siddapura,kidnap,12.881754,77.569001,2019-11-19,14:30:00,2019
siddapura,kidnap,12.9085472,77.5717417,,,2017
siddapura,kidnap,12.8897972,77.5856,,,2017
siddapura,kidnap,12.8978861,77.5729806,,,2017
siddapura,kidnap,12.9085472,77.5717417,,,2017
siddapura,kidnap,12.8978861,77.5729806,2018-01-26,11:00:00,2018
siddapura,kidnap,12.877836,77.583787,2018-04-26,21:45:00,2018
siddapura,kidnap,12.897937,77.581866,,,2018
siddapura,kidnap,12.893748,77.582169,,,2018
siddapura,kidnap,12.894594,77.59806,,,2018
siddapura,kidnap,12.887819,77.589648,2018-07-13,22:15:00,2018
siddapura,kidnap,12.903894,77.575222,,,2018
siddapura,kidnap,12.897128,77.585597,2018-09-16,11:30:00,2018
siddapura,kidnap,12.877897,77.583659,2018-10-13,14:30:00,2018
siddapura,kidnap,12.892865,77.577889,2018-11-21,13:45:00,2018
siddapura,kidnap,12.893382,77.577596,2018-12-28,14:30:00,2018
siddapura,kidnap,12.900451,77.587543,,,2019
siddapura,kidnap,12.894823,77.59349,,,2019
siddapura,kidnap,12.890461,77.589768,,,2019
siddapura,kidnap,12.900451,77.587543,,,2019
siddapura,kidnap,12.893735,77.578614,2019-05-28,20:00:00,2019
siddapura,kidnap,12.926562,77.583264,2019-06-13,21:00:00,2019
siddapura,kidnap,12.892865,77.577889,2019-08-14,10:40:00,2019
siddapura,kidnap,12.902374,77.597165,,,2019
siddapura,kidnap,12.889403,77.590344,,,2019
siddapura,kidnap,12.900451,77.587543,,,2019
siddapura,kidnap,12.8928134,77.5666301,,17:00:00,2015
siddapura,kidnap,12.8928134,77.5666301,,17:30:00,2015
siddapura,kidnap,12.905037,77.560909,2016-06-14,13:30:00,2015
siddapura,kidnap,12.910991,77.561872,,14:00:00,2015
siddapura,kidnap,12.904553,77.560433,2015-07-14,18:30:00,2015
siddapura,kidnap,12.893906,77.556449,2015-07-30,06:30:00,2015
siddapura,kidnap,12.902361,77.56838,2015-11-23,18:45:00,2015
siddapura,kidnap,12.9157553,77.571373,,15:30:00,2015
siddapura,kidnap,12.9157553,77.571373,2016-02-13,13:00:00,2016
siddapura,kidnap,12.904553,77.560433,2016-03-31,13:30:00,2016
siddapura,kidnap,12.9116,77.572476,2016-07-22,20:00:00,2016
siddapura,kidnap,12.893906,77.556449,,23:45:00,2016
siddapura,kidnap,12.910991,77.561872,2016-11-18,18:00:00,2016
siddapura,kidnap,12.894779,77.562256,,16:45:00,2016
siddapura,kidnap,12.906422,77.570394,2017-01-27,12:00:00,2017
siddapura,kidnap,12.893906,77.556449,,23:30:00,2017
siddapura,kidnap,12.898577,77.569538,,16:40:00,2017
siddapura,kidnap,12.906422,77.570394,,01:35:00,2017
siddapura,kidnap,12.90237,77.55504,,10:30:00,2017
siddapura,kidnap,12.893906,77.556449,,11:15:00,2017
siddapura,kidnap,12.893906,77.556449,2017-05-13,16:00:00,2017
siddapura,kidnap,12.91267,77.562103,2017-05-31,10:00:00,2017
siddapura,kidnap,12.900415,77.569332,,13:00:00,2017
siddapura,kidnap,12.900415,77.569332,2017-06-27,20:45:00,2017
siddapura,kidnap,12.904553,77.560433,2017-07-17,12:30:00,2017
siddapura,kidnap,12.91267,77.562103,2017-08-28,13:00:00,2017
siddapura,kidnap,12.894779,77.562256,2017-12-13,14:00:00,2017
siddapura,kidnap,12.904553,77.560433,,10:30:00,2018
siddapura,kidnap,12.904553,77.560433,,16:00:00,2018
siddapura,kidnap,12.902361,77.56838,,17:00:00,2018
siddapura,kidnap,12.896566,77.557231,2018-02-22,16:00:00,2018
siddapura,kidnap,12.904553,77.560433,2018-02-26,15:10:00,2018
siddapura,kidnap,12.8928134,77.5666301,,15:00:00,2018
siddapura,kidnap,12.894779,77.562256,2018-03-13,14:00:00,2018
siddapura,kidnap,12.904553,77.560433,,15:00:00,2018
siddapura,kidnap,12.9157553,77.571373,2018-04-20,19:00:00,2018
siddapura,kidnap,12.910991,77.561872,2018-05-27,13:00:00,2018
siddapura,kidnap,12.904553,77.560433,,18:00:00,2018
siddapura,kidnap,12.904553,77.560433,,17:00:00,2018
siddapura,kidnap,12.906422,77.570394,2018-07-27,23:00:00,2018
siddapura,kidnap,12.902556,77.562012,,15:00:00,2018
siddapura,kidnap,12.9116,77.572476,2018-08-17,14:00:00,2018
siddapura,kidnap,12.9157553,77.571373,2018-08-31,18:00:00,2018
siddapura,kidnap,12.9157553,77.571373,,18:00:00,2018
siddapura,kidnap,12.894779,77.562256,,18:00:00,2018
siddapura,kidnap,12.906422,77.570394,,10:30:00,2018
siddapura,kidnap,12.892905,77.561042,2018-12-19,13:00:00,2018
siddapura,kidnap,12.91267,77.562103,2018-12-29,14:15:00,2018
siddapura,kidnap,12.9157553,77.571373,,10:30:00,2019
siddapura,kidnap,12.9157553,77.571373,2019-02-15,14:00:00,2019
siddapura,kidnap,12.910581,77.558642,2019-02-15,20:00:00,2019
siddapura,kidnap,12.9157553,77.571373,2019-02-27,12:00:00,2019
siddapura,kidnap,12.904531,77.565234,,12:20:00,2019
siddapura,kidnap,12.894779,77.562256,2019-03-15,20:20:00,2019
siddapura,kidnap,12.904553,77.560433,2019-04-26,11:50:00,2019
siddapura,kidnap,12.902361,77.56838,,11:00:00,2019
siddapura,kidnap,12.894779,77.562256,2019-07-21,,2019
siddapura,kidnap,12.9157553,77.571373,2019-07-31,15:00:00,2019
siddapura,kidnap,12.904553,77.560433,,12:00:00,2019
siddapura,kidnap,12.894779,77.562256,2019-10-23,23:00:00,2019
siddapura,kidnap,12.8928134,77.5666301,2019-10-24,19:30:00,2019
siddapura,kidnap,12.904553,77.560433,2019-11-16,11:00:00,2019
siddapura,kidnap,12.894779,77.562256,2019-12-14,14:15:00,2019
siddapura,kidnap,12.8928134,77.5666301,2019-12-26,11:30:00,2019
siddapura,kidnap,12.9157553,77.571373,2019-12-25,13:00:00,2019
siddapura,kidnap,12.941058,77.538891,,,2015
siddapura,kidnap,12.930253,77.539685,2015-07-14,21:50:00,2015
siddapura,kidnap,12.932605,77.545341,,,2015
siddapura,kidnap,12.942079,77.544154,2015-12-26,11:50:00,2015
siddapura,kidnap,12.93796,77.536465,2015-12-31,13:00:00,2015
siddapura,kidnap,12.943504,77.551545,,,2016
siddapura,kidnap,12.921688,77.535582,2016-03-28,18:30:00,2016
siddapura,kidnap,12.942908,77.538157,2016-12-17,11:00:00,2016
siddapura,kidnap,12.941531,77.540823,2016-12-21,20:30:00,2016
siddapura,kidnap,12.934989,77.551589,2016-07-29,09:30:00,2016
siddapura,kidnap,12.928223,77.535324,,20:30:00,2017
siddapura,kidnap,12.938646,77.549677,,,2017
siddapura,kidnap,12.943098,77.542106,2017-01-17,18:30:00,2017
siddapura,kidnap,12.928169,77.536215,,23:00:00,2017
siddapura,kidnap,12.929142,77.540449,2017-06-28,11:00:00,2017
siddapura,kidnap,12.93629,77.539916,,10:30:00,2017
siddapura,kidnap,12.922056,77.537204,2017-07-19,23:30:00,2017
siddapura,kidnap,12.768354,77.549231,2017-10-24,18:45:00,2017
siddapura,kidnap,12.930393,77.542147,,18:45:00,2018
siddapura,kidnap,12.93423,77.543063,,12:15:00,2018
siddapura,kidnap,12.941407,77.540401,,19:30:00,2018
siddapura,kidnap,12.946259,77.544006,,18:30:00,2018
siddapura,kidnap,12.936859,77.539964,,13:00:00,2018
siddapura,kidnap,12.943885,77.54317,,11:30:00,2018
siddapura,kidnap,12.937898,77.535541,,10:20:00,2018
siddapura,kidnap,12.931612,77.541536,,09:50:00,2018
siddapura,kidnap,12.938148,77.534806,,20:15:00,2018
siddapura,kidnap,12.938312,77.536783,,18:00:00,2019
siddapura,kidnap,12.943145,77.545449,,18:00:00,2019
siddapura,kidnap,12.931922,77.543705,,12:00:00,2019
siddapura,kidnap,12.929536,77.534776,,13:45:00,2019
siddapura,kidnap,12.939643,77.535322,,18:15:00,2019
siddapura,kidnap,12.943788,77.541996,,11:30:00,2019
siddapura,kidnap,12.94098,77.551554,,13:00:00,2019
siddapura,kidnap,12.925814,77.537995,,22:30:00,2019
siddapura,kidnap,12.94655,77.561969,2018-03-16,17:00:00,2018
siddapura,kidnap,12.95367,77.55837,,18:00:00,2018
siddapura,kidnap,12.9532,77.562441,,19:30:00,2018
siddapura,kidnap,12.953624,77.558171,,23:15:00,2018
siddapura,kidnap,12.9473902,77.5722811,2018-06-21,17:00:00,2018
siddapura,kidnap,12.95331,77.55839,2018-08-18,18:30:00,2018
siddapura,kidnap,12.94682,77.560151,,15:45:00,2018
siddapura,kidnap,12.953238,77.557978,2019-02-25,12:30:00,2019
siddapura,kidnap,12.95151,77.55573,2019-05-16,18:30:00,2019
siddapura,kidnap,12.9562,77.56349,,12:30:00,2019
siddapura,kidnap,12.9522648,77.569996,,22:15:00,2015
siddapura,kidnap,12.94946,77.5713,2016-07-28,08:30:00,2016
siddapura,kidnap,12.9588959,77.5725401,,14:15:00,2015
siddapura,kidnap,12.9604631,77.5713721,,13:30:00,2015
siddapura,kidnap,12.9504086,77.5749663,,14:00:00,2017
siddapura,kidnap,12.9588291,77.5700715,,18:00:00,2017
siddapura,kidnap,12.9504086,77.5749663,,15:00:00,2017
siddapura,kidnap,12.9558508,77.5755997,,11:30:00,2018
siddapura,kidnap,12.9624055,77.5705691,,12:10:00,2018
siddapura,kidnap,12.9617059,77.5711369,,11:00:00,2018
siddapura,kidnap,12.9624055,77.5705691,,19:45:00,2018
siddapura,kidnap,12.958015,77.5694856,,11:30:00,2018
siddapura,kidnap,12.9595545,77.5716124,,11:00:00,2018
siddapura,kidnap,12.9507853,77.5768375,,21:00:00,2019
siddapura,kidnap,12.9560844,77.5756127,,02:15:00,2019
siddapura,kidnap,12.9558549,77.5778357,,18:30:00,2019
siddapura,kidnap,12.94525,77.55439,,16:30:00,2015
siddapura,kidnap,12.94757,77.5507,,23:30:00,2015
siddapura,kidnap,12.94735,77.55611,,15:00:00,2015
siddapura,kidnap,12.94223,77.56522,,15:30:00,2015
siddapura,kidnap,12.94364,77.55295,2015-10-13,23:50:00,2015
siddapura,kidnap,12.94503,77.55863,2016-01-13,15:00:00,2016
siddapura,kidnap,12.94319,77.55245,2016-03-20,20:40:00,2016
siddapura,kidnap,12.93624,77.55372,2016-04-22,20:00:00,2016
siddapura,kidnap,12.94418,77.55125,,18:30:00,2016
siddapura,kidnap,12.93655,77.5602,,21:30:00,2016
siddapura,kidnap,12.93576,77.56037,2016-07-13,14:15:00,2016
siddapura,kidnap,12.9375,77.55484,,09:00:00,2016
siddapura,kidnap,12.94255,77.56258,,19:30:00,2016
siddapura,kidnap,12.94242,77.56085,,17:30:00,2016
siddapura,kidnap,12.93524,77.56337,2016-12-27,11:00:00,2016
siddapura,kidnap,12.93471,77.55548,2016-12-27,11:20:00,2016
siddapura,kidnap,12.94716,77.55464,,12:00:00,2017
siddapura,kidnap,12.93943,77.5542,2017-03-28,11:30:00,2017
siddapura,kidnap,12.94234,77.56534,2017-04-22,11:30:00,2017
siddapura,kidnap,12.94852,77.55155,2017-05-18,11:00:00,2017
siddapura,kidnap,12.93481,77.56529,,22:15:00,2017
siddapura,kidnap,12.94255,77.56258,2017-08-30,17:30:00,2017
siddapura,kidnap,12.9471,77.5553,2017-09-24,16:00:00,2017
siddapura,kidnap,12.95078,77.55267,,12:45:00,2017
siddapura,kidnap,12.94666,77.55441,,18:45:00,2017
siddapura,kidnap,12.94486,77.55427,2017-10-27,21:50:00,2017
siddapura,kidnap,12.94318,77.55112,2017-11-18,20:30:00,2017
siddapura,kidnap,12.94136,77.55381,2017-12-14,21:00:00,2017
siddapura,kidnap,12.94716,77.55464,,19:30:00,2018
siddapura,kidnap,12.9464,77.55544,2018-04-14,11:15:00,2018
siddapura,kidnap,12.94584,77.55967,2018-06-20,19:30:00,2018
siddapura,kidnap,12.93524,77.56337,2018-09-21,18:00:00,2018
siddapura,kidnap,12.94353,77.56601,2018-09-27,16:30:00,2018
siddapura,kidnap,12.94141,77.56263,2019-02-21,21:00:00,2019
siddapura,kidnap,12.94165,77.56075,,12:00:00,2019
siddapura,kidnap,12.9466,77.56138,2019-08-27,14:15:00,2019
siddapura,kidnap,12.94662,77.55213,2019-09-17,12:30:00,2019
siddapura,kidnap,12.96153,77.54295,2019-10-15,18:20:00,2019
siddapura,kidnap,12.94369,77.55238,2019-11-15,20:30:00,2019
siddapura,kidnap,12.9494,77.55375,2019-12-16,21:00:00,2019
siddapura,kidnap,12.920302,77.547338,2015-11-30,07:30:00,2015
siddapura,kidnap,12.928069,77.556175,,01:30:00,2015
siddapura,kidnap,12.927006,77.551285,,03:00:00,2016
siddapura,kidnap,12.92678,77.550591,2016-02-27,02:30:00,2016
siddapura,kidnap,12.927961,77.552001,,05:00:00,2016
siddapura,kidnap,12.932815,77.555745,,09:40:00,2016
siddapura,kidnap,12.921142,77.545256,,01:30:00,2016
siddapura,kidnap,12.921812,77.540898,,02:00:00,2016
siddapura,kidnap,12.926301,77.547585,,11:00:00,2016
siddapura,kidnap,12.91985,77.54513,,09:15:00,2017
siddapura,kidnap,12.933133,77.554945,2017-02-22,07:00:00,2017
siddapura,kidnap,12.921085,77.545753,2017-05-29,09:45:00,2017
siddapura,kidnap,12.933591,77.550183,2017-06-25,12:30:00,2017
siddapura,kidnap,12.919566,77.541079,2017-10-23,01:45:00,2017
siddapura,kidnap,12.921535,77.543298,,01:00:00,2017
siddapura,kidnap,12.927335,77.558155,2017-11-14,05:00:00,2017
siddapura,kidnap,12.919443,77.541827,2018-02-28,03:00:00,2018
siddapura,kidnap,12.929312,77.552932,2018-03-26,10:15:00,2018
siddapura,kidnap,12.924527,77.543744,,01:45:00,2018
siddapura,kidnap,12.927768,77.558389,,11:00:00,2018
siddapura,kidnap,12.923513,77.547378,,12:00:00,2018
siddapura,kidnap,12.922241,77.549207,,04:00:00,2018
siddapura,kidnap,12.923399,77.542044,2018-06-30,10:30:00,2018
siddapura,kidnap,12.92661,77.543612,2018-07-21,05:00:00,2018
siddapura,kidnap,12.924851,77.559989,,07:30:00,2018
siddapura,kidnap,12.920918,77.553001,,10:20:00,2018
siddapura,kidnap,12.931713,77.55831,,05:00:00,2018
siddapura,kidnap,12.919726,77.540096,,10:45:00,2018
siddapura,kidnap,12.931113,77.562066,,06:10:00,2018
siddapura,kidnap,12.934536,77.558654,,04:15:00,2018
siddapura,kidnap,12.928254,77.559942,2018-11-17,01:00:00,2018
siddapura,kidnap,12.931165,77.561615,2018-11-28,12:15:00,2018
siddapura,kidnap,12.930523,77.553762,,06:00:00,2018
siddapura,kidnap,12.921935,77.552745,2018-12-17,03:30:00,2018
siddapura,kidnap,12.921096,77.542289,,09:30:00,2019
siddapura,kidnap,12.930533,77.56006,,02:00:00,2019
siddapura,kidnap,12.919938,77.539316,,10:00:00,2019
siddapura,kidnap,12.922189,77.547143,2019-02-16,03:00:00,2019
siddapura,kidnap,12.923744,77.553371,,,2019
siddapura,kidnap,12.932799,77.563597,2019-03-18,10:35:00,2019
siddapura,kidnap,12.931299,77.557662,,,2019
siddapura,kidnap,12.920858,77.545245,,,2019
siddapura,kidnap,12.920577,77.543161,,,2019
siddapura,kidnap,12.931525,77.56159,,,2019
siddapura,rape,12.94197,77.50588,,,2015
siddapura,rape,12.933274,77.583281,2017-10-26,14:00:00,2017
siddapura,rape,12.888238,77.569679,2017-12-26,20:00:00,2017
siddapura,rape,12.939824,77.57269,2015-10-30,13:30:00,2015
siddapura,rape,12.943541,77.57964,,,2019
siddapura,rape,12.936987,77.568395,2019-05-20,12:00:00,2019
siddapura,rape,12.9117826,77.5776407,2015-02-23,12:00:00,2015
siddapura,rape,12.909427,77.5706543,2015-05-18,12:00:00,2015
siddapura,rape,12.9147223,77.5968094,,,2016
siddapura,rape,12.9075563,77.5708723,2018-03-15,08:30:00,2018
siddapura,rape,12.9067545,77.5882936,2018-03-24,12:30:00,2018
siddapura,rape,12.9284667,77.57525,2015-06-16,13:30:00,2015
siddapura,rape,12.9221278,77.5547,,12:00:00,2016
siddapura,rape,12.9189944,77.5567694,2016-08-24,10:00:00,2016
siddapura,rape,12.9155694,77.5567722,2017-01-25,18:00:00,2017
siddapura,rape,13.0184,77.6781,,17:00:00,2017
siddapura,rape,12.9178389,77.564225,,12:10:00,2018
siddapura,rape,12.933186,77.591077,2015-02-26,22:30:00,2015
siddapura,rape,12.943525,77.594291,,11:00:00,2016
siddapura,rape,12.9122604,77.5921504,2015-01-29,11:30:00,2015
siddapura,rape,12.9103312,77.5515696,,13:50:00,2015
siddapura,rape,12.87795,77.5830017,2015-04-22,14:30:00,2015
siddapura,rape,12.9145234,77.5477792,2016-03-19,01:30:00,2016
siddapura,rape,12.8915788,77.5814294,2016-07-15,17:00:00,2016
siddapura,rape,12.8982506,77.548007,2016-07-20,21:45:00,2016
siddapura,rape,12.882805,77.5650418,2017-03-27,17:00:00,2017
siddapura,rape,12.9097582,77.5542386,,18:40:00,2017
siddapura,rape,12.8968899,77.5713635,2018-05-29,22:45:00,2018
siddapura,rape,12.880629,77.543807,,22:00:00,2015
siddapura,rape,12.881293,77.547893,,22:00:00,2015
siddapura,rape,12.874197,77.52783,2018-12-22,16:00:00,2018
siddapura,rape,12.882585,77.546078,,20:00:00,2019
siddapura,rape,12.892543,77.366609,,20:00:00,2019
siddapura,rape,12.870965,77.53059,2019-06-20,19:00:00,2019
siddapura,rape,12.870947,77.536765,2019-07-20,21:00:00,2019
siddapura,rape,12.861982,77.563524,2019-08-17,11:45:00,2019
siddapura,rape,12.891973,77.541607,,10:00:00,2019
siddapura,rape,12.865267,77.557889,,20:00:00,2019
siddapura,rape,12.8834428,77.569808,2017-10-20,10:00:00,2017
siddapura,rape,12.88822,77.578284,2017-12-17,13:00:00,2017
siddapura,rape,12.88296,77.570727,2018-03-23,22:30:00,2018
siddapura,rape,12.88086,77.57472,2018-03-24,12:40:00,2018
siddapura,rape,12.840419,77.576783,2018-03-24,21:00:00,2018
siddapura,rape,12.866994,77.591193,,09:30:00,2018
siddapura,rape,12.887741,77.56966,,18:10:00,2018
siddapura,rape,12.8807444,77.57559,2018-11-26,19:45:00,2018
siddapura,rape,12.888224,77.570902,,12:30:00,2019
siddapura,rape,12.88226,77.56431,2019-08-23,23:30:00,2019
siddapura,rape,12.844683,77.583062,2019-10-24,17:00:00,2019
siddapura,rape,12.889349,77.578031,,07:00:00,2019
siddapura,rape,12.8976881,77.584369,2018-11-16,16:30:00,2018
siddapura,rape,12.89745,77.5945,2019-01-25,10:50:00,2019
siddapura,rape,12.9050964,77.571337,,03:15:00,2015
siddapura,rape,12.8952844,77.5662129,,21:00:00,2017
siddapura,rape,12.915572,77.5732156,,20:00:00,2017
siddapura,rape,12.8952844,77.5662129,,18:00:00,2018
siddapura,rape,12.8979065,77.5594981,2019-03-27,16:00:00,2019
siddapura,rape,12.9026408,77.569743,,16:00:00,2019
siddapura,rape,12.937248,77.536549,2015-11-24,16:00:00,2015
siddapura,rape,12.932668,77.54142,,,2018
siddapura,rape,12.951275,77.56574,2019-03-25,21:20:00,2019
siddapura,rape,12.95534,77.56122,,20:30:00,2019
siddapura,rape,12.95506,77.56706,2019-10-31,18:30:00,2019
siddapura,rape,12.933008,77.560953,,03:00:00,2016
siddapura,rape,12.923288,77.542503,,11:30:00,2016
siddapura,rape,12.923332,77.548353,2018-02-26,08:45:00,2018
siddapura,rape,12.930748,77.554886,2019-05-27,09:00:00,2019
siddapura,assault,12.915668,77.569861,2015-01-20,11:00:00,2015
siddapura,assault,12.92397,77.57968,2015-01-22,12:00:00,2015
siddapura,assault,12.88605,77.494843,,01:00:00,2015
siddapura,assault,12.88605,77.494843,2015-03-22,10:30:00,2015
siddapura,assault,12.92875,77.5801,,,2015
siddapura,assault,12.971599,77.594563,2015-03-31,12:00:00,2015
siddapura,assault,12.919817,77.58481,2015-04-13,04:00:00,2015
siddapura,assault,12.926384,77.578007,2015-04-22,05:00:00,2015
siddapura,assault,12.926254,77.584896,2015-05-31,06:00:00,2015
siddapura,assault,12.9373,77.584642,2015-07-22,11:00:00,2015
siddapura,assault,12.926254,77.584896,2015-08-18,11:30:00,2015
siddapura,assault,12.927258,77.585571,2015-08-21,11:40:00,2015
siddapura,assault,12.922537,77.616736,,12:10:00,2015
siddapura,assault,12.919691,77.561583,,,2015
siddapura,assault,12.920121,77.571397,2015-09-14,09:00:00,2015
siddapura,assault,12.971599,77.594563,2015-10-31,09:30:00,2015
siddapura,assault,12.9298,77.621739,2015-12-23,10:00:00,2015
siddapura,assault,12.919774,77.577703,2016-02-22,12:00:00,2016
siddapura,assault,12.930901,77.579527,2016-02-22,09:30:00,2016
siddapura,assault,12.942117,77.575361,,09:15:00,2016
siddapura,assault,12.971599,77.594563,2016-03-19,11:15:00,2016
siddapura,assault,12.92594,77.583042,2016-03-21,11:35:00,2016
siddapura,assault,12.928807,77.58585,,12:00:00,2016
siddapura,assault,12.930877,77.57673,,09:30:00,2016
siddapura,assault,12.92367,77.58014,,04:00:00,2016
siddapura,assault,12.926793,77.588426,,09:00:00,2016
siddapura,assault,12.94518,77.58715,,04:15:00,2016
siddapura,assault,12.971599,77.594563,,04:00:00,2016
siddapura,assault,12.971599,77.594563,2016-12-18,05:00:00,2016
siddapura,assault,12.971599,77.594563,2016-12-22,05:30:00,2016
siddapura,assault,12.92634,77.57802,2017-01-21,11:00:00,2017
siddapura,assault,12.91945,77.58825,2017-01-29,11:30:00,2017
siddapura,assault,12.91945,77.58825,,12:00:00,2017
siddapura,assault,12.91756,77.58832,2017-04-25,12:30:00,2017
siddapura,assault,12.92723,77.58548,2017-06-27,11:15:00,2017
siddapura,assault,12.92208,77.58953,,12:00:00,2017
siddapura,assault,12.92367,77.58014,2017-08-29,12:30:00,2017
siddapura,assault,12.925668,77.592755,2017-08-29,01:00:00,2017
siddapura,assault,12.921556,77.589475,,05:00:00,2017
siddapura,assault,12.9248566,77.576998,,04:30:00,2017
siddapura,assault,12.92485,77.5868,2017-09-13,09:15:00,2017
siddapura,assault,12.921752,77.586995,2017-09-29,10:20:00,2017
subramanyapura,assault,12.92208,77.58953,,11:30:00,2017
subramanyapura,assault,12.920536,77.5827886,2017-10-28,11:45:00,2017
subramanyapura,assault,12.9237563,77.586952,,12:00:00,2017
subramanyapura,assault,12.924178,77.590603,,01:00:00,2017
subramanyapura,assault,12.92938,77.586042,,,2017
subramanyapura,assault,12.926745,77.579258,2018-01-16,01:00:00,2018
subramanyapura,assault,12.92753,77.5766,2018-03-20,11:30:00,2018
subramanyapura,assault,12.922517,77.587116,2018-04-18,12:00:00,2018
subramanyapura,assault,12.930749,77.582961,,08:45:00,2018
subramanyapura,assault,12.931904,77.585883,2018-08-31,09:45:00,2018
subramanyapura,assault,12.929561,77.575507,,10:50:00,2018
subramanyapura,assault,12.922517,77.587116,2019-02-18,11:00:00,2019
subramanyapura,assault,12.945182,77.597825,2019-03-14,11:15:00,2019
subramanyapura,assault,12.931566,77.584634,2019-03-27,12:30:00,2019
subramanyapura,assault,12.92626,77.58598,,02:00:00,2019
subramanyapura,assault,12.93087,77.58145,2019-05-22,11:15:00,2019
subramanyapura,assault,12.920789,77.58415,2019-05-27,11:50:00,2019
subramanyapura,assault,12.971599,77.594563,2019-06-20,12:00:00,2019
subramanyapura,assault,12.91795,77.58878,2019-06-24,04:00:00,2019
subramanyapura,assault,12.92938,77.582961,,06:00:00,2019
subramanyapura,assault,12.91796,77.600883,2019-12-28,12:00:00,2019
subramanyapura,assault,12.947483,77.567938,,15:15:00,2015
subramanyapura,assault,12.947657,77.580014,,,2015
subramanyapura,assault,12.947999,77.571559,2015-03-24,21:05:00,2015
subramanyapura,assault,12.94262,77.570347,,19:30:00,2015
subramanyapura,assault,12.940197,77.57321,2015-05-16,21:00:00,2015
subramanyapura,assault,12.939577,77.571341,2015-05-22,18:30:00,2015
subramanyapura,assault,12.938381,77.572111,2015-06-20,22:25:00,2015
subramanyapura,assault,12.938381,77.572111,2015-06-22,13:00:00,2015
subramanyapura,assault,12.945012,77.570275,,18:30:00,2015
subramanyapura,assault,12.936641,77.5755,2015-08-19,15:00:00,2015
subramanyapura,assault,12.948113,77.56867,,,2015
subramanyapura,assault,12.946584,77.570663,,20:56:00,2015
subramanyapura,assault,12.948113,77.56867,,20:00:00,2015
subramanyapura,assault,12.942869,77.579878,,,2015
subramanyapura,assault,12.941737,77.573275,,22:00:00,2015
subramanyapura,assault,12.948132,77.579756,2015-12-15,13:45:00,2015
subramanyapura,assault,12.942133,77.578746,2015-12-22,17:05:00,2015
subramanyapura,assault,12.943177,77.571162,2016-01-21,20:10:00,2016
subramanyapura,assault,12.943177,77.571162,2016-02-13,13:45:00,2016
subramanyapura,assault,12.93599,77.574076,2016-04-14,17:30:00,2016
subramanyapura,assault,12.942133,77.578746,,21:15:00,2016
subramanyapura,assault,12.942133,77.578746,,,2016
subramanyapura,assault,12.940208,77.579802,2016-05-15,18:00:00,2016
subramanyapura,assault,12.9425524,77.5798338,2016-05-21,14:30:00,2016
subramanyapura,assault,12.9415428,77.577026,2016-05-31,12:15:00,2016
subramanyapura,assault,12.9462954,77.5702969,2016-06-30,23:45:00,2016
subramanyapura,assault,12.9391714,77.5718307,2016-07-18,21:00:00,2016
subramanyapura,assault,12.9399106,77.5677666,2016-08-22,16:45:00,2016
subramanyapura,assault,12.9441964,77.579261,2016-09-18,23:00:00,2016
subramanyapura,assault,12.9423565,77.5724262,2016-09-26,10:30:00,2016
subramanyapura,assault,12.9460015,77.5683822,2016-09-26,11:45:00,2016
subramanyapura,assault,12.9417117,77.5747747,2016-09-29,11:00:00,2016
subramanyapura,assault,12.94357,77.5799236,2016-12-16,11:30:00,2016
subramanyapura,assault,12.9371103,77.5800557,2016-12-31,17:56:00,2016
subramanyapura,assault,12.942133,77.578746,2017-01-31,15:00:00,2017
subramanyapura,assault,12.9359431,77.5753617,,,2017
subramanyapura,assault,12.942133,77.578746,2017-02-19,17:30:00,2017
subramanyapura,assault,12.936325,77.571876,2017-04-24,18:45:00,2017
subramanyapura,assault,12.940447,77.568217,2017-04-30,20:15:00,2017
subramanyapura,assault,12.941295,77.580022,2017-05-13,13:00:00,2017
subramanyapura,assault,12.947533,77.573701,2017-05-23,18:00:00,2017
subramanyapura,assault,12.9391113,77.5697017,2017-05-24,20:10:00,2017
subramanyapura,assault,12.937585,77.573808,2017-05-25,17:45:00,2017
subramanyapura,assault,12.9472534,77.5747901,,,2017
subramanyapura,assault,12.9397949,77.5773812,2017-06-18,13:30:00,2017
subramanyapura,assault,12.941459,77.571213,2017-06-21,19:00:00,2017
subramanyapura,assault,12.941409,77.57992,,,2017
subramanyapura,assault,12.9433204,77.5772106,,,2017
subramanyapura,assault,12.936325,77.56892,2017-08-16,17:30:00,2017
subramanyapura,assault,12.9447574,77.5784909,,,2017
subramanyapura,assault,12.935281,77.5701175,2017-09-15,17:00:00,2017
subramanyapura,assault,12.9378719,77.5787329,2017-09-30,11:00:00,2017
subramanyapura,assault,12.940373,77.579131,2017-10-18,12:45:00,2017
subramanyapura,assault,12.946453,77.575328,,,2017
subramanyapura,assault,12.944758,77.578493,2017-10-19,16:45:00,2017
subramanyapura,assault,12.933297,77.344217,2017-10-25,17:20:00,2017
subramanyapura,assault,12.943761,77.567843,2017-11-17,19:50:00,2017
subramanyapura,assault,12.9415428,77.577026,,,2017
subramanyapura,assault,12.937788,77.580148,,,2017
subramanyapura,assault,12.93087,77.568371,2017-12-21,22:00:00,2017
subramanyapura,assault,12.940508,77.576202,,,2018
subramanyapura,assault,12.9479738,77.5798896,2018-01-17,12:30:00,2018
subramanyapura,assault,12.9376775,77.5747205,2018-02-18,13:00:00,2018
subramanyapura,assault,12.939976,77.573271,2018-03-23,16:30:00,2018
subramanyapura,assault,12.947461,77.568853,,,2018
subramanyapura,assault,12.943653,77.571144,,,2018
subramanyapura,assault,12.934866,77.5686996,,,2018
subramanyapura,assault,12.93695,77.572194,2018-08-26,21:30:00,2018
subramanyapura,assault,12.93551,77.570118,2018-09-14,11:30:00,2018
subramanyapura,assault,12.9400564,77.5798523,2019-02-26,23:50:00,2018
subramanyapura,assault,12.944576,77.572059,2019-03-18,11:00:00,2018
subramanyapura,assault,12.941085,77.579968,2019-03-21,20:00:00,2018
subramanyapura,assault,12.940298,77.573495,,,2018
subramanyapura,assault,12.935622,77.566853,,,2018
subramanyapura,assault,12.943699,77.579185,2019-04-16,19:30:00,2018
subramanyapura,assault,12.936805,77.571808,2019-06-19,13:00:00,2018
subramanyapura,assault,12.944821,77.5464026,,,2015
subramanyapura,assault,12.911291,77.5907463,,,2015
subramanyapura,assault,12.9012051,77.5718812,2015-01-14,10:31:00,2015
subramanyapura,assault,12.9124458,77.5764631,2015-01-28,08:40:00,2015
subramanyapura,assault,12.9081467,77.5903808,,,2015
subramanyapura,assault,12.9161079,77.5760984,,,2015
subramanyapura,assault,12.8980801,77.5804562,2015-02-28,06:20:00,2015
subramanyapura,assault,12.8377589,77.5641545,,,2015
subramanyapura,assault,12.899377,77.5892173,,,2015
subramanyapura,assault,12.899377,77.5892173,2015-03-22,01:35:00,2015
subramanyapura,assault,12.8965749,77.5947362,,,2015
subramanyapura,assault,12.8949156,77.5496055,,,2015
subramanyapura,assault,12.8917637,77.5925495,2015-04-22,07:01:00,2015
subramanyapura,assault,12.9103402,77.5902664,2015-04-26,08:35:00,2015
subramanyapura,assault,12.9020117,77.5698675,,,2015
subramanyapura,assault,12.8983501,77.573651,2015-05-22,01:00:00,2015
subramanyapura,assault,12.8983494,77.5605187,2015-05-22,07:30:00,2015
subramanyapura,assault,12.9011377,77.5742566,,,2015
subramanyapura,assault,12.8904403,77.5756712,,,2015
subramanyapura,assault,12.9017397,77.5944419,,,2015
subramanyapura,assault,12.8966002,77.5884719,,,2015
subramanyapura,assault,12.9100206,77.579554,,,2015
subramanyapura,assault,12.9022102,77.5785973,,,2015
subramanyapura,assault,12.9083706,77.5861531,,,2015
subramanyapura,assault,12.9062082,77.5937537,2015-08-14,09:31:00,2015
subramanyapura,assault,12.9046491,77.5785133,2015-08-18,08:46:00,2015
subramanyapura,assault,12.897498,77.594366,2015-08-26,08:05:00,2015
subramanyapura,assault,12.9167674,77.5872982,2015-09-15,06:10:00,2015
subramanyapura,assault,12.9116517,77.5859494,2015-09-22,09:46:00,2015
subramanyapura,assault,12.908521,77.5715554,2015-09-25,01:10:00,2015
subramanyapura,assault,12.9085187,77.5387243,2015-09-30,06:11:00,2015
subramanyapura,assault,12.908514,77.5387242,2015-10-26,05:45:00,2015
subramanyapura,assault,12.8980801,77.5804562,2015-11-19,08:35:00,2015
subramanyapura,assault,12.9019706,77.5702781,2016-01-25,11:05:00,2016
subramanyapura,assault,12.9116859,77.5838471,,,2016
subramanyapura,assault,12.9116856,77.5838471,,,2016
subramanyapura,assault,12.911297,77.5723463,,,2016
subramanyapura,assault,12.9105026,77.5866048,2016-02-27,09:30:00,2016
subramanyapura,assault,12.9105026,77.5866048,2016-03-13,05:16:00,2016
subramanyapura,assault,12.8934589,77.5831639,2016-03-30,04:05:00,2016
subramanyapura,assault,12.909725,77.5836513,,,2016
subramanyapura,assault,12.8986817,77.5690523,2016-04-15,03:00:00,2016
subramanyapura,assault,12.8979429,77.5838175,2016-03-19,12:01:00,2016
subramanyapura,assault,12.8979423,77.5684965,2015-12-28,11:00:00,2016
subramanyapura,assault,12.9156234,77.5960689,2016-06-19,12:15:00,2016
subramanyapura,assault,12.9069939,77.5720367,2016-07-17,08:16:00,2016
subramanyapura,assault,12.8992455,77.5891666,2016-07-23,12:05:00,2016
subramanyapura,assault,12.915434,77.5843151,2016-07-26,05:01:00,2016
subramanyapura,assault,12.910852,77.5764323,2016-07-27,11:45:00,2016
subramanyapura,assault,12.9067177,77.5735098,,,2016
subramanyapura,assault,12.8923493,77.5835991,2016-08-16,11:35:00,2016
subramanyapura,assault,12.9412604,77.3016302,,,2016
subramanyapura,assault,12.9573655,77.5672906,2016-09-18,02:31:00,2016
subramanyapura,assault,12.9573631,77.5344595,,,2016
subramanyapura,assault,12.9151812,77.5951825,2016-09-21,08:50:00,2016
subramanyapura,assault,12.9078662,77.587606,,,2016
subramanyapura,assault,12.9155865,77.5770282,2016-10-28,06:40:00,2016
subramanyapura,assault,12.9155772,77.5091754,,,2016
subramanyapura,assault,12.89698,77.5954387,,,2016
subramanyapura,assault,12.9009065,77.5578968,,,2016
subramanyapura,assault,12.9115768,77.5723387,2016-12-24,06:00:00,2016
subramanyapura,assault,12.916473,77.5901863,2017-01-20,07:35:00,2017
subramanyapura,assault,12.9148967,77.572527,,,2017
subramanyapura,assault,12.9109285,77.5768905,2017-01-25,06:15:00,2017
subramanyapura,assault,12.9318198,77.6205415,,,2017
subramanyapura,assault,12.9116975,77.591605,2017-05-16,01:05:00,2017
subramanyapura,assault,12.9116952,77.5587738,2017-06-15,03:30:00,2017
subramanyapura,assault,12.9118162,77.5854349,2017-06-30,08:50:00,2017
subramanyapura,assault,12.911291,77.5907463,,,2017
subramanyapura,assault,12.9138435,77.5767104,2017-07-26,11:45:00,2017
subramanyapura,assault,12.9101273,77.5708777,,,2017
subramanyapura,assault,12.9107024,77.5877975,,,2017
subramanyapura,assault,12.9091286,77.5782822,2017-09-28,11:10:00,2017
subramanyapura,assault,12.9116975,77.591605,,,2017
subramanyapura,assault,12.9118162,77.5854349,,,2017
subramanyapura,assault,12.9118139,77.5526038,2017-10-19,09:10:00,2017
subramanyapura,assault,12.9142864,77.5909833,,,2017
subramanyapura,assault,12.9142862,77.5844172,,,2018
subramanyapura,assault,12.9114511,77.5859762,,,2018
subramanyapura,assault,12.9120988,77.588872,,,2018
subramanyapura,assault,12.9108936,77.575867,2018-01-20,11:45:00,2018
subramanyapura,assault,12.9088884,77.5733033,2018-01-20,09:10:00,2018
subramanyapura,assault,12.9152493,77.5836839,,,2018
subramanyapura,assault,12.9116975,77.591605,2018-02-20,08:35:00,2018
subramanyapura,assault,12.9116973,77.5850389,2018-03-24,02:40:00,2018
subramanyapura,assault,12.9215368,77.5690028,2018-05-19,01:35:00,2018
subramanyapura,assault,12.9109881,77.577546,2018-05-19,07:10:00,2018
subramanyapura,assault,12.8956489,77.558425,2018-05-27,06:10:00,2018
subramanyapura,assault,12.8956477,77.558425,,,2018
subramanyapura,assault,12.9135204,77.5567911,,,2018
subramanyapura,assault,12.9151616,77.5844195,2018-06-30,11:00:00,2018
subramanyapura,assault,12.9073713,77.5818356,,,2018
subramanyapura,assault,12.9073713,77.5818356,2018-09-21,11:10:00,2018
subramanyapura,assault,12.9367008,77.6226694,,,2018
subramanyapura,assault,12.915389,77.5929853,2018-10-23,06:30:00,2018
subramanyapura,assault,12.8998564,77.5661581,,,2018
subramanyapura,assault,12.8998564,77.5661581,,,2018
subramanyapura,assault,12.916271,77.5871377,2018-11-22,06:25:00,2018
subramanyapura,assault,12.9113466,77.5794193,,,2018
subramanyapura,assault,12.9901083,77.6641461,2018-12-16,12:35:00,2018
subramanyapura,assault,12.9083647,77.5828273,,,2019
subramanyapura,assault,12.9355559,77.6309975,2019-01-20,01:50:00,2019
subramanyapura,assault,12.8998631,77.5898921,2019-01-26,06:40:00,2019
subramanyapura,assault,12.916734,77.5911325,,,2019
subramanyapura,assault,12.9063922,77.5715423,,,2019
subramanyapura,assault,12.9117027,77.591605,2019-05-18,10:15:00,2019
subramanyapura,assault,12.9102145,77.5929493,2019-06-27,07:10:00,2019
subramanyapura,assault,12.9117027,77.591605,,,2019
subramanyapura,assault,12.9163635,77.5902506,2019-08-22,06:30:00,2019
subramanyapura,assault,12.9083908,77.5925425,,,2019
subramanyapura,assault,12.911398,77.5764744,2019-09-30,09:15:00,2019
subramanyapura,assault,12.9093122,77.5977983,2019-10-27,10:00:00,2019
subramanyapura,assault,12.9070454,77.5904311,,,2019
subramanyapura,assault,12.9093151,77.5731743,2018-11-20,11:10:00,2019
subramanyapura,assault,12.9117027,77.591605,2019-12-14,05:30:00,2019
subramanyapura,assault,12.9088289,77.590309,2019-12-15,06:00:00,2019
subramanyapura,assault,12.9155222,77.5546389,,,2015
subramanyapura,assault,12.9235667,77.5700028,,12:00:00,2015
subramanyapura,assault,12.9274556,77.5686944,2015-02-23,16:00:00,2015
subramanyapura,assault,12.9172,77.5659167,,01:00:00,2015
subramanyapura,assault,12.9155222,77.5546389,,13:00:00,2015
subramanyapura,assault,12.9196528,77.5740472,2015-03-30,09:30:00,2015
subramanyapura,assault,12.9181472,77.5645611,,21:00:00,2015
subramanyapura,assault,12.9136861,77.5643111,,23:00:00,2015
subramanyapura,assault,12.9176,77.5728667,,15:00:00,2015
subramanyapura,assault,12.9155222,77.5626583,2015-06-15,09:30:00,2015
subramanyapura,assault,12.9185556,77.5725056,2015-07-23,22:45:00,2015
subramanyapura,assault,12.9251333,77.5647333,,15:00:00,2015
subramanyapura,assault,12.9183278,77.5616694,2015-08-19,12:45:00,2015
subramanyapura,assault,12.9293944,77.5695444,2015-08-29,21:00:00,2015
subramanyapura,assault,12.9293944,77.5695444,2015-08-29,21:15:00,2015
subramanyapura,assault,12.9197139,77.5630389,2015-08-31,20:00:00,2015
subramanyapura,assault,12.9225333,77.5736139,,18:15:00,2015
subramanyapura,assault,12.9136361,77.55515,2015-10-16,11:45:00,2015
subramanyapura,assault,12.9229583,77.5700833,,01:30:00,2015
subramanyapura,assault,12.92095,77.5738917,2015-12-14,18:30:00,2015
subramanyapura,assault,12.92675,77.5636056,2015-12-31,18:15:00,2015
subramanyapura,assault,12.9154222,77.5620056,,22:45:00,2016
subramanyapura,assault,12.9229583,77.5700833,,23:30:00,2016
subramanyapura,assault,12.9221278,77.5547,,13:00:00,2016
subramanyapura,assault,12.915325,77.5636611,,17:00:00,2016
subramanyapura,assault,12.9235528,77.563375,2016-03-17,00:15:00,2016
subramanyapura,assault,12.9235528,77.563375,2016-03-17,00:30:00,2016
subramanyapura,assault,12.9304944,77.5736556,2016-07-13,22:30:00,2016
subramanyapura,assault,12.9160667,77.5636,,16:00:00,2016
subramanyapura,assault,12.9178389,77.568625,,15:00:00,2016
subramanyapura,assault,12.9155222,77.5626583,2016-04-15,11:30:00,2016
subramanyapura,assault,12.9307389,77.5764889,,13:00:00,2016
subramanyapura,assault,12.9178389,77.568625,,15:00:00,2016
subramanyapura,assault,12.9198167,77.56905,,22:40:00,2016
subramanyapura,assault,12.9200833,77.5697528,2016-05-13,00:10:00,2016
subramanyapura,assault,12.9154,77.5681361,2016-05-28,03:30:00,2016
subramanyapura,assault,12.9235528,77.563375,,13:45:00,2016
subramanyapura,assault,12.9200833,77.5697528,2016-06-15,14:00:00,2016
subramanyapura,assault,12.9175167,77.5533861,2016-06-18,15:00:00,2016
subramanyapura,assault,12.9158389,77.5568917,2016-06-24,15:00:00,2016
subramanyapura,assault,12.92,77.5718083,,07:30:00,2016
subramanyapura,assault,12.9304944,77.5736556,2016-07-13,04:30:00,2016
subramanyapura,assault,12.9251333,77.5647333,2016-07-15,18:30:00,2016
subramanyapura,assault,12.9251333,77.5647333,2016-07-17,11:00:00,2016
subramanyapura,assault,12.9176778,77.5638833,2016-07-17,15:00:00,2016
subramanyapura,assault,12.9136361,77.55515,,19:00:00,2016
subramanyapura,assault,12.9304944,77.5736556,2016-09-16,16:00:00,2016
subramanyapura,assault,12.915375,77.5567417,2016-09-21,11:00:00,2016
subramanyapura,assault,12.915375,77.5567417,2016-09-22,16:00:00,2016
subramanyapura,assault,12.9154222,77.5620056,,11:00:00,2016
subramanyapura,assault,12.9154222,77.5620056,,14:30:00,2016
subramanyapura,assault,12.9279722,77.5698667,,20:20:00,2016
subramanyapura,assault,12.9196528,77.5740472,2016-12-22,12:00:00,2016
subramanyapura,assault,12.9167944,77.5677389,,15:00:00,2017
subramanyapura,assault,12.931114,77.572438,,13:00:00,2017
subramanyapura,assault,12.9178389,77.568625,,15:00:00,2017
subramanyapura,assault,12.91507,77.56806,,16:00:00,2017
subramanyapura,assault,12.9159194,77.5643833,2017-06-18,22:30:00,2017
subramanyapura,assault,12.9167944,77.5677389,2017-06-24,19:30:00,2017
subramanyapura,assault,12.9331556,77.5696944,,22:15:00,2017
subramanyapura,assault,12.9331556,77.5696944,,01:15:00,2017
subramanyapura,assault,12.9229583,77.5700833,2017-07-19,13:00:00,2017
subramanyapura,assault,12.9229583,77.5700833,2017-07-19,14:00:00,2017
subramanyapura,assault,12.9155222,77.5626583,,18:00:00,2017
subramanyapura,assault,12.9226444,77.5674306,2017-07-28,21:00:00,2017
subramanyapura,assault,12.909288,77.645849,2017-07-31,19:30:00,2017
subramanyapura,assault,12.934824,77.56557,2017-07-31,20:20:00,2017
subramanyapura,assault,12.9155694,77.5567722,,10:00:00,2017
subramanyapura,assault,12.9263556,77.5769306,,14:30:00,2017
subramanyapura,assault,12.932416,77.567696,,12:00:00,2017
subramanyapura,assault,12.921254,77.55559,,12:30:00,2017
subramanyapura,assault,12.9254306,77.5608639,,19:00:00,2017
subramanyapura,assault,12.9226444,77.5674306,,22:30:00,2017
subramanyapura,assault,12.9226444,77.5674306,2017-08-16,06:30:00,2017
subramanyapura,assault,12.9229583,77.5700833,2017-08-21,13:00:00,2017
subramanyapura,assault,12.9276278,77.5705389,2017-08-23,09:10:00,2017
subramanyapura,assault,12.9174083,77.5730611,,10:10:00,2017
subramanyapura,assault,12.9263556,77.5769306,,17:00:00,2017
subramanyapura,assault,12.9276278,77.5705389,2017-09-22,12:30:00,2017
subramanyapura,assault,12.9217222,77.57355,2017-11-18,16:05:00,2017
subramanyapura,assault,12.91555,77.5660778,2017-11-20,12:30:00,2017
subramanyapura,assault,12.9189944,77.5567694,,22:30:00,2017
subramanyapura,assault,12.9160667,77.5636,2017-12-13,18:15:00,2017
subramanyapura,assault,12.9196528,77.5740472,2017-12-23,15:00:00,2017
subramanyapura,assault,12.9136361,77.55515,,10:15:00,2018
subramanyapura,assault,12.9217222,77.57355,2018-02-20,10:00:00,2018
subramanyapura,assault,12.9160667,77.5636,2018-02-20,10:30:00,2018
subramanyapura,assault,12.9160667,77.5636,2018-03-14,21:00:00,2018
subramanyapura,assault,12.9217222,77.57355,2018-03-17,11:05:00,2018
subramanyapura,assault,12.9246056,77.5702778,2018-03-29,11:45:00,2018
subramanyapura,assault,12.9249889,77.5662639,2018-03-29,17:30:00,2018
subramanyapura,assault,12.9172389,77.5632194,2018-04-14,17:00:00,2018
subramanyapura,assault,12.9175167,77.5533861,2016-06-18,12:45:00,2018
subramanyapura,assault,12.9196528,77.5740472,2018-04-30,13:10:00,2018
subramanyapura,assault,12.9189944,77.5567694,,10:50:00,2018
subramanyapura,assault,12.9160667,77.5636,,17:45:00,2018
subramanyapura,assault,12.928339,77.56206,2018-05-21,10:40:00,2018
subramanyapura,assault,12.9254306,77.5608639,2018-05-24,18:00:00,2018
subramanyapura,assault,12.9276278,77.5705389,,14:35:00,2018
subramanyapura,assault,12.9276278,77.5705389,,13:00:00,2018
subramanyapura,assault,12.9276278,77.5705389,2018-07-22,18:30:00,2018
subramanyapura,assault,12.9160667,77.5636,2018-07-26,13:30:00,2018
subramanyapura,assault,12.909288,77.645849,,17:10:00,2018
subramanyapura,assault,12.9172389,77.5632194,2018-08-28,13:30:00,2018
subramanyapura,assault,12.909288,77.645849,,15:15:00,2018
subramanyapura,assault,12.91795,77.55935,,12:30:00,2018
subramanyapura,assault,12.9229583,77.5700833,2018-09-15,20:00:00,2018
subramanyapura,assault,12.91555,77.5660778,,12:30:00,2018
subramanyapura,assault,13.08595,77.54681,2018-10-21,23:15:00,2018
subramanyapura,assault,12.9181472,77.572175,,18:30:00,2018
subramanyapura,assault,12.87745,77.49977,2018-11-16,17:00:00,2018
subramanyapura,assault,12.9229583,77.5700833,,18:45:00,2018
subramanyapura,assault,12.9196528,77.5740472,2018-12-21,16:30:00,2018
subramanyapura,assault,12.9263556,77.5769306,,18:10:00,2019
subramanyapura,assault,12.9169139,77.5677167,2019-02-19,11:00:00,2019
subramanyapura,assault,12.9199639,77.5692806,,11:15:00,2019
subramanyapura,assault,12.91507,77.56806,2019-04-26,12:30:00,2019
subramanyapura,assault,12.9208361,77.5741583,,14:00:00,2019
subramanyapura,assault,12.9155222,77.5626583,,18:30:00,2019
subramanyapura,assault,12.933159,77.562189,2019-08-22,13:30:00,2019
subramanyapura,assault,12.931114,77.572438,2019-09-17,10:00:00,2019
subramanyapura,assault,12.931114,77.572438,,12:00:00,2019
subramanyapura,assault,12.9176,77.5728667,,17:40:00,2019
subramanyapura,assault,12.9196528,77.5740472,2019-10-16,20:05:00,2019
subramanyapura,assault,12.92171,77.58182,2019-12-31,12:30:00,2019
subramanyapura,assault,12.943049,77.593932,,13:30:00,2015
subramanyapura,assault,12.944431,77.592409,,17:00:00,2015
subramanyapura,assault,12.945278,77.595524,,20:15:00,2015
subramanyapura,assault,12.934752,77.591933,2015-02-27,21:30:00,2015
subramanyapura,assault,12.944233,77.59324,,23:15:00,2015
subramanyapura,assault,12.934752,77.591933,,21:00:00,2015
subramanyapura,assault,12.946857,77.590644,,12:00:00,2015
subramanyapura,assault,12.943434,77.591206,2015-04-21,15:30:00,2015
subramanyapura,assault,12.939397,77.581866,2015-04-21,19:00:00,2015
subramanyapura,assault,12.944892,77.592975,,14:00:00,2015
subramanyapura,assault,12.945817,77.591605,,17:30:00,2015
subramanyapura,assault,12.944759,77.588346,,20:00:00,2015
subramanyapura,assault,12.93316,77.591128,,09:00:00,2015
subramanyapura,assault,12.934473,77.59165,,20:45:00,2015
subramanyapura,assault,12.939379,77.5811,2015-07-24,18:00:00,2015
subramanyapura,assault,12.943708,77.591165,,21:30:00,2015
subramanyapura,assault,12.934752,77.591933,,19:00:00,2015
subramanyapura,assault,12.945817,77.591605,2015-08-22,09:30:00,2015
subramanyapura,assault,12.944967,77.591029,2015-08-27,14:00:00,2015
subramanyapura,assault,12.947976,77.593348,2015-08-28,00:00:00,2015
subramanyapura,assault,12.941112,77.587016,,13:00:00,2015
subramanyapura,assault,12.935734,77.590385,2015-09-14,19:00:00,2015
subramanyapura,assault,12.93448,77.590688,2015-09-16,11:50:00,2015
subramanyapura,assault,12.934277,77.591799,2015-09-17,11:45:00,2015
subramanyapura,assault,12.945227,77.595169,2015-09-20,06:30:00,2015
subramanyapura,assault,12.942829,77.583746,2015-10-17,17:30:00,2015
subramanyapura,assault,12.935734,77.590385,2015-10-19,13:30:00,2015
subramanyapura,assault,12.952162,77.586903,2015-10-23,16:00:00,2015
subramanyapura,assault,12.93498,77.594952,2015-10-29,19:20:00,2015
subramanyapura,assault,12.934298,77.591304,2015-11-22,15:00:00,2015
subramanyapura,assault,12.934298,77.591304,2015-11-22,15:05:00,2015
subramanyapura,assault,12.944595,77.592055,,18:30:00,2015
subramanyapura,assault,12.939306,77.584061,2015-12-17,20:00:00,2015
subramanyapura,assault,12.938934,77.58403,,17:15:00,2016
subramanyapura,assault,12.945515,77.595353,,13:30:00,2016
subramanyapura,assault,12.942576,77.586741,2016-01-19,13:00:00,2016
subramanyapura,assault,12.945497,77.589562,,12:45:00,2016
subramanyapura,assault,12.943625,77.585229,2016-02-27,16:00:00,2016
subramanyapura,assault,12.948081,77.59328,,09:00:00,2016
subramanyapura,assault,12.948081,77.59328,,10:30:00,2016
subramanyapura,assault,12.942031,77.59273,2016-03-28,11:00:00,2016
subramanyapura,assault,12.943805,77.593021,2016-03-30,17:00:00,2016
subramanyapura,assault,12.942846,77.594419,,10:20:00,2016
subramanyapura,assault,12.938627,77.581218,2016-04-30,20:00:00,2016
subramanyapura,assault,12.94434,77.587818,,20:00:00,2016
subramanyapura,assault,12.94434,77.587818,,20:15:00,2016
subramanyapura,assault,12.939312,77.586619,,18:00:00,2016
subramanyapura,assault,12.939312,77.586619,,18:15:00,2016
subramanyapura,assault,12.94476,77.592926,2016-05-22,19:00:00,2016
subramanyapura,assault,12.945174,77.595589,,14:00:00,2016
subramanyapura,assault,12.935381,77.591364,,19:10:00,2016
subramanyapura,assault,12.946363,77.592187,,20:00:00,2016
subramanyapura,assault,12.942031,77.59273,2016-06-29,14:25:00,2016
subramanyapura,assault,12.942031,77.59273,2016-06-29,14:50:00,2016
subramanyapura,assault,12.946363,77.592187,,19:50:00,2016
subramanyapura,assault,12.944326,77.592316,2016-07-20,18:00:00,2016
subramanyapura,assault,12.945767,77.588683,2016-07-21,18:00:00,2016
subramanyapura,assault,12.935043,77.594564,2016-09-15,14:00:00,2016
subramanyapura,assault,12.944326,77.592316,,22:30:00,2016
subramanyapura,assault,12.946363,77.592187,2016-10-22,18:00:00,2016
subramanyapura,assault,12.938845,77.584454,2016-10-26,16:00:00,2016
subramanyapura,assault,12.946363,77.592187,,16:00:00,2016
subramanyapura,assault,12.9443,77.594642,,23:00:00,2016
subramanyapura,assault,12.946293,77.587991,2016-11-22,12:00:00,2016
subramanyapura,assault,12.94204,77.580231,2016-11-22,21:15:00,2016
subramanyapura,assault,12.933298,77.590399,2016-11-24,18:00:00,2016
subramanyapura,assault,12.943037,77.592151,2016-11-29,20:00:00,2016
subramanyapura,assault,12.94613,77.591819,2016-11-30,11:30:00,2016
subramanyapura,assault,12.937929,77.583003,,18:00:00,2016
subramanyapura,assault,12.944854,77.593404,,17:00:00,2016
subramanyapura,assault,12.944557,77.593306,2016-12-17,16:00:00,2016
subramanyapura,assault,12.935789,77.590731,2016-12-19,20:45:00,2016
subramanyapura,assault,12.944551,77.590853,2016-12-22,21:40:00,2016
subramanyapura,assault,12.945644,77.591948,,10:00:00,2017
subramanyapura,assault,12.940822,77.585287,,19:30:00,2017
subramanyapura,assault,12.947517,77.593858,,20:00:00,2017
subramanyapura,assault,12.947683,77.591842,2017-01-25,20:00:00,2017
subramanyapura,assault,12.94426,77.593698,2017-01-28,17:30:00,2017
subramanyapura,assault,12.934502,77.589918,,23:45:00,2017
subramanyapura,assault,12.947683,77.591842,2017-02-25,18:05:00,2017
subramanyapura,assault,12.940926,77.58016,,19:45:00,2017
subramanyapura,assault,12.935789,77.590731,,02:45:00,2017
subramanyapura,assault,12.947683,77.591842,,19:00:00,2017
subramanyapura,assault,12.938615,77.592593,2017-04-24,16:50:00,2017
subramanyapura,assault,12.94002,77.597691,2017-04-29,17:00:00,2017
subramanyapura,assault,12.94002,77.597691,2017-04-29,17:45:00,2017
subramanyapura,assault,12.947021,77.594827,,21:45:00,2017
subramanyapura,assault,12.942212,77.593014,2017-06-29,15:00:00,2017
subramanyapura,assault,12.938615,77.592593,,21:30:00,2017
subramanyapura,assault,12.94464,77.58856,2017-07-25,17:00:00,2017
subramanyapura,assault,12.94464,77.588556,2017-07-25,21:00:00,2017
subramanyapura,assault,12.941003,77.59305,,17:20:00,2017
subramanyapura,assault,12.946687,77.594214,,11:00:00,2017
subramanyapura,assault,12.946207,77.591757,,15:30:00,2017
subramanyapura,assault,12.937039,77.601442,2017-08-21,14:00:00,2017
subramanyapura,assault,12.94641,77.59122,2017-08-29,18:00:00,2017
subramanyapura,assault,12.949986,77.593303,2017-09-29,11:30:00,2017
subramanyapura,assault,12.944593,77.590967,,18:30:00,2017
subramanyapura,assault,12.945678,77.588087,,21:00:00,2017
subramanyapura,assault,12.952296,77.586374,2017-10-19,19:45:00,2017
subramanyapura,assault,12.933404,77.591176,,14:50:00,2017
subramanyapura,assault,12.939902,77.597686,,11:00:00,2018
subramanyapura,assault,12.937022,77.59812,,13:00:00,2018
subramanyapura,assault,12.949789,77.586582,2018-02-25,18:30:00,2018
subramanyapura,assault,12.944704,77.591956,,09:00:00,2018
subramanyapura,assault,12.942789,77.596405,2018-03-31,11:00:00,2018
subramanyapura,assault,12.943061,77.583877,,09:30:00,2018
subramanyapura,assault,12.946702,77.591877,,09:30:00,2018
subramanyapura,assault,12.936928,77.622424,2018-04-29,10:10:00,2018
subramanyapura,assault,12.933684,77.592256,,12:30:00,2018
subramanyapura,assault,12.934515,77.591787,2018-05-25,23:15:00,2018
subramanyapura,assault,12.945881,77.591753,,19:00:00,2018
subramanyapura,assault,12.945874,77.589693,,21:30:00,2018
subramanyapura,assault,12.946975,77.594347,,13:45:00,2018
subramanyapura,assault,12.946019,77.592086,2018-06-21,20:45:00,2018
subramanyapura,assault,12.936066,77.585757,,10:00:00,2018
subramanyapura,assault,12.944786,77.588481,2018-08-15,19:00:00,2018
subramanyapura,assault,12.944786,77.588481,2018-08-15,19:30:00,2018
subramanyapura,assault,12.93336,77.590672,,14:30:00,2018
subramanyapura,assault,12.946717,77.592068,,18:30:00,2018
subramanyapura,assault,12.9427756,77.593901,2019-04-18,19:00:00,2019
subramanyapura,assault,12.941015,77.580237,2019-04-24,15:30:00,2019
subramanyapura,assault,12.944998,77.593114,2019-04-30,17:30:00,2019
subramanyapura,assault,12.944719,77.588085,2019-06-14,18:10:00,2019
subramanyapura,assault,12.947918,77.593337,2019-08-17,21:00:00,2019
subramanyapura,assault,12.935595,77.591482,2019-08-30,21:30:00,2019
subramanyapura,assault,12.946237,77.591288,2019-09-18,17:00:00,2019
subramanyapura,assault,12.943253,77.592759,,13:00:00,2019
subramanyapura,assault,12.943611,77.588305,,14:00:00,2019
subramanyapura,assault,12.932763,77.599692,2019-12-13,11:00:00,2019
subramanyapura,assault,12.932763,77.599692,2019-12-13,17:45:00,2019
subramanyapura,assault,12.8829245,77.5820694,,11:30:00,2015
subramanyapura,assault,12.8825902,77.5580412,,10:00:00,2015
subramanyapura,assault,12.9035339,77.5412456,,18:00:00,2015
subramanyapura,assault,12.9035339,77.5412456,,17:00:00,2015
subramanyapura,assault,12.8884912,77.55161,2015-01-14,23:15:00,2015
subramanyapura,assault,12.8934287,77.550703,2015-01-23,10:45:00,2015
subramanyapura,assault,12.8995798,77.5741717,2015-01-23,19:30:00,2015
subramanyapura,assault,12.9138671,77.5428395,2015-01-24,08:45:00,2015
subramanyapura,assault,12.895948,77.5521903,2015-01-27,21:00:00,2015
subramanyapura,assault,12.8926346,77.5826321,2015-01-27,09:00:00,2015
subramanyapura,assault,12.9066106,77.5431624,2015-01-28,22:30:00,2015
subramanyapura,assault,12.9066106,77.5431624,2015-01-29,16:45:00,2015
subramanyapura,assault,12.908276,77.5502268,2015-01-31,15:10:00,2015
subramanyapura,assault,12.8911089,77.569911,2015-01-31,16:00:00,2015
subramanyapura,assault,12.8833298,77.5580801,,19:45:00,2015
subramanyapura,assault,12.8902073,77.5631145,,11:35:00,2015
subramanyapura,assault,12.8691809,77.5857439,2015-02-14,01:30:00,2015
subramanyapura,assault,12.9103933,77.5374398,2015-02-20,02:00:00,2015
subramanyapura,assault,12.9103933,77.5374398,2015-02-20,06:40:00,2015
subramanyapura,assault,12.9010821,77.5475381,2015-02-22,05:30:00,2015
subramanyapura,assault,12.8892451,77.573702,2015-02-26,05:00:00,2015
subramanyapura,assault,12.8856657,77.553498,2015-02-26,12:30:00,2015
subramanyapura,assault,12.8728462,77.5826671,2015-02-27,14:00:00,2015
subramanyapura,assault,12.8887116,77.5737734,2015-02-27,15:00:00,2015
subramanyapura,assault,12.8728462,77.5826671,2015-02-27,10:10:00,2015
subramanyapura,assault,12.9138152,77.5486188,,05:10:00,2015
subramanyapura,assault,12.8904709,77.5708101,,12:10:00,2015
subramanyapura,assault,12.891082,77.578155,,15:00:00,2015
subramanyapura,assault,13.007485,77.5678803,,21:10:00,2015
subramanyapura,assault,12.9035339,77.5412456,,18:40:00,2015
subramanyapura,assault,12.9114763,77.5401234,2015-03-18,19:30:00,2015
subramanyapura,assault,12.9047104,77.5448882,2015-03-25,17:00:00,2015
subramanyapura,assault,12.8832879,77.5813055,2015-03-29,19:00:00,2015
subramanyapura,assault,12.8832879,77.5813055,2015-03-29,12:15:00,2015
subramanyapura,assault,12.9095845,77.5515973,,14:45:00,2015
subramanyapura,assault,12.8952807,77.5506745,,08:40:00,2015
subramanyapura,assault,12.8839897,77.5655223,,11:15:00,2015
subramanyapura,assault,12.876455,77.5847354,,02:45:00,2015
subramanyapura,assault,12.9057223,77.5355813,2015-04-14,10:15:00,2015
subramanyapura,assault,12.9054546,77.5418755,2015-04-21,13:35:00,2015
subramanyapura,assault,12.8791506,77.5768367,2015-04-25,11:15:00,2015
subramanyapura,assault,12.8886499,77.5613003,,17:45:00,2015
subramanyapura,assault,12.9156468,77.5391042,,10:20:00,2015
subramanyapura,assault,12.8790849,77.5678097,2015-05-17,18:15:00,2015
subramanyapura,assault,12.9035339,77.5412456,2015-05-18,18:40:00,2015
subramanyapura,assault,12.904685,77.5428842,2015-05-19,14:20:00,2015
subramanyapura,assault,12.870236,77.5787401,2015-05-21,18:20:00,2015
subramanyapura,assault,12.9087458,77.5554661,2015-05-31,09:00:00,2015
subramanyapura,assault,12.8685477,77.5801126,,23:20:00,2015
subramanyapura,assault,12.9168839,77.5420111,2015-06-26,14:35:00,2015
subramanyapura,assault,12.9168839,77.5420111,,17:40:00,2015
subramanyapura,assault,12.9102289,77.5481594,,14:40:00,2015
subramanyapura,assault,12.9173966,77.545338,2015-07-16,14:15:00,2015
subramanyapura,assault,12.8982506,77.548007,2015-07-16,14:30:00,2015
subramanyapura,assault,12.8911089,77.569911,2015-07-16,19:00:00,2015
subramanyapura,assault,12.9060275,77.5455556,2015-07-19,12:50:00,2015
subramanyapura,assault,12.87795,77.5830017,2015-07-25,15:30:00,2015
subramanyapura,assault,12.8821173,77.5572937,,11:10:00,2015
subramanyapura,assault,12.8821173,77.5572937,,16:30:00,2015
subramanyapura,assault,12.8952807,77.5506745,2015-08-29,15:30:00,2015
subramanyapura,assault,12.8996407,77.5439996,,10:15:00,2015
subramanyapura,assault,12.8996407,77.5439996,,10:30:00,2015
subramanyapura,assault,12.8685477,77.5801126,,19:20:00,2015
subramanyapura,assault,12.8685477,77.5801126,2015-09-13,18:30:00,2015
subramanyapura,assault,12.9062093,77.5365956,2015-09-14,19:45:00,2015
subramanyapura,assault,12.8906256,77.5640557,2015-09-15,16:04:00,2015
subramanyapura,assault,12.880459,77.5640354,2015-09-27,21:15:00,2015
subramanyapura,assault,12.913901,77.5588202,2015-09-19,15:10:00,2015
subramanyapura,assault,12.8952807,77.5506745,2015-08-29,13:00:00,2015
subramanyapura,assault,12.8907152,77.5768453,,17:30:00,2015
subramanyapura,assault,12.9154534,77.5400427,,11:40:00,2015
subramanyapura,assault,12.9154534,77.5400427,,23:30:00,2015
subramanyapura,assault,12.8907152,77.5768453,,17:10:00,2015
subramanyapura,assault,12.8907152,77.5768453,,10:00:00,2015
subramanyapura,assault,12.8821173,77.5572937,2015-10-15,20:00:00,2015
subramanyapura,assault,12.8963764,77.5475279,2015-10-18,18:50:00,2015
subramanyapura,assault,12.8963764,77.5475279,2015-10-18,14:00:00,2015
subramanyapura,assault,12.9010821,77.5475381,2015-10-30,12:00:00,2015
subramanyapura,assault,12.9164121,77.5500623,,15:30:00,2015
subramanyapura,assault,12.908622,77.5553156,,10:00:00,2015
subramanyapura,assault,12.8903324,77.5633483,2015-11-28,22:00:00,2015
subramanyapura,assault,12.9055289,77.5568507,,16:00:00,2015
subramanyapura,assault,12.8824285,77.5573284,2015-12-15,17:00:00,2015
subramanyapura,assault,12.8824285,77.5573284,2015-12-15,21:20:00,2015
subramanyapura,assault,12.8824285,77.5573284,2015-12-25,10:30:00,2015
subramanyapura,assault,12.9176607,77.5421871,2015-12-30,13:20:00,2015
subramanyapura,assault,12.8693836,77.5839106,2015-12-31,20:45:00,2015
subramanyapura,assault,12.9055289,77.5568507,2015-12-31,23:50:00,2015
subramanyapura,assault,12.913901,77.5588202,,15:15:00,2016
subramanyapura,assault,12.8905089,77.57361,2016-01-22,18:00:00,2016
subramanyapura,assault,12.8887116,77.5737734,,15:30:00,2016
subramanyapura,assault,12.8656847,77.5824163,,12:20:00,2016
subramanyapura,assault,12.9108104,77.5377182,2016-02-15,15:20:00,2016
subramanyapura,assault,12.8967726,77.5445644,2016-02-16,18:00:00,2016
subramanyapura,assault,12.9142983,77.5507585,2016-02-18,22:30:00,2016
subramanyapura,assault,12.9168839,77.5420111,2016-02-23,07:10:00,2016
subramanyapura,assault,12.8656847,77.5824163,,09:30:00,2016
subramanyapura,assault,12.9173966,77.545338,2016-03-13,14:40:00,2016
subramanyapura,assault,12.8887116,77.5737734,2016-03-14,10:00:00,2016
subramanyapura,assault,12.9124236,77.5485177,2016-03-22,18:30:00,2016
subramanyapura,assault,12.9086872,77.544119,2016-03-25,16:00:00,2016
subramanyapura,assault,12.9158664,77.5397981,2016-03-29,20:45:00,2016
subramanyapura,assault,12.8671716,77.5831004,,18:30:00,2016
subramanyapura,assault,12.895725,77.5719447,,18:30:00,2016
subramanyapura,assault,12.9108104,77.5377182,2016-04-28,09:30:00,2016
subramanyapura,assault,12.9124246,77.5355804,,17:30:00,2016
subramanyapura,assault,12.9108489,77.5374565,2016-05-13,07:50:00,2016
subramanyapura,assault,12.8886499,77.5613003,2016-05-24,12:50:00,2016
subramanyapura,assault,12.8835012,77.5690232,2016-05-30,12:50:00,2016
subramanyapura,assault,12.8833525,77.5599891,,13:00:00,2016
subramanyapura,assault,12.8849644,77.5576756,2016-06-14,15:30:00,2016
subramanyapura,assault,12.9072655,77.53614,2016-06-16,11:00:00,2016
subramanyapura,assault,12.9124236,77.5485177,2016-06-20,11:45:00,2016
subramanyapura,assault,12.8918048,77.55394,,11:30:00,2016
subramanyapura,assault,12.9041924,77.5405359,,14:30:00,2016
subramanyapura,assault,12.895725,77.5719447,2016-07-20,18:15:00,2016
subramanyapura,assault,12.9067446,77.5437391,2016-07-28,10:45:00,2016
subramanyapura,assault,12.8776868,77.580717,2016-07-28,13:15:00,2016
subramanyapura,assault,12.8776868,77.580717,2016-07-28,10:30:00,2016
subramanyapura,assault,12.8837663,77.5684252,,14:00:00,2016
subramanyapura,assault,12.918283,77.5523288,2016-08-15,10:40:00,2016
subramanyapura,assault,12.9115724,77.5387746,2016-08-28,12:15:00,2016
subramanyapura,assault,12.8880681,77.5697398,,13:00:00,2016
subramanyapura,assault,12.9031545,77.5438607,,14:00:00,2016
subramanyapura,assault,12.9098893,77.5509634,,20:15:00,2016
subramanyapura,assault,12.8835012,77.5690232,,21:10:00,2016
subramanyapura,assault,12.9051233,77.5437512,,22:45:00,2016
subramanyapura,assault,12.9067446,77.5437391,2016-09-30,08:00:00,2016
subramanyapura,assault,12.9097769,77.5564617,2016-10-25,15:00:00,2016
subramanyapura,assault,12.9166381,77.562597,,20:00:00,2016
subramanyapura,assault,12.910099,77.5548581,2016-11-29,11:00:00,2016
subramanyapura,assault,12.911738,77.556877,2016-12-26,11:35:00,2016
subramanyapura,assault,12.8829245,77.5820694,2017-01-15,12:15:00,2017
subramanyapura,assault,12.8802322,77.5738459,2017-01-22,13:00:00,2017
subramanyapura,assault,13.007485,77.5678803,2017-01-28,14:00:00,2017
subramanyapura,assault,12.8902199,77.5630583,2017-01-30,18:00:00,2017
subramanyapura,assault,12.8805674,77.5669238,2017-01-31,17:00:00,2017
subramanyapura,assault,12.9144943,77.5502142,,09:00:00,2017
subramanyapura,assault,12.8952807,77.5506745,,09:30:00,2017
subramanyapura,assault,12.8833945,77.5568728,,18:30:00,2017
subramanyapura,assault,12.9097769,77.5564617,2017-03-23,09:00:00,2017
subramanyapura,assault,12.8829245,77.5820694,2017-03-29,10:15:00,2017
subramanyapura,assault,12.8829245,77.5820694,,12:20:00,2017
subramanyapura,assault,12.911738,77.556877,2017-05-19,15:30:00,2017
subramanyapura,assault,12.9062325,77.5427257,,11:30:00,2017
subramanyapura,assault,12.8825551,77.5563552,2017-07-18,14:40:00,2017
subramanyapura,assault,12.8821173,77.5572937,2017-08-24,20:15:00,2017
subramanyapura,assault,12.9041924,77.5405359,2017-08-28,13:00:00,2017
subramanyapura,assault,12.891898,77.5523692,,11:10:00,2017
subramanyapura,assault,12.8825551,77.5563552,2017-09-19,15:00:00,2017
subramanyapura,assault,12.8924686,77.5754077,2017-09-19,18:30:00,2017
subramanyapura,assault,12.9057223,77.5355813,,10:00:00,2017
subramanyapura,assault,12.8924686,77.5754077,,20:15:00,2017
subramanyapura,assault,12.905759,77.542703,2017-10-18,13:00:00,2017
subramanyapura,assault,12.918283,77.5523288,2017-10-31,18:30:00,2017
subramanyapura,assault,12.9168839,77.5420111,2017-11-23,18:30:00,2017
subramanyapura,assault,12.9194532,77.5468038,,09:00:00,2017
subramanyapura,assault,12.8885802,77.5612033,,11:00:00,2017
subramanyapura,assault,12.9069823,77.552059,,07:00:00,2017
subramanyapura,assault,12.8894838,77.5623209,2017-12-22,10:00:00,2017
subramanyapura,assault,12.9114763,77.5401234,2017-12-27,11:15:00,2017
subramanyapura,assault,12.9047104,77.5448882,,13:00:00,2018
subramanyapura,assault,12.9142473,77.5496194,2018-01-13,11:15:00,2018
subramanyapura,assault,12.9031545,77.5438607,2018-01-13,18:30:00,2018
subramanyapura,assault,12.9145439,77.5401618,2018-01-14,11:15:00,2018
subramanyapura,assault,12.9077389,77.5362881,2018-01-30,11:15:00,2018
subramanyapura,assault,12.8894838,77.5623209,,11:15:00,2018
subramanyapura,assault,12.9103186,77.5563932,2018-02-21,18:30:00,2018
subramanyapura,assault,12.8920004,77.5742817,2018-02-21,20:00:00,2018
subramanyapura,assault,12.9098923,77.5567352,,09:00:00,2018
subramanyapura,assault,12.8802322,77.5738459,2018-03-21,09:40:00,2018
subramanyapura,assault,12.9142473,77.5496194,2018-04-13,09:00:00,2018
subramanyapura,assault,12.9168839,77.5420111,2018-04-23,10:00:00,2018
subramanyapura,assault,12.9080963,77.5485376,2018-05-16,11:15:00,2018
subramanyapura,assault,12.8902073,77.5631145,2018-05-22,13:00:00,2018
subramanyapura,assault,12.8856657,77.553498,,,2018
subramanyapura,assault,12.9093142,77.5552663,,,2018
subramanyapura,assault,12.9156468,77.5391042,2018-07-29,20:15:00,2018
subramanyapura,assault,12.9054546,77.5418755,,09:00:00,2018
subramanyapura,assault,12.9035339,77.5412456,2018-08-22,11:00:00,2018
subramanyapura,assault,12.9035339,77.5412456,2018-08-22,18:30:00,2018
subramanyapura,assault,12.8801033,77.5742614,2018-08-24,09:00:00,2018
subramanyapura,assault,12.8963886,77.5445117,2018-08-24,09:00:00,2018
subramanyapura,assault,12.905759,77.5427,2018-08-29,09:00:00,2018
subramanyapura,assault,12.8902501,77.582188,2018-11-19,10:00:00,2018
subramanyapura,assault,12.8899236,77.5807998,2018-11-23,13:00:00,2018
subramanyapura,assault,12.915632,77.5552535,2018-12-14,18:30:00,2018
subramanyapura,assault,12.9083627,77.5536847,2018-12-18,09:00:00,2018
subramanyapura,assault,12.9124236,77.5485177,,09:00:00,2019
subramanyapura,assault,12.9124236,77.5485177,,11:15:00,2019
subramanyapura,assault,12.9010821,77.5475381,2019-01-23,09:00:00,2019
subramanyapura,assault,12.8829245,77.5820694,2019-01-28,13:00:00,2019
subramanyapura,assault,12.9060275,77.5455556,2019-01-30,20:15:00,2019
subramanyapura,assault,12.9101646,77.5381182,2019-02-22,10:00:00,2019
subramanyapura,assault,12.9057223,77.5355813,2019-02-26,09:00:00,2019
subramanyapura,assault,12.895948,77.5521903,,09:00:00,2019
subramanyapura,assault,12.9141238,77.5408638,,09:00:00,2019
subramanyapura,assault,12.9164121,77.5500623,,21:00:00,2019
subramanyapura,assault,12.913901,77.5588202,2019-03-18,09:00:00,2019
subramanyapura,assault,12.9050527,77.5418957,2019-03-19,21:00:00,2019
subramanyapura,assault,12.8836526,77.5817794,2019-03-22,21:00:00,2019
subramanyapura,assault,12.9144943,77.5502142,2019-03-25,21:00:00,2019
subramanyapura,assault,12.8671716,77.5831004,2019-03-29,21:00:00,2019
subramanyapura,assault,12.8920004,77.5742817,,21:00:00,2019
subramanyapura,assault,12.9154803,77.5496224,,18:00:00,2019
subramanyapura,assault,12.8982506,77.548007,,10:00:00,2019
subramanyapura,assault,12.9057223,77.5355813,2019-04-20,11:15:00,2019
subramanyapura,assault,12.903573,77.543788,2019-04-25,10:00:00,2019
subramanyapura,assault,12.9086018,77.5362102,,17:00:00,2019
subramanyapura,assault,12.908367,77.541598,2019-05-14,13:00:00,2019
subramanyapura,assault,12.909619,77.549214,2019-05-14,18:30:00,2019
subramanyapura,assault,12.9069936,77.5358262,2019-06-27,21:00:00,2019
subramanyapura,assault,12.8837663,77.5684252,,21:00:00,2019
subramanyapura,assault,12.8915788,77.5814294,,18:30:00,2019
subramanyapura,assault,12.9142983,77.5507585,,21:00:00,2019
subramanyapura,assault,12.8902501,77.582188,,18:20:00,2019
subramanyapura,assault,12.9057223,77.5355813,2019-08-22,13:00:00,2019
subramanyapura,assault,12.9057223,77.5355813,,21:00:00,2019
subramanyapura,assault,12.9156468,77.5391042,,11:15:00,2019
subramanyapura,assault,12.9079702,77.5363605,,21:00:00,2019
subramanyapura,assault,12.8829245,77.5820694,2019-11-29,10:00:00,2019
subramanyapura,assault,12.8829245,77.5820694,2019-12-15,11:15:00,2019
subramanyapura,assault,12.869623,77.561821,2015-01-18,16:45:00,2015
subramanyapura,assault,12.871692,77.54315,2015-01-28,21:30:00,2015
subramanyapura,assault,12.871191,77.543016,2015-01-28,22:15:00,2015
subramanyapura,assault,12.859118,77.572322,,17:30:00,2015
subramanyapura,assault,12.894204,77.54277,2015-02-22,18:00:00,2015
subramanyapura,assault,12.893191,77.542505,,23:30:00,2015
subramanyapura,assault,12.871628,77.561261,2015-03-13,14:00:00,2015
subramanyapura,assault,12.893554,77.538895,2015-03-14,13:00:00,2015
subramanyapura,assault,12.8698,77.555385,2015-03-22,14:05:00,2015
subramanyapura,assault,12.877426,77.539985,2015-03-26,13:30:00,2015
subramanyapura,assault,12.876958,77.539428,2015-03-26,14:00:00,2015
subramanyapura,assault,12.856172,77.555703,2015-04-15,11:00:00,2015
subramanyapura,assault,12.860333,77.523031,2015-04-19,13:15:00,2015
subramanyapura,assault,12.883543,77.547526,2015-04-24,15:10:00,2015
subramanyapura,assault,12.881747,77.546289,2015-04-29,11:00:00,2015
subramanyapura,assault,12.881747,77.546289,,14:00:00,2015
subramanyapura,assault,12.863652,77.555527,,16:00:00,2015
subramanyapura,assault,12.891342,77.523967,2015-05-19,21:00:00,2015
subramanyapura,assault,12.864784,77.55421,2015-05-22,22:00:00,2015
subramanyapura,assault,12.856018,77.564528,2015-05-26,18:30:00,2015
subramanyapura,assault,12.890073,77.542276,2015-05-26,00:15:00,2015
subramanyapura,assault,12.866266,77.543685,,13:50:00,2015
subramanyapura,assault,12.866541,77.567617,,15:00:00,2015
subramanyapura,assault,12.855414,77.565999,,10:30:00,2015
subramanyapura,assault,12.867267,77.543673,,14:00:00,2015
subramanyapura,assault,12.871688,77.555856,,13:15:00,2015
subramanyapura,assault,12.869293,77.572492,2015-08-13,16:15:00,2015
subramanyapura,assault,12.869297,77.525191,,14:10:00,2015
subramanyapura,assault,12.856072,77.576919,2015-09-14,01:30:00,2015
subramanyapura,assault,12.878058,77.511198,2015-09-21,18:00:00,2015
subramanyapura,assault,12.869635,77.534393,2015-09-30,22:45:00,2015
subramanyapura,assault,12.869635,77.534393,,10:10:00,2015
subramanyapura,assault,12.876895,77.545061,2015-10-29,18:30:00,2015
subramanyapura,assault,12.861869,77.558201,,10:30:00,2015
subramanyapura,assault,12.878629,77.545068,,11:30:00,2015
subramanyapura,assault,12.869541,77.546971,,17:30:00,2015
subramanyapura,assault,12.866147,77.546218,2015-11-19,18:30:00,2015
subramanyapura,assault,12.864551,77.542888,,12:30:00,2015
subramanyapura,assault,12.868749,77.542331,,22:49:00,2015
subramanyapura,assault,12.869944,77.549881,,14:00:00,2016
subramanyapura,assault,12.861122,77.549811,,23:30:00,2016
subramanyapura,assault,12.867781,77.542544,2016-03-19,15:30:00,2016
subramanyapura,assault,12.865478,77.541168,2016-03-20,13:00:00,2016
subramanyapura,assault,12.865221,77.543077,2016-03-21,13:15:00,2016
subramanyapura,assault,12.86611,77.546988,2016-03-23,23:30:00,2016
subramanyapura,assault,12.879408,77.545308,2016-03-25,20:00:00,2016
subramanyapura,assault,12.864789,77.541129,,17:00:00,2016
subramanyapura,assault,12.8661,77.54678,,12:00:00,2016
subramanyapura,assault,12.864977,77.546611,,16:00:00,2016
subramanyapura,assault,12.86112,77.54997,,10:30:00,2016
subramanyapura,assault,12.868478,77.546611,2016-06-19,16:00:00,2016
subramanyapura,assault,12.876147,77.546997,2016-06-21,20:00:00,2016
subramanyapura,assault,12.862001,77.54811,2016-06-29,21:15:00,2016
subramanyapura,assault,12.866147,77.548811,2016-07-18,14:30:00,2016
subramanyapura,assault,12.879147,77.541197,2016-07-18,14:30:00,2016
subramanyapura,assault,12.863331,77.548994,2016-07-24,11:00:00,2016
subramanyapura,assault,12.864778,77.544617,2016-07-25,21:30:00,2016
subramanyapura,assault,12.869714,77.548791,,18:30:00,2016
subramanyapura,assault,12.861174,77.5463271,,16:00:00,2016
subramanyapura,assault,12.863971,77.548741,2016-09-13,18:00:00,2016
subramanyapura,assault,12.869108,77.545478,2016-09-28,09:00:00,2016
subramanyapura,assault,12.863974,77.542119,,10:30:00,2016
subramanyapura,assault,12.862397,77.542974,2016-10-24,00:15:00,2016
subramanyapura,assault,12.862674,77.541191,2016-10-29,14:30:00,2016
subramanyapura,assault,12.863971,77.541228,,11:15:00,2016
subramanyapura,assault,12.867448,77.543691,,16:30:00,2016
subramanyapura,assault,12.861587,77.543947,,22:00:00,2016
subramanyapura,assault,12.862551,77.543557,,22:00:00,2016
subramanyapura,assault,12.865517,77.543381,2016-11-14,23:00:00,2016
subramanyapura,assault,12.869417,77.547194,2016-11-16,11:00:00,2016
subramanyapura,assault,12.866221,77.543187,2016-11-16,12:00:00,2016
subramanyapura,assault,12.862947,77.568471,2016-11-15,17:00:00,2016
subramanyapura,assault,12.876178,77.542841,2016-11-18,16:30:00,2016
subramanyapura,assault,12.862178,77.541884,2016-11-29,10:00:00,2016
subramanyapura,assault,12.861578,77.542134,,10:00:00,2017
subramanyapura,assault,12.863971,77.541557,,11:30:00,2017
subramanyapura,assault,12.861874,77.541977,,21:30:00,2017
subramanyapura,assault,12.869871,77.543378,2017-01-18,12:00:00,2017
subramanyapura,assault,12.861578,77.549557,2017-01-29,03:30:00,2017
subramanyapura,assault,12.866114,77.543448,2017-02-19,21:00:00,2017
subramanyapura,assault,12.869594,77.5436217,2017-03-13,14:15:00,2017
subramanyapura,assault,12.861437,77.5428171,,17:35:00,2017
subramanyapura,assault,12.866178,77.543947,2017-03-28,09:05:00,2017
subramanyapura,assault,12.8621781,77.543319,,09:30:00,2017
subramanyapura,assault,12.8665478,77.546781,,17:00:00,2017
subramanyapura,assault,12.862178,77.545443,2017-05-25,03:00:00,2017
subramanyapura,assault,12.861287,77.546719,2017-06-25,20:20:00,2017
subramanyapura,assault,12.862214,77.543384,,16:30:00,2017
subramanyapura,assault,12.863974,77.549917,,23:00:00,2017
subramanyapura,assault,12.865547,77.543994,,10:00:00,2017
subramanyapura,assault,12.861547,77.541487,2017-09-24,15;35,2017
subramanyapura,assault,12.863388,77.5415478,2017-09-24,15:35:00,2017
subramanyapura,assault,12.878478,77.542174,,21:00:00,2017
subramanyapura,assault,12.862881,77.544487,,12:00:00,2017
subramanyapura,assault,12.861278,77.543957,2017-10-17,17:00:00,2017
subramanyapura,assault,12.861478,77.568457,2017-10-24,17:00:00,2017
subramanyapura,assault,12.878781,77.546147,,23:00:00,2017
subramanyapura,assault,12.8621789,77.542144,2017-11-26,23:15:00,2017
subramanyapura,assault,12.861947,77.54,,16:00:00,2017
subramanyapura,assault,12.863447,77.54,,10:30:00,2017
subramanyapura,assault,12.862174,77.546112,2015-12-31,12:15:00,2017
subramanyapura,assault,12.860171,77.546471,,22:15:00,2018
subramanyapura,assault,12.860118,77.543697,,20:15:00,2018
subramanyapura,assault,12.860018,77.54447,2018-01-18,16:00:00,2018
subramanyapura,assault,12.865517,77.5491478,2018-01-18,17:00:00,2018
subramanyapura,assault,12.863947,77.542178,2018-01-20,04:00:00,2018
subramanyapura,assault,12.863178,77.540157,2018-01-29,16:00:00,2018
subramanyapura,assault,12.860017,77.54674,,15:00:00,2018
subramanyapura,assault,12.863314,77.546614,2018-02-16,13:15:00,2018
subramanyapura,assault,12.86288,77.546974,2018-02-24,12:30:00,2018
subramanyapura,assault,12.863178,77.548841,,16:30:00,2018
subramanyapura,assault,12.86987,77.543884,2018-03-25,12:30:00,2018
subramanyapura,assault,12.862178,77.543971,,17:00:00,2018
subramanyapura,assault,12.862271,77.540187,,14:30:00,2018
subramanyapura,assault,12.863971,77.542177,2018-04-13,15:00:00,2018
subramanyapura,assault,12.865541,77.559741,2018-04-13,19:00:00,2018
subramanyapura,assault,12.862178,77.543301,2018-04-17,19:00:00,2018
subramanyapura,assault,12.866108,77.547841,2018-04-26,10:15:00,2018
subramanyapura,assault,12.862174,77.547617,,17:00:00,2018
subramanyapura,assault,12.862178,77.542991,2018-05-28,16:00:00,2018
subramanyapura,assault,12.862217,77.543974,2018-06-20,10;30,2018
subramanyapura,assault,12.860178,77.543971,2018-06-23,17:00:00,2018
subramanyapura,assault,12.863391,77.549631,2018-07-16,21:00:00,2018
subramanyapura,assault,12.862871,77.542208,2018-07-25,,2018
subramanyapura,assault,12.869713,77.54228,2018-07-26,12:00:00,2018
subramanyapura,assault,12.863971,77.541498,2018-07-30,16:00:00,2018
subramanyapura,assault,12.863971,77.542871,2018-07-30,17:00:00,2018
subramanyapura,assault,12.86331,77.548714,,10:30:00,2018
subramanyapura,assault,12.869941,77.543971,2018-08-13,20:45:00,2018
subramanyapura,assault,12.863741,77.54331,2018-08-13,23:00:00,2018
subramanyapura,assault,12.862178,77.543971,2018-08-26,14:58:00,2018
subramanyapura,assault,12.878179,77.551471,,23:00:00,2018
subramanyapura,assault,12.847479,77.558479,,17:45:00,2018
subramanyapura,assault,12.862147,77.548814,2018-10-14,10:00:00,2018
subramanyapura,assault,12.8601789,77.545471,2018-10-16,15:00:00,2018
subramanyapura,assault,12.86441,77.549381,2018-10-20,02:00:00,2018
subramanyapura,assault,12.864578,77.543974,2018-10-27,10:10:00,2018
subramanyapura,assault,12.862147,77.541478,,13:15:00,2018
subramanyapura,assault,12.862879,77.543971,2018-05-22,11:00:00,2018
subramanyapura,assault,12.861107,77.546971,2018-11-17,15:30:00,2018
subramanyapura,assault,12.866671,77.544487,2018-11-24,21:00:00,2018
subramanyapura,assault,12.862178,77.546717,,13:00:00,2018
subramanyapura,assault,12.862284,77.543017,2018-12-13,22:00:00,2018
subramanyapura,assault,12.863278,77.540141,2018-11-18,20:15:00,2018
subramanyapura,assault,12.862178,77.543271,2018-05-29,22:00:00,2018
subramanyapura,assault,12.863971,77.542178,2019-02-26,14:00:00,2019
subramanyapura,assault,12.870174,77.542211,,18:30:00,2019
subramanyapura,assault,12.863971,77.540157,,13:30:00,2019
subramanyapura,assault,12.866617,77.545732,2019-03-14,15:00:00,2019
subramanyapura,assault,12.863976,77.544131,2019-03-28,21:50:00,2019
subramanyapura,assault,12.872208,77.566316,,17:00:00,2019
subramanyapura,assault,12.874712,77.533853,,22:30:00,2019
subramanyapura,assault,12.875183,77.533083,,11:30:00,2019
subramanyapura,assault,12.89413,77.541369,,13:00:00,2019
subramanyapura,assault,12.873542,77.53235,,19:30:00,2019
subramanyapura,assault,12.871934,77.533441,,03:30:00,2019
subramanyapura,assault,12.859276,77.563266,2019-08-23,19:00:00,2019
subramanyapura,assault,12.87121,77.564375,2019-08-23,21:30:00,2019
subramanyapura,assault,12.89447,77.541371,,13:00:00,2019
subramanyapura,assault,12.89197,77.52341,2019-09-13,01:00:00,2019
subramanyapura,assault,12.878127,77.545653,,22:00:00,2019
subramanyapura,assault,12.872577,77.562818,2019-07-22,16:15:00,2019
subramanyapura,assault,12.875743,77.544554,2019-10-20,16:15:00,2019
subramanyapura,assault,12.895617,77.541573,2019-05-31,12:12:00,2019
subramanyapura,assault,12.862618,77.531543,2019-11-13,13:30:00,2019
subramanyapura,assault,12.883127,77.546741,2019-11-23,11:45:00,2019
subramanyapura,assault,12.866041,77.775438,,11:45:00,2019
subramanyapura,assault,12.876338,77.540164,2019-12-17,18:00:00,2019
subramanyapura,assault,12.867778,77.5357,,16:00:00,2019
subramanyapura,assault,12.88999,77.550627,,,2017
subramanyapura,assault,12.86825,77.582154,2017-01-24,17:00:00,2017
subramanyapura,assault,12.86825,77.582162,,,2017
subramanyapura,assault,12.879174,77.564244,2017-02-15,21:35:00,2017
subramanyapura,assault,12.87929,77.567728,2017-02-25,18:00:00,2017
subramanyapura,assault,12.890678,77.564027,2017-02-25,21:30:00,2017
subramanyapura,assault,12.86825,77.582154,,,2017
subramanyapura,assault,12.879174,77.564244,2017-03-18,21:00:00,2017
subramanyapura,assault,12.908554,77.591969,,,2017
subramanyapura,assault,12.888167,77.570983,2017-04-19,11:30:00,2017
subramanyapura,assault,12.844683,77.583062,2017-04-27,09:00:00,2017
subramanyapura,assault,12.865815,77.580803,,09:00:00,2017
subramanyapura,assault,12.867538,77.534498,2017-05-28,18:00:00,2017
subramanyapura,assault,12.87575,77.581656,,16:30:00,2017
subramanyapura,assault,12.908554,77.591969,,23:30:00,2017
subramanyapura,assault,12.844683,77.583062,2017-06-14,18:30:00,2017
subramanyapura,assault,12.890678,77.564027,,16:00:00,2017
subramanyapura,assault,12.879174,77.564244,,12:00:00,2017
subramanyapura,assault,12.908554,77.591969,,15:00:00,2017
subramanyapura,assault,12.876396,77.5836,,19:30:00,2017
subramanyapura,assault,12.88995,77.582318,,23:30:00,2017
subramanyapura,assault,12.745792,77.48775,,13:30:00,2017
subramanyapura,assault,12.88164,77.571036,2017-07-14,14:30:00,2017
subramanyapura,assault,12.890678,77.564027,2017-07-23,11:45:00,2017
subramanyapura,assault,12.844683,77.583062,,11:45:00,2017
subramanyapura,assault,12.834683,77.583062,,10:30:00,2017
subramanyapura,assault,12.88164,77.571036,,13:50:00,2017
subramanyapura,assault,12.861915,77.561583,2017-09-13,16:50:00,2017
subramanyapura,assault,12.867463,77.583062,2017-09-18,10:15:00,2017
subramanyapura,assault,12.854683,77.583042,2017-09-20,15:20:00,2017
subramanyapura,assault,12.88825,77.572154,2017-09-26,11:30:00,2017
subramanyapura,assault,12.89825,77.5712169,2017-09-30,09:20:00,2017
subramanyapura,assault,12.865815,77.580803,2017-10-13,17:00:00,2017
subramanyapura,assault,12.87825,77.582154,2017-10-15,16:30:00,2017
subramanyapura,assault,12.86825,77.582154,2017-10-20,16:00:00,2017
subramanyapura,assault,12.88825,77.5821342,2017-10-20,22:15:00,2017
subramanyapura,assault,12.98825,77.582154,2017-10-23,18:00:00,2017
subramanyapura,assault,12.845799,77.584087,,13:00:00,2017
subramanyapura,assault,12.88086,77.57472,,21:15:00,2017
subramanyapura,assault,12.88829,77.580217,2017-11-20,01:00:00,2017
subramanyapura,assault,12.835799,77.584087,2017-12-13,19:00:00,2017
subramanyapura,assault,12.835799,77.584087,2017-12-29,14:00:00,2017
subramanyapura,assault,12.895925,77.585328,,19:15:00,2018
subramanyapura,assault,12.835799,77.584087,,15:00:00,2018
subramanyapura,assault,12.845799,77.584087,2018-01-17,12:50:00,2018
subramanyapura,assault,12.878746,77.5622,2018-01-25,15:30:00,2018
subramanyapura,assault,12.835799,77.584087,2018-01-26,16:00:00,2018
subramanyapura,assault,12.88086,77.57472,2018-01-27,21:15:00,2018
subramanyapura,assault,12.835799,77.584087,,19:00:00,2018
subramanyapura,assault,12.88365,77.567108,,16:30:00,2018
subramanyapura,assault,12.845799,77.584087,2018-02-16,11:00:00,2018
subramanyapura,assault,12.882462,77.569158,2018-02-19,17:00:00,2018
subramanyapura,assault,12.88829,77.580217,2018-02-21,19:30:00,2018
subramanyapura,assault,12.845799,77.584087,,11:15:00,2018
subramanyapura,assault,12.884587,77.569498,,16:00:00,2018
subramanyapura,assault,12.844501,77.584473,2018-03-15,22:30:00,2018
subramanyapura,assault,12.88829,77.580217,2018-03-21,20:40:00,2018
subramanyapura,assault,12.8834428,77.569808,2018-03-23,11:55:00,2018
subramanyapura,assault,12.881754,77.569001,2018-03-26,12:00:00,2018
subramanyapura,assault,12.854933,77.588491,2018-03-26,21:30:00,2018
subramanyapura,assault,12.882116,77.574506,2018-03-31,11:15:00,2018
subramanyapura,assault,12.87825,77.582172,,09:35:00,2018
subramanyapura,assault,12.892825,77.58269,2018-04-13,15:30:00,2018
subramanyapura,assault,12.87825,77.582172,2018-04-21,22:15:00,2018
subramanyapura,assault,12.88825,77.582165,2018-04-27,16:00:00,2018
subramanyapura,assault,12.86825,77.582161,,17:15:00,2018
thalaghtappura,assault,12.86825,77.582172,,17:30:00,2018
thalaghtappura,assault,12.872825,77.582169,,23:50:00,2018
thalaghtappura,assault,12.75825,77.58214,,,2018
thalaghtappura,assault,12.78825,77.582154,2018-05-14,16:10:00,2018
thalaghtappura,assault,12.86825,77.582169,,15:30:00,2018
thalaghtappura,assault,12.796825,77.582172,,02:30:00,2018
thalaghtappura,assault,12.86825,77.582154,,10:30:00,2018
thalaghtappura,assault,12.86825,77.582154,2018-06-15,23:20:00,2018
thalaghtappura,assault,12.86825,77.582154,2018-06-30,20:50:00,2018
thalaghtappura,assault,12.86825,77.582154,2018-07-14,07:00:00,2018
thalaghtappura,assault,12.86825,77.582154,2018-07-16,22:15:00,2018
thalaghtappura,assault,12.86825,77.582154,2018-07-16,22:30:00,2018
thalaghtappura,assault,12.86825,77.582154,2018-07-31,22:00:00,2018
thalaghtappura,assault,12.86825,77.582154,,10:30:00,2018
thalaghtappura,assault,12.86825,77.582154,,17:45:00,2018
thalaghtappura,assault,12.86825,77.582154,,12:30:00,2018
thalaghtappura,assault,12.86825,77.582154,,09:30:00,2018
thalaghtappura,assault,12.86825,77.582154,2018-09-18,03:45:00,2018
thalaghtappura,assault,12.86825,77.582154,,21:00:00,2018
thalaghtappura,assault,12.86825,77.582154,,13:00:00,2018
thalaghtappura,assault,12.86825,77.582154,,16:30:00,2018
thalaghtappura,assault,12.86825,77.582154,,18:15:00,2018
thalaghtappura,assault,12.86825,77.582154,2018-10-21,16:15:00,2018
thalaghtappura,assault,12.86825,77.582154,2018-10-29,04:10:00,2018
thalaghtappura,assault,12.86825,77.582154,,18:00:00,2018
thalaghtappura,assault,12.86825,77.582154,,19:00:00,2018
thalaghtappura,assault,12.86825,77.582154,,19:00:00,2018
thalaghtappura,assault,12.86825,77.582154,2018-12-20,14:00:00,2018
thalaghtappura,assault,12.86825,77.582154,,,2018
thalaghtappura,assault,12.86825,77.582154,2018-12-25,22:45:00,2018
thalaghtappura,assault,12.86825,77.582154,,15:15:00,2019
thalaghtappura,assault,12.86825,77.582154,2019-01-14,20:00:00,2019
thalaghtappura,assault,12.86825,77.582154,2019-01-29,17:00:00,2019
thalaghtappura,assault,12.78825,77.582154,,18:00:00,2019
thalaghtappura,assault,12.89825,77.582154,,13:30:00,2019
thalaghtappura,assault,12.882462,77.569158,,17:00:00,2019
thalaghtappura,assault,12.892462,77.579158,2019-02-21,19:20:00,2019
thalaghtappura,assault,12.86825,77.582154,,22:45:00,2019
thalaghtappura,assault,12.86825,77.582154,2019-03-13,13:10:00,2019
thalaghtappura,assault,12.86825,77.582154,2019-03-16,23:30:00,2019
thalaghtappura,assault,12.86825,77.582154,,,2019
thalaghtappura,assault,12.86825,77.582154,,13:15:00,2019
thalaghtappura,assault,12.873437,77.583593,,21:15:00,2019
thalaghtappura,assault,12.883437,77.583593,,21:10:00,2019
thalaghtappura,assault,12.87825,77.582154,2019-04-23,17:30:00,2019
thalaghtappura,assault,12.85825,77.582154,2019-04-28,13:15:00,2019
thalaghtappura,assault,12.86825,77.582154,,14:40:00,2019
thalaghtappura,assault,12.86825,77.582154,2019-05-13,20:45:00,2019
thalaghtappura,assault,12.87825,77.582154,2019-05-18,18:45:00,2019
thalaghtappura,assault,12.89825,77.582154,2019-05-23,15:15:00,2019
thalaghtappura,assault,12.8925,77.582154,2019-05-30,23:50:00,2019
thalaghtappura,assault,12.83271,77.7182171,2019-06-25,20:15:00,2019
thalaghtappura,assault,12.868271,77.7182171,2019-06-25,20:25:00,2019
thalaghtappura,assault,12.868271,77.7182171,2019-06-28,14:00:00,2019
thalaghtappura,assault,12.878271,77.7182171,,22:15:00,2019
thalaghtappura,assault,12.888271,77.7182171,,09:45:00,2019
thalaghtappura,assault,12.878271,77.7182171,,15:00:00,2019
thalaghtappura,assault,12.898271,77.7182171,2019-07-16,22:15:00,2019
thalaghtappura,assault,12.844683,77.583062,2019-07-16,22:40:00,2019
thalaghtappura,assault,12.88365,77.567108,2019-07-25,16:45:00,2019
thalaghtappura,assault,12.84365,77.567108,,13:30:00,2019
thalaghtappura,assault,12.88822,77.578284,2019-08-13,11:30:00,2019
thalaghtappura,assault,12.88822,77.578284,2019-08-27,17:30:00,2019
thalaghtappura,assault,12.844683,77.583062,2019-08-30,13:30:00,2019
thalaghtappura,assault,12.880803,77.584041,,17:00:00,2019
thalaghtappura,assault,12.880803,77.584041,,17:15:00,2019
thalaghtappura,assault,12.880777,77.584035,,03:00:00,2019
thalaghtappura,assault,12.897696,77.571659,2019-11-16,19:00:00,2019
thalaghtappura,assault,12.89282,77.578196,,13:00:00,2019
thalaghtappura,assault,12.8886343,77.567481,,18:30:00,2019
thalaghtappura,assault,12.8611,77.5793167,2017-01-15,21:50:00,2017
thalaghtappura,assault,12.909336,77.57431,2017-01-20,13:10:00,2017
thalaghtappura,assault,12.9034389,77.5807806,,,2017
thalaghtappura,assault,12.877679,77.584074,,,2017
thalaghtappura,assault,12.891021,77.582776,,,2017
thalaghtappura,assault,12.8898056,77.5858417,2017-02-20,14:30:00,2017
thalaghtappura,assault,12.892167,77.581841,2017-03-25,17:00:00,2017
thalaghtappura,assault,12.9050417,77.5919222,2017-04-20,14:30:00,2017
thalaghtappura,assault,12.9002556,77.5902389,2017-04-24,11:30:00,2017
thalaghtappura,assault,12.9056167,77.5901611,2017-04-25,14:00:00,2017
thalaghtappura,assault,12.8837528,77.5900583,,,2017
thalaghtappura,assault,12.8837528,77.5900583,2017-06-14,10:30:00,2017
thalaghtappura,assault,12.8837528,77.5900583,2017-06-22,22:10:00,2017
thalaghtappura,assault,12.8837528,77.5900583,,,2017
thalaghtappura,assault,12.886537,77.586721,2017-08-14,16:00:00,2017
thalaghtappura,assault,12.905746,77.57994,2017-08-14,21:00:00,2017
thalaghtappura,assault,12.906203,77.58576,,,2017
thalaghtappura,assault,12.887179,77.589881,2017-09-25,16:00:00,2017
thalaghtappura,assault,12.8978861,77.5729806,2017-10-29,12:15:00,2017
thalaghtappura,assault,12.899745,77.582751,2017-11-28,21:15:00,2017
thalaghtappura,assault,12.906348,77.59955,,,2018
thalaghtappura,assault,12.898622,77.570897,2018-01-22,11:00:00,2018
thalaghtappura,assault,12.891943,77.5755,2018-01-30,21:30:00,2018
thalaghtappura,assault,12.889336,77.588762,2018-02-14,15:15:00,2018
thalaghtappura,assault,12.8958139,77.5869917,2018-03-21,14:30:00,2018
thalaghtappura,assault,12.90248,77.58207,2018-03-29,09:00:00,2018
thalaghtappura,assault,12.899884,77.589881,2018-04-14,21:40:00,2018
thalaghtappura,assault,12.899884,77.589881,2018-04-14,22:40:00,2018
thalaghtappura,assault,12.856487,77.956874,,,2018
thalaghtappura,assault,12.9023932,77.5820933,,,2018
thalaghtappura,assault,12.9025287,77.582085,,,2018
thalaghtappura,assault,12.9024521,77.5820206,2018-08-14,16:30:00,2018
thalaghtappura,assault,12.9023236,77.5821221,,,2018
thalaghtappura,assault,12.9023238,77.5821107,,,2018
thalaghtappura,assault,12.9024239,77.58218,,,2018
thalaghtappura,assault,12.903342,77.591839,,,2018
thalaghtappura,assault,12.896264,77.599616,2018-09-21,12:30:00,2018
thalaghtappura,assault,12.886113,77.585046,2018-09-24,20:40:00,2018
thalaghtappura,assault,12.877806,77.583708,,,2018
thalaghtappura,assault,12.902823,77.577043,,,2018
thalaghtappura,assault,12.888787,77.585418,,,2018
thalaghtappura,assault,12.895878,77.581846,2018-12-17,20:35:00,2018
thalaghtappura,assault,12.887975,77.590916,2018-12-19,16:30:00,2018
thalaghtappura,assault,12.895878,77.581846,2019-01-31,21:00:00,2019
thalaghtappura,assault,12.902353,77.583402,,,2019
thalaghtappura,assault,12.886842,77.591272,,,2019
thalaghtappura,assault,12.891757,77.582555,,,2019
thalaghtappura,assault,12.886842,77.591272,2019-02-26,21:30:00,2019
thalaghtappura,assault,12.902353,77.583402,,,2019
thalaghtappura,assault,12.895878,77.581846,2019-04-27,20:45:00,2019
thalaghtappura,assault,12.902122,77.582668,2019-04-30,19:30:00,2019
thalaghtappura,assault,12.901612,77.574628,,,2019
thalaghtappura,assault,12.901612,77.574628,,,2019
thalaghtappura,assault,12.897327,77.580171,2019-05-15,21:00:00,2019
thalaghtappura,assault,12.904728,77.584046,2019-07-19,14:10:00,2019
thalaghtappura,assault,12.904728,77.584046,2019-08-13,16:15:00,2019
thalaghtappura,assault,12.932507,77.582221,2019-09-15,05:00:00,2019
thalaghtappura,assault,12.904728,77.584046,2019-10-14,21:00:00,2019
thalaghtappura,assault,12.839673,77.588976,,,2019
thalaghtappura,assault,12.839673,77.588976,,,2019
thalaghtappura,assault,12.893633,77.586537,,,2019
thalaghtappura,assault,12.839673,77.588976,2019-11-15,13:15:00,2019
thalaghtappura,assault,12.902726,77.582888,2019-11-21,14:35:00,2019
thalaghtappura,assault,12.877806,77.583708,,,2019
thalaghtappura,assault,12.90004,77.589878,,,2019
thalaghtappura,assault,12.899484,77.586083,2019-12-24,10:45:00,2019
thalaghtappura,assault,12.901991,77.582256,2019-12-31,12:30:00,2019
thalaghtappura,assault,12.911758,77.572653,,14:00:00,2015
thalaghtappura,assault,12.9028808,77.5721868,2015-01-19,09:45:00,2015
thalaghtappura,assault,12.9144906,77.5721065,2015-01-20,23:10:00,2015
thalaghtappura,assault,12.9058711,77.5646367,2015-01-25,08:45:00,2015
thalaghtappura,assault,12.9061712,77.5698458,2015-02-23,12:30:00,2015
thalaghtappura,assault,12.9109359,77.5646697,2015-03-24,12:00:00,2015
thalaghtappura,assault,12.9008928,77.5698814,2015-04-20,12:00:00,2015
thalaghtappura,assault,12.9109359,77.5646697,,13:45:00,2015
thalaghtappura,assault,12.898195,77.5693753,,21:15:00,2015
thalaghtappura,assault,12.898195,77.5693753,2015-05-16,12:30:00,2015
thalaghtappura,assault,12.898195,77.5693753,2015-05-16,04:45:00,2015
thalaghtappura,assault,12.898195,77.5693753,,10:15:00,2015
thalaghtappura,assault,12.9061712,77.5698458,2015-06-15,14:30:00,2015
thalaghtappura,assault,12.898195,77.5693753,2015-06-21,23:50:00,2015
thalaghtappura,assault,12.9109359,77.5646697,2015-06-22,17:00:00,2015
thalaghtappura,assault,12.9008928,77.5698814,,21:30:00,2015
thalaghtappura,assault,12.9061712,77.5698458,,13:30:00,2015
thalaghtappura,assault,12.9109359,77.5646697,,16:50:00,2015
thalaghtappura,assault,12.9109359,77.5646697,2015-08-18,02:45:00,2015
thalaghtappura,assault,12.9109359,77.5646697,2015-08-19,19:00:00,2015
thalaghtappura,assault,12.9109359,77.5646697,2015-08-23,14:45:00,2015
thalaghtappura,assault,12.9061712,77.5698458,2015-08-26,10:10:00,2015
thalaghtappura,assault,12.898195,77.5693753,2015-09-14,12:00:00,2015
thalaghtappura,assault,12.9109359,77.5646697,2015-09-22,16:00:00,2015
thalaghtappura,assault,12.9109359,77.5646697,2015-09-28,22:30:00,2015
thalaghtappura,assault,12.9109359,77.5646697,,14:00:00,2015
thalaghtappura,assault,12.9109359,77.5646697,2015-10-20,23:30:00,2015
thalaghtappura,assault,12.898195,77.5693753,2015-10-21,17:40:00,2015
thalaghtappura,assault,12.9109359,77.5646697,2015-10-23,02:45:00,2015
thalaghtappura,assault,12.9076945,77.5719852,2015-10-23,22:45:00,2015
thalaghtappura,assault,12.9008928,77.5698814,,15:30:00,2015
thalaghtappura,assault,12.898195,77.5693753,,06:45:00,2015
thalaghtappura,assault,12.9008928,77.5698814,,23:00:00,2015
thalaghtappura,assault,12.9109359,77.5646697,2015-11-22,02:30:00,2015
thalaghtappura,assault,12.898195,77.5693753,2015-11-24,09:00:00,2015
thalaghtappura,assault,12.9109359,77.5646697,2015-11-28,10:45:00,2015
thalaghtappura,assault,12.898195,77.5693753,,21:55:00,2015
thalaghtappura,assault,12.9076945,77.5719852,2015-12-15,03:00:00,2015
thalaghtappura,assault,12.9109359,77.5646697,2015-12-19,15:45:00,2015
thalaghtappura,assault,12.898195,77.5693753,,11:00:00,2016
thalaghtappura,assault,12.9076945,77.5719852,,22:45:00,2016
thalaghtappura,assault,12.9109359,77.5646697,2016-01-19,19:00:00,2016
thalaghtappura,assault,12.9109359,77.5646697,2016-01-21,12:30:00,2016
thalaghtappura,assault,12.9109359,77.5646697,2016-02-27,18:00:00,2016
thalaghtappura,assault,12.9076945,77.5719852,2016-03-13,23:55:00,2016
thalaghtappura,assault,12.898195,77.5693753,2016-03-20,12:15:00,2016
thalaghtappura,assault,12.9008928,77.5698814,2016-03-24,16:00:00,2016
thalaghtappura,assault,12.9109359,77.5646697,2016-03-25,23:30:00,2016
thalaghtappura,assault,12.9073405,77.5726119,2016-04-21,13:00:00,2016
thalaghtappura,assault,12.9109359,77.5646697,,12:00:00,2016
thalaghtappura,assault,12.8985982,77.5568979,2016-05-18,12:30:00,2016
thalaghtappura,assault,12.9008928,77.5698814,2016-05-19,14:30:00,2016
thalaghtappura,assault,12.9109359,77.5646697,2016-05-19,16:40:00,2016
thalaghtappura,assault,12.9109359,77.5646697,2016-05-21,22:30:00,2016
thalaghtappura,assault,12.898195,77.5693753,2016-05-30,23:00:00,2016
thalaghtappura,assault,12.9061712,77.5698458,,10:00:00,2016
thalaghtappura,assault,12.898195,77.5693753,2016-06-18,22:15:00,2016
thalaghtappura,assault,12.9109359,77.5646697,2016-06-21,22:15:00,2016
thalaghtappura,assault,12.9008928,77.5698814,,20:00:00,2016
thalaghtappura,assault,12.9073405,77.5726119,,21:00:00,2016
thalaghtappura,assault,12.9043309,77.5684682,2016-08-15,10:00:00,2016
thalaghtappura,assault,12.9076945,77.5719852,2016-08-15,12:00:00,2016
thalaghtappura,assault,12.9043309,77.5684682,2016-09-14,21:30:00,2016
thalaghtappura,assault,12.9008928,77.5698814,2016-09-15,21:00:00,2016
thalaghtappura,assault,12.898195,77.5693753,2016-09-27,18:30:00,2016
thalaghtappura,assault,12.9076945,77.5719852,,13:15:00,2016
thalaghtappura,assault,12.9008928,77.5698814,,21:30:00,2016
thalaghtappura,assault,12.898195,77.5693753,,11:30:00,2016
thalaghtappura,assault,12.898195,77.5693753,,13:30:00,2016
thalaghtappura,assault,12.9109359,77.5646697,,16:15:00,2016
thalaghtappura,assault,12.9109359,77.5646697,2016-11-23,12:15:00,2016
thalaghtappura,assault,12.9109359,77.5646697,,19:00:00,2016
thalaghtappura,assault,12.9076945,77.5719852,,21:00:00,2016
thalaghtappura,assault,12.898195,77.5693753,2016-12-27,21:35:00,2016
thalaghtappura,assault,12.9057414,77.5652835,2017-01-25,23:15:00,2017
thalaghtappura,assault,12.9008928,77.5698814,2017-02-15,11:00:00,2017
thalaghtappura,assault,12.9008928,77.5698814,2017-02-21,12:00:00,2017
thalaghtappura,assault,12.898195,77.5693753,2017-02-23,15:00:00,2017
thalaghtappura,assault,12.8985982,77.5568979,2017-02-27,13:10:00,2017
thalaghtappura,assault,12.9008928,77.5698814,2017-03-30,15:00:00,2017
thalaghtappura,assault,12.8985982,77.5568979,2017-03-31,14:00:00,2017
thalaghtappura,assault,12.898195,77.5693753,,15:00:00,2017
thalaghtappura,assault,12.9109359,77.5646697,,13:00:00,2017
thalaghtappura,assault,12.898195,77.5693753,2017-04-22,18:00:00,2017
thalaghtappura,assault,12.898195,77.5693753,,15:00:00,2017
thalaghtappura,assault,12.9109359,77.5646697,,19:00:00,2017
thalaghtappura,assault,12.898195,77.5693753,2017-05-13,21:30:00,2017
thalaghtappura,assault,12.9053291,77.5632981,2017-05-18,16:30:00,2017
thalaghtappura,assault,12.9109359,77.5646697,,22:30:00,2017
thalaghtappura,assault,12.9109359,77.5646697,,11:15:00,2017
thalaghtappura,assault,12.898195,77.5693753,,11:00:00,2017
thalaghtappura,assault,12.9109359,77.5646697,,15:30:00,2017
thalaghtappura,assault,12.9109359,77.5646697,,18:30:00,2017
thalaghtappura,assault,12.9109359,77.5646697,2017-07-15,15:00:00,2017
thalaghtappura,assault,12.9076945,77.5719852,2017-07-16,11:00:00,2017
thalaghtappura,assault,12.9008928,77.5698814,2017-07-18,12:00:00,2017
thalaghtappura,assault,12.9109359,77.5698458,2017-07-25,13:00:00,2017
thalaghtappura,assault,12.898195,77.5693753,,14:00:00,2017
thalaghtappura,assault,12.9061712,77.5698458,2017-08-14,15:00:00,2017
thalaghtappura,assault,12.8985982,77.5568979,2017-08-17,13:00:00,2017
thalaghtappura,assault,12.8985982,77.5568979,2017-08-17,14:00:00,2017
thalaghtappura,assault,12.9061712,77.5698458,2017-08-20,14:00:00,2017
thalaghtappura,assault,12.9109359,77.5646697,2017-08-23,15:00:00,2017
thalaghtappura,assault,12.9061712,77.5698458,2017-08-24,18:30:00,2017
thalaghtappura,assault,12.9109359,77.5646697,,13:45:00,2017
thalaghtappura,assault,12.8985982,77.5568979,,14:45:00,2017
thalaghtappura,assault,12.9109359,77.5646697,2017-09-16,19:20:00,2017
thalaghtappura,assault,12.9076945,77.5719852,2017-09-19,20:00:00,2017
thalaghtappura,assault,12.898195,77.5693753,,16:20:00,2017
thalaghtappura,assault,12.9076945,77.5719852,,20:00:00,2017
thalaghtappura,assault,12.9076945,77.5719852,,21:00:00,2017
thalaghtappura,assault,12.898195,77.5693753,2017-10-20,22:45:00,2017
thalaghtappura,assault,12.8957622,77.5599416,2017-10-30,21:15:00,2017
thalaghtappura,assault,12.9109359,77.5646697,,22:00:00,2017
thalaghtappura,assault,12.9109359,77.5646697,,14:00:00,2017
thalaghtappura,assault,12.9076945,77.5719852,,20:00:00,2017
thalaghtappura,assault,12.9155359,77.5616258,,19:30:00,2017
thalaghtappura,assault,12.8985982,77.5568979,2017-11-26,13:00:00,2017
thalaghtappura,assault,12.9114198,77.5620769,2017-11-27,16:30:00,2017
thalaghtappura,assault,12.9109359,77.5646697,2017-11-27,17:00:00,2017
thalaghtappura,assault,12.9077017,77.5713098,,15:00:00,2017
thalaghtappura,assault,12.9061712,77.5698458,,12:00:00,2017
thalaghtappura,assault,12.9162974,77.5707956,2017-12-17,18:00:00,2017
thalaghtappura,assault,12.9109359,77.5646697,2018-01-27,15:15:00,2018
thalaghtappura,assault,12.9109359,77.5646697,,11:15:00,2018
thalaghtappura,assault,12.9109359,77.5646697,,12:30:00,2018
thalaghtappura,assault,12.9109359,77.5646697,2018-02-15,22:45:,2018
thalaghtappura,assault,12.9109359,77.5646697,2018-02-18,20:45:00,2018
thalaghtappura,assault,12.9109359,77.5646697,2018-02-18,22:30:00,2018
thalaghtappura,assault,12.9109359,77.5646697,2018-02-27,09:00:00,2018
thalaghtappura,assault,12.9109359,77.5646697,2018-03-13,10:00:00,2018
thalaghtappura,assault,12.9109359,77.5646697,2018-03-20,13:00:00,2018
thalaghtappura,assault,12.9109359,77.5646697,2018-03-20,13:30:00,2018
thalaghtappura,assault,12.9061712,77.5698458,2018-03-23,16:00:00,2018
thalaghtappura,assault,12.8985982,77.5568979,,13:20:00,2018
thalaghtappura,assault,12.9061712,77.5698458,2018-04-20,19:15:00,2018
thalaghtappura,assault,12.9109359,77.5646697,,18:20:00,2018
thalaghtappura,assault,12.9109359,77.5646697,,19:00:00,2018
thalaghtappura,assault,12.9076945,77.5719852,,16:30:00,2018
thalaghtappura,assault,12.9076945,77.5719852,,15:00:00,2018
thalaghtappura,assault,12.8985982,77.5568979,2018-05-20,15:30:00,2018
thalaghtappura,assault,12.9109359,77.5646697,2018-05-21,14:00:00,2018
thalaghtappura,assault,12.8985982,77.5568979,2018-05-27,17:00:00,2018
thalaghtappura,assault,12.9079108,77.5667368,2018-06-28,17:30:00,2018
thalaghtappura,assault,12.9023386,77.5653253,,17:45:00,2018
thalaghtappura,assault,12.9076945,77.5719852,2018-08-15,19:00:00,2018
thalaghtappura,assault,12.8999136,77.5724909,2018-08-30,19:50:00,2018
thalaghtappura,assault,12.9109359,77.5646697,2018-09-25,17:10:00,2018
thalaghtappura,assault,12.9023333,77.5689282,2018-10-14,11:00:00,2018
thalaghtappura,assault,12.9109359,77.5646697,2018-10-23,11:30:00,2018
thalaghtappura,assault,12.9109359,77.5646697,2018-10-24,16:00:00,2018
thalaghtappura,assault,12.9109359,77.5646697,2018-10-24,16:00:00,2018
thalaghtappura,assault,12.9109359,77.5646697,2018-10-25,12:00:00,2018
thalaghtappura,assault,12.9109359,77.5646697,2018-10-25,13:00:00,2018
thalaghtappura,assault,12.9061712,77.5698458,2018-11-23,10:00:00,2018
thalaghtappura,assault,12.9061712,77.5698458,,20:30:00,2018
thalaghtappura,assault,12.9061712,77.5698458,,19:15:00,2018
thalaghtappura,assault,12.9133048,77.568035,,15:00:00,2019
thalaghtappura,assault,12.9109359,77.5646697,2019-01-23,14:40:00,2019
thalaghtappura,assault,12.898195,77.5693753,,17:15:00,2019
thalaghtappura,assault,12.9073405,77.5726119,,12:00:00,2019
thalaghtappura,assault,12.9150986,77.5618402,,11:30:00,2019
thalaghtappura,assault,12.898195,77.5693753,2019-02-14,10:00:00,2019
thalaghtappura,assault,12.9109359,77.5646697,2019-02-24,19:30:00,2019
thalaghtappura,assault,12.9073405,77.5726119,2019-02-25,10:30:00,2019
thalaghtappura,assault,12.9109359,77.5646697,2019-02-26,15:15:00,2019
thalaghtappura,assault,12.9109359,77.5646697,,15:30:00,2019
thalaghtappura,assault,12.9109359,77.5646697,,14:00:00,2019
thalaghtappura,assault,12.9133048,77.568035,2019-03-20,14:15:00,2019
thalaghtappura,assault,12.9109359,77.568035,,18:30:00,2019
thalaghtappura,assault,12.9109359,77.5646697,,14:30:00,2019
thalaghtappura,assault,12.9155359,77.5616258,2019-04-25,20:00:00,2019
thalaghtappura,assault,12.9141256,77.5633355,2019-04-26,10:00:00,2019
thalaghtappura,assault,12.9109359,77.5646697,,18:00:00,2019
thalaghtappura,assault,12.9077017,77.5713098,2019-05-16,13:00:00,2019
thalaghtappura,assault,12.9151437,77.5694191,,15:30:00,2019
thalaghtappura,assault,12.9109359,77.5646697,2019-06-13,13:10:00,2019
thalaghtappura,assault,12.9109359,77.5646697,2019-06-14,23:10:00,2019
thalaghtappura,assault,12.9109359,77.5646697,2019-06-25,14:15:00,2019
thalaghtappura,assault,12.9073405,77.5726119,2019-06-28,23:40:00,2019
thalaghtappura,assault,12.9073405,77.5726119,,13:30:00,2019
thalaghtappura,assault,12.9043309,77.5684682,,16:30:00,2019
thalaghtappura,assault,12.9073405,77.5726119,2019-07-24,02:30:00,2019
thalaghtappura,assault,12.9073405,77.5726119,2019-07-26,10:10:00,2019
thalaghtappura,assault,12.9109359,77.5646697,2019-07-31,15:50:00,2019
thalaghtappura,assault,12.9073405,77.5726119,2019-09-29,11:00:00,2019
thalaghtappura,assault,12.9073405,77.5726119,2019-09-29,19:45:00,2019
thalaghtappura,assault,12.9061712,77.5698458,,10:30:00,2019
thalaghtappura,assault,12.9109359,77.5646697,,15:00:00,2019
thalaghtappura,assault,12.9109359,77.5646697,,15:00:,2019
thalaghtappura,assault,12.9109359,77.5646697,2019-11-15,15:00:00,2019
thalaghtappura,assault,12.9073405,77.5726119,2019-11-19,12:10:00,2019
thalaghtappura,assault,12.9109359,77.5646697,2019-11-28,13:30:00,2019
thalaghtappura,assault,12.9109359,77.5646697,2019-12-21,18:30:00,2019
thalaghtappura,assault,12.9073405,77.5726119,2019-12-22,18:30:00,2019
thalaghtappura,assault,12.942983,77.548507,2015-03-18,17:00:00,2015
thalaghtappura,assault,12.943379,77.551873,2015-05-13,23:10:00,2015
thalaghtappura,assault,12.935659,77.543682,2015-05-27,11:30:00,2015
thalaghtappura,assault,12.932877,77.547598,2015-07-23,14:30:00,2015
thalaghtappura,assault,12.932061,77.545109,2015-08-15,18:30:00,2015
thalaghtappura,assault,12.942688,77.549145,2015-08-24,19:55:00,2015
thalaghtappura,assault,12.932912,77.544136,2015-08-22,14:00:00,2015
thalaghtappura,assault,12.945753,77.548912,,,2015
thalaghtappura,assault,12.931915,77.551889,,,2015
thalaghtappura,assault,12.937357,77.55191,,,2015
thalaghtappura,assault,12.939517,77.534316,,,2016
thalaghtappura,assault,12.933264,77.537223,,,2016
thalaghtappura,assault,12.928067,77.539516,,,2016
thalaghtappura,assault,12.938043,77.552383,2016-07-23,11:15:00,2016
thalaghtappura,assault,12.789566,77.952643,2016-11-27,10:30:00,2016
thalaghtappura,assault,12.930293,77.535142,2016-12-19,10:30:00,2016
thalaghtappura,assault,12.941974,77.543564,,,2016
thalaghtappura,assault,12.937381,77.552213,2016-06-21,19:30:00,2016
thalaghtappura,assault,12.927377,77.538028,2016-06-22,18:30:00,2016
thalaghtappura,assault,12.940325,77.545283,,,2017
thalaghtappura,assault,12.937064,77.536413,,,2017
thalaghtappura,assault,12.942083,77.547045,,,2017
thalaghtappura,assault,12.939859,77.534516,,,2017
thalaghtappura,assault,12.745824,77.945876,,,2017
thalaghtappura,assault,12.869547,77.54689,,,2017
thalaghtappura,assault,12.935859,77.549716,,,2017
thalaghtappura,assault,12.944966,77.5488,,,2017
thalaghtappura,assault,12.9449,77.54488,,,2017
thalaghtappura,assault,12.939628,77.534755,,,2017
thalaghtappura,assault,12.963685,77.5421546,,,2017
thalaghtappura,assault,12.86458,77.89457,,,2017
thalaghtappura,assault,12.94587,77.584697,,,2017
thalaghtappura,assault,12.94587,77.584697,,,2017
thalaghtappura,assault,12.941049,77.538113,,,2017
thalaghtappura,assault,12.940013,77.543689,,,2017
thalaghtappura,assault,12.935607,77.544605,,,2017
thalaghtappura,assault,12.93195,77.53339,,,2017
thalaghtappura,assault,12.936286,77.536518,,,2017
thalaghtappura,assault,12.922685,77.536987,,,2017
thalaghtappura,assault,12.931041,77.540918,,,2017
thalaghtappura,assault,12.938799,77.552346,,,2017
thalaghtappura,assault,12.946138,77.548921,,,2017
thalaghtappura,assault,12.946138,77.548921,,,2017
thalaghtappura,assault,12.941984,77.547,,,2017
thalaghtappura,assault,12.938941,77.551493,,,2017
thalaghtappura,assault,12.93127,77.53917,,,2017
thalaghtappura,assault,12.937026,77.536434,,,2017
thalaghtappura,assault,12.934965,77.547204,,,2017
thalaghtappura,assault,12.930463,77.545643,,,2017
thalaghtappura,assault,12.940231,77.534861,,,2017
thalaghtappura,assault,12.935645,77.553265,,,2017
thalaghtappura,assault,12.940018,77.552016,,,2017
thalaghtappura,assault,12.936701,77.548472,,,2018
thalaghtappura,assault,12.93431,77.55034,,,2018
thalaghtappura,assault,12.9358,77.5439,,,2018
thalaghtappura,assault,12.941246,77.535496,,,2018
thalaghtappura,assault,12.943535,77.547138,,,2018
thalaghtappura,assault,12.935489,77.543658,,,2018
thalaghtappura,assault,12.938654,77.542365,,,2018
thalaghtappura,assault,12.933557,77.532785,,,2018
thalaghtappura,assault,12.936587,77.543265,,,2018
thalaghtappura,assault,12.934567,77.535845,,,2018
thalaghtappura,assault,12.938995,77.53516,,,2018
thalaghtappura,assault,12.940244,77.561376,,,2018
thalaghtappura,assault,12.942654,77.542366,,,2018
thalaghtappura,assault,12.936217,77.536491,,,2018
thalaghtappura,assault,12.927756,77.540681,,,2018
thalaghtappura,assault,12.93125,77.543307,,,2018
thalaghtappura,assault,12.938285,77.533791,,,2018
thalaghtappura,assault,12.942775,77.536443,,,2018
thalaghtappura,assault,12.934576,77.543268,,,2018
thalaghtappura,assault,12.931302,77.532919,,,2018
thalaghtappura,assault,12.924303,77.539317,,,2018
thalaghtappura,assault,12.932376,77.541031,,,2018
thalaghtappura,assault,12.920941,77.536781,,,2018
thalaghtappura,assault,12.920941,77.536781,,,2018
thalaghtappura,assault,12.938254,77.533765,,,2019
thalaghtappura,assault,12.94102,77.538553,,,2019
thalaghtappura,assault,12.933916,77.538126,,,2019
thalaghtappura,assault,12.932861,77.537736,,,2019
thalaghtappura,assault,12.943939,77.546659,,,2019
thalaghtappura,assault,12.93094,77.543964,,,2019
thalaghtappura,assault,12.937934,77.535445,,,2019
thalaghtappura,assault,12.937905,77.549921,,,2019
thalaghtappura,assault,12.93113,77.546749,,,2019
thalaghtappura,assault,12.937984,77.544732,,,2019
thalaghtappura,assault,12.942391,77.548947,,,2019
thalaghtappura,assault,12.939229,77.547919,,,2019
v v puram,assault,12.934933,77.541515,,,2019
v v puram,assault,12.936431,77.536427,,,2019
v v puram,assault,12.94295,77.545663,,,2019
v v puram,assault,12.93852,77.543472,,,2019
v v puram,assault,12.93794,77.540402,,,2019
v v puram,assault,12.93794,77.540402,,,2019
v v puram,assault,12.93314,77.54023,,,2019
v v puram,assault,12.9504668,77.5643001,,,2015
v v puram,assault,12.9486568,77.5622764,,,2015
v v puram,assault,12.952299,77.564412,,,2015
v v puram,assault,12.948212,77.562999,,01:30:00,2015
v v puram,assault,12.948212,77.562999,,02:15:00,2015
v v puram,assault,12.94723,77.564242,,17:40:00,2016
v v puram,assault,12.9563077,77.5634098,,02:30:00,2016
v v puram,assault,12.952299,77.564412,,22:45:00,2016
v v puram,assault,12.9486568,77.5622764,2016-03-28,18:30:00,2016
v v puram,assault,12.956997,77.564332,,22:50:00,2016
v v puram,assault,12.9577631,77.5556034,2016-04-18,00:05:00,2016
v v puram,assault,12.9532085,77.564923,,01:00:00,2017
v v puram,assault,12.952299,77.564412,,11:15:00,2017
v v puram,assault,12.952299,77.564412,,11:45:00,2017
v v puram,assault,12.9486568,77.5622764,2017-07-25,18:30:00,2017
v v puram,assault,12.956997,77.564332,2017-12-16,11:30:00,2017
v v puram,assault,12.950853,77.563428,2018-02-15,15:30:00,2018
v v puram,assault,12.949096,77.55491,2018-03-29,19:30:00,2018
v v puram,assault,12.94855,77.56059,,16:45:00,2018
v v puram,assault,12.95497,77.56627,2018-04-17,14:00:00,2018
v v puram,assault,12.94818,77.56009,2018-05-30,14:30:00,2018
v v puram,assault,12.95411,77.56167,,21:40:00,2018
v v puram,assault,12.946004,77.558921,2018-08-26,12:15:00,2018
v v puram,assault,12.94783,77.55976,,12:30:00,2018
v v puram,assault,12.949588,77.56199,,19:00:00,2018
v v puram,assault,12.9568983,77.559266,2018-12-25,17:30:00,2018
v v puram,assault,12.94749,77.56073,2018-12-31,20:40:00,2018
v v puram,assault,12.94967,77.557683,2019-01-14,11:30:00,2019
v v puram,assault,12.94749,77.56045,2019-04-21,12:00:00,2019
v v puram,assault,12.94745,77.56633,2019-05-30,13:10:00,2019
v v puram,assault,12.94552,77.56172,,13:20:00,2019
v v puram,assault,12.94831,77.55999,2019-07-18,10:50:00,2019
v v puram,assault,12.94816,77.5678,2019-07-25,12:30:00,2019
v v puram,assault,12.95351,77.55839,,13:20:00,2019
v v puram,assault,12.95271,77.56254,2019-11-15,10:00:00,2019
v v puram,assault,12.94714,77.56241,2019-11-26,20:30:00,2019
v v puram,assault,12.9508,77.56377,2019-12-13,18:00:00,2019
v v puram,assault,12.9523,77.56858,2015-10-14,10:00:00,2015
v v puram,assault,12.95056,77.56923,2015-10-28,16:00:00,2015
v v puram,assault,12.94951,77.5674,,19:00:00,2015
v v puram,assault,12.9556,77.56883,,13:45:00,2015
v v puram,assault,12.95289,77.57194,,10:10:00,2016
v v puram,assault,12.9550138,77.5702211,,13:30:00,2017
v v puram,assault,12.95722,77.57187,2017-09-13,17:30:00,2017
v v puram,assault,12.94946,77.5713,2017-10-13,18:30:00,2017
v v puram,assault,12.9489875,77.5699568,,19:00:00,2017
v v puram,assault,12.95722,77.57187,2017-12-29,14:00:00,2017
v v puram,assault,12.9480784,77.5686193,2018-03-29,21:10:00,2018
v v puram,assault,12.9556,77.56883,,11:00:00,2018
v v puram,assault,12.95289,77.57242,2019-06-20,21:20:00,2018
v v puram,assault,12.9558508,77.5755997,,22:30:00,2015
v v puram,assault,12.9484421,77.5764353,,18:15:00,2015
v v puram,assault,12.9632845,77.5705603,,06:15:00,2015
v v puram,assault,12.9632845,77.5705603,,06:30:00,2015
v v puram,assault,12.954542,77.5747897,,,2015
v v puram,assault,12.9614919,77.5717646,,11:30:00,2015
v v puram,assault,12.9603686,77.5707448,,12:45:00,2015
v v puram,assault,12.9512664,77.5774393,,03:00:00,2015
v v puram,assault,12.9605399,77.5716173,,19:05:00,2015
v v puram,assault,12.9634015,77.5694477,,00:30:00,2015
v v puram,assault,12.9544913,77.5783567,,18:30:00,2015
v v puram,assault,12.9486433,77.5758666,,11:30:00,2015
v v puram,assault,12.9531173,77.5775754,,15:55:00,2016
v v puram,assault,12.9625682,77.5716029,,09:30:00,2016
v v puram,assault,12.9499629,77.5766638,,12:15:00,2016
v v puram,assault,12.9525617,77.5764151,,02:45:00,2016
v v puram,assault,12.9568504,77.5700953,,21:00:00,2016
v v puram,assault,12.9534469,77.5768618,,14:30:00,2016
v v puram,assault,12.9545204,77.574779,,02:10:00,2016
v v puram,assault,12.9632845,77.5705603,,13:30:00,2016
v v puram,assault,12.9512664,77.5774393,,,2016
v v puram,assault,12.9625684,77.5711123,,10:45:00,2016
v v puram,assault,12.9568504,77.5738046,,09:30:00,2016
v v puram,assault,12.9607829,77.568765,,11:00:00,2016
v v puram,assault,12.960497,77.5690861,,15:00:00,2016
v v puram,assault,12.9575774,77.5716057,,19:30:00,2016
v v puram,assault,12.9633051,77.5724398,,18:00:00,2017
v v puram,assault,12.9567385,77.5754801,,13:30:00,2017
v v puram,assault,12.9567385,77.5754801,,14:00:00,2017
v v puram,assault,12.9580099,77.5691844,,13:30:00,2017
v v puram,assault,12.9486433,77.5758666,,17:30:00,2017
v v puram,assault,12.9486433,77.5758666,,19:00:00,2017
v v puram,assault,12.9578607,77.5720188,,11:00:00,2017
v v puram,assault,12.9496921,77.57486,,09:30:00,2017
v v puram,assault,12.9586242,77.5744841,,10:30:00,2017
v v puram,assault,12.9552519,77.577003,,17:30:00,2017
v v puram,assault,12.9558508,77.5755997,,19:30:00,2017
v v puram,assault,12.9632845,77.5705603,,17:30:00,2018
v v puram,assault,12.9599743,77.5684158,,16:30:00,2018
v v puram,assault,12.9616083,77.5713165,,13:15:00,2018
v v puram,assault,12.9532178,77.5777217,,05:15:00,2018
v v puram,assault,12.9515482,77.575554,,16:00:00,2018
v v puram,assault,12.952048,77.5771455,,22:50:00,2018
v v puram,assault,12.9558507,77.5755997,,16:30:00,2018
v v puram,assault,12.9562784,77.5765665,,11:00:00,2018
v v puram,assault,12.9532178,77.5777217,,11:00:00,2018
v v puram,assault,12.9621253,77.5715782,,16:00:00,2019
v v puram,assault,12.9576959,77.5683718,,15:30:00,2019
v v puram,assault,12.9576311,77.5733092,,18:30:00,2019
v v puram,assault,12.9504059,77.5749663,,04:00:00,2019
v v puram,assault,12.9484632,77.5756786,,09:00:00,2019
v v puram,assault,12.952048,77.5771455,,18:30:00,2019
v v puram,assault,12.9588291,77.5700715,,12:30:00,2019
v v puram,assault,12.9552351,77.5771449,,13:45:00,2019
v v puram,assault,12.94838,77.55057,2016-09-17,02:30:00,2016
v v puram,assault,12.9484,77.55052,2016-11-23,11:30:00,2016
v v puram,assault,12.94253,77.55236,,20:45:00,2016
v v puram,assault,12.93604,77.5596,,16:00:00,2016
v v puram,assault,12.93789,77.55487,2016-12-25,20:45:00,2016
v v puram,assault,12.93637,77.5614,2017-01-18,14:15:00,2017
v v puram,assault,12.94253,77.55236,,23:30:00,2017
v v puram,assault,12.94432,77.55506,,01:30:00,2017
v v puram,assault,12.94498,77.56258,2017-02-13,15:00:00,2017
v v puram,assault,12.94364,77.55992,,10:30:00,2017
v v puram,assault,12.9369,77.55998,2017-03-20,17:00:00,2017
v v puram,assault,12.94451,77.56212,2017-04-16,00:30:00,2017
v v puram,assault,12.94456,77.55497,,12:30:00,2017
v v puram,assault,12.94429,77.55415,2017-07-14,12:10:00,2017
v v puram,assault,12.94637,77.56196,2017-07-15,17:00:00,2017
v v puram,assault,12.93794,77.55416,2017-07-18,16:30:00,2017
v v puram,assault,12.93794,77.55416,2017-07-18,17:00:00,2017
v v puram,assault,12.94103,77.56541,2017-08-30,14:10:00,2017
v v puram,assault,12.94168,77.55631,,17:00:00,2017
v v puram,assault,12.94077,77.5576,2017-09-19,18:00:00,2017
v v puram,assault,12.94041,77.56239,2017-09-22,14:30:00,2017
v v puram,assault,12.94488,77.55022,2017-10-23,20:40:00,2017
v v puram,assault,12.94047,77.55845,2017-10-24,16:30:00,2017
v v puram,assault,12.94162,77.56016,,12:30:00,2017
v v puram,assault,12.94026,77.55412,,19:00:00,2017
v v puram,assault,12.94026,77.55412,,20:45:00,2017
v v puram,assault,12.94315,77.56575,2017-11-17,20:40:00,2017
v v puram,assault,12.93628,77.56139,,12:00:00,2017
v v puram,assault,12.94085,77.56135,,20:30:00,2018
v v puram,assault,12.93593,77.55374,2018-01-17,16:20:00,2018
v v puram,assault,12.94258,77.56391,2018-01-29,17:15:00,2018
v v puram,assault,12.94841,77.55258,2018-02-13,13:30:00,2018
v v puram,assault,12.94841,77.55258,,23:15:00,2018
v v puram,assault,12.94264,77.55531,,05:00:00,2018
v v puram,assault,12.94264,77.55531,,20:40:00,2018
v v puram,assault,12.9369,77.55998,2018-03-18,10:45:00,2018
v v puram,assault,12.9429,77.56502,2018-03-22,20:40:00,2018
v v puram,assault,12.94841,77.55258,,01:15:00,2018
v v puram,assault,12.94968,77.55154,2018-04-18,18:00:00,2018
v v puram,assault,12.93974,77.55915,,23:00:00,2018
v v puram,assault,12.94013,77.55851,2018-05-31,15:30:00,2018
v v puram,assault,12.93747,77.55656,,10:00:00,2018
v v puram,assault,12.94386,77.56116,2018-07-21,11:30:00,2018
v v puram,assault,12.94386,77.56116,2018-07-21,11:45:00,2018
v v puram,assault,12.94386,77.56116,2018-07-21,12:00:00,2018
v v puram,assault,12.93623,77.5598,,08:10:00,2018
v v puram,assault,12.94818,77.55885,2018-10-31,14:30:00,2018
v v puram,assault,12.94435,77.55654,,00:30:00,2018
v v puram,assault,12.9493,77.55299,,16:30:00,2018
v v puram,assault,12.93644,77.56136,2018-12-22,19:00:00,2018
v v puram,assault,12.93506,77.5614,2018-12-29,20:45:00,2018
v v puram,assault,12.93396,77.5552,,18:15:00,2019
v v puram,assault,12.94575,77.55912,2019-03-19,20:00:00,2019
v v puram,assault,12.9482,77.55078,2019-03-29,17:00:00,2019
v v puram,assault,12.94858,77.5576,,23:45:00,2019
v v puram,assault,12.94518,77.55861,2019-04-19,20:10:00,2019
v v puram,assault,12.93559,77.5597,2019-05-23,19:00:00,2019
v v puram,assault,12.94138,77.55371,2019-05-28,19:00:00,2019
v v puram,assault,12.94156,77.56134,2019-06-19,22:18:00,2019
v v puram,assault,12.9464,77.55544,2019-06-24,15:45:00,2019
v v puram,assault,12.94442,77.55475,2019-06-26,13:30:00,2019
v v puram,assault,12.94803,77.5562,,16:10:00,2019
v v puram,assault,12.93628,77.54862,2019-07-23,10:00:00,2019
v v puram,assault,12.94567,77.55906,,20:45:00,2019
v v puram,assault,12.93631,77.55979,2019-08-19,23:25:00,2019
v v puram,assault,12.93815,77.5568,2019-08-31,13:00:00,2019
v v puram,assault,12.94789,77.56137,,09:00:00,2019
v v puram,assault,12.94789,77.56137,,11:00:00,2019
v v puram,assault,12.93685,77.5614,,20:45:00,2019
v v puram,assault,12.935649,77.56595,2019-09-16,10:30:00,2019
v v puram,assault,12.95026,77.55345,,09:30:00,2019
v v puram,assault,12.93633,77.55453,2019-10-17,20:40:00,2019
v v puram,assault,12.94676,77.55677,2019-10-21,12:30:00,2019
v v puram,assault,12.94676,77.55677,2019-10-21,17:30:00,2019
v v puram,assault,12.93632,77.55847,,17:45:00,2019
v v puram,assault,12.94825,77.55216,,18:20:00,2019
v v puram,assault,12.94469,77.55291,,15:00:00,2019
v v puram,assault,12.94372,77.55869,2019-11-13,21:00:00,2019
v v puram,assault,12.94021,77.56257,2019-11-27,19:30:00,2019
v v puram,assault,12.941659,77.570149,2015-01-19,21:30:00,2015
v v puram,assault,12.940784,77.570644,,08:45:00,2015
v v puram,assault,12.940182,77.570361,,11:00:00,2015
v v puram,assault,12.940062,77.57036,,23:00:00,2015
v v puram,assault,12.941519,77.570132,2015-02-16,12:15:00,2015
v v puram,assault,12.940929,77.569127,2015-02-24,19:30:00,2015
v v puram,assault,12.941067,77.569371,2015-02-24,21:45:00,2015
v v puram,assault,12.941168,77.567535,2015-02-26,10:10:00,2015
v v puram,assault,12.940526,77.566547,,,2015
v v puram,assault,12.941268,77.566526,,,2015
v v puram,assault,12.94146,77.566771,2015-03-30,15:00:00,2015
v v puram,assault,12.941157,77.566236,,21:15:00,2015
v v puram,assault,12.940809,77.566506,2015-04-27,11:30:00,2015
v v puram,assault,12.922193,77.560093,,,2015
v v puram,assault,12.93938,77.566302,,,2015
v v puram,assault,12.930503,77.561289,,10:00:00,2015
v v puram,assault,12.939982,77.565725,2015-08-16,15:15:00,2015
v v puram,assault,12.931947,77.554626,,13:40:00,2015
v v puram,assault,12.941387,77.565792,,22:30:00,2015
v v puram,assault,12.921471,77.546786,2015-09-17,10:00:00,2015
v v puram,assault,12.941387,77.565792,,13:00:00,2015
v v puram,assault,12.94186,77.564677,2015-10-14,15:30:00,2015
v v puram,assault,12.941291,77.565246,2015-10-31,11:15:00,2015
v v puram,assault,12.928528,77.553422,,09:00:00,2015
v v puram,assault,12.928528,77.553422,,18:10:00,2015
v v puram,assault,12.937372,77.559465,2015-12-28,20:45:00,2015
v v puram,assault,12.933799,77.560909,,17:30:00,2015
v v puram,assault,12.920588,77.542815,,05:00:00,2016
v v puram,assault,12.930279,77.554362,,06:00:00,2016
v v puram,assault,12.930279,77.554362,,06:45:00,2016
v v puram,assault,12.931046,77.554513,2016-01-21,06:20:00,2016
v v puram,assault,12.923695,77.549489,2016-01-22,02:00:00,2016
v v puram,assault,12.920327,77.54309,,12:30:00,2016
v v puram,assault,12.922046,77.553024,2016-02-25,02:15:00,2016
v v puram,assault,12.922516,77.553774,2016-02-25,04:45:00,2016
v v puram,assault,12.920053,77.541854,,07:00:00,2016
v v puram,assault,12.930932,77.561421,,10:00:00,2016
v v puram,assault,12.923037,77.548988,,07:15:00,2016
v v puram,assault,12.924151,77.553847,2016-06-19,10:30:00,2016
v v puram,assault,12.93022,77.56218,,12:45:00,2016
v v puram,assault,12.932791,77.560929,,01:50:00,2016
v v puram,assault,12.929309,77.551898,,11:30:00,2016
v v puram,assault,12.921484,77.545423,2016-07-31,11:30:00,2016
v v puram,assault,12.931113,77.562634,,01:00:00,2016
v v puram,assault,12.928718,77.54772,2016-08-16,08:00:00,2016
v v puram,assault,12.924687,77.543169,2016-08-30,09:45:00,2016
v v puram,assault,12.923023,77.549088,,12:15:00,2016
v v puram,assault,12.922066,77.546981,,07:45:00,2016
v v puram,assault,12.932767,77.560731,,01:00:00,2016
v v puram,assault,12.929407,77.559801,2016-11-15,09:15:00,2016
v v puram,assault,12.931529,77.561607,2016-11-16,01:30:00,2016
v v puram,assault,12.919646,77.542205,2016-11-19,05:15:00,2016
v v puram,assault,12.928064,77.554389,2016-11-19,06:00:00,2016
v v puram,assault,12.923105,77.543831,,07:30:00,2016
v v puram,assault,12.930367,77.553533,,10:30:00,2016
v v puram,assault,12.930698,77.560669,,07:45:00,2016
v v puram,assault,12.926046,77.55903,2016-12-13,06:00:00,2016
v v puram,assault,12.930226,77.54772,2016-12-13,06:30:00,2016
v v puram,assault,12.931165,77.561349,2016-12-17,01:30:00,2016
v v puram,assault,12.929131,77.553641,2016-12-19,10:00:00,2016
v v puram,assault,12.922802,77.543715,2017-01-14,01:15:00,2017
v v puram,assault,12.923552,77.553632,,03:15:00,2017
v v puram,assault,12.925239,77.550007,,01:30:00,2017
v v puram,assault,12.92574,77.549373,2017-03-19,21:00:00,2017
v v puram,assault,12.931092,77.563794,,06:10:00,2017
v v puram,assault,12.928314,77.55323,2017-04-16,17:40:00,2017
v v puram,assault,12.928314,77.55323,2017-04-16,22:00:00,2017
v v puram,assault,12.929838,77.557014,2017-05-20,22:40:00,2017
v v puram,assault,12.929701,77.551714,,12:30:00,2017
v v puram,assault,12.930834,77.553989,,01:15:00,2017
v v puram,assault,12.9259,77.556179,,11:00:00,2017
v v puram,assault,12.931526,77.562053,2017-08-23,04:30:00,2017
v v puram,assault,12.91999,77.542212,2017-08-23,12:30:00,2017
v v puram,assault,12.930424,77.547698,,20:00:00,2017
v v puram,assault,12.939663,77.556532,2017-09-13,23:00:00,2017
v v puram,assault,12.927076,77.559599,2017-09-19,19:05:00,2017
v v puram,assault,12.9215465,77.542884,,14:45:00,2017
v v puram,assault,12.926405,77.558428,,19:45:00,2017
v v puram,assault,12.929683,77.560433,,19:45:00,2017
v v puram,assault,12.930084,77.566022,2017-12-29,12:00:00,2017
v v puram,assault,12.929236,77.560969,,21:10:00,2018
v v puram,assault,12.919427,77.539456,2018-04-27,13:15:00,2018
v v puram,assault,12.928803,77.557334,,17:00:00,2018
v v puram,assault,12.921823,77.552017,2018-05-30,16:00:00,2018
v v puram,assault,12.927112,77.550283,,08:50:00,2018
v v puram,assault,12.933061,77.561938,,19:00:00,2018
v v puram,assault,12.929409,77.560959,2018-07-31,18:00:00,2018
v v puram,assault,12.927827,77.546113,2018-08-28,16:45:00,2018
v v puram,assault,12.92561,77.560108,2018-08-30,22:30:00,2018
v v puram,assault,12.930655,77.550198,,13:00:00,2018
v v puram,assault,12.928368,77.561098,2018-12-15,18:00:00,2018
v v puram,assault,12.926168,77.546814,2018-12-16,18:00:00,2018
v v puram,assault,12.9,77.5,2019-02-27,21:30:00,2019
v v puram,assault,12.927351,77.561885,2019-03-13,22:00:00,2019
v v puram,assault,12.929965,77.560395,,19:30:00,2019
v v puram,assault,12.930581,77.553535,2019-05-17,16:00:00,2019
v v puram,assault,12.937935,77.556871,2019-05-30,14:00:00,2019
v v puram,assault,12.938483,77.543257,2019-05-30,18:00:00,2019
v v puram,assault,12.931345,77.562065,2019-07-28,18:30:00,2019
v v puram,assault,12.929877,77.560448,2019-08-27,10:50:00,2019
v v puram,assault,12.928988,77.539462,2019-08-30,15:15:00,2019
v v puram,assault,12.923855,77.540945,2019-08-30,16:00:00,2019
v v puram,assault,12.925281,77.540622,,21:05:00,2019
v v puram,assault,12.931575,77.561964,,21:30:00,2019
v v puram,assault,12.927888,77.563032,,10:45:00,2019
v v puram,assault,12.923006,77.548955,2019-10-15,17:30:00,2019
v v puram,assault,12.933749,77.556942,2019-12-13,23:30:00,2019
v v puram,assault,12.927836,77.543928,2019-12-20,18:00:00,2019
