district,year,crime_type,count
bagalkot,2020,cyber crimes/information technology act,3
bagalkot,2020,exposure and abandonment (sec.317 ipc),5
bagalkot,2020,kidnapping and abduction of children,100
bagalkot,2020,murder (sec.302 ipc),1
bagalkot,2020,prohibition of child marriage act,36
bagalkot,2020,"protection of children from sexual offences act (pocso) r/w sec.376,354, 509 ipc)",121
bagalkot,2020,total crimes against children (ipc+ sll),123
bagalkot,2020,total ipc crimes against children,40
bagalkot,2020,total sll crimes against children,83
bagalkot,2021,abetment to suicide of women (sec. 305/306 ipc),9
bagalkot,2021,assault on women with intent to outrage her modesty (sec. 354 ipc),159
bagalkot,2021,cruelty by husband or his relatives (sec. 498 a ipc),34
bagalkot,2021,cyber crimes/information technology act (women centric crimes only),3
bagalkot,2021,dowry deaths (sec. 304b ipc),2
bagalkot,2021,"dowry prohibition act, 1961",29
bagalkot,2021,kidnapping & abduction of women,28
bagalkot,2021,protection of children from sexual violence act (girl child victims only),42
bagalkot,2021,rape (sec. 376 ipc),12
bagalkot,2021,total crime against women (ipc+sll),318
ballari,2020,child labour (prohibition & regulation) act,4
ballari,2020,cyber crimes/information technology act,5
ballari,2020,exposure and abandonment (sec.317 ipc),1
ballari,2020,juveniles justice (care and protection of children) act,5
ballari,2020,kidnapping and abduction of children,37
ballari,2020,murder (sec.302 ipc),2
ballari,2020,other ipc crimes,3
ballari,2020,prohibition of child marriage act,4
ballari,2020,"protection of children from sexual offences act (pocso) r/w sec.376,354, 509 ipc)",82
ballari,2020,total crimes against children (ipc+ sll),102
ballari,2020,total ipc crimes against children,43
ballari,2020,total sll crimes against children,59
ballari,2021,assault on women with intent to outrage her modesty (sec. 354 ipc),81
ballari,2021,cruelty by husband or his relatives (sec. 498 a ipc),65
ballari,2021,cyber crimes/information technology act (women centric crimes only),2
ballari,2021,dowry deaths (sec. 304b ipc),1
ballari,2021,"dowry prohibition act, 1961",45
ballari,2021,immoral traffic (prevention) act 1956 (women victims cases only),1
ballari,2021,kidnapping & abduction of women,28
ballari,2021,protection of children from sexual violence act (girl child victims only),41
ballari,2021,rape (sec. 376 ipc),9
ballari,2021,total crime against women (ipc+sll),273
belagavi city,2020,abetment of suicide of child (sec.305 ipc),1
belagavi city,2020,attempt to commit murder (sec.307 ipc),3
belagavi city,2020,cyber crimes/information technology act,6
belagavi city,2020,"grievous hurt (sec.325, 32,326a, 326b,329,331, 333, 335 ipc)",1
belagavi city,2020,kidnapping and abduction of children,68
belagavi city,2020,murder (sec.302 ipc),4
belagavi city,2020,other ipc crimes,34
belagavi city,2020,"protection of children from sexual offences act (pocso) r/w sec.376,354, 509 ipc)",56
belagavi city,2020,"simple hurt (sec.323 r/w ipc,324,332,353,327,328,330 ipc)",3
belagavi city,2020,total crimes against children (ipc+ sll),114
belagavi city,2020,total ipc crimes against children,80
belagavi city,2020,total sll crimes against children,34
belagavi city,2021,abetment to suicide of women (sec. 305/306 ipc),7
belagavi city,2021,assault on women with intent to outrage her modesty (sec. 354 ipc),43
belagavi city,2021,cruelty by husband or his relatives (sec. 498 a ipc),88
belagavi city,2021,cyber crimes/information technology act (women centric crimes only),7
belagavi city,2021,dowry deaths (sec. 304b ipc),2
belagavi city,2021,"dowry prohibition act, 1961",2
belagavi city,2021,human trafficking (sec. 370 & 370a ipc),1
belagavi city,2021,immoral traffic (prevention) act 1956 (women victims cases only),3
belagavi city,2021,insult to the modesty of women (sec. 509 ipc),1
belagavi city,2021,kidnapping & abduction of women,17
belagavi city,2021,protection of children from sexual violence act (girl child victims only),28
belagavi city,2021,rape (sec. 376 ipc),6
belagavi city,2021,total crime against women (ipc+sll),205
belagavi district,2020,cyber crimes/information technology act,14
belagavi district,2020,exposure and abandonment (sec.317 ipc),3
belagavi district,2020,kidnapping and abduction of children,83
belagavi district,2020,murder (sec.302 ipc),7
belagavi district,2020,other ipc crimes,11
belagavi district,2020,prohibition of child marriage act,19
belagavi district,2020,"protection of children from sexual offences act (pocso) r/w sec.376,354, 509 ipc)",253
belagavi district,2020,total crimes against children (ipc+ sll),264
belagavi district,2020,total ipc crimes against children,104
belagavi district,2020,total sll crimes against children,160
belagavi district,2021,abetment to suicide of women (sec. 305/306 ipc),11
belagavi district,2021,assault on women with intent to outrage her modesty (sec. 354 ipc),276
belagavi district,2021,cruelty by husband or his relatives (sec. 498 a ipc),127
belagavi district,2021,cyber crimes/information technology act (women centric crimes only),14
belagavi district,2021,dowry deaths (sec. 304b ipc),3
belagavi district,2021,"dowry prohibition act, 1961",17
belagavi district,2021,immoral traffic (prevention) act 1956 (women victims cases only),1
belagavi district,2021,kidnapping & abduction of women,74
belagavi district,2021,protection of children from sexual violence act (girl child victims only),126
belagavi district,2021,rape (sec. 376 ipc),22
belagavi district,2021,total crime against women (ipc+sll),671
bengaluru city,2020,abetment of suicide of child (sec.305 ipc),3
bengaluru city,2020,attempt to commit murder (sec.307 ipc),3
bengaluru city,2020,child labour (prohibition & regulation) act,9
bengaluru city,2020,cyber crimes/information technology act,136
bengaluru city,2020,exposure and abandonment (sec.317 ipc),17
bengaluru city,2020,"grievous hurt (sec.325, 32,326a, 326b,329,331, 333, 335 ipc)",3
bengaluru city,2020,juveniles justice (care and protection of children) act,74
bengaluru city,2020,kidnapping and abduction of children,2650
bengaluru city,2020,murder (sec.302 ipc),9
bengaluru city,2020,other ipc crimes,57
bengaluru city,2020,other sll crimes,2
bengaluru city,2020,prohibition of child marriage act,11
bengaluru city,2020,"protection of children from sexual offences act (pocso) r/w sec.376,354, 509 ipc)",931
bengaluru city,2020,"simple hurt (sec.323 r/w ipc,324,332,353,327,328,330 ipc)",5
bengaluru city,2020,total crimes against children (ipc+ sll),1578
bengaluru city,2020,total ipc crimes against children,983
bengaluru city,2020,total sll crimes against children,595
bengaluru city,2021,abetment to suicide of women (sec. 305/306 ipc),87
bengaluru city,2021,acid attack (sec. 326a ipc),5
bengaluru city,2021,assault on women with intent to outrage her modesty (sec. 354 ipc),757
bengaluru city,2021,attempt to acid attack (sec. 326b ipc),2
bengaluru city,2021,cruelty by husband or his relatives (sec. 498 a ipc),584
bengaluru city,2021,cyber crimes/information technology act (women centric crimes only),73
bengaluru city,2021,dowry deaths (sec. 304b ipc),29
bengaluru city,2021,"dowry prohibition act, 1961",964
bengaluru city,2021,human trafficking (sec. 370 & 370a ipc),7
bengaluru city,2021,immoral traffic (prevention) act 1956 (women victims cases only),155
bengaluru city,2021,insult to the modesty of women (sec. 509 ipc),29
bengaluru city,2021,kidnapping & abduction of women,613
bengaluru city,2021,protection of children from sexual violence act (girl child victims only),468
bengaluru city,2021,rape (sec. 376 ipc),151
bengaluru city,2021,total crime against women (ipc+sll),3924
bengaluru district,2020,child labour (prohibition & regulation) act,2
bengaluru district,2020,cyber crimes/information technology act,16
bengaluru district,2020,exposure and abandonment (sec.317 ipc),2
bengaluru district,2020,juveniles justice (care and protection of children) act,2
bengaluru district,2020,kidnapping and abduction of children,241
bengaluru district,2020,murder (sec.302 ipc),4
bengaluru district,2020,other ipc crimes,1
bengaluru district,2020,prohibition of child marriage act,5
bengaluru district,2020,"protection of children from sexual offences act (pocso) r/w sec.376,354, 509 ipc)",206
bengaluru district,2020,total crimes against children (ipc+ sll),376
bengaluru district,2020,total ipc crimes against children,248
bengaluru district,2020,total sll crimes against children,128
bengaluru district,2021,abetment to suicide of women (sec. 305/306 ipc),15
bengaluru district,2021,assault on women with intent to outrage her modesty (sec. 354 ipc),156
bengaluru district,2021,cruelty by husband or his relatives (sec. 498 a ipc),149
bengaluru district,2021,cyber crimes/information technology act (women centric crimes only),16
bengaluru district,2021,dowry deaths (sec. 304b ipc),14
bengaluru district,2021,"dowry prohibition act, 1961",34
bengaluru district,2021,immoral traffic (prevention) act 1956 (women victims cases only),5
bengaluru district,2021,insult to the modesty of women (sec. 509 ipc),2
bengaluru district,2021,kidnapping & abduction of women,194
bengaluru district,2021,protection of children from sexual violence act (girl child victims only),103
bengaluru district,2021,rape (sec. 376 ipc),21
bengaluru district,2021,total crime against women (ipc+sll),709
bidar,2020,cyber crimes/information technology act,7
bidar,2020,exposure and abandonment (sec.317 ipc),2
bidar,2020,"grievous hurt (sec.325, 32,326a, 326b,329,331, 333, 335 ipc)",1
bidar,2020,kidnapping and abduction of children,116
bidar,2020,murder (sec.302 ipc),6
bidar,2020,other ipc crimes,36
bidar,2020,"protection of children from sexual offences act (pocso) r/w sec.376,354, 509 ipc)",102
bidar,2020,"simple hurt (sec.323 r/w ipc,324,332,353,327,328,330 ipc)",2
bidar,2020,total crimes against children (ipc+ sll),144
bidar,2020,total ipc crimes against children,86
bidar,2020,total sll crimes against children,58
bidar,2021,abetment to suicide of women (sec. 305/306 ipc),8
bidar,2021,assault on women with intent to outrage her modesty (sec. 354 ipc),54
bidar,2021,attempt to commit rape (sec. 376/511 ipc),1
bidar,2021,cruelty by husband or his relatives (sec. 498 a ipc),110
bidar,2021,cyber crimes/information technology act (women centric crimes only),2
bidar,2021,dowry deaths (sec. 304b ipc),4
bidar,2021,"dowry prohibition act, 1961",26
bidar,2021,immoral traffic (prevention) act 1956 (women victims cases only),4
bidar,2021,"indecent representation of women (prohibition) act, 1986",1
bidar,2021,kidnapping & abduction of women,11
bidar,2021,protection of children from sexual violence act (girl child victims only),51
bidar,2021,rape (sec. 376 ipc),11
bidar,2021,total crime against women (ipc+sll),283
chamarajnagar,2020,exposure and abandonment (sec.317 ipc),2
chamarajnagar,2020,juveniles justice (care and protection of children) act,1
chamarajnagar,2020,kidnapping and abduction of children,21
chamarajnagar,2020,other ipc crimes,44
chamarajnagar,2020,"protection of children from sexual offences act (pocso) r/w sec.376,354, 509 ipc)",96
chamarajnagar,2020,total crimes against children (ipc+ sll),116
chamarajnagar,2020,total ipc crimes against children,67
chamarajnagar,2020,total sll crimes against children,49
chamarajnagar,2021,abetment to suicide of women (sec. 305/306 ipc),3
chamarajnagar,2021,assault on women with intent to outrage her modesty (sec. 354 ipc),155
chamarajnagar,2021,cruelty by husband or his relatives (sec. 498 a ipc),19
chamarajnagar,2021,dowry deaths (sec. 304b ipc),1
chamarajnagar,2021,"dowry prohibition act, 1961",29
chamarajnagar,2021,insult to the modesty of women (sec. 509 ipc),2
chamarajnagar,2021,kidnapping & abduction of women,4
chamarajnagar,2021,protection of children from sexual violence act (girl child victims only),48
chamarajnagar,2021,rape (sec. 376 ipc),9
chamarajnagar,2021,total crime against women (ipc+sll),270
chikkaballapura,2020,abetment of suicide of child (sec.305 ipc),1
chikkaballapura,2020,attempt to commit murder (sec.307 ipc),2
chikkaballapura,2020,child labour (prohibition & regulation) act,2
chikkaballapura,2020,exposure and abandonment (sec.317 ipc),1
chikkaballapura,2020,"grievous hurt (sec.325, 32,326a, 326b,329,331, 333, 335 ipc)",1
chikkaballapura,2020,kidnapping and abduction of children,102
chikkaballapura,2020,murder (sec.302 ipc),1
chikkaballapura,2020,other ipc crimes,42
chikkaballapura,2020,prohibition of child marriage act,8
chikkaballapura,2020,"protection of children from sexual offences act (pocso) r/w sec.376,354, 509 ipc)",276
chikkaballapura,2020,"simple hurt (sec.323 r/w ipc,324,332,353,327,328,330 ipc)",1
chikkaballapura,2020,total crimes against children (ipc+ sll),248
chikkaballapura,2020,total ipc crimes against children,100
chikkaballapura,2020,total sll crimes against children,148
chikkaballapura,2021,abetment to suicide of women (sec. 305/306 ipc),13
chikkaballapura,2021,assault on women with intent to outrage her modesty (sec. 354 ipc),146
chikkaballapura,2021,cruelty by husband or his relatives (sec. 498 a ipc),51
chikkaballapura,2021,dowry deaths (sec. 304b ipc),11
chikkaballapura,2021,"dowry prohibition act, 1961",36
chikkaballapura,2021,human trafficking (sec. 370 & 370a ipc),1
chikkaballapura,2021,insult to the modesty of women (sec. 509 ipc),1
chikkaballapura,2021,kidnapping & abduction of women,3
chikkaballapura,2021,miscarriage (sec. 313 & 314 ipc),1
chikkaballapura,2021,protection of children from sexual violence act (girl child victims only),138
chikkaballapura,2021,rape (sec. 376 ipc),9
chikkaballapura,2021,total crime against women (ipc+sll),410
chikkamagaluru,2020,attempt to commit murder (sec.307 ipc),2
chikkamagaluru,2020,"grievous hurt (sec.325, 32,326a, 326b,329,331, 333, 335 ipc)",1
chikkamagaluru,2020,juveniles justice (care and protection of children) act,1
chikkamagaluru,2020,kidnapping and abduction of children,76
chikkamagaluru,2020,murder (sec.302 ipc),1
chikkamagaluru,2020,other ipc crimes,6
chikkamagaluru,2020,prohibition of child marriage act,6
chikkamagaluru,2020,"protection of children from sexual offences act (pocso) r/w sec.376,354, 509 ipc)",244
chikkamagaluru,2020,"simple hurt (sec.323 r/w ipc,324,332,353,327,328,330 ipc)",4
chikkamagaluru,2020,total crimes against children (ipc+ sll),219
chikkamagaluru,2020,total ipc crimes against children,90
chikkamagaluru,2020,total sll crimes against children,129
chikkamagaluru,2021,abetment to suicide of women (sec. 305/306 ipc),6
chikkamagaluru,2021,assault on women with intent to outrage her modesty (sec. 354 ipc),223
chikkamagaluru,2021,cruelty by husband or his relatives (sec. 498 a ipc),43
chikkamagaluru,2021,dowry deaths (sec. 304b ipc),4
chikkamagaluru,2021,"dowry prohibition act, 1961",40
chikkamagaluru,2021,immoral traffic (prevention) act 1956 (women victims cases only),2
chikkamagaluru,2021,kidnapping & abduction of women,1
chikkamagaluru,2021,murder with rape/gang rape,1
chikkamagaluru,2021,protection of children from sexual violence act (girl child victims only),122
chikkamagaluru,2021,rape (sec. 376 ipc),6
chikkamagaluru,2021,total crime against women (ipc+sll),448
chitradurga,2020,child labour (prohibition & regulation) act,9
chitradurga,2020,exposure and abandonment (sec.317 ipc),2
chitradurga,2020,juveniles justice (care and protection of children) act,1
chitradurga,2020,kidnapping and abduction of children,246
chitradurga,2020,murder (sec.302 ipc),2
chitradurga,2020,other ipc crimes,15
chitradurga,2020,prohibition of child marriage act,2
chitradurga,2020,"protection of children from sexual offences act (pocso) r/w sec.376,354, 509 ipc)",192
chitradurga,2020,total crimes against children (ipc+ sll),210
chitradurga,2020,total ipc crimes against children,102
chitradurga,2020,total sll crimes against children,108
chitradurga,2021,abetment to suicide of women (sec. 305/306 ipc),13
chitradurga,2021,assault on women with intent to outrage her modesty (sec. 354 ipc),383
chitradurga,2021,cruelty by husband or his relatives (sec. 498 a ipc),72
chitradurga,2021,cyber crimes/information technology act (women centric crimes only),1
chitradurga,2021,dowry deaths (sec. 304b ipc),7
chitradurga,2021,"dowry prohibition act, 1961",47
chitradurga,2021,immoral traffic (prevention) act 1956 (women victims cases only),1
chitradurga,2021,insult to the modesty of women (sec. 509 ipc),4
chitradurga,2021,kidnapping & abduction of women,5
chitradurga,2021,protection of children from sexual violence act (girl child victims only),96
chitradurga,2021,rape (sec. 376 ipc),12
chitradurga,2021,total crime against women (ipc+sll),641
dakshina kannada,2020,abetment of suicide of child (sec.305 ipc),1
dakshina kannada,2020,cyber crimes/information technology act,12
dakshina kannada,2020,juveniles justice (care and protection of children) act,5
dakshina kannada,2020,kidnapping and abduction of children,34
dakshina kannada,2020,murder (sec.302 ipc),1
dakshina kannada,2020,other ipc crimes,63
dakshina kannada,2020,"protection of children from sexual offences act (pocso) r/w sec.376,354, 509 ipc)",190
dakshina kannada,2020,total crimes against children (ipc+ sll),162
dakshina kannada,2020,total ipc crimes against children,82
dakshina kannada,2020,total sll crimes against children,80
dakshina kannada,2021,abetment to suicide of women (sec. 305/306 ipc),2
dakshina kannada,2021,assault on women with intent to outrage her modesty (sec. 354 ipc),57
dakshina kannada,2021,cruelty by husband or his relatives (sec. 498 a ipc),31
dakshina kannada,2021,cyber crimes/information technology act (women centric crimes only),6
dakshina kannada,2021,"dowry prohibition act, 1961",4
dakshina kannada,2021,insult to the modesty of women (sec. 509 ipc),2
dakshina kannada,2021,kidnapping & abduction of women,12
dakshina kannada,2021,protection of children from sexual violence act (girl child victims only),65
dakshina kannada,2021,rape (sec. 376 ipc),10
dakshina kannada,2021,total crime against women (ipc+sll),189
davanagere,2020,child labour (prohibition & regulation) act,4
davanagere,2020,cyber crimes/information technology act,3
davanagere,2020,exposure and abandonment (sec.317 ipc),5
davanagere,2020,human trafficking (secs. 370 & 370a ipc) (children only),3
davanagere,2020,kidnapping and abduction of children,354
davanagere,2020,murder (sec.302 ipc),1
davanagere,2020,other ipc crimes,3
davanagere,2020,other sll crimes,1
davanagere,2020,prohibition of child marriage act,6
davanagere,2020,"protection of children from sexual offences act (pocso) r/w sec.376,354, 509 ipc)",188
davanagere,2020,total crimes against children (ipc+ sll),239
davanagere,2020,total ipc crimes against children,131
davanagere,2020,total sll crimes against children,108
davanagere,2021,abetment to suicide of women (sec. 305/306 ipc),9
davanagere,2021,assault on women with intent to outrage her modesty (sec. 354 ipc),218
davanagere,2021,attempt to commit rape (sec. 376/511 ipc),1
davanagere,2021,cruelty by husband or his relatives (sec. 498 a ipc),59
davanagere,2021,cyber crimes/information technology act (women centric crimes only),3
davanagere,2021,dowry deaths (sec. 304b ipc),7
davanagere,2021,"dowry prohibition act, 1961",93
davanagere,2021,immoral traffic (prevention) act 1956 (women victims cases only),1
davanagere,2021,insult to the modesty of women (sec. 509 ipc),1
davanagere,2021,kidnapping & abduction of women,69
davanagere,2021,murder with rape/gang rape,2
davanagere,2021,protection of children from sexual violence act (girl child victims only),94
davanagere,2021,rape (sec. 376 ipc),17
davanagere,2021,total crime against women (ipc+sll),574
dharwad,2020,cyber crimes/information technology act,1
dharwad,2020,exposure and abandonment (sec.317 ipc),4
dharwad,2020,kidnapping and abduction of children,18
dharwad,2020,other ipc crimes,16
dharwad,2020,other sll crimes,1
dharwad,2020,prohibition of child marriage act,6
dharwad,2020,"protection of children from sexual offences act (pocso) r/w sec.376,354, 509 ipc)",66
dharwad,2020,total crimes against children (ipc+ sll),79
dharwad,2020,total ipc crimes against children,38
dharwad,2020,total sll crimes against children,41
dharwad,2021,abetment to suicide of women (sec. 305/306 ipc),1
dharwad,2021,assault on women with intent to outrage her modesty (sec. 354 ipc),47
dharwad,2021,attempt to commit rape (sec. 376/511 ipc),1
dharwad,2021,cruelty by husband or his relatives (sec. 498 a ipc),42
dharwad,2021,cyber crimes/information technology act (women centric crimes only),1
dharwad,2021,"dowry prohibition act, 1961",5
dharwad,2021,protection of children from sexual violence act (girl child victims only),33
dharwad,2021,rape (sec. 376 ipc),3
dharwad,2021,total crime against women (ipc+sll),133
gadag,2020,cyber crimes/information technology act,3
gadag,2020,exposure and abandonment (sec.317 ipc),2
gadag,2020,kidnapping and abduction of children,42
gadag,2020,murder (sec.302 ipc),1
gadag,2020,other ipc crimes,5
gadag,2020,prohibition of child marriage act,5
gadag,2020,"protection of children from sexual offences act (pocso) r/w sec.376,354, 509 ipc)",101
gadag,2020,total crimes against children (ipc+ sll),72
gadag,2020,total ipc crimes against children,29
gadag,2020,total sll crimes against children,43
gadag,2021,abetment to suicide of women (sec. 305/306 ipc),4
gadag,2021,assault on women with intent to outrage her modesty (sec. 354 ipc),56
gadag,2021,cruelty by husband or his relatives (sec. 498 a ipc),23
gadag,2021,cyber crimes/information technology act (women centric crimes only),3
gadag,2021,dowry deaths (sec. 304b ipc),2
gadag,2021,"dowry prohibition act, 1961",5
gadag,2021,insult to the modesty of women (sec. 509 ipc),1
gadag,2021,kidnapping & abduction of women,1
gadag,2021,murder with rape/gang rape,1
gadag,2021,protection of children from sexual violence act (girl child victims only),34
gadag,2021,rape (sec. 376 ipc),7
gadag,2021,total crime against women (ipc+sll),137
hassan,2020,cyber crimes/information technology act,4
hassan,2020,human trafficking (secs. 370 & 370a ipc) (children only),1
hassan,2020,juveniles justice (care and protection of children) act,1
hassan,2020,kidnapping and abduction of children,136
hassan,2020,other ipc crimes,15
hassan,2020,other sll crimes,3
hassan,2020,prohibition of child marriage act,13
hassan,2020,"protection of children from sexual offences act (pocso) r/w sec.376,354, 509 ipc)",304
hassan,2020,total crimes against children (ipc+ sll),257
hassan,2020,total ipc crimes against children,84
hassan,2020,total sll crimes against children,173
hassan,2021,abetment to suicide of women (sec. 305/306 ipc),9
hassan,2021,assault on women with intent to outrage her modesty (sec. 354 ipc),273
hassan,2021,cruelty by husband or his relatives (sec. 498 a ipc),50
hassan,2021,cyber crimes/information technology act (women centric crimes only),4
hassan,2021,dowry deaths (sec. 304b ipc),5
hassan,2021,"dowry prohibition act, 1961",78
hassan,2021,kidnapping & abduction of women,66
hassan,2021,protection of children from sexual violence act (girl child victims only),152
hassan,2021,rape (sec. 376 ipc),13
hassan,2021,total crime against women (ipc+sll),650
haveri,2020,exposure and abandonment (sec.317 ipc),1
haveri,2020,juveniles justice (care and protection of children) act,2
haveri,2020,kidnapping and abduction of children,63
haveri,2020,other ipc crimes,1
haveri,2020,prohibition of child marriage act,1
haveri,2020,"protection of children from sexual offences act (pocso) r/w sec.376,354, 509 ipc)",156
haveri,2020,total crimes against children (ipc+ sll),146
haveri,2020,total ipc crimes against children,65
haveri,2020,total sll crimes against children,81
haveri,2021,abetment to suicide of women (sec. 305/306 ipc),6
haveri,2021,assault on women with intent to outrage her modesty (sec. 354 ipc),112
haveri,2021,cruelty by husband or his relatives (sec. 498 a ipc),36
haveri,2021,dowry deaths (sec. 304b ipc),4
haveri,2021,"dowry prohibition act, 1961",31
haveri,2021,kidnapping & abduction of women,58
haveri,2021,protection of children from sexual violence act (girl child victims only),78
haveri,2021,rape (sec. 376 ipc),13
haveri,2021,total crime against women (ipc+sll),338
hubballi dharwad city,2020,child labour (prohibition & regulation) act,1
hubballi dharwad city,2020,cyber crimes/information technology act,10
hubballi dharwad city,2020,exposure and abandonment (sec.317 ipc),4
hubballi dharwad city,2020,kidnapping and abduction of children,60
hubballi dharwad city,2020,prohibition of child marriage act,2
hubballi dharwad city,2020,"protection of children from sexual offences act (pocso) r/w sec.376,354, 509 ipc)",78
hubballi dharwad city,2020,total crimes against children (ipc+ sll),86
hubballi dharwad city,2020,total ipc crimes against children,34
hubballi dharwad city,2020,total sll crimes against children,52
hubballi dharwad city,2021,abetment to suicide of women (sec. 305/306 ipc),4
hubballi dharwad city,2021,assault on women with intent to outrage her modesty (sec. 354 ipc),55
hubballi dharwad city,2021,cruelty by husband or his relatives (sec. 498 a ipc),87
hubballi dharwad city,2021,cyber crimes/information technology act (women centric crimes only),9
hubballi dharwad city,2021,dowry deaths (sec. 304b ipc),2
hubballi dharwad city,2021,immoral traffic (prevention) act 1956 (women victims cases only),6
hubballi dharwad city,2021,kidnapping & abduction of women,5
hubballi dharwad city,2021,protection of children from sexual violence act (girl child victims only),39
hubballi dharwad city,2021,rape (sec. 376 ipc),10
hubballi dharwad city,2021,total crime against women (ipc+sll),217
k.g.f.,2020,child labour (prohibition & regulation) act,2
k.g.f.,2020,cyber crimes/information technology act,8
k.g.f.,2020,foeticide (sec. 315 & 316 ipc),1
k.g.f.,2020,kidnapping and abduction of children,17
k.g.f.,2020,murder (sec.302 ipc),1
k.g.f.,2020,prohibition of child marriage act,1
k.g.f.,2020,"protection of children from sexual offences act (pocso) r/w sec.376,354, 509 ipc)",60
k.g.f.,2020,total crimes against children (ipc+ sll),56
k.g.f.,2020,total ipc crimes against children,19
k.g.f.,2020,total sll crimes against children,37
k.g.f.,2021,abetment to suicide of women (sec. 305/306 ipc),3
k.g.f.,2021,assault on women with intent to outrage her modesty (sec. 354 ipc),39
k.g.f.,2021,cruelty by husband or his relatives (sec. 498 a ipc),13
k.g.f.,2021,cyber crimes/information technology act (women centric crimes only),4
k.g.f.,2021,dowry deaths (sec. 304b ipc),1
k.g.f.,2021,"dowry prohibition act, 1961",17
k.g.f.,2021,kidnapping & abduction of women,8
k.g.f.,2021,protection of children from sexual violence act (girl child victims only),30
k.g.f.,2021,rape (sec. 376 ipc),5
k.g.f.,2021,total crime against women (ipc+sll),120
k.railways,2020,child labour (prohibition & regulation) act,1
k.railways,2020,exposure and abandonment (sec.317 ipc),2
k.railways,2020,kidnapping and abduction of children,7
k.railways,2020,"protection of children from sexual offences act (pocso) r/w sec.376,354, 509 ipc)",2
k.railways,2020,total crimes against children (ipc+ sll),12
k.railways,2020,total ipc crimes against children,9
k.railways,2020,total sll crimes against children,3
k.railways,2021,assault on women with intent to outrage her modesty (sec. 354 ipc),3
k.railways,2021,cruelty by husband or his relatives (sec. 498 a ipc),3
k.railways,2021,insult to the modesty of women (sec. 509 ipc),1
k.railways,2021,protection of children from sexual violence act (girl child victims only),2
k.railways,2021,total crime against women (ipc+sll),9
kalaburgi,2020,abetment of suicide of child (sec.305 ipc),2
kalaburgi,2020,assault on women with intent to outrage her modesty (sec. 354 ipc),1
kalaburgi,2020,attempt to commit murder (sec.307 ipc),1
kalaburgi,2020,child labour (prohibition & regulation) act,2
kalaburgi,2020,cyber crimes/information technology act,6
kalaburgi,2020,exposure and abandonment (sec.317 ipc),3
kalaburgi,2020,juveniles justice (care and protection of children) act,1
kalaburgi,2020,kidnapping and abduction of children,97
kalaburgi,2020,murder (sec.302 ipc),10
kalaburgi,2020,other ipc crimes,21
kalaburgi,2020,prohibition of child marriage act,4
kalaburgi,2020,"protection of children from sexual offences act (pocso) r/w sec.376,354, 509 ipc)",106
kalaburgi,2020,total crimes against children (ipc+ sll),134
kalaburgi,2020,total ipc crimes against children,66
kalaburgi,2020,total sll crimes against children,68
kalaburgi,2021,abetment to suicide of women (sec. 305/306 ipc),10
kalaburgi,2021,assault on women with intent to outrage her modesty (sec. 354 ipc),117
kalaburgi,2021,cruelty by husband or his relatives (sec. 498 a ipc),101
kalaburgi,2021,cyber crimes/information technology act (women centric crimes only),1
kalaburgi,2021,dowry deaths (sec. 304b ipc),3
kalaburgi,2021,"dowry prohibition act, 1961",3
kalaburgi,2021,immoral traffic (prevention) act 1956 (women victims cases only),1
kalaburgi,2021,kidnapping & abduction of women,29
kalaburgi,2021,miscarriage (sec. 313 & 314 ipc),1
kalaburgi,2021,murder with rape/gang rape,1
kalaburgi,2021,protection of children from sexual violence act (girl child victims only),55
kalaburgi,2021,rape (sec. 376 ipc),12
kalaburgi,2021,total crime against women (ipc+sll),334
kalaburgi city,2020,cyber crimes/information technology act,4
kalaburgi city,2020,exposure and abandonment (sec.317 ipc),6
kalaburgi city,2020,kidnapping and abduction of children,133
kalaburgi city,2020,murder (sec.302 ipc),3
kalaburgi city,2020,other ipc crimes,8
kalaburgi city,2020,prohibition of child marriage act,4
kalaburgi city,2020,"protection of children from sexual offences act (pocso) r/w sec.376,354, 509 ipc)",36
kalaburgi city,2020,total crimes against children (ipc+ sll),87
kalaburgi city,2020,total ipc crimes against children,61
kalaburgi city,2020,total sll crimes against children,26
kalaburgi city,2021,abetment to suicide of women (sec. 305/306 ipc),4
kalaburgi city,2021,assault on women with intent to outrage her modesty (sec. 354 ipc),41
kalaburgi city,2021,attempt to commit rape (sec. 376/511 ipc),1
kalaburgi city,2021,cruelty by husband or his relatives (sec. 498 a ipc),53
kalaburgi city,2021,dowry deaths (sec. 304b ipc),3
kalaburgi city,2021,"dowry prohibition act, 1961",50
kalaburgi city,2021,immoral traffic (prevention) act 1956 (women victims cases only),3
kalaburgi city,2021,kidnapping & abduction of women,1
kalaburgi city,2021,miscarriage (sec. 313 & 314 ipc),5
kalaburgi city,2021,murder with rape/gang rape,1
kalaburgi city,2021,protection of children from sexual violence act (girl child victims only),17
kalaburgi city,2021,rape (sec. 376 ipc),7
kalaburgi city,2021,total crime against women (ipc+sll),186
kodagu,2020,attempt to commit murder (sec.307 ipc),1
kodagu,2020,cyber crimes/information technology act,1
kodagu,2020,exposure and abandonment (sec.317 ipc),2
kodagu,2020,kidnapping and abduction of children,66
kodagu,2020,other ipc crimes,18
kodagu,2020,prohibition of child marriage act,2
kodagu,2020,"protection of children from sexual offences act (pocso) r/w sec.376,354, 509 ipc)",132
kodagu,2020,"simple hurt (sec.323 r/w ipc,324,332,353,327,328,330 ipc)",6
kodagu,2020,total crimes against children (ipc+ sll),129
kodagu,2020,total ipc crimes against children,60
kodagu,2020,total sll crimes against children,69
kodagu,2021,abetment to suicide of women (sec. 305/306 ipc),3
kodagu,2021,assault on women with intent to outrage her modesty (sec. 354 ipc),53
kodagu,2021,cruelty by husband or his relatives (sec. 498 a ipc),24
kodagu,2021,cyber crimes/information technology act (women centric crimes only),2
kodagu,2021,"dowry prohibition act, 1961",2
kodagu,2021,insult to the modesty of women (sec. 509 ipc),1
kodagu,2021,kidnapping & abduction of women,27
kodagu,2021,protection of children from sexual violence act (girl child victims only),66
kodagu,2021,rape (sec. 376 ipc),8
kodagu,2021,total crime against women (ipc+sll),186
kolar,2020,cyber crimes/information technology act,3
kolar,2020,exposure and abandonment (sec.317 ipc),2
kolar,2020,kidnapping and abduction of children,62
kolar,2020,murder (sec.302 ipc),3
kolar,2020,other ipc crimes,6
kolar,2020,other sll crimes,2
kolar,2020,prohibition of child marriage act,5
kolar,2020,"protection of children from sexual offences act (pocso) r/w sec.376,354, 509 ipc)",138
kolar,2020,total crimes against children (ipc+ sll),152
kolar,2020,total ipc crimes against children,73
kolar,2020,total sll crimes against children,79
kolar,2021,abetment to suicide of women (sec. 305/306 ipc),1
kolar,2021,assault on women with intent to outrage her modesty (sec. 354 ipc),129
kolar,2021,cruelty by husband or his relatives (sec. 498 a ipc),23
kolar,2021,cyber crimes/information technology act (women centric crimes only),3
kolar,2021,dowry deaths (sec. 304b ipc),7
kolar,2021,"dowry prohibition act, 1961",36
kolar,2021,insult to the modesty of women (sec. 509 ipc),1
kolar,2021,kidnapping & abduction of women,52
kolar,2021,protection of children from sexual violence act (girl child victims only),69
kolar,2021,rape (sec. 376 ipc),12
kolar,2021,total crime against women (ipc+sll),333
koppal,2020,cyber crimes/information technology act,4
koppal,2020,exposure and abandonment (sec.317 ipc),4
koppal,2020,kidnapping and abduction of children,40
koppal,2020,murder (sec.302 ipc),1
koppal,2020,other ipc crimes,28
koppal,2020,prohibition of child marriage act,4
koppal,2020,"protection of children from sexual offences act (pocso) r/w sec.376,354, 509 ipc)",142
koppal,2020,total crimes against children (ipc+ sll),152
koppal,2020,total ipc crimes against children,73
koppal,2020,total sll crimes against children,79
koppal,2021,abetment to suicide of women (sec. 305/306 ipc),2
koppal,2021,assault on women with intent to outrage her modesty (sec. 354 ipc),109
koppal,2021,cruelty by husband or his relatives (sec. 498 a ipc),96
koppal,2021,cyber crimes/information technology act (women centric crimes only),4
koppal,2021,dowry deaths (sec. 304b ipc),4
koppal,2021,"dowry prohibition act, 1961",1
koppal,2021,human trafficking (sec. 370 & 370a ipc),1
koppal,2021,insult to the modesty of women (sec. 509 ipc),2
koppal,2021,kidnapping & abduction of women,31
koppal,2021,miscarriage (sec. 313 & 314 ipc),1
koppal,2021,protection of children from sexual violence act (girl child victims only),71
koppal,2021,rape (sec. 376 ipc),8
koppal,2021,total crime against women (ipc+sll),330
mandya,2020,child labour (prohibition & regulation) act,1
mandya,2020,exposure and abandonment (sec.317 ipc),4
mandya,2020,juveniles justice (care and protection of children) act,1
mandya,2020,kidnapping and abduction of children,228
mandya,2020,murder (sec.302 ipc),10
mandya,2020,other ipc crimes,41
mandya,2020,prohibition of child marriage act,10
mandya,2020,"protection of children from sexual offences act (pocso) r/w sec.376,354, 509 ipc)",197
mandya,2020,total crimes against children (ipc+ sll),275
mandya,2020,total ipc crimes against children,164
mandya,2020,total sll crimes against children,111
mandya,2021,abetment to suicide of women (sec. 305/306 ipc),11
mandya,2021,assault on women with intent to outrage her modesty (sec. 354 ipc),342
mandya,2021,cruelty by husband or his relatives (sec. 498 a ipc),92
mandya,2021,dowry deaths (sec. 304b ipc),5
mandya,2021,"dowry prohibition act, 1961",39
mandya,2021,immoral traffic (prevention) act 1956 (women victims cases only),3
mandya,2021,"indecent representation of women (prohibition) act, 1986",1
mandya,2021,insult to the modesty of women (sec. 509 ipc),2
mandya,2021,kidnapping & abduction of women,5
mandya,2021,murder with rape/gang rape,1
mandya,2021,protection of children from sexual violence act (girl child victims only),99
mandya,2021,rape (sec. 376 ipc),10
mandya,2021,total crime against women (ipc+sll),610
mangaluru city,2020,cyber crimes/information technology act,22
mangaluru city,2020,exposure and abandonment (sec.317 ipc),1
mangaluru city,2020,juveniles justice (care and protection of children) act,3
mangaluru city,2020,kidnapping and abduction of children,60
mangaluru city,2020,murder (sec.302 ipc),1
mangaluru city,2020,other ipc crimes,36
mangaluru city,2020,"protection of children from sexual offences act (pocso) r/w sec.376,354, 509 ipc)",134
mangaluru city,2020,total crimes against children (ipc+ sll),148
mangaluru city,2020,total ipc crimes against children,68
mangaluru city,2020,total sll crimes against children,80
mangaluru city,2021,abetment to suicide of women (sec. 305/306 ipc),4
mangaluru city,2021,assault on women with intent to outrage her modesty (sec. 354 ipc),83
mangaluru city,2021,cruelty by husband or his relatives (sec. 498 a ipc),32
mangaluru city,2021,cyber crimes/information technology act (women centric crimes only),8
mangaluru city,2021,dowry deaths (sec. 304b ipc),3
mangaluru city,2021,"dowry prohibition act, 1961",17
mangaluru city,2021,human trafficking (sec. 370 & 370a ipc),3
mangaluru city,2021,immoral traffic (prevention) act 1956 (women victims cases only),2
mangaluru city,2021,insult to the modesty of women (sec. 509 ipc),4
mangaluru city,2021,kidnapping & abduction of women,2
mangaluru city,2021,protection of children from sexual violence act (girl child victims only),67
mangaluru city,2021,rape (sec. 376 ipc),12
mangaluru city,2021,total crime against women (ipc+sll),237
mysuru city,2020,child labour (prohibition & regulation) act,4
mysuru city,2020,cyber crimes/information technology act,5
mysuru city,2020,exposure and abandonment (sec.317 ipc),5
mysuru city,2020,kidnapping and abduction of children,124
mysuru city,2020,murder (sec.302 ipc),1
mysuru city,2020,prohibition of child marriage act,3
mysuru city,2020,"protection of children from sexual offences act (pocso) r/w sec.376,354, 509 ipc)",131
mysuru city,2020,"simple hurt (sec.323 r/w ipc,324,332,353,327,328,330 ipc)",1
mysuru city,2020,total crimes against children (ipc+ sll),136
mysuru city,2020,total ipc crimes against children,69
mysuru city,2020,total sll crimes against children,67
mysuru city,2021,abetment to suicide of women (sec. 305/306 ipc),7
mysuru city,2021,assault on women with intent to outrage her modesty (sec. 354 ipc),81
mysuru city,2021,cruelty by husband or his relatives (sec. 498 a ipc),43
mysuru city,2021,cyber crimes/information technology act (women centric crimes only),5
mysuru city,2021,dowry deaths (sec. 304b ipc),3
mysuru city,2021,"dowry prohibition act, 1961",119
mysuru city,2021,insult to the modesty of women (sec. 509 ipc),3
mysuru city,2021,kidnapping & abduction of women,45
mysuru city,2021,protection of children from sexual violence act (girl child victims only),54
mysuru city,2021,rape (sec. 376 ipc),15
mysuru city,2021,total crime against women (ipc+sll),375
mysuru district,2020,child labour (prohibition & regulation) act,2
mysuru district,2020,cyber crimes/information technology act,7
mysuru district,2020,exposure and abandonment (sec.317 ipc),1
mysuru district,2020,infanticide (sec.315 ipc),1
mysuru district,2020,juveniles justice (care and protection of children) act,1
mysuru district,2020,kidnapping and abduction of children,245
mysuru district,2020,murder (sec.302 ipc),4
mysuru district,2020,other ipc crimes,64
mysuru district,2020,prohibition of child marriage act,9
mysuru district,2020,"protection of children from sexual offences act (pocso) r/w sec.376,354, 509 ipc)",270
mysuru district,2020,total crimes against children (ipc+ sll),306
mysuru district,2020,total ipc crimes against children,152
mysuru district,2020,total sll crimes against children,154
mysuru district,2021,abetment to suicide of women (sec. 305/306 ipc),6
mysuru district,2021,assault on women with intent to outrage her modesty (sec. 354 ipc),284
mysuru district,2021,cruelty by husband or his relatives (sec. 498 a ipc),97
mysuru district,2021,cyber crimes/information technology act (women centric crimes only),9
mysuru district,2021,dowry deaths (sec. 304b ipc),8
mysuru district,2021,"dowry prohibition act, 1961",23
mysuru district,2021,immoral traffic (prevention) act 1956 (women victims cases only),7
mysuru district,2021,insult to the modesty of women (sec. 509 ipc),4
mysuru district,2021,kidnapping & abduction of women,1
mysuru district,2021,protection of children from sexual violence act (girl child victims only),135
mysuru district,2021,rape (sec. 376 ipc),22
mysuru district,2021,total crime against women (ipc+sll),596
raichur,2020,child labour (prohibition & regulation) act,6
raichur,2020,cyber crimes/information technology act,6
raichur,2020,exposure and abandonment (sec.317 ipc),1
raichur,2020,juveniles justice (care and protection of children) act,2
raichur,2020,kidnapping and abduction of children,68
raichur,2020,murder (sec.302 ipc),3
raichur,2020,other ipc crimes,36
raichur,2020,prohibition of child marriage act,1
raichur,2020,"protection of children from sexual offences act (pocso) r/w sec.376,354, 509 ipc)",104
raichur,2020,total crimes against children (ipc+ sll),141
raichur,2020,total ipc crimes against children,74
raichur,2020,total sll crimes against children,67
raichur,2021,abetment to suicide of women (sec. 305/306 ipc),7
raichur,2021,assault on women with intent to outrage her modesty (sec. 354 ipc),217
raichur,2021,cruelty by husband or his relatives (sec. 498 a ipc),115
raichur,2021,cyber crimes/information technology act (women centric crimes only),6
raichur,2021,dowry deaths (sec. 304b ipc),6
raichur,2021,"dowry prohibition act, 1961",60
raichur,2021,immoral traffic (prevention) act 1956 (women victims cases only),3
raichur,2021,kidnapping & abduction of women,25
raichur,2021,protection of children from sexual violence act (girl child victims only),52
raichur,2021,rape (sec. 376 ipc),24
raichur,2021,total crime against women (ipc+sll),515
ramanagara,2020,child labour (prohibition & regulation) act,5
ramanagara,2020,cyber crimes/information technology act,5
ramanagara,2020,human trafficking (secs. 370 & 370a ipc) (children only),1
ramanagara,2020,juveniles justice (care and protection of children) act,1
ramanagara,2020,kidnapping and abduction of children,236
ramanagara,2020,murder (sec.302 ipc),2
ramanagara,2020,other sll crimes,1
ramanagara,2020,prohibition of child marriage act,14
ramanagara,2020,"protection of children from sexual offences act (pocso) r/w sec.376,354, 509 ipc)",184
ramanagara,2020,total crimes against children (ipc+ sll),239
ramanagara,2020,total ipc crimes against children,121
ramanagara,2020,total sll crimes against children,118
ramanagara,2021,assault on women with intent to outrage her modesty (sec. 354 ipc),291
ramanagara,2021,cruelty by husband or his relatives (sec. 498 a ipc),46
ramanagara,2021,cyber crimes/information technology act (women centric crimes only),5
ramanagara,2021,dowry deaths (sec. 304b ipc),4
ramanagara,2021,"dowry prohibition act, 1961",68
ramanagara,2021,immoral traffic (prevention) act 1956 (women victims cases only),2
ramanagara,2021,insult to the modesty of women (sec. 509 ipc),1
ramanagara,2021,kidnapping & abduction of women,82
ramanagara,2021,protection of children from sexual violence act (girl child victims only),92
ramanagara,2021,rape (sec. 376 ipc),14
ramanagara,2021,total crime against women (ipc+sll),605
shimoga,2020,abetment of suicide of child (sec.305 ipc),3
shimoga,2020,child labour (prohibition & regulation) act,5
shimoga,2020,cyber crimes/information technology act,5
shimoga,2020,exposure and abandonment (sec.317 ipc),2
shimoga,2020,juveniles justice (care and protection of children) act,3
shimoga,2020,kidnapping and abduction of children,364
shimoga,2020,murder (sec.302 ipc),2
shimoga,2020,other ipc crimes,27
shimoga,2020,other sll crimes,1
shimoga,2020,prohibition of child marriage act,3
shimoga,2020,"protection of children from sexual offences act (pocso) r/w sec.376,354, 509 ipc)",364
shimoga,2020,total crimes against children (ipc+ sll),355
shimoga,2020,total ipc crimes against children,156
shimoga,2020,total sll crimes against children,199
shimoga,2021,abetment to suicide of women (sec. 305/306 ipc),12
shimoga,2021,assault on women with intent to outrage her modesty (sec. 354 ipc),327
shimoga,2021,cruelty by husband or his relatives (sec. 498 a ipc),92
shimoga,2021,cyber crimes/information technology act (women centric crimes only),6
shimoga,2021,dowry deaths (sec. 304b ipc),10
shimoga,2021,"dowry prohibition act, 1961",90
shimoga,2021,immoral traffic (prevention) act 1956 (women victims cases only),2
shimoga,2021,insult to the modesty of women (sec. 509 ipc),1
shimoga,2021,kidnapping & abduction of women,71
shimoga,2021,protection of children from sexual violence act (girl child victims only),182
shimoga,2021,rape (sec. 376 ipc),23
shimoga,2021,total crime against women (ipc+sll),816
tumakuru,2020,attempt to commit murder (sec.307 ipc),10
tumakuru,2020,child labour (prohibition & regulation) act,2
tumakuru,2020,cyber crimes/information technology act,9
tumakuru,2020,exposure and abandonment (sec.317 ipc),3
tumakuru,2020,juveniles justice (care and protection of children) act,4
tumakuru,2020,kidnapping and abduction of children,256
tumakuru,2020,murder (sec.302 ipc),6
tumakuru,2020,other ipc crimes,164
tumakuru,2020,prohibition of child marriage act,8
tumakuru,2020,"protection of children from sexual offences act (pocso) r/w sec.376,354, 509 ipc)",273
tumakuru,2020,"simple hurt (sec.323 r/w ipc,324,332,353,327,328,330 ipc)",36
tumakuru,2020,total crimes against children (ipc+ sll),473
tumakuru,2020,total ipc crimes against children,347
tumakuru,2020,total sll crimes against children,126
tumakuru,2021,assault on women with intent to outrage her modesty (sec. 354 ipc),284
tumakuru,2021,cruelty by husband or his relatives (sec. 498 a ipc),65
tumakuru,2021,cyber crimes/information technology act (women centric crimes only),9
tumakuru,2021,dowry deaths (sec. 304b ipc),4
tumakuru,2021,"dowry prohibition act, 1961",114
tumakuru,2021,immoral traffic (prevention) act 1956 (women victims cases only),4
tumakuru,2021,insult to the modesty of women (sec. 509 ipc),2
tumakuru,2021,kidnapping & abduction of women,109
tumakuru,2021,miscarriage (sec. 313 & 314 ipc),1
tumakuru,2021,protection of children from sexual violence act (girl child victims only),101
tumakuru,2021,rape (sec. 376 ipc),19
tumakuru,2021,total crime against women (ipc+sll),712
udupi,2020,cyber crimes/information technology act,10
udupi,2020,foeticide (sec. 315 & 316 ipc),1
udupi,2020,"grievous hurt (sec.325, 32,326a, 326b,329,331, 333, 335 ipc)",2
udupi,2020,juveniles justice (care and protection of children) act,6
udupi,2020,kidnapping and abduction of children,48
udupi,2020,murder (sec.302 ipc),1
udupi,2020,other ipc crimes,1
udupi,2020,"protection of children from sexual offences act (pocso) r/w sec.376,354, 509 ipc)",201
udupi,2020,total crimes against children (ipc+ sll),110
udupi,2020,total ipc crimes against children,29
udupi,2020,total sll crimes against children,81
udupi,2021,abetment to suicide of women (sec. 305/306 ipc),4
udupi,2021,assault on women with intent to outrage her modesty (sec. 354 ipc),72
udupi,2021,cruelty by husband or his relatives (sec. 498 a ipc),30
udupi,2021,cyber crimes/information technology act (women centric crimes only),14
udupi,2021,"dowry prohibition act, 1961",21
udupi,2021,immoral traffic (prevention) act 1956 (women victims cases only),2
udupi,2021,insult to the modesty of women (sec. 509 ipc),4
udupi,2021,kidnapping & abduction of women,8
udupi,2021,protection of children from sexual violence act (girl child victims only),66
udupi,2021,rape (sec. 376 ipc),10
udupi,2021,total crime against women (ipc+sll),231
uttara kannada,2020,cyber crimes/information technology act,2
uttara kannada,2020,exposure and abandonment (sec.317 ipc),3
uttara kannada,2020,"grievous hurt (sec.325, 32,326a, 326b,329,331, 333, 335 ipc)",1
uttara kannada,2020,juveniles justice (care and protection of children) act,3
uttara kannada,2020,kidnapping and abduction of children,128
uttara kannada,2020,murder (sec.302 ipc),3
uttara kannada,2020,other ipc crimes,84
uttara kannada,2020,other sll crimes,2
uttara kannada,2020,prohibition of child marriage act,1
uttara kannada,2020,"protection of children from sexual offences act (pocso) r/w sec.376,354, 509 ipc)",128
uttara kannada,2020,total crimes against children (ipc+ sll),206
uttara kannada,2020,total ipc crimes against children,134
uttara kannada,2020,total sll crimes against children,72
uttara kannada,2021,abetment to suicide of women (sec. 305/306 ipc),6
uttara kannada,2021,assault on women with intent to outrage her modesty (sec. 354 ipc),160
uttara kannada,2021,cruelty by husband or his relatives (sec. 498 a ipc),21
uttara kannada,2021,cyber crimes/information technology act (women centric crimes only),4
uttara kannada,2021,dowry deaths (sec. 304b ipc),1
uttara kannada,2021,"dowry prohibition act, 1961",21
uttara kannada,2021,immoral traffic (prevention) act 1956 (women victims cases only),6
uttara kannada,2021,insult to the modesty of women (sec. 509 ipc),5
uttara kannada,2021,kidnapping & abduction of women,35
uttara kannada,2021,protection of children from sexual violence act (girl child victims only),64
uttara kannada,2021,rape (sec. 376 ipc),11
uttara kannada,2021,total crime against women (ipc+sll),334
vijayanagara,2020,abetment of suicide of child (sec.305 ipc),2
vijayanagara,2020,exposure and abandonment (sec.317 ipc),2
vijayanagara,2020,juveniles justice (care and protection of children) act,1
vijayanagara,2020,kidnapping and abduction of children,79
vijayanagara,2020,other ipc crimes,1
vijayanagara,2020,prohibition of child marriage act,5
vijayanagara,2020,"protection of children from sexual offences act (pocso) r/w sec.376,354, 509 ipc)",124
vijayanagara,2020,total crimes against children (ipc+ sll),101
vijayanagara,2020,total ipc crimes against children,33
vijayanagara,2020,total sll crimes against children,68
vijayanagara,2021,abetment to suicide of women (sec. 305/306 ipc),1
vijayanagara,2021,assault on women with intent to outrage her modesty (sec. 354 ipc),81
vijayanagara,2021,cruelty by husband or his relatives (sec. 498 a ipc),57
vijayanagara,2021,dowry deaths (sec. 304b ipc),1
vijayanagara,2021,"dowry prohibition act, 1961",30
vijayanagara,2021,insult to the modesty of women (sec. 509 ipc),1
vijayanagara,2021,kidnapping & abduction of women,16
vijayanagara,2021,murder with rape/gang rape,1
vijayanagara,2021,protection of children from sexual violence act (girl child victims only),62
vijayanagara,2021,rape (sec. 376 ipc),7
vijayanagara,2021,total crime against women (ipc+sll),257
vijayapura,2020,cyber crimes/information technology act,9
vijayapura,2020,exposure and abandonment (sec.317 ipc),3
vijayapura,2020,kidnapping and abduction of children,70
vijayapura,2020,murder (sec.302 ipc),3
vijayapura,2020,other ipc crimes,4
vijayapura,2020,prohibition of child marriage act,14
vijayapura,2020,"protection of children from sexual offences act (pocso) r/w sec.376,354, 509 ipc)",106
vijayapura,2020,total crimes against children (ipc+ sll),156
vijayapura,2020,total ipc crimes against children,80
vijayapura,2020,total sll crimes against children,76
vijayapura,2021,assault on women with intent to outrage her modesty (sec. 354 ipc),140
vijayapura,2021,cruelty by husband or his relatives (sec. 498 a ipc),107
vijayapura,2021,cyber crimes/information technology act (women centric crimes only),9
vijayapura,2021,dowry deaths (sec. 304b ipc),3
vijayapura,2021,"dowry prohibition act, 1961",8
vijayapura,2021,immoral traffic (prevention) act 1956 (women victims cases only),1
vijayapura,2021,insult to the modesty of women (sec. 509 ipc),2
vijayapura,2021,kidnapping & abduction of women,57
vijayapura,2021,miscarriage (sec. 313 & 314 ipc),4
vijayapura,2021,protection of children from sexual violence act (girl child victims only),53
vijayapura,2021,rape (sec. 376 ipc),20
vijayapura,2021,total crime against women (ipc+sll),404
yadgiri,2020,child labour (prohibition & regulation) act,1
yadgiri,2020,cyber crimes/information technology act,2
yadgiri,2020,exposure and abandonment (sec.317 ipc),1
yadgiri,2020,kidnapping and abduction of children,43
yadgiri,2020,murder (sec.302 ipc),1
yadgiri,2020,other ipc crimes,9
yadgiri,2020,prohibition of child marriage act,3
yadgiri,2020,"protection of children from sexual offences act (pocso) r/w sec.376,354, 509 ipc)",92
yadgiri,2020,total crimes against children (ipc+ sll),85
yadgiri,2020,total ipc crimes against children,33
yadgiri,2020,total sll crimes against children,52
yadgiri,2021,assault on women with intent to outrage her modesty (sec. 354 ipc),97
yadgiri,2021,cruelty by husband or his relatives (sec. 498 a ipc),32
yadgiri,2021,cyber crimes/information technology act (women centric crimes only),2
yadgiri,2021,dowry deaths (sec. 304b ipc),1
yadgiri,2021,"dowry prohibition act, 1961",20
yadgiri,2021,insult to the modesty of women (sec. 509 ipc),1
yadgiri,2021,kidnapping & abduction of women,19
yadgiri,2021,protection of children from sexual violence act (girl child victims only),46
yadgiri,2021,rape (sec. 376 ipc),15
yadgiri,2021,total crime against women (ipc+sll),233
bagalkot,2022,cyber crimes/information technology act,6
bagalkot,2022,exposure and abandonment (sec.317 ipc),10
bagalkot,2022,kidnapping and abduction of children,200
bagalkot,2022,murder (sec.302 ipc),2
bagalkot,2022,prohibition of child marriage act,72
bagalkot,2022,"protection of children from sexual offences act (pocso) r/w sec.376,354, 509 ipc)",242
bagalkot,2022,total crimes against children (ipc+ sll),246
bagalkot,2022,total ipc crimes against children,80
bagalkot,2022,total sll crimes against children,166
bagalkot,2023,abetment to suicide of women (sec. 305/306 ipc),18
bagalkot,2023,assault on women with intent to outrage her modesty (sec. 354 ipc),318
bagalkot,2023,cruelty by husband or his relatives (sec. 498 a ipc),68
bagalkot,2023,cyber crimes/information technology act (women centric crimes only),6
bagalkot,2023,dowry deaths (sec. 304b ipc),4
bagalkot,2023,"dowry prohibition act, 1961",58
bagalkot,2023,kidnapping & abduction of women,56
bagalkot,2023,protection of children from sexual violence act (girl child victims only),84
bagalkot,2023,rape (sec. 376 ipc),24
bagalkot,2023,total crime against women (ipc+sll),636
ballari,2022,child labour (prohibition & regulation) act,8
ballari,2022,cyber crimes/information technology act,10
ballari,2022,exposure and abandonment (sec.317 ipc),2
ballari,2022,juveniles justice (care and protection of children) act,10
ballari,2022,kidnapping and abduction of children,74
ballari,2022,murder (sec.302 ipc),4
ballari,2022,other ipc crimes,6
ballari,2022,prohibition of child marriage act,8
ballari,2022,"protection of children from sexual offences act (pocso) r/w sec.376,354, 509 ipc)",164
ballari,2022,total crimes against children (ipc+ sll),204
ballari,2022,total ipc crimes against children,86
ballari,2022,total sll crimes against children,118
ballari,2023,assault on women with intent to outrage her modesty (sec. 354 ipc),162
ballari,2023,cruelty by husband or his relatives (sec. 498 a ipc),130
ballari,2023,cyber crimes/information technology act (women centric crimes only),4
ballari,2023,dowry deaths (sec. 304b ipc),2
ballari,2023,"dowry prohibition act, 1961",90
ballari,2023,immoral traffic (prevention) act 1956 (women victims cases only),2
ballari,2023,kidnapping & abduction of women,56
ballari,2023,protection of children from sexual violence act (girl child victims only),82
ballari,2023,rape (sec. 376 ipc),18
ballari,2023,total crime against women (ipc+sll),546
belagavi city,2022,abetment of suicide of child (sec.305 ipc),2
belagavi city,2022,attempt to commit murder (sec.307 ipc),6
belagavi city,2022,cyber crimes/information technology act,12
belagavi city,2022,"grievous hurt (sec.325, 32,326a, 326b,329,331, 333, 335 ipc)",2
belagavi city,2022,kidnapping and abduction of children,136
belagavi city,2022,murder (sec.302 ipc),8
belagavi city,2022,other ipc crimes,68
belagavi city,2022,"protection of children from sexual offences act (pocso) r/w sec.376,354, 509 ipc)",112
belagavi city,2022,"simple hurt (sec.323 r/w ipc,324,332,353,327,328,330 ipc)",6
belagavi city,2022,total crimes against children (ipc+ sll),228
belagavi city,2022,total ipc crimes against children,160
belagavi city,2022,total sll crimes against children,68
belagavi city,2023,abetment to suicide of women (sec. 305/306 ipc),14
belagavi city,2023,assault on women with intent to outrage her modesty (sec. 354 ipc),86
belagavi city,2023,cruelty by husband or his relatives (sec. 498 a ipc),176
belagavi city,2023,cyber crimes/information technology act (women centric crimes only),14
belagavi city,2023,dowry deaths (sec. 304b ipc),4
belagavi city,2023,"dowry prohibition act, 1961",4
belagavi city,2023,human trafficking (sec. 370 & 370a ipc),2
belagavi city,2023,immoral traffic (prevention) act 1956 (women victims cases only),6
belagavi city,2023,insult to the modesty of women (sec. 509 ipc),2
belagavi city,2023,kidnapping & abduction of women,34
belagavi city,2023,protection of children from sexual violence act (girl child victims only),56
belagavi city,2023,rape (sec. 376 ipc),12
belagavi city,2023,total crime against women (ipc+sll),410
belagavi district,2022,cyber crimes/information technology act,28
belagavi district,2022,exposure and abandonment (sec.317 ipc),6
belagavi district,2022,kidnapping and abduction of children,166
belagavi district,2022,murder (sec.302 ipc),14
belagavi district,2022,other ipc crimes,22
belagavi district,2022,prohibition of child marriage act,38
belagavi district,2022,"protection of children from sexual offences act (pocso) r/w sec.376,354, 509 ipc)",506
belagavi district,2022,total crimes against children (ipc+ sll),528
belagavi district,2022,total ipc crimes against children,208
belagavi district,2022,total sll crimes against children,320
belagavi district,2023,abetment to suicide of women (sec. 305/306 ipc),22
belagavi district,2023,assault on women with intent to outrage her modesty (sec. 354 ipc),552
belagavi district,2023,cruelty by husband or his relatives (sec. 498 a ipc),254
belagavi district,2023,cyber crimes/information technology act (women centric crimes only),28
belagavi district,2023,dowry deaths (sec. 304b ipc),6
belagavi district,2023,"dowry prohibition act, 1961",34
belagavi district,2023,immoral traffic (prevention) act 1956 (women victims cases only),2
belagavi district,2023,kidnapping & abduction of women,148
belagavi district,2023,protection of children from sexual violence act (girl child victims only),252
belagavi district,2023,rape (sec. 376 ipc),44
belagavi district,2023,total crime against women (ipc+sll),1342
bengaluru city,2022,abetment of suicide of child (sec.305 ipc),6
bengaluru city,2022,attempt to commit murder (sec.307 ipc),6
bengaluru city,2022,child labour (prohibition & regulation) act,18
bengaluru city,2022,cyber crimes/information technology act,272
bengaluru city,2022,exposure and abandonment (sec.317 ipc),34
bengaluru city,2022,"grievous hurt (sec.325, 32,326a, 326b,329,331, 333, 335 ipc)",6
bengaluru city,2022,juveniles justice (care and protection of children) act,148
bengaluru city,2022,kidnapping and abduction of children,5300
bengaluru city,2022,murder (sec.302 ipc),18
bengaluru city,2022,other ipc crimes,114
bengaluru city,2022,other sll crimes,4
bengaluru city,2022,prohibition of child marriage act,22
bengaluru city,2022,"protection of children from sexual offences act (pocso) r/w sec.376,354, 509 ipc)",1862
bengaluru city,2022,"simple hurt (sec.323 r/w ipc,324,332,353,327,328,330 ipc)",10
bengaluru city,2022,total crimes against children (ipc+ sll),3156
bengaluru city,2022,total ipc crimes against children,1966
bengaluru city,2022,total sll crimes against children,1190
bengaluru city,2023,abetment to suicide of women (sec. 305/306 ipc),174
bengaluru city,2023,acid attack (sec. 326a ipc),10
bengaluru city,2023,assault on women with intent to outrage her modesty (sec. 354 ipc),1514
bengaluru city,2023,attempt to acid attack (sec. 326b ipc),4
bengaluru city,2023,cruelty by husband or his relatives (sec. 498 a ipc),1168
bengaluru city,2023,cyber crimes/information technology act (women centric crimes only),146
bengaluru city,2023,dowry deaths (sec. 304b ipc),58
bengaluru city,2023,"dowry prohibition act, 1961",1928
bengaluru city,2023,human trafficking (sec. 370 & 370a ipc),14
bengaluru city,2023,immoral traffic (prevention) act 1956 (women victims cases only),310
bengaluru city,2023,insult to the modesty of women (sec. 509 ipc),58
bengaluru city,2023,kidnapping & abduction of women,1226
bengaluru city,2023,protection of children from sexual violence act (girl child victims only),936
bengaluru city,2023,rape (sec. 376 ipc),302
bengaluru city,2023,total crime against women (ipc+sll),7848
bengaluru district,2022,child labour (prohibition & regulation) act,4
bengaluru district,2022,cyber crimes/information technology act,32
bengaluru district,2022,exposure and abandonment (sec.317 ipc),4
bengaluru district,2022,juveniles justice (care and protection of children) act,4
bengaluru district,2022,kidnapping and abduction of children,482
bengaluru district,2022,murder (sec.302 ipc),8
bengaluru district,2022,other ipc crimes,2
bengaluru district,2022,prohibition of child marriage act,10
bengaluru district,2022,"protection of children from sexual offences act (pocso) r/w sec.376,354, 509 ipc)",412
bengaluru district,2022,total crimes against children (ipc+ sll),752
bengaluru district,2022,total ipc crimes against children,496
bengaluru district,2022,total sll crimes against children,256
bengaluru district,2023,abetment to suicide of women (sec. 305/306 ipc),30
bengaluru district,2023,assault on women with intent to outrage her modesty (sec. 354 ipc),312
bengaluru district,2023,cruelty by husband or his relatives (sec. 498 a ipc),298
bengaluru district,2023,cyber crimes/information technology act (women centric crimes only),32
bengaluru district,2023,dowry deaths (sec. 304b ipc),28
bengaluru district,2023,"dowry prohibition act, 1961",68
bengaluru district,2023,immoral traffic (prevention) act 1956 (women victims cases only),10
bengaluru district,2023,insult to the modesty of women (sec. 509 ipc),4
bengaluru district,2023,kidnapping & abduction of women,388
bengaluru district,2023,protection of children from sexual violence act (girl child victims only),206
bengaluru district,2023,rape (sec. 376 ipc),42
bengaluru district,2023,total crime against women (ipc+sll),1418
bidar,2022,cyber crimes/information technology act,14
bidar,2022,exposure and abandonment (sec.317 ipc),4
bidar,2022,"grievous hurt (sec.325, 32,326a, 326b,329,331, 333, 335 ipc)",2
bidar,2022,kidnapping and abduction of children,232
bidar,2022,murder (sec.302 ipc),12
bidar,2022,other ipc crimes,72
bidar,2022,"protection of children from sexual offences act (pocso) r/w sec.376,354, 509 ipc)",204
bidar,2022,"simple hurt (sec.323 r/w ipc,324,332,353,327,328,330 ipc)",4
bidar,2022,total crimes against children (ipc+ sll),288
bidar,2022,total ipc crimes against children,172
bidar,2022,total sll crimes against children,116
bidar,2023,abetment to suicide of women (sec. 305/306 ipc),16
bidar,2023,assault on women with intent to outrage her modesty (sec. 354 ipc),108
bidar,2023,attempt to commit rape (sec. 376/511 ipc),2
bidar,2023,cruelty by husband or his relatives (sec. 498 a ipc),220
bidar,2023,cyber crimes/information technology act (women centric crimes only),4
bidar,2023,dowry deaths (sec. 304b ipc),8
bidar,2023,"dowry prohibition act, 1961",52
bidar,2023,immoral traffic (prevention) act 1956 (women victims cases only),8
bidar,2023,"indecent representation of women (prohibition) act, 1986",2
bidar,2023,kidnapping & abduction of women,22
bidar,2023,protection of children from sexual violence act (girl child victims only),102
bidar,2023,rape (sec. 376 ipc),22
bidar,2023,total crime against women (ipc+sll),566
chamarajnagar,2022,exposure and abandonment (sec.317 ipc),4
chamarajnagar,2022,juveniles justice (care and protection of children) act,2
chamarajnagar,2022,kidnapping and abduction of children,42
chamarajnagar,2022,other ipc crimes,88
chamarajnagar,2022,"protection of children from sexual offences act (pocso) r/w sec.376,354, 509 ipc)",192
chamarajnagar,2022,total crimes against children (ipc+ sll),232
chamarajnagar,2022,total ipc crimes against children,134
chamarajnagar,2022,total sll crimes against children,98
chamarajnagar,2023,abetment to suicide of women (sec. 305/306 ipc),6
chamarajnagar,2023,assault on women with intent to outrage her modesty (sec. 354 ipc),310
chamarajnagar,2023,cruelty by husband or his relatives (sec. 498 a ipc),38
chamarajnagar,2023,dowry deaths (sec. 304b ipc),2
chamarajnagar,2023,"dowry prohibition act, 1961",58
chamarajnagar,2023,insult to the modesty of women (sec. 509 ipc),4
chamarajnagar,2023,kidnapping & abduction of women,8
chamarajnagar,2023,protection of children from sexual violence act (girl child victims only),96
chamarajnagar,2023,rape (sec. 376 ipc),18
chamarajnagar,2023,total crime against women (ipc+sll),540
chikkaballapura,2022,abetment of suicide of child (sec.305 ipc),2
chikkaballapura,2022,attempt to commit murder (sec.307 ipc),4
chikkaballapura,2022,child labour (prohibition & regulation) act,4
chikkaballapura,2022,exposure and abandonment (sec.317 ipc),2
chikkaballapura,2022,"grievous hurt (sec.325, 32,326a, 326b,329,331, 333, 335 ipc)",2
chikkaballapura,2022,kidnapping and abduction of children,204
chikkaballapura,2022,murder (sec.302 ipc),2
chikkaballapura,2022,other ipc crimes,84
chikkaballapura,2022,prohibition of child marriage act,16
chikkaballapura,2022,"protection of children from sexual offences act (pocso) r/w sec.376,354, 509 ipc)",552
chikkaballapura,2022,"simple hurt (sec.323 r/w ipc,324,332,353,327,328,330 ipc)",2
chikkaballapura,2022,total crimes against children (ipc+ sll),496
chikkaballapura,2022,total ipc crimes against children,200
chikkaballapura,2022,total sll crimes against children,296
chikkaballapura,2023,abetment to suicide of women (sec. 305/306 ipc),26
chikkaballapura,2023,assault on women with intent to outrage her modesty (sec. 354 ipc),292
chikkaballapura,2023,cruelty by husband or his relatives (sec. 498 a ipc),102
chikkaballapura,2023,dowry deaths (sec. 304b ipc),22
chikkaballapura,2023,"dowry prohibition act, 1961",72
chikkaballapura,2023,human trafficking (sec. 370 & 370a ipc),2
chikkaballapura,2023,insult to the modesty of women (sec. 509 ipc),2
chikkaballapura,2023,kidnapping & abduction of women,6
chikkaballapura,2023,miscarriage (sec. 313 & 314 ipc),2
chikkaballapura,2023,protection of children from sexual violence act (girl child victims only),276
chikkaballapura,2023,rape (sec. 376 ipc),18
chikkaballapura,2023,total crime against women (ipc+sll),820
chikkamagaluru,2022,attempt to commit murder (sec.307 ipc),4
chikkamagaluru,2022,"grievous hurt (sec.325, 32,326a, 326b,329,331, 333, 335 ipc)",2
chikkamagaluru,2022,juveniles justice (care and protection of children) act,2
chikkamagaluru,2022,kidnapping and abduction of children,152
chikkamagaluru,2022,murder (sec.302 ipc),2
chikkamagaluru,2022,other ipc crimes,12
chikkamagaluru,2022,prohibition of child marriage act,12
chikkamagaluru,2022,"protection of children from sexual offences act (pocso) r/w sec.376,354, 509 ipc)",488
chikkamagaluru,2022,"simple hurt (sec.323 r/w ipc,324,332,353,327,328,330 ipc)",8
chikkamagaluru,2022,total crimes against children (ipc+ sll),438
chikkamagaluru,2022,total ipc crimes against children,180
chikkamagaluru,2022,total sll crimes against children,258
chikkamagaluru,2023,abetment to suicide of women (sec. 305/306 ipc),12
chikkamagaluru,2023,assault on women with intent to outrage her modesty (sec. 354 ipc),446
chikkamagaluru,2023,cruelty by husband or his relatives (sec. 498 a ipc),86
chikkamagaluru,2023,dowry deaths (sec. 304b ipc),8
chikkamagaluru,2023,"dowry prohibition act, 1961",80
chikkamagaluru,2023,immoral traffic (prevention) act 1956 (women victims cases only),4
chikkamagaluru,2023,kidnapping & abduction of women,2
chikkamagaluru,2023,murder with rape/gang rape,2
chikkamagaluru,2023,protection of children from sexual violence act (girl child victims only),244
chikkamagaluru,2023,rape (sec. 376 ipc),12
chikkamagaluru,2023,total crime against women (ipc+sll),896
chitradurga,2022,child labour (prohibition & regulation) act,18
chitradurga,2022,exposure and abandonment (sec.317 ipc),4
chitradurga,2022,juveniles justice (care and protection of children) act,2
chitradurga,2022,kidnapping and abduction of children,492
chitradurga,2022,murder (sec.302 ipc),4
chitradurga,2022,other ipc crimes,30
chitradurga,2022,prohibition of child marriage act,4
chitradurga,2022,"protection of children from sexual offences act (pocso) r/w sec.376,354, 509 ipc)",384
chitradurga,2022,total crimes against children (ipc+ sll),420
chitradurga,2022,total ipc crimes against children,204
chitradurga,2022,total sll crimes against children,216
chitradurga,2023,abetment to suicide of women (sec. 305/306 ipc),26
chitradurga,2023,assault on women with intent to outrage her modesty (sec. 354 ipc),766
chitradurga,2023,cruelty by husband or his relatives (sec. 498 a ipc),144
chitradurga,2023,cyber crimes/information technology act (women centric crimes only),2
chitradurga,2023,dowry deaths (sec. 304b ipc),14
chitradurga,2023,"dowry prohibition act, 1961",94
chitradurga,2023,immoral traffic (prevention) act 1956 (women victims cases only),2
chitradurga,2023,insult to the modesty of women (sec. 509 ipc),8
chitradurga,2023,kidnapping & abduction of women,10
chitradurga,2023,protection of children from sexual violence act (girl child victims only),192
chitradurga,2023,rape (sec. 376 ipc),24
chitradurga,2023,total crime against women (ipc+sll),1282
dakshina kannada,2022,abetment of suicide of child (sec.305 ipc),2
dakshina kannada,2022,cyber crimes/information technology act,24
dakshina kannada,2022,juveniles justice (care and protection of children) act,10
dakshina kannada,2022,kidnapping and abduction of children,68
dakshina kannada,2022,murder (sec.302 ipc),2
dakshina kannada,2022,other ipc crimes,126
dakshina kannada,2022,"protection of children from sexual offences act (pocso) r/w sec.376,354, 509 ipc)",380
dakshina kannada,2022,total crimes against children (ipc+ sll),324
dakshina kannada,2022,total ipc crimes against children,164
dakshina kannada,2022,total sll crimes against children,160
dakshina kannada,2023,abetment to suicide of women (sec. 305/306 ipc),4
dakshina kannada,2023,assault on women with intent to outrage her modesty (sec. 354 ipc),114
dakshina kannada,2023,cruelty by husband or his relatives (sec. 498 a ipc),62
dakshina kannada,2023,cyber crimes/information technology act (women centric crimes only),12
dakshina kannada,2023,"dowry prohibition act, 1961",8
dakshina kannada,2023,insult to the modesty of women (sec. 509 ipc),4
dakshina kannada,2023,kidnapping & abduction of women,24
dakshina kannada,2023,protection of children from sexual violence act (girl child victims only),130
dakshina kannada,2023,rape (sec. 376 ipc),20
dakshina kannada,2023,total crime against women (ipc+sll),378
davanagere,2022,child labour (prohibition & regulation) act,8
davanagere,2022,cyber crimes/information technology act,6
davanagere,2022,exposure and abandonment (sec.317 ipc),10
davanagere,2022,human trafficking (secs. 370 & 370a ipc) (children only),6
davanagere,2022,kidnapping and abduction of children,708
davanagere,2022,murder (sec.302 ipc),2
davanagere,2022,other ipc crimes,6
davanagere,2022,other sll crimes,2
davanagere,2022,prohibition of child marriage act,12
davanagere,2022,"protection of children from sexual offences act (pocso) r/w sec.376,354, 509 ipc)",376
davanagere,2022,total crimes against children (ipc+ sll),478
davanagere,2022,total ipc crimes against children,262
davanagere,2022,total sll crimes against children,216
davanagere,2023,abetment to suicide of women (sec. 305/306 ipc),18
davanagere,2023,assault on women with intent to outrage her modesty (sec. 354 ipc),436
davanagere,2023,attempt to commit rape (sec. 376/511 ipc),2
davanagere,2023,cruelty by husband or his relatives (sec. 498 a ipc),118
davanagere,2023,cyber crimes/information technology act (women centric crimes only),6
davanagere,2023,dowry deaths (sec. 304b ipc),14
davanagere,2023,"dowry prohibition act, 1961",186
davanagere,2023,immoral traffic (prevention) act 1956 (women victims cases only),2
davanagere,2023,insult to the modesty of women (sec. 509 ipc),2
davanagere,2023,kidnapping & abduction of women,138
davanagere,2023,murder with rape/gang rape,4
davanagere,2023,protection of children from sexual violence act (girl child victims only),188
davanagere,2023,rape (sec. 376 ipc),34
davanagere,2023,total crime against women (ipc+sll),1148
dharwad,2022,cyber crimes/information technology act,2
dharwad,2022,exposure and abandonment (sec.317 ipc),8
dharwad,2022,kidnapping and abduction of children,36
dharwad,2022,other ipc crimes,32
dharwad,2022,other sll crimes,2
dharwad,2022,prohibition of child marriage act,12
dharwad,2022,"protection of children from sexual offences act (pocso) r/w sec.376,354, 509 ipc)",132
dharwad,2022,total crimes against children (ipc+ sll),158
dharwad,2022,total ipc crimes against children,76
dharwad,2022,total sll crimes against children,82
dharwad,2023,abetment to suicide of women (sec. 305/306 ipc),2
dharwad,2023,assault on women with intent to outrage her modesty (sec. 354 ipc),94
dharwad,2023,attempt to commit rape (sec. 376/511 ipc),2
dharwad,2023,cruelty by husband or his relatives (sec. 498 a ipc),84
dharwad,2023,cyber crimes/information technology act (women centric crimes only),2
dharwad,2023,"dowry prohibition act, 1961",10
dharwad,2023,protection of children from sexual violence act (girl child victims only),66
dharwad,2023,rape (sec. 376 ipc),6
dharwad,2023,total crime against women (ipc+sll),266
gadag,2022,cyber crimes/information technology act,6
gadag,2022,exposure and abandonment (sec.317 ipc),4
gadag,2022,kidnapping and abduction of children,84
gadag,2022,murder (sec.302 ipc),2
gadag,2022,other ipc crimes,10
gadag,2022,prohibition of child marriage act,10
gadag,2022,"protection of children from sexual offences act (pocso) r/w sec.376,354, 509 ipc)",202
gadag,2022,total crimes against children (ipc+ sll),144
gadag,2022,total ipc crimes against children,58
gadag,2022,total sll crimes against children,86
gadag,2023,abetment to suicide of women (sec. 305/306 ipc),8
gadag,2023,assault on women with intent to outrage her modesty (sec. 354 ipc),112
gadag,2023,cruelty by husband or his relatives (sec. 498 a ipc),46
gadag,2023,cyber crimes/information technology act (women centric crimes only),6
gadag,2023,dowry deaths (sec. 304b ipc),4
gadag,2023,"dowry prohibition act, 1961",10
gadag,2023,insult to the modesty of women (sec. 509 ipc),2
gadag,2023,kidnapping & abduction of women,2
gadag,2023,murder with rape/gang rape,2
gadag,2023,protection of children from sexual violence act (girl child victims only),68
gadag,2023,rape (sec. 376 ipc),14
gadag,2023,total crime against women (ipc+sll),274
hassan,2022,cyber crimes/information technology act,8
hassan,2022,human trafficking (secs. 370 & 370a ipc) (children only),2
hassan,2022,juveniles justice (care and protection of children) act,2
hassan,2022,kidnapping and abduction of children,272
hassan,2022,other ipc crimes,30
hassan,2022,other sll crimes,6
hassan,2022,prohibition of child marriage act,26
hassan,2022,"protection of children from sexual offences act (pocso) r/w sec.376,354, 509 ipc)",608
hassan,2022,total crimes against children (ipc+ sll),514
hassan,2022,total ipc crimes against children,168
hassan,2022,total sll crimes against children,346
hassan,2023,abetment to suicide of women (sec. 305/306 ipc),18
hassan,2023,assault on women with intent to outrage her modesty (sec. 354 ipc),546
hassan,2023,cruelty by husband or his relatives (sec. 498 a ipc),100
hassan,2023,cyber crimes/information technology act (women centric crimes only),8
hassan,2023,dowry deaths (sec. 304b ipc),10
hassan,2023,"dowry prohibition act, 1961",156
hassan,2023,kidnapping & abduction of women,132
hassan,2023,protection of children from sexual violence act (girl child victims only),304
hassan,2023,rape (sec. 376 ipc),26
hassan,2023,total crime against women (ipc+sll),1300
haveri,2022,exposure and abandonment (sec.317 ipc),2
haveri,2022,juveniles justice (care and protection of children) act,4
haveri,2022,kidnapping and abduction of children,126
haveri,2022,other ipc crimes,2
haveri,2022,prohibition of child marriage act,2
haveri,2022,"protection of children from sexual offences act (pocso) r/w sec.376,354, 509 ipc)",312
haveri,2022,total crimes against children (ipc+ sll),292
haveri,2022,total ipc crimes against children,130
haveri,2022,total sll crimes against children,162
haveri,2023,abetment to suicide of women (sec. 305/306 ipc),12
haveri,2023,assault on women with intent to outrage her modesty (sec. 354 ipc),224
haveri,2023,cruelty by husband or his relatives (sec. 498 a ipc),72
haveri,2023,dowry deaths (sec. 304b ipc),8
haveri,2023,"dowry prohibition act, 1961",62
haveri,2023,kidnapping & abduction of women,116
haveri,2023,protection of children from sexual violence act (girl child victims only),156
haveri,2023,rape (sec. 376 ipc),26
haveri,2023,total crime against women (ipc+sll),676
hubballi dharwad city,2022,child labour (prohibition & regulation) act,2
hubballi dharwad city,2022,cyber crimes/information technology act,20
hubballi dharwad city,2022,exposure and abandonment (sec.317 ipc),8
hubballi dharwad city,2022,kidnapping and abduction of children,120
hubballi dharwad city,2022,prohibition of child marriage act,4
hubballi dharwad city,2022,"protection of children from sexual offences act (pocso) r/w sec.376,354, 509 ipc)",156
hubballi dharwad city,2022,total crimes against children (ipc+ sll),172
hubballi dharwad city,2022,total ipc crimes against children,68
hubballi dharwad city,2022,total sll crimes against children,104
hubballi dharwad city,2023,abetment to suicide of women (sec. 305/306 ipc),8
hubballi dharwad city,2023,assault on women with intent to outrage her modesty (sec. 354 ipc),110
hubballi dharwad city,2023,cruelty by husband or his relatives (sec. 498 a ipc),174
hubballi dharwad city,2023,cyber crimes/information technology act (women centric crimes only),18
hubballi dharwad city,2023,dowry deaths (sec. 304b ipc),4
hubballi dharwad city,2023,immoral traffic (prevention) act 1956 (women victims cases only),12
hubballi dharwad city,2023,kidnapping & abduction of women,10
hubballi dharwad city,2023,protection of children from sexual violence act (girl child victims only),78
hubballi dharwad city,2023,rape (sec. 376 ipc),20
hubballi dharwad city,2023,total crime against women (ipc+sll),434
k.g.f.,2022,child labour (prohibition & regulation) act,4
k.g.f.,2022,cyber crimes/information technology act,16
k.g.f.,2022,foeticide (sec. 315 & 316 ipc),2
k.g.f.,2022,kidnapping and abduction of children,34
k.g.f.,2022,murder (sec.302 ipc),2
k.g.f.,2022,prohibition of child marriage act,2
k.g.f.,2022,"protection of children from sexual offences act (pocso) r/w sec.376,354, 509 ipc)",120
k.g.f.,2022,total crimes against children (ipc+ sll),112
k.g.f.,2022,total ipc crimes against children,38
k.g.f.,2022,total sll crimes against children,74
k.g.f.,2023,abetment to suicide of women (sec. 305/306 ipc),6
k.g.f.,2023,assault on women with intent to outrage her modesty (sec. 354 ipc),78
k.g.f.,2023,cruelty by husband or his relatives (sec. 498 a ipc),26
k.g.f.,2023,cyber crimes/information technology act (women centric crimes only),8
k.g.f.,2023,dowry deaths (sec. 304b ipc),2
k.g.f.,2023,"dowry prohibition act, 1961",34
k.g.f.,2023,kidnapping & abduction of women,16
k.g.f.,2023,protection of children from sexual violence act (girl child victims only),60
k.g.f.,2023,rape (sec. 376 ipc),10
k.g.f.,2023,total crime against women (ipc+sll),240
k.railways,2022,child labour (prohibition & regulation) act,2
k.railways,2022,exposure and abandonment (sec.317 ipc),4
k.railways,2022,kidnapping and abduction of children,14
k.railways,2022,"protection of children from sexual offences act (pocso) r/w sec.376,354, 509 ipc)",4
k.railways,2022,total crimes against children (ipc+ sll),24
k.railways,2022,total ipc crimes against children,18
k.railways,2022,total sll crimes against children,6
k.railways,2023,assault on women with intent to outrage her modesty (sec. 354 ipc),6
k.railways,2023,cruelty by husband or his relatives (sec. 498 a ipc),6
k.railways,2023,insult to the modesty of women (sec. 509 ipc),2
k.railways,2023,protection of children from sexual violence act (girl child victims only),4
k.railways,2023,total crime against women (ipc+sll),18
kalaburgi,2022,abetment of suicide of child (sec.305 ipc),4
kalaburgi,2022,assault on women with intent to outrage her modesty (sec. 354 ipc),2
kalaburgi,2022,attempt to commit murder (sec.307 ipc),2
kalaburgi,2022,child labour (prohibition & regulation) act,4
kalaburgi,2022,cyber crimes/information technology act,12
kalaburgi,2022,exposure and abandonment (sec.317 ipc),6
kalaburgi,2022,juveniles justice (care and protection of children) act,2
kalaburgi,2022,kidnapping and abduction of children,194
kalaburgi,2022,murder (sec.302 ipc),20
kalaburgi,2022,other ipc crimes,42
kalaburgi,2022,prohibition of child marriage act,8
kalaburgi,2022,"protection of children from sexual offences act (pocso) r/w sec.376,354, 509 ipc)",212
kalaburgi,2022,total crimes against children (ipc+ sll),268
kalaburgi,2022,total ipc crimes against children,132
kalaburgi,2022,total sll crimes against children,136
kalaburgi,2023,abetment to suicide of women (sec. 305/306 ipc),20
kalaburgi,2023,assault on women with intent to outrage her modesty (sec. 354 ipc),234
kalaburgi,2023,cruelty by husband or his relatives (sec. 498 a ipc),202
kalaburgi,2023,cyber crimes/information technology act (women centric crimes only),2
kalaburgi,2023,dowry deaths (sec. 304b ipc),6
kalaburgi,2023,"dowry prohibition act, 1961",6
kalaburgi,2023,immoral traffic (prevention) act 1956 (women victims cases only),2
kalaburgi,2023,kidnapping & abduction of women,58
kalaburgi,2023,miscarriage (sec. 313 & 314 ipc),2
kalaburgi,2023,murder with rape/gang rape,2
kalaburgi,2023,protection of children from sexual violence act (girl child victims only),110
kalaburgi,2023,rape (sec. 376 ipc),24
kalaburgi,2023,total crime against women (ipc+sll),668
kalaburgi city,2022,cyber crimes/information technology act,8
kalaburgi city,2022,exposure and abandonment (sec.317 ipc),12
kalaburgi city,2022,kidnapping and abduction of children,266
kalaburgi city,2022,murder (sec.302 ipc),6
kalaburgi city,2022,other ipc crimes,16
kalaburgi city,2022,prohibition of child marriage act,8
kalaburgi city,2022,"protection of children from sexual offences act (pocso) r/w sec.376,354, 509 ipc)",72
kalaburgi city,2022,total crimes against children (ipc+ sll),174
kalaburgi city,2022,total ipc crimes against children,122
kalaburgi city,2022,total sll crimes against children,52
kalaburgi city,2023,abetment to suicide of women (sec. 305/306 ipc),8
kalaburgi city,2023,assault on women with intent to outrage her modesty (sec. 354 ipc),82
kalaburgi city,2023,attempt to commit rape (sec. 376/511 ipc),2
kalaburgi city,2023,cruelty by husband or his relatives (sec. 498 a ipc),106
kalaburgi city,2023,dowry deaths (sec. 304b ipc),6
kalaburgi city,2023,"dowry prohibition act, 1961",100
kalaburgi city,2023,immoral traffic (prevention) act 1956 (women victims cases only),6
kalaburgi city,2023,kidnapping & abduction of women,2
kalaburgi city,2023,miscarriage (sec. 313 & 314 ipc),10
kalaburgi city,2023,murder with rape/gang rape,2
kalaburgi city,2023,protection of children from sexual violence act (girl child victims only),34
kalaburgi city,2023,rape (sec. 376 ipc),14
kalaburgi city,2023,total crime against women (ipc+sll),372
kodagu,2022,attempt to commit murder (sec.307 ipc),2
kodagu,2022,cyber crimes/information technology act,2
kodagu,2022,exposure and abandonment (sec.317 ipc),4
kodagu,2022,kidnapping and abduction of children,132
kodagu,2022,other ipc crimes,36
kodagu,2022,prohibition of child marriage act,4
kodagu,2022,"protection of children from sexual offences act (pocso) r/w sec.376,354, 509 ipc)",264
kodagu,2022,"simple hurt (sec.323 r/w ipc,324,332,353,327,328,330 ipc)",12
kodagu,2022,total crimes against children (ipc+ sll),258
kodagu,2022,total ipc crimes against children,120
kodagu,2022,total sll crimes against children,138
kodagu,2023,abetment to suicide of women (sec. 305/306 ipc),6
kodagu,2023,assault on women with intent to outrage her modesty (sec. 354 ipc),106
kodagu,2023,cruelty by husband or his relatives (sec. 498 a ipc),48
kodagu,2023,cyber crimes/information technology act (women centric crimes only),4
kodagu,2023,"dowry prohibition act, 1961",4
kodagu,2023,insult to the modesty of women (sec. 509 ipc),2
kodagu,2023,kidnapping & abduction of women,54
kodagu,2023,protection of children from sexual violence act (girl child victims only),132
kodagu,2023,rape (sec. 376 ipc),16
kodagu,2023,total crime against women (ipc+sll),372
kolar,2022,cyber crimes/information technology act,6
kolar,2022,exposure and abandonment (sec.317 ipc),4
kolar,2022,kidnapping and abduction of children,124
kolar,2022,murder (sec.302 ipc),6
kolar,2022,other ipc crimes,12
kolar,2022,other sll crimes,4
kolar,2022,prohibition of child marriage act,10
kolar,2022,"protection of children from sexual offences act (pocso) r/w sec.376,354, 509 ipc)",276
kolar,2022,total crimes against children (ipc+ sll),304
kolar,2022,total ipc crimes against children,146
kolar,2022,total sll crimes against children,158
kolar,2023,abetment to suicide of women (sec. 305/306 ipc),2
kolar,2023,assault on women with intent to outrage her modesty (sec. 354 ipc),258
kolar,2023,cruelty by husband or his relatives (sec. 498 a ipc),46
kolar,2023,cyber crimes/information technology act (women centric crimes only),6
kolar,2023,dowry deaths (sec. 304b ipc),14
kolar,2023,"dowry prohibition act, 1961",72
kolar,2023,insult to the modesty of women (sec. 509 ipc),2
kolar,2023,kidnapping & abduction of women,104
kolar,2023,protection of children from sexual violence act (girl child victims only),138
kolar,2023,rape (sec. 376 ipc),24
kolar,2023,total crime against women (ipc+sll),666
koppal,2022,cyber crimes/information technology act,8
koppal,2022,exposure and abandonment (sec.317 ipc),8
koppal,2022,kidnapping and abduction of children,80
koppal,2022,murder (sec.302 ipc),2
koppal,2022,other ipc crimes,56
koppal,2022,prohibition of child marriage act,8
koppal,2022,"protection of children from sexual offences act (pocso) r/w sec.376,354, 509 ipc)",284
koppal,2022,total crimes against children (ipc+ sll),304
koppal,2022,total ipc crimes against children,146
koppal,2022,total sll crimes against children,158
koppal,2023,abetment to suicide of women (sec. 305/306 ipc),4
koppal,2023,assault on women with intent to outrage her modesty (sec. 354 ipc),218
koppal,2023,cruelty by husband or his relatives (sec. 498 a ipc),192
koppal,2023,cyber crimes/information technology act (women centric crimes only),8
koppal,2023,dowry deaths (sec. 304b ipc),8
koppal,2023,"dowry prohibition act, 1961",2
koppal,2023,human trafficking (sec. 370 & 370a ipc),2
koppal,2023,insult to the modesty of women (sec. 509 ipc),4
koppal,2023,kidnapping & abduction of women,62
koppal,2023,miscarriage (sec. 313 & 314 ipc),2
koppal,2023,protection of children from sexual violence act (girl child victims only),142
koppal,2023,rape (sec. 376 ipc),16
koppal,2023,total crime against women (ipc+sll),660
mandya,2022,child labour (prohibition & regulation) act,2
mandya,2022,exposure and abandonment (sec.317 ipc),8
mandya,2022,juveniles justice (care and protection of children) act,2
mandya,2022,kidnapping and abduction of children,456
mandya,2022,murder (sec.302 ipc),20
mandya,2022,other ipc crimes,82
mandya,2022,prohibition of child marriage act,20
mandya,2022,"protection of children from sexual offences act (pocso) r/w sec.376,354, 509 ipc)",394
mandya,2022,total crimes against children (ipc+ sll),550
mandya,2022,total ipc crimes against children,328
mandya,2022,total sll crimes against children,222
mandya,2023,abetment to suicide of women (sec. 305/306 ipc),22
mandya,2023,assault on women with intent to outrage her modesty (sec. 354 ipc),684
mandya,2023,cruelty by husband or his relatives (sec. 498 a ipc),184
mandya,2023,dowry deaths (sec. 304b ipc),10
mandya,2023,"dowry prohibition act, 1961",78
mandya,2023,immoral traffic (prevention) act 1956 (women victims cases only),6
mandya,2023,"indecent representation of women (prohibition) act, 1986",2
mandya,2023,insult to the modesty of women (sec. 509 ipc),4
mandya,2023,kidnapping & abduction of women,10
mandya,2023,murder with rape/gang rape,2
mandya,2023,protection of children from sexual violence act (girl child victims only),198
mandya,2023,rape (sec. 376 ipc),20
mandya,2023,total crime against women (ipc+sll),1220
mangaluru city,2022,cyber crimes/information technology act,44
mangaluru city,2022,exposure and abandonment (sec.317 ipc),2
mangaluru city,2022,juveniles justice (care and protection of children) act,6
mangaluru city,2022,kidnapping and abduction of children,120
mangaluru city,2022,murder (sec.302 ipc),2
mangaluru city,2022,other ipc crimes,72
mangaluru city,2022,"protection of children from sexual offences act (pocso) r/w sec.376,354, 509 ipc)",268
mangaluru city,2022,total crimes against children (ipc+ sll),296
mangaluru city,2022,total ipc crimes against children,136
mangaluru city,2022,total sll crimes against children,160
mangaluru city,2023,abetment to suicide of women (sec. 305/306 ipc),8
mangaluru city,2023,assault on women with intent to outrage her modesty (sec. 354 ipc),166
mangaluru city,2023,cruelty by husband or his relatives (sec. 498 a ipc),64
mangaluru city,2023,cyber crimes/information technology act (women centric crimes only),16
mangaluru city,2023,dowry deaths (sec. 304b ipc),6
mangaluru city,2023,"dowry prohibition act, 1961",34
mangaluru city,2023,human trafficking (sec. 370 & 370a ipc),6
mangaluru city,2023,immoral traffic (prevention) act 1956 (women victims cases only),4
mangaluru city,2023,insult to the modesty of women (sec. 509 ipc),8
mangaluru city,2023,kidnapping & abduction of women,4
mangaluru city,2023,protection of children from sexual violence act (girl child victims only),134
mangaluru city,2023,rape (sec. 376 ipc),24
mangaluru city,2023,total crime against women (ipc+sll),474
mysuru city,2022,child labour (prohibition & regulation) act,8
mysuru city,2022,cyber crimes/information technology act,10
mysuru city,2022,exposure and abandonment (sec.317 ipc),10
mysuru city,2022,kidnapping and abduction of children,248
mysuru city,2022,murder (sec.302 ipc),2
mysuru city,2022,prohibition of child marriage act,6
mysuru city,2022,"protection of children from sexual offences act (pocso) r/w sec.376,354, 509 ipc)",262
mysuru city,2022,"simple hurt (sec.323 r/w ipc,324,332,353,327,328,330 ipc)",2
mysuru city,2022,total crimes against children (ipc+ sll),272
mysuru city,2022,total ipc crimes against children,138
mysuru city,2022,total sll crimes against children,134
mysuru city,2023,abetment to suicide of women (sec. 305/306 ipc),14
mysuru city,2023,assault on women with intent to outrage her modesty (sec. 354 ipc),162
mysuru city,2023,cruelty by husband or his relatives (sec. 498 a ipc),86
mysuru city,2023,cyber crimes/information technology act (women centric crimes only),10
mysuru city,2023,dowry deaths (sec. 304b ipc),6
mysuru city,2023,"dowry prohibition act, 1961",238
mysuru city,2023,insult to the modesty of women (sec. 509 ipc),6
mysuru city,2023,kidnapping & abduction of women,90
mysuru city,2023,protection of children from sexual violence act (girl child victims only),108
mysuru city,2023,rape (sec. 376 ipc),30
mysuru city,2023,total crime against women (ipc+sll),750
mysuru district,2022,child labour (prohibition & regulation) act,4
mysuru district,2022,cyber crimes/information technology act,14
mysuru district,2022,exposure and abandonment (sec.317 ipc),2
mysuru district,2022,infanticide (sec.315 ipc),2
mysuru district,2022,juveniles justice (care and protection of children) act,2
mysuru district,2022,kidnapping and abduction of children,490
mysuru district,2022,murder (sec.302 ipc),8
mysuru district,2022,other ipc crimes,128
mysuru district,2022,prohibition of child marriage act,18
mysuru district,2022,"protection of children from sexual offences act (pocso) r/w sec.376,354, 509 ipc)",540
mysuru district,2022,total crimes against children (ipc+ sll),612
mysuru district,2022,total ipc crimes against children,304
mysuru district,2022,total sll crimes against children,308
mysuru district,2023,abetment to suicide of women (sec. 305/306 ipc),12
mysuru district,2023,assault on women with intent to outrage her modesty (sec. 354 ipc),568
mysuru district,2023,cruelty by husband or his relatives (sec. 498 a ipc),194
mysuru district,2023,cyber crimes/information technology act (women centric crimes only),18
mysuru district,2023,dowry deaths (sec. 304b ipc),16
mysuru district,2023,"dowry prohibition act, 1961",46
mysuru district,2023,immoral traffic (prevention) act 1956 (women victims cases only),14
mysuru district,2023,insult to the modesty of women (sec. 509 ipc),8
mysuru district,2023,kidnapping & abduction of women,2
mysuru district,2023,protection of children from sexual violence act (girl child victims only),270
mysuru district,2023,rape (sec. 376 ipc),44
mysuru district,2023,total crime against women (ipc+sll),1192
raichur,2022,child labour (prohibition & regulation) act,12
raichur,2022,cyber crimes/information technology act,12
raichur,2022,exposure and abandonment (sec.317 ipc),2
raichur,2022,juveniles justice (care and protection of children) act,4
raichur,2022,kidnapping and abduction of children,136
raichur,2022,murder (sec.302 ipc),6
raichur,2022,other ipc crimes,72
raichur,2022,prohibition of child marriage act,2
raichur,2022,"protection of children from sexual offences act (pocso) r/w sec.376,354, 509 ipc)",208
raichur,2022,total crimes against children (ipc+ sll),282
raichur,2022,total ipc crimes against children,148
raichur,2022,total sll crimes against children,134
raichur,2023,abetment to suicide of women (sec. 305/306 ipc),14
raichur,2023,assault on women with intent to outrage her modesty (sec. 354 ipc),434
raichur,2023,cruelty by husband or his relatives (sec. 498 a ipc),230
raichur,2023,cyber crimes/information technology act (women centric crimes only),12
raichur,2023,dowry deaths (sec. 304b ipc),12
raichur,2023,"dowry prohibition act, 1961",120
raichur,2023,immoral traffic (prevention) act 1956 (women victims cases only),6
raichur,2023,kidnapping & abduction of women,50
raichur,2023,protection of children from sexual violence act (girl child victims only),104
raichur,2023,rape (sec. 376 ipc),48
raichur,2023,total crime against women (ipc+sll),1030
ramanagara,2022,child labour (prohibition & regulation) act,10
ramanagara,2022,cyber crimes/information technology act,10
ramanagara,2022,human trafficking (secs. 370 & 370a ipc) (children only),2
ramanagara,2022,juveniles justice (care and protection of children) act,2
ramanagara,2022,kidnapping and abduction of children,472
ramanagara,2022,murder (sec.302 ipc),4
ramanagara,2022,other sll crimes,2
ramanagara,2022,prohibition of child marriage act,28
ramanagara,2022,"protection of children from sexual offences act (pocso) r/w sec.376,354, 509 ipc)",368
ramanagara,2022,total crimes against children (ipc+ sll),478
ramanagara,2022,total ipc crimes against children,242
ramanagara,2022,total sll crimes against children,236
ramanagara,2023,assault on women with intent to outrage her modesty (sec. 354 ipc),582
ramanagara,2023,cruelty by husband or his relatives (sec. 498 a ipc),92
ramanagara,2023,cyber crimes/information technology act (women centric crimes only),10
ramanagara,2023,dowry deaths (sec. 304b ipc),8
ramanagara,2023,"dowry prohibition act, 1961",136
ramanagara,2023,immoral traffic (prevention) act 1956 (women victims cases only),4
ramanagara,2023,insult to the modesty of women (sec. 509 ipc),2
ramanagara,2023,kidnapping & abduction of women,164
ramanagara,2023,protection of children from sexual violence act (girl child victims only),184
ramanagara,2023,rape (sec. 376 ipc),28
ramanagara,2023,total crime against women (ipc+sll),1210
shimoga,2022,abetment of suicide of child (sec.305 ipc),6
shimoga,2022,child labour (prohibition & regulation) act,10
shimoga,2022,cyber crimes/information technology act,10
shimoga,2022,exposure and abandonment (sec.317 ipc),4
shimoga,2022,juveniles justice (care and protection of children) act,6
shimoga,2022,kidnapping and abduction of children,728
shimoga,2022,murder (sec.302 ipc),4
shimoga,2022,other ipc crimes,54
shimoga,2022,other sll crimes,2
shimoga,2022,prohibition of child marriage act,6
shimoga,2022,"protection of children from sexual offences act (pocso) r/w sec.376,354, 509 ipc)",728
shimoga,2022,total crimes against children (ipc+ sll),710
shimoga,2022,total ipc crimes against children,312
shimoga,2022,total sll crimes against children,398
shimoga,2023,abetment to suicide of women (sec. 305/306 ipc),24
shimoga,2023,assault on women with intent to outrage her modesty (sec. 354 ipc),654
shimoga,2023,cruelty by husband or his relatives (sec. 498 a ipc),184
shimoga,2023,cyber crimes/information technology act (women centric crimes only),12
shimoga,2023,dowry deaths (sec. 304b ipc),20
shimoga,2023,"dowry prohibition act, 1961",180
shimoga,2023,immoral traffic (prevention) act 1956 (women victims cases only),4
shimoga,2023,insult to the modesty of women (sec. 509 ipc),2
shimoga,2023,kidnapping & abduction of women,142
shimoga,2023,protection of children from sexual violence act (girl child victims only),364
shimoga,2023,rape (sec. 376 ipc),46
shimoga,2023,total crime against women (ipc+sll),1632
tumakuru,2022,attempt to commit murder (sec.307 ipc),20
tumakuru,2022,child labour (prohibition & regulation) act,4
tumakuru,2022,cyber crimes/information technology act,18
tumakuru,2022,exposure and abandonment (sec.317 ipc),6
tumakuru,2022,juveniles justice (care and protection of children) act,8
tumakuru,2022,kidnapping and abduction of children,512
tumakuru,2022,murder (sec.302 ipc),12
tumakuru,2022,other ipc crimes,328
tumakuru,2022,prohibition of child marriage act,16
tumakuru,2022,"protection of children from sexual offences act (pocso) r/w sec.376,354, 509 ipc)",546
tumakuru,2022,"simple hurt (sec.323 r/w ipc,324,332,353,327,328,330 ipc)",72
tumakuru,2022,total crimes against children (ipc+ sll),946
tumakuru,2022,total ipc crimes against children,694
tumakuru,2022,total sll crimes against children,252
tumakuru,2023,assault on women with intent to outrage her modesty (sec. 354 ipc),568
tumakuru,2023,cruelty by husband or his relatives (sec. 498 a ipc),130
tumakuru,2023,cyber crimes/information technology act (women centric crimes only),18
tumakuru,2023,dowry deaths (sec. 304b ipc),8
tumakuru,2023,"dowry prohibition act, 1961",228
tumakuru,2023,immoral traffic (prevention) act 1956 (women victims cases only),8
tumakuru,2023,insult to the modesty of women (sec. 509 ipc),4
tumakuru,2023,kidnapping & abduction of women,218
tumakuru,2023,miscarriage (sec. 313 & 314 ipc),2
tumakuru,2023,protection of children from sexual violence act (girl child victims only),202
tumakuru,2023,rape (sec. 376 ipc),38
tumakuru,2023,total crime against women (ipc+sll),1424
udupi,2022,cyber crimes/information technology act,20
udupi,2022,foeticide (sec. 315 & 316 ipc),2
udupi,2022,"grievous hurt (sec.325, 32,326a, 326b,329,331, 333, 335 ipc)",4
udupi,2022,juveniles justice (care and protection of children) act,12
udupi,2022,kidnapping and abduction of children,96
udupi,2022,murder (sec.302 ipc),2
udupi,2022,other ipc crimes,2
udupi,2022,"protection of children from sexual offences act (pocso) r/w sec.376,354, 509 ipc)",402
udupi,2022,total crimes against children (ipc+ sll),220
udupi,2022,total ipc crimes against children,58
udupi,2022,total sll crimes against children,162
udupi,2023,abetment to suicide of women (sec. 305/306 ipc),8
udupi,2023,assault on women with intent to outrage her modesty (sec. 354 ipc),144
udupi,2023,cruelty by husband or his relatives (sec. 498 a ipc),60
udupi,2023,cyber crimes/information technology act (women centric crimes only),28
udupi,2023,"dowry prohibition act, 1961",42
udupi,2023,immoral traffic (prevention) act 1956 (women victims cases only),4
udupi,2023,insult to the modesty of women (sec. 509 ipc),8
udupi,2023,kidnapping & abduction of women,16
udupi,2023,protection of children from sexual violence act (girl child victims only),132
udupi,2023,rape (sec. 376 ipc),20
udupi,2023,total crime against women (ipc+sll),462
uttara kannada,2022,cyber crimes/information technology act,4
uttara kannada,2022,exposure and abandonment (sec.317 ipc),6
uttara kannada,2022,"grievous hurt (sec.325, 32,326a, 326b,329,331, 333, 335 ipc)",2
uttara kannada,2022,juveniles justice (care and protection of children) act,6
uttara kannada,2022,kidnapping and abduction of children,256
uttara kannada,2022,murder (sec.302 ipc),6
uttara kannada,2022,other ipc crimes,168
uttara kannada,2022,other sll crimes,4
uttara kannada,2022,prohibition of child marriage act,2
uttara kannada,2022,"protection of children from sexual offences act (pocso) r/w sec.376,354, 509 ipc)",256
uttara kannada,2022,total crimes against children (ipc+ sll),412
uttara kannada,2022,total ipc crimes against children,268
uttara kannada,2022,total sll crimes against children,144
uttara kannada,2023,abetment to suicide of women (sec. 305/306 ipc),12
uttara kannada,2023,assault on women with intent to outrage her modesty (sec. 354 ipc),320
uttara kannada,2023,cruelty by husband or his relatives (sec. 498 a ipc),42
uttara kannada,2023,cyber crimes/information technology act (women centric crimes only),8
uttara kannada,2023,dowry deaths (sec. 304b ipc),2
uttara kannada,2023,"dowry prohibition act, 1961",42
uttara kannada,2023,immoral traffic (prevention) act 1956 (women victims cases only),12
uttara kannada,2023,insult to the modesty of women (sec. 509 ipc),10
uttara kannada,2023,kidnapping & abduction of women,70
uttara kannada,2023,protection of children from sexual violence act (girl child victims only),128
uttara kannada,2023,rape (sec. 376 ipc),22
uttara kannada,2023,total crime against women (ipc+sll),668
vijayanagara,2022,abetment of suicide of child (sec.305 ipc),4
vijayanagara,2022,exposure and abandonment (sec.317 ipc),4
vijayanagara,2022,juveniles justice (care and protection of children) act,2
vijayanagara,2022,kidnapping and abduction of children,158
vijayanagara,2022,other ipc crimes,2
vijayanagara,2022,prohibition of child marriage act,10
vijayanagara,2022,"protection of children from sexual offences act (pocso) r/w sec.376,354, 509 ipc)",248
vijayanagara,2022,total crimes against children (ipc+ sll),202
vijayanagara,2022,total ipc crimes against children,66
vijayanagara,2022,total sll crimes against children,136
vijayanagara,2023,abetment to suicide of women (sec. 305/306 ipc),2
vijayanagara,2023,assault on women with intent to outrage her modesty (sec. 354 ipc),162
vijayanagara,2023,cruelty by husband or his relatives (sec. 498 a ipc),114
vijayanagara,2023,dowry deaths (sec. 304b ipc),2
vijayanagara,2023,"dowry prohibition act, 1961",60
vijayanagara,2023,insult to the modesty of women (sec. 509 ipc),2
vijayanagara,2023,kidnapping & abduction of women,32
vijayanagara,2023,murder with rape/gang rape,2
vijayanagara,2023,protection of children from sexual violence act (girl child victims only),124
vijayanagara,2023,rape (sec. 376 ipc),14
vijayanagara,2023,total crime against women (ipc+sll),514
vijayapura,2022,cyber crimes/information technology act,18
vijayapura,2022,exposure and abandonment (sec.317 ipc),6
vijayapura,2022,kidnapping and abduction of children,140
vijayapura,2022,murder (sec.302 ipc),6
vijayapura,2022,other ipc crimes,8
vijayapura,2022,prohibition of child marriage act,28
vijayapura,2022,"protection of children from sexual offences act (pocso) r/w sec.376,354, 509 ipc)",212
vijayapura,2022,total crimes against children (ipc+ sll),312
vijayapura,2022,total ipc crimes against children,160
vijayapura,2022,total sll crimes against children,152
vijayapura,2023,assault on women with intent to outrage her modesty (sec. 354 ipc),280
vijayapura,2023,cruelty by husband or his relatives (sec. 498 a ipc),214
vijayapura,2023,cyber crimes/information technology act (women centric crimes only),18
vijayapura,2023,dowry deaths (sec. 304b ipc),6
vijayapura,2023,"dowry prohibition act, 1961",16
vijayapura,2023,immoral traffic (prevention) act 1956 (women victims cases only),2
vijayapura,2023,insult to the modesty of women (sec. 509 ipc),4
vijayapura,2023,kidnapping & abduction of women,114
vijayapura,2023,miscarriage (sec. 313 & 314 ipc),8
vijayapura,2023,protection of children from sexual violence act (girl child victims only),106
vijayapura,2023,rape (sec. 376 ipc),40
vijayapura,2023,total crime against women (ipc+sll),808
yadgiri,2022,child labour (prohibition & regulation) act,2
yadgiri,2022,cyber crimes/information technology act,4
yadgiri,2022,exposure and abandonment (sec.317 ipc),2
yadgiri,2022,kidnapping and abduction of children,86
yadgiri,2022,murder (sec.302 ipc),2
yadgiri,2022,other ipc crimes,18
yadgiri,2022,prohibition of child marriage act,6
yadgiri,2022,"protection of children from sexual offences act (pocso) r/w sec.376,354, 509 ipc)",184
yadgiri,2022,total crimes against children (ipc+ sll),170
yadgiri,2022,total ipc crimes against children,66
yadgiri,2022,total sll crimes against children,104
yadgiri,2023,assault on women with intent to outrage her modesty (sec. 354 ipc),194
yadgiri,2023,cruelty by husband or his relatives (sec. 498 a ipc),64
yadgiri,2023,cyber crimes/information technology act (women centric crimes only),4
yadgiri,2023,dowry deaths (sec. 304b ipc),2
yadgiri,2023,"dowry prohibition act, 1961",40
yadgiri,2023,insult to the modesty of women (sec. 509 ipc),2
yadgiri,2023,kidnapping & abduction of women,38
yadgiri,2023,protection of children from sexual violence act (girl child victims only),92
yadgiri,2023,rape (sec. 376 ipc),30
yadgiri,2023,total crime against women (ipc+sll),466
