district,crime_type,year,time_of_occurrence,date_of_occurrence,police_deployed
Bangalore,sexual assault,2020,01-01-2020 22:28,2020-01-01 14:00:00,19
Bangalore,cybercrime,2020,02-01-2020 10:42,2020-01-01 18:00:00,3
Bangalore,extortion,2020,02-01-2020 18:02,2020-01-01 19:00:00,2
Bangalore,drug offense,2020,02-01-2020 20:47,2020-01-02 00:00:00,1
Bangalore,vandalism,2020,02-01-2020 19:56,2020-01-02 04:00:00,19
Bangalore,arson,2020,06-01-2020 09:35,2020-01-05 11:00:00,3
Bangalore,homicide,2020,06-01-2020 14:55,2020-01-05 16:00:00,7
Bangalore,homicide,2020,06-01-2020 19:17,2020-01-06 12:00:00,2
Bangalore,counterfeiting,2020,07-01-2020 22:27,2020-01-07 03:00:00,8
Bangalore,illegal possession,2020,07-01-2020 16:17,2020-01-07 07:00:00,16
Bangalore,domestic violence,2020,07-01-2020 19:37,2020-01-07 10:00:00,5
Bangalore,traffic violation,2020,09-01-2020 07:34,2020-01-08 12:00:00,1
Bangalore,fraud,2020,09-01-2020 08:32,2020-01-08 17:00:00,8
Bangalore,counterfeiting,2020,10-01-2020 12:37,2020-01-09 14:00:00,3
Bangalore,vehicle - stolen,2020,10-01-2020 02:45,2020-01-09 21:00:00,13
Bangalore,fraud,2020,10-01-2020 19:37,2020-01-10 06:00:00,11
Bangalore,cybercrime,2020,11-01-2020 00:10,2020-01-10 08:00:00,5
Bangalore,vandalism,2020,11-01-2020 03:03,2020-01-11 01:00:00,1
Bangalore,vehicle - stolen,2020,12-01-2020 14:37,2020-01-12 09:00:00,6
Bangalore,identity theft,2020,13-01-2020 01:39,2020-01-12 23:00:00,9
Bangalore,domestic violence,2020,13-01-2020 11:43,2020-01-13 06:00:00,6
Bangalore,sexual assault,2020,14-01-2020 17:26,2020-01-13 20:00:00,12
Bangalore,drug offense,2020,14-01-2020 16:05,2020-01-14 00:00:00,13
Bangalore,assault,2020,14-01-2020 04:12,2020-01-14 01:00:00,6
Bangalore,arson,2020,15-01-2020 02:59,2020-01-14 07:00:00,2
Bangalore,arson,2020,14-01-2020 21:12,2020-01-14 10:00:00,18
Bangalore,shoplifting,2020,14-01-2020 20:43,2020-01-14 12:00:00,6
Bangalore,burglary,2020,15-01-2020 13:02,2020-01-14 15:00:00,6
Bangalore,shoplifting,2020,15-01-2020 21:18,2020-01-14 22:00:00,1
Bangalore,public intoxication,2020,15-01-2020 18:19,2020-01-15 13:00:00,7
Bangalore,counterfeiting,2020,17-01-2020 02:08,2020-01-16 09:00:00,19
Bangalore,vehicle - stolen,2020,18-01-2020 21:47,2020-01-18 04:00:00,12
Bangalore,firearm offense,2020,18-01-2020 20:36,2020-01-18 19:00:00,3
Bangalore,sexual assault,2020,21-01-2020 21:30,2020-01-21 00:00:00,9
Bangalore,burglary,2020,21-01-2020 21:14,2020-01-21 18:00:00,3
Bangalore,identity theft,2020,22-01-2020 00:42,2020-01-21 21:00:00,4
Bangalore,assault,2020,22-01-2020 20:41,2020-01-21 22:00:00,1
Bangalore,homicide,2020,23-01-2020 03:41,2020-01-22 13:00:00,4
Bangalore,kidnapping,2020,23-01-2020 21:54,2020-01-23 01:00:00,5
Bangalore,robbery,2020,24-01-2020 16:08,2020-01-24 06:00:00,7
Bangalore,arson,2020,24-01-2020 23:58,2020-01-24 19:00:00,4
Bangalore,public intoxication,2020,26-01-2020 00:29,2020-01-25 04:00:00,2
Bangalore,robbery,2020,26-01-2020 05:35,2020-01-25 15:00:00,14
Bangalore,cybercrime,2020,26-01-2020 14:05,2020-01-25 16:00:00,8
Bangalore,shoplifting,2020,26-01-2020 15:56,2020-01-25 19:00:00,9
Bangalore,domestic violence,2020,26-01-2020 19:04,2020-01-25 22:00:00,9
Bangalore,traffic violation,2020,26-01-2020 17:06,2020-01-26 04:00:00,15
Bangalore,burglary,2020,26-01-2020 16:31,2020-01-26 07:00:00,13
Bangalore,counterfeiting,2020,27-01-2020 16:50,2020-01-26 18:00:00,18
Bangalore,drug offense,2020,28-01-2020 08:20,2020-01-27 17:00:00,5
Bangalore,burglary,2020,28-01-2020 23:25,2020-01-28 05:00:00,18
Bangalore,kidnapping,2020,29-01-2020 23:53,2020-01-29 01:00:00,13
Bangalore,illegal possession,2020,29-01-2020 22:07,2020-01-29 17:00:00,19
Bangalore,sexual assault,2020,30-01-2020 06:10,2020-01-29 19:00:00,6
Bangalore,arson,2020,30-01-2020 17:34,2020-01-30 17:00:00,16
Bangalore,public intoxication,2020,31-01-2020 06:07,2020-01-30 19:00:00,3
Bangalore,arson,2020,31-01-2020 11:31,2020-01-31 01:00:00,13
Bangalore,public intoxication,2020,01-02-2020 00:37,2020-01-31 07:00:00,9
Bangalore,cybercrime,2020,31-01-2020 22:24,2020-01-31 09:00:00,3
Bangalore,assault,2020,31-01-2020 22:08,2020-01-31 11:00:00,11
Bangalore,kidnapping,2020,31-01-2020 23:08,2020-01-31 12:00:00,4
Bangalore,public intoxication,2020,01-02-2020 09:41,2020-01-31 19:00:00,3
Bangalore,counterfeiting,2020,01-02-2020 18:16,2020-01-31 20:00:00,6
Bangalore,fraud,2020,01-02-2020 23:29,2020-02-01 00:00:00,3
Bangalore,shoplifting,2020,03-02-2020 18:22,2020-02-03 13:00:00,14
Bangalore,counterfeiting,2020,03-02-2020 22:21,2020-02-03 15:00:00,2
Bangalore,public intoxication,2020,04-02-2020 09:21,2020-02-04 09:00:00,4
Bangalore,vandalism,2020,06-02-2020 10:14,2020-02-05 12:00:00,19
Bangalore,burglary,2020,06-02-2020 05:35,2020-02-05 18:00:00,11
Bangalore,identity theft,2020,07-02-2020 00:30,2020-02-06 07:00:00,12
Bangalore,identity theft,2020,06-02-2020 23:22,2020-02-06 16:00:00,1
Bangalore,arson,2020,07-02-2020 05:01,2020-02-06 22:00:00,1
Bangalore,identity theft,2020,07-02-2020 19:36,2020-02-07 00:00:00,10
Bangalore,domestic violence,2020,08-02-2020 00:09,2020-02-07 06:00:00,10
Bangalore,arson,2020,07-02-2020 18:38,2020-02-07 09:00:00,12
Bangalore,extortion,2020,08-02-2020 03:52,2020-02-07 17:00:00,13
Bangalore,drug offense,2020,08-02-2020 15:27,2020-02-07 21:00:00,1
Bangalore,burglary,2020,09-02-2020 20:43,2020-02-08 21:00:00,14
Bangalore,vandalism,2020,10-02-2020 07:12,2020-02-09 10:00:00,1
Bangalore,vehicle - stolen,2020,10-02-2020 16:33,2020-02-10 10:00:00,15
Bangalore,vandalism,2020,11-02-2020 00:37,2020-02-10 12:00:00,16
Bangalore,shoplifting,2020,12-02-2020 15:44,2020-02-11 18:00:00,13
Bangalore,shoplifting,2020,12-02-2020 22:00,2020-02-12 08:00:00,9
Bangalore,drug offense,2020,13-02-2020 03:56,2020-02-12 15:00:00,6
Bangalore,vehicle - stolen,2020,13-02-2020 15:11,2020-02-13 07:00:00,10
Bangalore,traffic violation,2020,13-02-2020 20:53,2020-02-13 12:00:00,10
Bangalore,firearm offense,2020,14-02-2020 06:18,2020-02-14 04:00:00,11
Bangalore,burglary,2020,15-02-2020 17:41,2020-02-15 01:00:00,5
Bangalore,traffic violation,2020,16-02-2020 12:33,2020-02-15 19:00:00,1
Bangalore,assault,2020,16-02-2020 05:18,2020-02-16 03:00:00,9
Bangalore,identity theft,2020,17-02-2020 07:20,2020-02-16 18:00:00,14
Bangalore,extortion,2020,16-02-2020 23:38,2020-02-16 22:00:00,3
Bangalore,illegal possession,2020,17-02-2020 21:35,2020-02-17 04:00:00,9
Bangalore,traffic violation,2020,18-02-2020 07:53,2020-02-18 04:00:00,12
Bangalore,firearm offense,2020,19-02-2020 07:37,2020-02-18 12:00:00,1
Bangalore,kidnapping,2020,19-02-2020 21:47,2020-02-19 01:00:00,8
Bangalore,homicide,2020,19-02-2020 11:18,2020-02-19 11:00:00,19
Bangalore,cybercrime,2020,20-02-2020 02:14,2020-02-19 20:00:00,5
Bangalore,firearm offense,2020,20-02-2020 18:47,2020-02-20 11:00:00,8
Bangalore,shoplifting,2020,20-02-2020 19:21,2020-02-20 19:00:00,17
Bangalore,drug offense,2020,21-02-2020 01:04,2020-02-20 23:00:00,5
Bangalore,assault,2020,21-02-2020 14:07,2020-02-21 13:00:00,10
Bangalore,illegal possession,2020,22-02-2020 11:46,2020-02-22 03:00:00,3
Bangalore,cybercrime,2020,23-02-2020 05:48,2020-02-22 11:00:00,1
Bangalore,robbery,2020,23-02-2020 01:50,2020-02-22 19:00:00,19
Bangalore,cybercrime,2020,24-02-2020 23:06,2020-02-24 21:00:00,16
Bangalore,arson,2020,25-02-2020 03:18,2020-02-24 22:00:00,18
Bangalore,assault,2020,25-02-2020 09:52,2020-02-25 01:00:00,8
Bangalore,domestic violence,2020,26-02-2020 02:42,2020-02-25 09:00:00,3
Bangalore,cybercrime,2020,26-02-2020 13:00,2020-02-25 16:00:00,12
Bangalore,assault,2020,27-02-2020 03:47,2020-02-26 14:00:00,3
Bangalore,public intoxication,2020,27-02-2020 18:31,2020-02-26 20:00:00,9
Bangalore,sexual assault,2020,27-02-2020 20:48,2020-02-26 23:00:00,5
Bangalore,arson,2020,28-02-2020 03:41,2020-02-27 08:00:00,4
Bangalore,extortion,2020,29-02-2020 02:18,2020-02-28 03:00:00,5
Bangalore,assault,2020,28-02-2020 22:17,2020-02-28 06:00:00,13
Bangalore,shoplifting,2020,28-02-2020 10:23,2020-02-28 08:00:00,12
Bangalore,firearm offense,2020,29-02-2020 05:17,2020-02-28 23:00:00,15
Bangalore,shoplifting,2020,01-03-2020 03:28,2020-02-29 10:00:00,9
Bangalore,burglary,2020,01-03-2020 07:09,2020-02-29 21:00:00,8
Bangalore,public intoxication,2020,01-03-2020 20:32,2020-02-29 22:00:00,12
Bangalore,extortion,2020,01-03-2020 15:29,2020-02-29 23:00:00,16
Bangalore,cybercrime,2020,02-03-2020 14:38,2020-03-02 00:00:00,10
Bangalore,assault,2020,04-03-2020 01:12,2020-03-03 02:00:00,16
Bangalore,public intoxication,2020,03-03-2020 20:51,2020-03-03 03:00:00,6
Bangalore,domestic violence,2020,04-03-2020 08:32,2020-03-03 11:00:00,18
Bangalore,domestic violence,2020,05-03-2020 08:57,2020-03-05 08:00:00,13
Bangalore,arson,2020,06-03-2020 07:26,2020-03-05 16:00:00,19
Bangalore,assault,2020,05-03-2020 22:31,2020-03-05 19:00:00,4
Bangalore,sexual assault,2020,06-03-2020 23:18,2020-03-06 07:00:00,12
Bangalore,kidnapping,2020,07-03-2020 05:27,2020-03-06 14:00:00,3
Bangalore,homicide,2020,07-03-2020 06:01,2020-03-06 21:00:00,14
Bangalore,fraud,2020,08-03-2020 03:43,2020-03-07 07:00:00,5
Bangalore,public intoxication,2020,08-03-2020 05:33,2020-03-07 09:00:00,5
Bangalore,traffic violation,2020,08-03-2020 01:30,2020-03-07 20:00:00,7
Bangalore,homicide,2020,08-03-2020 04:14,2020-03-08 01:00:00,19
Bangalore,vehicle - stolen,2020,08-03-2020 19:12,2020-03-08 04:00:00,17
Bangalore,kidnapping,2020,09-03-2020 07:53,2020-03-08 20:00:00,1
Bangalore,kidnapping,2020,09-03-2020 14:59,2020-03-09 11:00:00,12
Bangalore,burglary,2020,10-03-2020 06:01,2020-03-09 13:00:00,7
Bangalore,burglary,2020,10-03-2020 03:13,2020-03-09 14:00:00,9
Bangalore,domestic violence,2020,10-03-2020 13:20,2020-03-09 17:00:00,8
Bangalore,identity theft,2020,10-03-2020 08:26,2020-03-10 04:00:00,11
Bangalore,burglary,2020,10-03-2020 15:12,2020-03-10 10:00:00,17
Bangalore,firearm offense,2020,11-03-2020 05:00,2020-03-10 22:00:00,4
Bangalore,assault,2020,12-03-2020 09:23,2020-03-11 18:00:00,1
Bangalore,fraud,2020,12-03-2020 12:08,2020-03-11 22:00:00,5
Bangalore,public intoxication,2020,12-03-2020 05:50,2020-03-12 00:00:00,8
Bangalore,homicide,2020,12-03-2020 05:57,2020-03-12 04:00:00,7
Bangalore,identity theft,2020,12-03-2020 19:42,2020-03-12 13:00:00,8
Bangalore,homicide,2020,13-03-2020 07:44,2020-03-12 14:00:00,18
Bangalore,shoplifting,2020,13-03-2020 06:07,2020-03-12 23:00:00,16
Bangalore,drug offense,2020,13-03-2020 21:42,2020-03-13 09:00:00,15
Bangalore,burglary,2020,13-03-2020 18:13,2020-03-13 13:00:00,17
Bangalore,homicide,2020,14-03-2020 15:55,2020-03-14 04:00:00,9
Bangalore,kidnapping,2020,15-03-2020 08:53,2020-03-15 04:00:00,7
Bangalore,sexual assault,2020,15-03-2020 11:55,2020-03-15 05:00:00,2
Bangalore,arson,2020,15-03-2020 16:09,2020-03-15 13:00:00,7
Bangalore,shoplifting,2020,16-03-2020 04:17,2020-03-16 00:00:00,18
Bangalore,extortion,2020,16-03-2020 20:55,2020-03-16 03:00:00,5
Bangalore,counterfeiting,2020,16-03-2020 16:11,2020-03-16 10:00:00,17
Bangalore,vehicle - stolen,2020,17-03-2020 08:39,2020-03-17 07:00:00,4
Bangalore,firearm offense,2020,18-03-2020 06:06,2020-03-17 16:00:00,12
Bangalore,extortion,2020,18-03-2020 18:12,2020-03-17 22:00:00,19
Bangalore,illegal possession,2020,18-03-2020 20:12,2020-03-18 01:00:00,5
Bangalore,homicide,2020,19-03-2020 22:51,2020-03-19 04:00:00,1
Bangalore,identity theft,2020,22-03-2020 05:29,2020-03-21 18:00:00,11
Bangalore,homicide,2020,22-03-2020 05:35,2020-03-21 19:00:00,15
Bangalore,traffic violation,2020,22-03-2020 01:46,2020-03-21 22:00:00,1
Bangalore,fraud,2020,23-03-2020 00:05,2020-03-22 01:00:00,19
Bangalore,counterfeiting,2020,23-03-2020 09:57,2020-03-22 10:00:00,11
Bangalore,arson,2020,23-03-2020 14:29,2020-03-22 18:00:00,5
Bangalore,extortion,2020,23-03-2020 23:28,2020-03-23 07:00:00,17
Bangalore,vehicle - stolen,2020,24-03-2020 03:41,2020-03-23 21:00:00,17
Bangalore,vandalism,2020,25-03-2020 06:29,2020-03-24 07:00:00,13
Bangalore,assault,2020,25-03-2020 12:06,2020-03-25 03:00:00,1
Bangalore,extortion,2020,25-03-2020 20:09,2020-03-25 11:00:00,2
Bangalore,drug offense,2020,26-03-2020 03:29,2020-03-25 12:00:00,14
Bangalore,drug offense,2020,26-03-2020 19:47,2020-03-26 06:00:00,15
Bangalore,drug offense,2020,26-03-2020 18:01,2020-03-26 13:00:00,11
Bangalore,cybercrime,2020,27-03-2020 11:42,2020-03-27 08:00:00,1
Bangalore,fraud,2020,28-03-2020 15:36,2020-03-27 19:00:00,7
Bangalore,extortion,2020,28-03-2020 06:45,2020-03-27 22:00:00,16
Bangalore,public intoxication,2020,28-03-2020 20:55,2020-03-28 12:00:00,18
Bangalore,domestic violence,2020,28-03-2020 15:44,2020-03-28 14:00:00,5
Bangalore,shoplifting,2020,28-03-2020 23:02,2020-03-28 19:00:00,19
Bangalore,domestic violence,2020,29-03-2020 17:41,2020-03-29 03:00:00,11
Bangalore,assault,2020,31-03-2020 20:21,2020-03-31 01:00:00,16
Bangalore,vandalism,2020,01-04-2020 18:31,2020-03-31 19:00:00,15
Bangalore,vandalism,2020,01-04-2020 20:44,2020-03-31 21:00:00,10
Bangalore,kidnapping,2020,01-04-2020 14:03,2020-04-01 04:00:00,17
Bangalore,drug offense,2020,02-04-2020 05:14,2020-04-01 21:00:00,11
Bangalore,kidnapping,2020,03-04-2020 01:32,2020-04-02 03:00:00,4
Bangalore,shoplifting,2020,02-04-2020 16:47,2020-04-02 05:00:00,8
Bangalore,identity theft,2020,03-04-2020 04:42,2020-04-02 20:00:00,18
Bangalore,identity theft,2020,03-04-2020 19:54,2020-04-03 15:00:00,2
Bangalore,extortion,2020,04-04-2020 05:44,2020-04-03 16:00:00,14
Bangalore,cybercrime,2020,05-04-2020 03:41,2020-04-05 02:00:00,10
Bangalore,public intoxication,2020,06-04-2020 16:05,2020-04-05 20:00:00,16
Bangalore,extortion,2020,06-04-2020 07:05,2020-04-06 01:00:00,8
Bangalore,sexual assault,2020,07-04-2020 07:55,2020-04-06 21:00:00,13
Bangalore,fraud,2020,07-04-2020 10:22,2020-04-07 04:00:00,1
Bangalore,vandalism,2020,08-04-2020 10:56,2020-04-07 12:00:00,8
Bangalore,cybercrime,2020,07-04-2020 23:58,2020-04-07 23:00:00,8
Bangalore,counterfeiting,2020,08-04-2020 10:52,2020-04-08 00:00:00,3
Bangalore,kidnapping,2020,08-04-2020 21:13,2020-04-08 05:00:00,16
Bangalore,firearm offense,2020,08-04-2020 21:36,2020-04-08 06:00:00,19
Bangalore,robbery,2020,09-04-2020 19:58,2020-04-09 06:00:00,11
Bangalore,kidnapping,2020,09-04-2020 22:07,2020-04-09 10:00:00,13
Bangalore,shoplifting,2020,10-04-2020 05:54,2020-04-09 14:00:00,2
Bangalore,assault,2020,10-04-2020 09:44,2020-04-10 05:00:00,19
Bangalore,arson,2020,11-04-2020 00:39,2020-04-10 11:00:00,9
Bangalore,cybercrime,2020,11-04-2020 06:41,2020-04-11 05:00:00,18
Bangalore,firearm offense,2020,12-04-2020 07:05,2020-04-11 15:00:00,10
Bangalore,illegal possession,2020,12-04-2020 12:04,2020-04-11 20:00:00,3
Bangalore,firearm offense,2020,12-04-2020 06:28,2020-04-11 21:00:00,12
Bangalore,public intoxication,2020,12-04-2020 22:02,2020-04-12 05:00:00,18
Bangalore,shoplifting,2020,13-04-2020 06:48,2020-04-12 12:00:00,8
Bangalore,burglary,2020,14-04-2020 00:44,2020-04-13 05:00:00,9
Bangalore,domestic violence,2020,13-04-2020 17:32,2020-04-13 06:00:00,6
Bangalore,domestic violence,2020,13-04-2020 23:14,2020-04-13 12:00:00,15
Bangalore,vandalism,2020,15-04-2020 16:52,2020-04-15 12:00:00,16
Bangalore,assault,2020,17-04-2020 00:48,2020-04-16 14:00:00,5
Bangalore,drug offense,2020,17-04-2020 08:03,2020-04-16 17:00:00,7
Bangalore,fraud,2020,17-04-2020 11:25,2020-04-16 20:00:00,16
Bangalore,assault,2020,17-04-2020 16:04,2020-04-17 06:00:00,14
Bangalore,kidnapping,2020,17-04-2020 17:47,2020-04-17 13:00:00,5
Bangalore,traffic violation,2020,18-04-2020 18:56,2020-04-18 16:00:00,6
Bangalore,burglary,2020,18-04-2020 23:44,2020-04-18 18:00:00,3
Bangalore,domestic violence,2020,19-04-2020 13:26,2020-04-18 22:00:00,4
Bangalore,burglary,2020,19-04-2020 12:50,2020-04-19 09:00:00,17
Bangalore,vehicle - stolen,2020,22-04-2020 23:38,2020-04-22 03:00:00,1
Bangalore,firearm offense,2020,23-04-2020 14:57,2020-04-22 20:00:00,7
Bangalore,counterfeiting,2020,23-04-2020 05:37,2020-04-23 02:00:00,5
Bangalore,domestic violence,2020,23-04-2020 18:03,2020-04-23 11:00:00,2
Bangalore,kidnapping,2020,24-04-2020 21:25,2020-04-24 07:00:00,9
Bangalore,domestic violence,2020,25-04-2020 23:47,2020-04-25 09:00:00,1
Bangalore,domestic violence,2020,25-04-2020 12:31,2020-04-25 11:00:00,11
Bangalore,cybercrime,2020,27-04-2020 06:55,2020-04-27 02:00:00,1
Bangalore,vehicle - stolen,2020,28-04-2020 16:24,2020-04-27 17:00:00,7
Bangalore,counterfeiting,2020,28-04-2020 19:12,2020-04-28 00:00:00,4
Bangalore,drug offense,2020,30-04-2020 08:13,2020-04-29 21:00:00,2
Bangalore,vandalism,2020,30-04-2020 12:53,2020-04-29 23:00:00,19
Bangalore,shoplifting,2020,01-05-2020 00:42,2020-05-01 00:00:00,14
Bangalore,public intoxication,2020,01-05-2020 11:12,2020-05-01 09:00:00,15
Bangalore,kidnapping,2020,01-05-2020 23:26,2020-05-01 18:00:00,8
Bangalore,burglary,2020,03-05-2020 12:32,2020-05-02 13:00:00,3
Bangalore,burglary,2020,03-05-2020 13:43,2020-05-02 14:00:00,6
Bangalore,counterfeiting,2020,03-05-2020 20:03,2020-05-03 06:00:00,8
Bangalore,sexual assault,2020,05-05-2020 08:03,2020-05-05 03:00:00,10
Bangalore,cybercrime,2020,05-05-2020 11:00,2020-05-05 05:00:00,1
Bangalore,extortion,2020,06-05-2020 08:41,2020-05-05 10:00:00,10
Bangalore,firearm offense,2020,06-05-2020 05:50,2020-05-05 15:00:00,15
Bangalore,cybercrime,2020,06-05-2020 19:54,2020-05-06 09:00:00,19
Bangalore,vandalism,2020,07-05-2020 03:29,2020-05-06 19:00:00,13
Bangalore,homicide,2020,07-05-2020 23:29,2020-05-07 04:00:00,7
Bangalore,fraud,2020,07-05-2020 22:42,2020-05-07 21:00:00,14
Bangalore,vandalism,2020,09-05-2020 06:10,2020-05-08 22:00:00,10
Bangalore,identity theft,2020,09-05-2020 22:26,2020-05-09 10:00:00,1
Bangalore,kidnapping,2020,10-05-2020 06:13,2020-05-09 19:00:00,13
Bangalore,public intoxication,2020,10-05-2020 10:47,2020-05-10 04:00:00,14
Bangalore,sexual assault,2020,11-05-2020 02:41,2020-05-10 22:00:00,15
Bangalore,firearm offense,2020,11-05-2020 13:15,2020-05-11 04:00:00,15
Bangalore,vehicle - stolen,2020,11-05-2020 21:56,2020-05-11 12:00:00,11
Bangalore,illegal possession,2020,12-05-2020 00:25,2020-05-11 19:00:00,4
Bangalore,vehicle - stolen,2020,11-05-2020 21:09,2020-05-11 20:00:00,13
Bangalore,firearm offense,2020,12-05-2020 07:45,2020-05-11 23:00:00,18
Bangalore,vandalism,2020,12-05-2020 16:52,2020-05-12 09:00:00,14
Bangalore,shoplifting,2020,13-05-2020 07:57,2020-05-12 20:00:00,2
Bangalore,homicide,2020,13-05-2020 20:55,2020-05-12 21:00:00,14
Bangalore,extortion,2020,13-05-2020 15:38,2020-05-13 00:00:00,3
Bangalore,cybercrime,2020,14-05-2020 15:41,2020-05-14 03:00:00,11
Bangalore,firearm offense,2020,16-05-2020 06:34,2020-05-15 08:00:00,16
Bangalore,traffic violation,2020,16-05-2020 07:34,2020-05-15 18:00:00,12
Bangalore,sexual assault,2020,17-05-2020 10:32,2020-05-17 04:00:00,5
Bangalore,counterfeiting,2020,18-05-2020 00:53,2020-05-17 05:00:00,13
Bangalore,burglary,2020,17-05-2020 11:55,2020-05-17 10:00:00,10
Bangalore,kidnapping,2020,17-05-2020 23:11,2020-05-17 12:00:00,12
Bangalore,counterfeiting,2020,17-05-2020 15:38,2020-05-17 13:00:00,18
Bangalore,public intoxication,2020,18-05-2020 11:35,2020-05-18 07:00:00,13
Bangalore,burglary,2020,19-05-2020 03:03,2020-05-18 09:00:00,3
Bangalore,identity theft,2020,18-05-2020 23:58,2020-05-18 23:00:00,17
Bangalore,drug offense,2020,20-05-2020 13:09,2020-05-19 19:00:00,11
Bangalore,kidnapping,2020,22-05-2020 01:06,2020-05-21 08:00:00,5
Bangalore,shoplifting,2020,22-05-2020 09:47,2020-05-21 17:00:00,18
Bangalore,shoplifting,2020,22-05-2020 19:55,2020-05-21 22:00:00,14
Bangalore,drug offense,2020,22-05-2020 16:55,2020-05-22 00:00:00,6
Bangalore,drug offense,2020,22-05-2020 22:15,2020-05-22 15:00:00,14
Bangalore,homicide,2020,23-05-2020 04:55,2020-05-23 00:00:00,2
Bangalore,vehicle - stolen,2020,24-05-2020 04:43,2020-05-24 03:00:00,3
Bangalore,homicide,2020,24-05-2020 08:46,2020-05-24 05:00:00,2
Bangalore,sexual assault,2020,24-05-2020 23:19,2020-05-24 09:00:00,6
Bangalore,firearm offense,2020,25-05-2020 13:22,2020-05-24 14:00:00,9
Bangalore,vehicle - stolen,2020,25-05-2020 12:50,2020-05-24 20:00:00,14
Bangalore,robbery,2020,25-05-2020 02:20,2020-05-24 22:00:00,17
Bangalore,homicide,2020,25-05-2020 11:27,2020-05-25 07:00:00,1
Bangalore,public intoxication,2020,26-05-2020 00:11,2020-05-25 09:00:00,13
Bangalore,drug offense,2020,26-05-2020 16:55,2020-05-25 22:00:00,6
Bangalore,vehicle - stolen,2020,26-05-2020 14:37,2020-05-25 23:00:00,14
Bangalore,arson,2020,27-05-2020 01:59,2020-05-26 17:00:00,13
Bangalore,assault,2020,27-05-2020 14:00,2020-05-26 18:00:00,1
Bangalore,assault,2020,27-05-2020 08:35,2020-05-27 01:00:00,17
Bangalore,public intoxication,2020,29-05-2020 14:05,2020-05-29 01:00:00,13
Bangalore,counterfeiting,2020,29-05-2020 20:06,2020-05-29 08:00:00,13
Bangalore,traffic violation,2020,30-05-2020 05:43,2020-05-29 09:00:00,7
Bangalore,vandalism,2020,29-05-2020 19:10,2020-05-29 10:00:00,11
Bangalore,illegal possession,2020,30-05-2020 11:06,2020-05-29 13:00:00,12
Bangalore,extortion,2020,30-05-2020 15:48,2020-05-29 21:00:00,8
Bangalore,domestic violence,2020,30-05-2020 17:36,2020-05-30 05:00:00,4
Bangalore,counterfeiting,2020,30-05-2020 22:06,2020-05-30 11:00:00,15
Bangalore,vehicle - stolen,2020,01-06-2020 13:59,2020-06-01 00:00:00,5
Bangalore,domestic violence,2020,02-06-2020 16:39,2020-06-01 19:00:00,17
Bangalore,burglary,2020,02-06-2020 15:18,2020-06-02 13:00:00,6
Bangalore,traffic violation,2020,02-06-2020 20:04,2020-06-02 15:00:00,7
Bangalore,traffic violation,2020,02-06-2020 20:02,2020-06-02 19:00:00,12
Bangalore,assault,2020,03-06-2020 00:50,2020-06-02 22:00:00,5
Bangalore,vandalism,2020,04-06-2020 14:09,2020-06-04 14:00:00,12
Bangalore,extortion,2020,04-06-2020 17:51,2020-06-04 16:00:00,3
Bangalore,counterfeiting,2020,05-06-2020 15:22,2020-06-05 09:00:00,10
Bangalore,robbery,2020,06-06-2020 04:42,2020-06-05 17:00:00,12
Bangalore,vehicle - stolen,2020,06-06-2020 19:18,2020-06-05 21:00:00,19
Bangalore,extortion,2020,06-06-2020 01:07,2020-06-05 23:00:00,17
Bangalore,kidnapping,2020,08-06-2020 03:20,2020-06-07 07:00:00,17
Bangalore,assault,2020,07-06-2020 17:36,2020-06-07 08:00:00,13
Bangalore,burglary,2020,08-06-2020 04:59,2020-06-07 13:00:00,19
Bangalore,domestic violence,2020,08-06-2020 20:17,2020-06-08 12:00:00,10
Bangalore,traffic violation,2020,09-06-2020 13:48,2020-06-08 18:00:00,4
Bangalore,cybercrime,2020,10-06-2020 06:53,2020-06-09 08:00:00,19
Bangalore,assault,2020,10-06-2020 11:09,2020-06-09 15:00:00,18
Bangalore,shoplifting,2020,10-06-2020 21:32,2020-06-09 23:00:00,9
Bangalore,firearm offense,2020,10-06-2020 06:24,2020-06-10 06:00:00,11
Bangalore,robbery,2020,10-06-2020 10:12,2020-06-10 08:00:00,10
Bangalore,drug offense,2020,10-06-2020 12:48,2020-06-10 10:00:00,3
Bangalore,arson,2020,11-06-2020 05:51,2020-06-10 15:00:00,19
Bangalore,robbery,2020,11-06-2020 02:25,2020-06-10 16:00:00,11
Bangalore,vandalism,2020,11-06-2020 13:08,2020-06-10 22:00:00,5
Bangalore,drug offense,2020,11-06-2020 20:34,2020-06-11 01:00:00,16
Bangalore,firearm offense,2020,11-06-2020 11:43,2020-06-11 06:00:00,16
Bangalore,sexual assault,2020,12-06-2020 11:01,2020-06-12 06:00:00,5
Bangalore,homicide,2020,13-06-2020 05:28,2020-06-12 11:00:00,10
Bangalore,counterfeiting,2020,13-06-2020 11:23,2020-06-12 12:00:00,15
Bangalore,public intoxication,2020,13-06-2020 10:26,2020-06-12 18:00:00,1
Bangalore,homicide,2020,13-06-2020 04:56,2020-06-12 19:00:00,16
Bangalore,homicide,2020,13-06-2020 22:49,2020-06-13 08:00:00,14
Bangalore,robbery,2020,14-06-2020 14:28,2020-06-13 20:00:00,18
Bangalore,arson,2020,14-06-2020 21:54,2020-06-13 22:00:00,13
Bangalore,firearm offense,2020,14-06-2020 01:44,2020-06-13 23:00:00,2
Bangalore,domestic violence,2020,15-06-2020 08:24,2020-06-14 10:00:00,10
Bangalore,traffic violation,2020,15-06-2020 15:16,2020-06-14 18:00:00,9
Bangalore,illegal possession,2020,15-06-2020 12:08,2020-06-14 23:00:00,16
Bangalore,extortion,2020,15-06-2020 19:17,2020-06-15 19:00:00,12
Bangalore,firearm offense,2020,16-06-2020 22:04,2020-06-16 07:00:00,2
Bangalore,illegal possession,2020,17-06-2020 00:25,2020-06-16 14:00:00,19
Bangalore,assault,2020,17-06-2020 19:48,2020-06-17 04:00:00,2
Bangalore,cybercrime,2020,17-06-2020 06:19,2020-06-17 06:00:00,13
Bangalore,counterfeiting,2020,18-06-2020 00:43,2020-06-17 07:00:00,3
Bangalore,shoplifting,2020,17-06-2020 13:20,2020-06-17 09:00:00,10
Bangalore,arson,2020,18-06-2020 20:22,2020-06-18 01:00:00,9
Bangalore,homicide,2020,18-06-2020 19:44,2020-06-18 09:00:00,5
Bangalore,robbery,2020,18-06-2020 13:59,2020-06-18 11:00:00,2
Bangalore,vandalism,2020,18-06-2020 20:34,2020-06-18 19:00:00,15
Bangalore,identity theft,2020,19-06-2020 08:40,2020-06-18 22:00:00,19
Bangalore,robbery,2020,19-06-2020 05:44,2020-06-18 23:00:00,2
Bangalore,robbery,2020,19-06-2020 09:42,2020-06-19 03:00:00,9
Bangalore,homicide,2020,19-06-2020 17:21,2020-06-19 05:00:00,1
Bangalore,domestic violence,2020,20-06-2020 22:12,2020-06-20 01:00:00,17
Bangalore,vandalism,2020,22-06-2020 02:02,2020-06-21 03:00:00,19
Bangalore,extortion,2020,22-06-2020 09:05,2020-06-21 18:00:00,7
Bangalore,counterfeiting,2020,22-06-2020 20:36,2020-06-21 22:00:00,19
Bangalore,arson,2020,22-06-2020 22:20,2020-06-22 04:00:00,6
Bangalore,drug offense,2020,23-06-2020 08:48,2020-06-23 03:00:00,6
Bangalore,cybercrime,2020,23-06-2020 23:04,2020-06-23 13:00:00,18
Bangalore,domestic violence,2020,24-06-2020 03:58,2020-06-23 22:00:00,18
Bangalore,assault,2020,24-06-2020 12:46,2020-06-24 08:00:00,18
Bangalore,public intoxication,2020,24-06-2020 19:09,2020-06-24 12:00:00,1
Bangalore,kidnapping,2020,25-06-2020 00:12,2020-06-24 14:00:00,9
Bangalore,traffic violation,2020,25-06-2020 11:49,2020-06-24 15:00:00,19
Bangalore,homicide,2020,26-06-2020 02:20,2020-06-25 04:00:00,3
Bangalore,shoplifting,2020,26-06-2020 04:20,2020-06-25 19:00:00,11
Bangalore,extortion,2020,26-06-2020 09:47,2020-06-25 21:00:00,2
Bangalore,extortion,2020,26-06-2020 11:00,2020-06-26 06:00:00,14
Bangalore,vandalism,2020,27-06-2020 03:35,2020-06-27 02:00:00,11
Bangalore,shoplifting,2020,27-06-2020 16:30,2020-06-27 16:00:00,16
Bangalore,kidnapping,2020,29-06-2020 00:50,2020-06-28 13:00:00,18
Bangalore,robbery,2020,29-06-2020 05:53,2020-06-28 23:00:00,13
Bangalore,homicide,2020,30-06-2020 07:52,2020-06-29 13:00:00,10
Bangalore,fraud,2020,29-06-2020 22:27,2020-06-29 14:00:00,9
Bangalore,traffic violation,2020,30-06-2020 00:30,2020-06-29 22:00:00,9
Bangalore,counterfeiting,2020,30-06-2020 19:52,2020-06-30 12:00:00,11
Bangalore,domestic violence,2020,01-07-2020 09:33,2020-06-30 15:00:00,17
Bangalore,assault,2020,01-07-2020 14:54,2020-07-01 09:00:00,12
Bangalore,illegal possession,2020,02-07-2020 09:09,2020-07-01 23:00:00,8
Bangalore,drug offense,2020,03-07-2020 07:22,2020-07-02 18:00:00,5
Bangalore,assault,2020,04-07-2020 05:18,2020-07-03 09:00:00,16
Bangalore,shoplifting,2020,04-07-2020 20:45,2020-07-04 03:00:00,4
Bangalore,illegal possession,2020,05-07-2020 06:58,2020-07-05 00:00:00,18
Bangalore,assault,2020,06-07-2020 03:49,2020-07-05 12:00:00,3
Bangalore,shoplifting,2020,05-07-2020 23:36,2020-07-05 14:00:00,3
Bangalore,assault,2020,05-07-2020 22:16,2020-07-05 15:00:00,2
Bangalore,arson,2020,06-07-2020 14:27,2020-07-06 10:00:00,15
Bangalore,identity theft,2020,07-07-2020 18:39,2020-07-07 02:00:00,3
Bangalore,shoplifting,2020,07-07-2020 16:18,2020-07-07 06:00:00,4
Bangalore,vandalism,2020,08-07-2020 08:05,2020-07-07 16:00:00,10
Bangalore,shoplifting,2020,08-07-2020 11:12,2020-07-07 19:00:00,15
Bangalore,cybercrime,2020,08-07-2020 07:36,2020-07-07 20:00:00,17
Bangalore,illegal possession,2020,08-07-2020 07:15,2020-07-07 23:00:00,7
Bangalore,illegal possession,2020,08-07-2020 05:20,2020-07-08 00:00:00,16
Bangalore,firearm offense,2020,08-07-2020 05:36,2020-07-08 05:00:00,8
Bangalore,vandalism,2020,09-07-2020 01:39,2020-07-08 13:00:00,9
Bangalore,traffic violation,2020,09-07-2020 03:17,2020-07-09 03:00:00,16
Bangalore,illegal possession,2020,10-07-2020 09:19,2020-07-09 10:00:00,5
Bangalore,identity theft,2020,10-07-2020 11:30,2020-07-10 00:00:00,8
Bangalore,burglary,2020,10-07-2020 11:00,2020-07-10 05:00:00,1
Bangalore,arson,2020,11-07-2020 11:21,2020-07-10 15:00:00,14
Bangalore,identity theft,2020,11-07-2020 14:09,2020-07-11 06:00:00,5
Bangalore,counterfeiting,2020,12-07-2020 03:59,2020-07-11 17:00:00,9
Bangalore,arson,2020,12-07-2020 11:12,2020-07-12 01:00:00,1
Bangalore,burglary,2020,13-07-2020 09:26,2020-07-12 11:00:00,18
Bangalore,burglary,2020,13-07-2020 19:35,2020-07-12 23:00:00,17
Bangalore,counterfeiting,2020,14-07-2020 15:06,2020-07-14 00:00:00,17
Bangalore,sexual assault,2020,14-07-2020 07:30,2020-07-14 02:00:00,2
Bangalore,firearm offense,2020,14-07-2020 18:35,2020-07-14 07:00:00,12
Bangalore,homicide,2020,15-07-2020 09:46,2020-07-15 02:00:00,5
Bangalore,vandalism,2020,15-07-2020 13:39,2020-07-15 03:00:00,18
Bangalore,public intoxication,2020,16-07-2020 19:05,2020-07-16 08:00:00,2
Bangalore,public intoxication,2020,17-07-2020 08:52,2020-07-16 15:00:00,3
Bangalore,domestic violence,2020,18-07-2020 13:51,2020-07-17 17:00:00,9
Bangalore,public intoxication,2020,18-07-2020 15:04,2020-07-18 05:00:00,4
Bangalore,homicide,2020,19-07-2020 01:59,2020-07-18 21:00:00,13
Bangalore,cybercrime,2020,19-07-2020 01:18,2020-07-19 00:00:00,10
Bangalore,counterfeiting,2020,20-07-2020 02:45,2020-07-19 03:00:00,13
Bangalore,homicide,2020,19-07-2020 11:41,2020-07-19 09:00:00,8
Bangalore,public intoxication,2020,20-07-2020 03:44,2020-07-19 15:00:00,18
Bangalore,arson,2020,20-07-2020 11:59,2020-07-20 00:00:00,10
Bangalore,traffic violation,2020,20-07-2020 14:04,2020-07-20 14:00:00,19
Bangalore,assault,2020,21-07-2020 14:06,2020-07-21 01:00:00,19
Bangalore,vandalism,2020,22-07-2020 01:02,2020-07-21 17:00:00,18
Bangalore,kidnapping,2020,23-07-2020 04:01,2020-07-22 05:00:00,6
Bangalore,sexual assault,2020,23-07-2020 03:33,2020-07-22 17:00:00,12
Bangalore,fraud,2020,24-07-2020 18:46,2020-07-23 19:00:00,1
Bangalore,burglary,2020,24-07-2020 22:15,2020-07-24 00:00:00,12
Bangalore,sexual assault,2020,24-07-2020 20:16,2020-07-24 14:00:00,13
Bangalore,shoplifting,2020,26-07-2020 01:45,2020-07-25 09:00:00,5
Bangalore,vandalism,2020,25-07-2020 20:47,2020-07-25 13:00:00,17
Bangalore,vandalism,2020,26-07-2020 16:30,2020-07-25 20:00:00,1
Bangalore,public intoxication,2020,27-07-2020 09:47,2020-07-26 11:00:00,12
Bangalore,domestic violence,2020,27-07-2020 01:46,2020-07-26 22:00:00,13
Bangalore,illegal possession,2020,28-07-2020 11:44,2020-07-27 20:00:00,18
Bangalore,domestic violence,2020,28-07-2020 00:40,2020-07-27 23:00:00,9
Bangalore,counterfeiting,2020,28-07-2020 20:07,2020-07-28 06:00:00,5
Bangalore,fraud,2020,29-07-2020 01:44,2020-07-28 12:00:00,1
Bangalore,identity theft,2020,29-07-2020 07:11,2020-07-28 19:00:00,2
Bangalore,shoplifting,2020,30-07-2020 16:26,2020-07-29 18:00:00,8
Bangalore,traffic violation,2020,30-07-2020 12:28,2020-07-29 20:00:00,18
Bangalore,shoplifting,2020,30-07-2020 05:45,2020-07-29 21:00:00,7
Bangalore,counterfeiting,2020,31-07-2020 15:18,2020-07-30 20:00:00,10
Bangalore,shoplifting,2020,31-07-2020 20:31,2020-07-30 23:00:00,5
Bangalore,sexual assault,2020,31-07-2020 05:02,2020-07-31 02:00:00,19
Bangalore,homicide,2020,31-07-2020 18:07,2020-07-31 06:00:00,18
Bangalore,extortion,2020,01-08-2020 08:23,2020-07-31 13:00:00,17
Bangalore,traffic violation,2020,31-07-2020 20:30,2020-07-31 15:00:00,6
Bangalore,domestic violence,2020,01-08-2020 14:31,2020-07-31 18:00:00,16
Bangalore,assault,2020,01-08-2020 16:07,2020-07-31 21:00:00,11
Bangalore,illegal possession,2020,01-08-2020 19:35,2020-08-01 05:00:00,6
Bangalore,identity theft,2020,03-08-2020 04:08,2020-08-02 21:00:00,13
Bangalore,drug offense,2020,03-08-2020 18:54,2020-08-03 02:00:00,8
Bangalore,extortion,2020,03-08-2020 09:49,2020-08-03 07:00:00,1
Bangalore,drug offense,2020,04-08-2020 00:18,2020-08-03 10:00:00,3
Bangalore,robbery,2020,04-08-2020 08:47,2020-08-03 11:00:00,8
Bangalore,vandalism,2020,04-08-2020 03:43,2020-08-04 01:00:00,9
Bangalore,cybercrime,2020,05-08-2020 06:41,2020-08-04 22:00:00,18
Bangalore,kidnapping,2020,06-08-2020 12:53,2020-08-05 19:00:00,8
Bangalore,assault,2020,07-08-2020 12:32,2020-08-06 16:00:00,1
Bangalore,vandalism,2020,07-08-2020 10:55,2020-08-07 01:00:00,8
Bangalore,homicide,2020,07-08-2020 22:24,2020-08-07 22:00:00,17
Bangalore,robbery,2020,08-08-2020 17:28,2020-08-08 16:00:00,15
Bangalore,cybercrime,2020,10-08-2020 10:38,2020-08-09 22:00:00,18
Bangalore,robbery,2020,10-08-2020 14:14,2020-08-10 04:00:00,13
Bangalore,homicide,2020,11-08-2020 02:12,2020-08-10 14:00:00,1
Bangalore,homicide,2020,11-08-2020 11:29,2020-08-11 00:00:00,5
Bangalore,assault,2020,11-08-2020 14:10,2020-08-11 10:00:00,15
Bangalore,illegal possession,2020,12-08-2020 16:33,2020-08-12 09:00:00,19
Bangalore,vehicle - stolen,2020,13-08-2020 02:46,2020-08-12 22:00:00,5
Bangalore,extortion,2020,13-08-2020 20:06,2020-08-13 06:00:00,2
Bangalore,firearm offense,2020,13-08-2020 22:37,2020-08-13 12:00:00,16
Bangalore,burglary,2020,15-08-2020 02:56,2020-08-14 12:00:00,1
Bangalore,public intoxication,2020,16-08-2020 18:08,2020-08-15 19:00:00,4
Bangalore,fraud,2020,17-08-2020 00:33,2020-08-16 22:00:00,15
Bangalore,vandalism,2020,17-08-2020 13:11,2020-08-17 08:00:00,9
Bangalore,domestic violence,2020,18-08-2020 12:52,2020-08-17 17:00:00,13
Bangalore,vandalism,2020,18-08-2020 19:45,2020-08-18 03:00:00,16
Bangalore,traffic violation,2020,18-08-2020 15:53,2020-08-18 10:00:00,17
Bangalore,domestic violence,2020,20-08-2020 19:09,2020-08-20 11:00:00,2
Bangalore,burglary,2020,20-08-2020 21:09,2020-08-20 15:00:00,5
Bangalore,homicide,2020,21-08-2020 15:57,2020-08-21 03:00:00,6
Bangalore,drug offense,2020,21-08-2020 19:18,2020-08-21 06:00:00,11
Bangalore,illegal possession,2020,21-08-2020 18:14,2020-08-21 09:00:00,1
Bangalore,burglary,2020,22-08-2020 08:52,2020-08-21 11:00:00,8
Bangalore,traffic violation,2020,22-08-2020 06:35,2020-08-21 17:00:00,6
Bangalore,illegal possession,2020,22-08-2020 11:19,2020-08-22 10:00:00,2
Bangalore,traffic violation,2020,23-08-2020 00:53,2020-08-22 19:00:00,7
Bangalore,drug offense,2020,23-08-2020 21:02,2020-08-22 23:00:00,15
Bangalore,fraud,2020,23-08-2020 22:31,2020-08-23 08:00:00,11
Bangalore,arson,2020,23-08-2020 23:12,2020-08-23 14:00:00,13
Bangalore,public intoxication,2020,24-08-2020 04:12,2020-08-24 02:00:00,7
Bangalore,domestic violence,2020,26-08-2020 04:02,2020-08-25 07:00:00,5
Bangalore,kidnapping,2020,26-08-2020 00:07,2020-08-25 08:00:00,10
Bangalore,kidnapping,2020,25-08-2020 18:24,2020-08-25 18:00:00,19
Bangalore,fraud,2020,26-08-2020 17:23,2020-08-26 10:00:00,11
Bangalore,sexual assault,2020,27-08-2020 06:13,2020-08-26 11:00:00,12
Bangalore,fraud,2020,26-08-2020 16:57,2020-08-26 13:00:00,8
Bangalore,vandalism,2020,27-08-2020 02:01,2020-08-26 17:00:00,4
Bangalore,domestic violence,2020,28-08-2020 18:13,2020-08-28 13:00:00,15
Bangalore,identity theft,2020,29-08-2020 12:50,2020-08-28 15:00:00,6
Bangalore,counterfeiting,2020,29-08-2020 20:49,2020-08-29 04:00:00,11
Bangalore,fraud,2020,30-08-2020 08:31,2020-08-29 12:00:00,7
Bangalore,firearm offense,2020,30-08-2020 06:36,2020-08-29 21:00:00,17
Bangalore,extortion,2020,31-08-2020 04:22,2020-08-31 04:00:00,16
Bangalore,assault,2020,01-09-2020 02:36,2020-08-31 15:00:00,3
Bangalore,fraud,2020,01-09-2020 05:42,2020-08-31 16:00:00,1
Bangalore,kidnapping,2020,31-08-2020 22:01,2020-08-31 17:00:00,9
Bangalore,firearm offense,2020,01-09-2020 19:58,2020-08-31 21:00:00,1
Bangalore,drug offense,2020,01-09-2020 17:52,2020-08-31 23:00:00,19
Bangalore,fraud,2020,01-09-2020 09:49,2020-09-01 01:00:00,19
Bangalore,vandalism,2020,02-09-2020 01:37,2020-09-01 15:00:00,16
Bangalore,extortion,2020,02-09-2020 16:11,2020-09-01 18:00:00,13
Bangalore,identity theft,2020,01-09-2020 23:24,2020-09-01 21:00:00,7
Bangalore,illegal possession,2020,02-09-2020 15:20,2020-09-02 12:00:00,15
Bangalore,assault,2020,02-09-2020 16:39,2020-09-02 16:00:00,6
Bangalore,identity theft,2020,03-09-2020 04:06,2020-09-02 22:00:00,9
Bangalore,burglary,2020,03-09-2020 14:41,2020-09-03 13:00:00,10
Bangalore,illegal possession,2020,05-09-2020 00:17,2020-09-04 02:00:00,19
Bangalore,public intoxication,2020,04-09-2020 20:25,2020-09-04 10:00:00,9
Bangalore,extortion,2020,06-09-2020 05:12,2020-09-05 11:00:00,13
Bangalore,shoplifting,2020,05-09-2020 19:11,2020-09-05 15:00:00,18
Bangalore,extortion,2020,06-09-2020 09:46,2020-09-05 16:00:00,2
Bangalore,extortion,2020,06-09-2020 03:28,2020-09-06 00:00:00,15
Bangalore,vandalism,2020,06-09-2020 21:33,2020-09-06 02:00:00,8
Bangalore,identity theft,2020,06-09-2020 22:09,2020-09-06 13:00:00,15
Bangalore,assault,2020,07-09-2020 15:54,2020-09-06 18:00:00,4
Bangalore,traffic violation,2020,07-09-2020 21:31,2020-09-07 04:00:00,9
Bangalore,robbery,2020,08-09-2020 20:17,2020-09-08 07:00:00,1
Bangalore,counterfeiting,2020,09-09-2020 14:28,2020-09-08 19:00:00,13
Bangalore,vehicle - stolen,2020,09-09-2020 18:02,2020-09-09 04:00:00,3
Bangalore,burglary,2020,10-09-2020 17:27,2020-09-09 19:00:00,19
Bangalore,traffic violation,2020,11-09-2020 09:34,2020-09-11 00:00:00,7
Bangalore,drug offense,2020,11-09-2020 23:19,2020-09-11 07:00:00,8
Bangalore,identity theft,2020,11-09-2020 21:44,2020-09-11 10:00:00,12
Bangalore,kidnapping,2020,11-09-2020 12:00,2020-09-11 12:00:00,15
Bangalore,vehicle - stolen,2020,13-09-2020 00:57,2020-09-12 04:00:00,2
Bangalore,kidnapping,2020,13-09-2020 16:43,2020-09-12 20:00:00,3
Bangalore,traffic violation,2020,13-09-2020 20:00,2020-09-13 02:00:00,4
Bangalore,drug offense,2020,15-09-2020 12:22,2020-09-14 13:00:00,3
Bangalore,extortion,2020,15-09-2020 01:43,2020-09-14 19:00:00,11
Bangalore,assault,2020,15-09-2020 11:29,2020-09-15 00:00:00,9
Bangalore,illegal possession,2020,17-09-2020 09:35,2020-09-16 18:00:00,7
Bangalore,shoplifting,2020,17-09-2020 07:12,2020-09-16 20:00:00,10
Bangalore,shoplifting,2020,17-09-2020 15:47,2020-09-16 23:00:00,17
Bangalore,public intoxication,2020,17-09-2020 03:45,2020-09-17 03:00:00,8
Bangalore,cybercrime,2020,18-09-2020 00:25,2020-09-17 10:00:00,5
Bangalore,kidnapping,2020,18-09-2020 07:29,2020-09-17 13:00:00,18
Bangalore,arson,2020,18-09-2020 04:24,2020-09-17 17:00:00,2
Bangalore,drug offense,2020,18-09-2020 15:58,2020-09-18 12:00:00,14
Bangalore,traffic violation,2020,19-09-2020 04:46,2020-09-18 13:00:00,11
Bangalore,robbery,2020,20-09-2020 14:21,2020-09-20 10:00:00,14
Bangalore,assault,2020,20-09-2020 20:15,2020-09-20 16:00:00,7
Bangalore,assault,2020,22-09-2020 14:11,2020-09-21 23:00:00,17
Bangalore,drug offense,2020,23-09-2020 05:42,2020-09-22 15:00:00,3
Bangalore,identity theft,2020,22-09-2020 18:43,2020-09-22 16:00:00,11
Bangalore,counterfeiting,2020,22-09-2020 23:48,2020-09-22 20:00:00,4
Bangalore,shoplifting,2020,23-09-2020 10:45,2020-09-23 01:00:00,4
Bangalore,vandalism,2020,24-09-2020 05:32,2020-09-24 02:00:00,11
Bangalore,public intoxication,2020,24-09-2020 21:43,2020-09-24 15:00:00,17
Bangalore,identity theft,2020,25-09-2020 19:43,2020-09-25 01:00:00,19
Bangalore,extortion,2020,27-09-2020 04:26,2020-09-26 06:00:00,17
Bangalore,cybercrime,2020,26-09-2020 11:04,2020-09-26 10:00:00,15
Bangalore,firearm offense,2020,29-09-2020 01:16,2020-09-28 08:00:00,11
Bangalore,cybercrime,2020,28-09-2020 11:06,2020-09-28 10:00:00,16
Bangalore,kidnapping,2020,29-09-2020 03:12,2020-09-28 15:00:00,11
Bangalore,drug offense,2020,29-09-2020 18:18,2020-09-29 09:00:00,3
Bangalore,illegal possession,2020,30-09-2020 00:47,2020-09-29 11:00:00,17
Bangalore,shoplifting,2020,30-09-2020 19:38,2020-09-29 21:00:00,13
Bangalore,counterfeiting,2020,30-09-2020 20:29,2020-09-29 23:00:00,6
Bangalore,traffic violation,2020,30-09-2020 04:21,2020-09-30 00:00:00,11
Bangalore,cybercrime,2020,30-09-2020 12:07,2020-09-30 04:00:00,17
Bangalore,vandalism,2020,03-10-2020 03:36,2020-10-02 05:00:00,17
Bangalore,domestic violence,2020,03-10-2020 07:31,2020-10-03 04:00:00,9
Bangalore,counterfeiting,2020,04-10-2020 00:01,2020-10-03 14:00:00,16
Bangalore,robbery,2020,04-10-2020 21:25,2020-10-03 22:00:00,1
Bangalore,burglary,2020,04-10-2020 20:32,2020-10-04 00:00:00,12
Bangalore,drug offense,2020,04-10-2020 22:58,2020-10-04 12:00:00,18
Bangalore,firearm offense,2020,04-10-2020 14:35,2020-10-04 14:00:00,2
Bangalore,assault,2020,05-10-2020 15:08,2020-10-04 20:00:00,14
Bangalore,public intoxication,2020,05-10-2020 14:24,2020-10-04 21:00:00,14
Bangalore,robbery,2020,05-10-2020 16:30,2020-10-05 00:00:00,15
Bangalore,burglary,2020,07-10-2020 09:29,2020-10-06 20:00:00,12
Bangalore,identity theft,2020,08-10-2020 00:47,2020-10-07 02:00:00,17
Bangalore,homicide,2020,08-10-2020 03:08,2020-10-07 04:00:00,5
Bangalore,counterfeiting,2020,09-10-2020 05:02,2020-10-08 14:00:00,10
Bangalore,kidnapping,2020,09-10-2020 03:38,2020-10-08 18:00:00,3
Bangalore,vandalism,2020,09-10-2020 00:17,2020-10-08 23:00:00,15
Bangalore,sexual assault,2020,10-10-2020 06:01,2020-10-09 11:00:00,15
Bangalore,identity theft,2020,10-10-2020 14:54,2020-10-09 16:00:00,18
Bangalore,sexual assault,2020,10-10-2020 05:11,2020-10-10 02:00:00,10
Bangalore,domestic violence,2020,10-10-2020 14:09,2020-10-10 03:00:00,16
Bangalore,illegal possession,2020,11-10-2020 03:18,2020-10-10 11:00:00,9
Bangalore,illegal possession,2020,11-10-2020 15:25,2020-10-11 02:00:00,2
Bangalore,sexual assault,2020,11-10-2020 16:22,2020-10-11 10:00:00,10
Bangalore,burglary,2020,13-10-2020 05:09,2020-10-12 10:00:00,15
Bangalore,extortion,2020,13-10-2020 15:38,2020-10-13 11:00:00,16
Bangalore,drug offense,2020,13-10-2020 20:17,2020-10-13 13:00:00,9
Bangalore,homicide,2020,14-10-2020 09:35,2020-10-13 17:00:00,5
Bangalore,burglary,2020,15-10-2020 14:25,2020-10-14 19:00:00,11
Bangalore,vehicle - stolen,2020,16-10-2020 14:17,2020-10-16 00:00:00,7
Bangalore,fraud,2020,16-10-2020 08:46,2020-10-16 06:00:00,19
Bangalore,vehicle - stolen,2020,17-10-2020 13:56,2020-10-16 21:00:00,16
Bangalore,burglary,2020,18-10-2020 00:46,2020-10-17 01:00:00,8
Bangalore,burglary,2020,17-10-2020 13:26,2020-10-17 08:00:00,6
Bangalore,sexual assault,2020,17-10-2020 14:11,2020-10-17 14:00:00,3
Bangalore,assault,2020,17-10-2020 20:17,2020-10-17 16:00:00,10
Bangalore,identity theft,2020,18-10-2020 03:55,2020-10-18 00:00:00,19
Bangalore,vandalism,2020,18-10-2020 11:23,2020-10-18 01:00:00,13
Bangalore,traffic violation,2020,18-10-2020 22:45,2020-10-18 06:00:00,2
Bangalore,extortion,2020,19-10-2020 00:07,2020-10-18 18:00:00,12
Bangalore,shoplifting,2020,19-10-2020 11:01,2020-10-19 10:00:00,7
Bangalore,cybercrime,2020,20-10-2020 13:44,2020-10-20 01:00:00,16
Bangalore,traffic violation,2020,21-10-2020 14:36,2020-10-20 15:00:00,6
Bangalore,vehicle - stolen,2020,21-10-2020 03:33,2020-10-20 18:00:00,9
Bangalore,public intoxication,2020,20-10-2020 21:02,2020-10-20 19:00:00,1
Bangalore,homicide,2020,22-10-2020 05:55,2020-10-21 07:00:00,11
Bangalore,drug offense,2020,22-10-2020 12:51,2020-10-22 11:00:00,19
Bangalore,identity theft,2020,23-10-2020 14:18,2020-10-22 19:00:00,16
Bangalore,assault,2020,24-10-2020 21:58,2020-10-23 23:00:00,1
Bangalore,kidnapping,2020,24-10-2020 03:56,2020-10-24 02:00:00,7
Bangalore,extortion,2020,24-10-2020 15:47,2020-10-24 13:00:00,5
Bangalore,cybercrime,2020,24-10-2020 20:34,2020-10-24 17:00:00,18
Bangalore,burglary,2020,25-10-2020 15:39,2020-10-25 10:00:00,4
Bangalore,public intoxication,2020,26-10-2020 13:34,2020-10-25 18:00:00,8
Bangalore,domestic violence,2020,27-10-2020 04:28,2020-10-26 23:00:00,4
Bangalore,identity theft,2020,27-10-2020 03:54,2020-10-27 03:00:00,18
Bangalore,vandalism,2020,27-10-2020 10:13,2020-10-27 05:00:00,2
Bangalore,robbery,2020,27-10-2020 14:16,2020-10-27 12:00:00,6
Bangalore,sexual assault,2020,28-10-2020 08:13,2020-10-27 18:00:00,12
Bangalore,assault,2020,28-10-2020 04:04,2020-10-28 02:00:00,1
Bangalore,assault,2020,28-10-2020 05:52,2020-10-28 04:00:00,16
Bangalore,firearm offense,2020,29-10-2020 01:24,2020-10-28 09:00:00,12
Bangalore,drug offense,2020,28-10-2020 19:16,2020-10-28 16:00:00,14
Bangalore,homicide,2020,29-10-2020 16:09,2020-10-29 00:00:00,12
Bangalore,domestic violence,2020,30-10-2020 13:43,2020-10-30 02:00:00,2
Bangalore,firearm offense,2020,31-10-2020 04:26,2020-10-30 21:00:00,17
Bangalore,homicide,2020,31-10-2020 18:16,2020-10-31 13:00:00,1
Bangalore,kidnapping,2020,02-11-2020 03:14,2020-11-01 07:00:00,5
Bangalore,homicide,2020,02-11-2020 02:28,2020-11-01 16:00:00,3
Bangalore,shoplifting,2020,03-11-2020 09:22,2020-11-02 18:00:00,12
Bangalore,counterfeiting,2020,03-11-2020 02:58,2020-11-03 02:00:00,12
Bangalore,cybercrime,2020,04-11-2020 06:08,2020-11-03 09:00:00,8
Bangalore,shoplifting,2020,03-11-2020 15:16,2020-11-03 11:00:00,17
Bangalore,robbery,2020,05-11-2020 02:05,2020-11-04 05:00:00,6
Bangalore,robbery,2020,05-11-2020 06:21,2020-11-04 21:00:00,13
Bangalore,homicide,2020,06-11-2020 06:14,2020-11-05 07:00:00,15
Bangalore,domestic violence,2020,06-11-2020 05:19,2020-11-05 18:00:00,11
Bangalore,burglary,2020,05-11-2020 22:10,2020-11-05 19:00:00,19
Bangalore,cybercrime,2020,06-11-2020 04:44,2020-11-05 21:00:00,8
Bangalore,identity theft,2020,06-11-2020 22:54,2020-11-06 05:00:00,6
Bangalore,robbery,2020,07-11-2020 15:20,2020-11-06 22:00:00,18
Bangalore,robbery,2020,08-11-2020 10:46,2020-11-07 22:00:00,15
Bangalore,identity theft,2020,08-11-2020 21:18,2020-11-08 00:00:00,13
Bangalore,assault,2020,08-11-2020 14:47,2020-11-08 11:00:00,19
Bangalore,public intoxication,2020,09-11-2020 14:59,2020-11-08 19:00:00,10
Bangalore,burglary,2020,09-11-2020 23:04,2020-11-09 03:00:00,1
Bangalore,fraud,2020,10-11-2020 21:40,2020-11-10 01:00:00,19
Bangalore,vehicle - stolen,2020,10-11-2020 23:16,2020-11-10 04:00:00,2
Bangalore,burglary,2020,11-11-2020 04:10,2020-11-10 06:00:00,18
Bangalore,counterfeiting,2020,10-11-2020 10:11,2020-11-10 09:00:00,7
Bangalore,shoplifting,2020,11-11-2020 09:50,2020-11-10 23:00:00,16
Bangalore,public intoxication,2020,12-11-2020 07:47,2020-11-11 13:00:00,3
Bangalore,assault,2020,11-11-2020 19:21,2020-11-11 19:00:00,17
Bangalore,cybercrime,2020,12-11-2020 03:27,2020-11-12 01:00:00,4
Bangalore,fraud,2020,13-11-2020 00:51,2020-11-12 03:00:00,5
Bangalore,arson,2020,12-11-2020 17:12,2020-11-12 17:00:00,9
Bangalore,vandalism,2020,13-11-2020 14:26,2020-11-12 18:00:00,1
Bangalore,vandalism,2020,13-11-2020 17:43,2020-11-12 20:00:00,7
Bangalore,extortion,2020,12-11-2020 22:34,2020-11-12 21:00:00,5
Bangalore,cybercrime,2020,13-11-2020 13:52,2020-11-13 04:00:00,13
Bangalore,kidnapping,2020,13-11-2020 19:43,2020-11-13 17:00:00,11
Bangalore,assault,2020,16-11-2020 10:25,2020-11-15 12:00:00,2
Bangalore,sexual assault,2020,16-11-2020 06:34,2020-11-15 20:00:00,18
Bangalore,burglary,2020,16-11-2020 11:22,2020-11-16 06:00:00,11
Bangalore,kidnapping,2020,18-11-2020 00:01,2020-11-17 06:00:00,16
Bangalore,extortion,2020,18-11-2020 08:17,2020-11-18 07:00:00,1
Bangalore,shoplifting,2020,18-11-2020 17:05,2020-11-18 12:00:00,4
Bangalore,arson,2020,18-11-2020 20:00,2020-11-18 18:00:00,5
Bangalore,vehicle - stolen,2020,19-11-2020 15:12,2020-11-18 20:00:00,19
Bangalore,identity theft,2020,19-11-2020 11:18,2020-11-19 06:00:00,13
Bangalore,kidnapping,2020,20-11-2020 09:19,2020-11-19 10:00:00,8
Bangalore,identity theft,2020,19-11-2020 20:19,2020-11-19 14:00:00,1
Bangalore,burglary,2020,21-11-2020 02:24,2020-11-20 05:00:00,6
Bangalore,firearm offense,2020,21-11-2020 13:36,2020-11-21 08:00:00,8
Bangalore,public intoxication,2020,22-11-2020 00:32,2020-11-21 09:00:00,18
Bangalore,arson,2020,22-11-2020 06:52,2020-11-21 12:00:00,15
Bangalore,burglary,2020,22-11-2020 19:43,2020-11-22 11:00:00,13
Bangalore,vehicle - stolen,2020,22-11-2020 23:18,2020-11-22 13:00:00,2
Bangalore,assault,2020,23-11-2020 08:52,2020-11-22 18:00:00,8
Bangalore,vandalism,2020,24-11-2020 17:14,2020-11-23 18:00:00,19
Bangalore,homicide,2020,24-11-2020 13:59,2020-11-24 07:00:00,2
Bangalore,kidnapping,2020,24-11-2020 12:16,2020-11-24 08:00:00,15
Bangalore,homicide,2020,25-11-2020 01:02,2020-11-24 09:00:00,5
Bangalore,firearm offense,2020,25-11-2020 05:09,2020-11-24 21:00:00,2
Bangalore,fraud,2020,26-11-2020 02:46,2020-11-26 00:00:00,15
Bangalore,firearm offense,2020,26-11-2020 22:44,2020-11-26 07:00:00,3
Bangalore,drug offense,2020,26-11-2020 21:19,2020-11-26 13:00:00,11
Bangalore,illegal possession,2020,27-11-2020 11:19,2020-11-26 15:00:00,11
Bangalore,fraud,2020,27-11-2020 12:35,2020-11-27 03:00:00,2
Bangalore,illegal possession,2020,28-11-2020 13:50,2020-11-27 20:00:00,15
Bangalore,identity theft,2020,29-11-2020 21:18,2020-11-29 08:00:00,5
Bangalore,shoplifting,2020,29-11-2020 23:29,2020-11-29 19:00:00,4
Bangalore,public intoxication,2020,30-11-2020 10:35,2020-11-29 22:00:00,1
Bangalore,counterfeiting,2020,30-11-2020 14:32,2020-11-29 23:00:00,3
Bangalore,burglary,2020,01-12-2020 02:06,2020-11-30 05:00:00,8
Bangalore,robbery,2020,01-12-2020 20:27,2020-12-01 03:00:00,5
Bangalore,fraud,2020,02-12-2020 09:57,2020-12-01 16:00:00,13
Bangalore,illegal possession,2020,03-12-2020 09:48,2020-12-02 18:00:00,17
Bangalore,extortion,2020,03-12-2020 18:00,2020-12-03 01:00:00,14
Bangalore,drug offense,2020,04-12-2020 04:53,2020-12-03 15:00:00,10
Bangalore,robbery,2020,04-12-2020 14:36,2020-12-03 20:00:00,5
Bangalore,cybercrime,2020,04-12-2020 21:47,2020-12-04 02:00:00,15
Bangalore,vandalism,2020,04-12-2020 12:18,2020-12-04 07:00:00,10
Bangalore,firearm offense,2020,06-12-2020 09:16,2020-12-05 13:00:00,17
Bangalore,vehicle - stolen,2020,05-12-2020 17:55,2020-12-05 14:00:00,3
Bangalore,counterfeiting,2020,06-12-2020 00:11,2020-12-05 19:00:00,2
Bangalore,vehicle - stolen,2020,06-12-2020 05:24,2020-12-05 22:00:00,15
Bangalore,illegal possession,2020,07-12-2020 09:45,2020-12-06 14:00:00,15
Bangalore,burglary,2020,07-12-2020 06:56,2020-12-07 03:00:00,19
Bangalore,assault,2020,08-12-2020 02:32,2020-12-07 19:00:00,9
Bangalore,public intoxication,2020,08-12-2020 17:35,2020-12-08 02:00:00,15
Bangalore,assault,2020,08-12-2020 06:18,2020-12-08 04:00:00,9
Bangalore,traffic violation,2020,08-12-2020 13:34,2020-12-08 07:00:00,11
Bangalore,domestic violence,2020,09-12-2020 06:17,2020-12-08 12:00:00,8
Bangalore,homicide,2020,09-12-2020 21:45,2020-12-09 03:00:00,19
Bangalore,robbery,2020,10-12-2020 10:29,2020-12-09 14:00:00,2
Bangalore,robbery,2020,10-12-2020 13:49,2020-12-10 00:00:00,18
Bangalore,illegal possession,2020,10-12-2020 13:11,2020-12-10 02:00:00,6
Bangalore,homicide,2020,11-12-2020 20:52,2020-12-11 04:00:00,3
Bangalore,homicide,2020,12-12-2020 08:54,2020-12-11 12:00:00,2
Bangalore,vehicle - stolen,2020,12-12-2020 00:16,2020-12-11 17:00:00,18
Bangalore,public intoxication,2020,12-12-2020 16:06,2020-12-11 21:00:00,6
Bangalore,homicide,2020,12-12-2020 22:17,2020-12-11 23:00:00,3
Bangalore,extortion,2020,12-12-2020 17:17,2020-12-12 11:00:00,15
Bangalore,fraud,2020,13-12-2020 02:12,2020-12-13 00:00:00,8
Bangalore,arson,2020,14-12-2020 16:34,2020-12-14 01:00:00,18
Bangalore,traffic violation,2020,15-12-2020 07:09,2020-12-15 01:00:00,18
Bangalore,kidnapping,2020,16-12-2020 12:39,2020-12-15 16:00:00,6
Bangalore,sexual assault,2020,18-12-2020 13:58,2020-12-17 18:00:00,18
Bangalore,homicide,2020,18-12-2020 12:49,2020-12-18 09:00:00,13
Bangalore,kidnapping,2020,20-12-2020 17:49,2020-12-19 22:00:00,11
Bangalore,counterfeiting,2020,20-12-2020 09:17,2020-12-20 03:00:00,3
Bangalore,arson,2020,20-12-2020 16:50,2020-12-20 05:00:00,7
Bangalore,assault,2020,21-12-2020 04:10,2020-12-20 12:00:00,18
Bangalore,identity theft,2020,22-12-2020 19:26,2020-12-22 18:00:00,11
Bangalore,counterfeiting,2020,24-12-2020 11:40,2020-12-24 08:00:00,19
Bangalore,homicide,2020,25-12-2020 13:41,2020-12-25 01:00:00,9
Bangalore,illegal possession,2020,25-12-2020 23:24,2020-12-25 04:00:00,8
Bangalore,public intoxication,2020,25-12-2020 16:34,2020-12-25 09:00:00,2
Bangalore,shoplifting,2020,26-12-2020 20:50,2020-12-26 02:00:00,6
Bangalore,assault,2020,26-12-2020 22:57,2020-12-26 06:00:00,8
Bangalore,drug offense,2020,27-12-2020 12:45,2020-12-26 19:00:00,15
Bangalore,public intoxication,2020,27-12-2020 16:59,2020-12-27 07:00:00,8
Bangalore,vandalism,2020,28-12-2020 07:00,2020-12-27 18:00:00,6
Bangalore,illegal possession,2020,29-12-2020 06:57,2020-12-28 12:00:00,15
Bangalore,counterfeiting,2020,29-12-2020 22:15,2020-12-29 04:00:00,9
Bangalore,identity theft,2020,29-12-2020 20:03,2020-12-29 10:00:00,8
Bangalore,kidnapping,2020,30-12-2020 01:32,2020-12-29 17:00:00,7
Bangalore,shoplifting,2020,30-12-2020 17:48,2020-12-30 07:00:00,16
Bangalore,domestic violence,2020,31-12-2020 06:34,2020-12-31 02:00:00,6
Bangalore,identity theft,2020,01-01-2021 03:15,2020-12-31 16:00:00,1
Bangalore,traffic violation,2021,01-01-2021 07:58,2021-01-01 03:00:00,8
Bangalore,public intoxication,2021,03-01-2021 20:23,2021-01-02 21:00:00,11
Bangalore,shoplifting,2021,03-01-2021 14:11,2021-01-03 02:00:00,12
Bangalore,arson,2021,03-01-2021 17:13,2021-01-03 12:00:00,9
Bangalore,robbery,2021,05-01-2021 02:17,2021-01-04 10:00:00,16
Bangalore,identity theft,2021,05-01-2021 03:02,2021-01-04 18:00:00,18
Bangalore,sexual assault,2021,05-01-2021 20:10,2021-01-05 15:00:00,19
Bangalore,shoplifting,2021,06-01-2021 18:36,2021-01-06 13:00:00,12
Bangalore,illegal possession,2021,07-01-2021 18:48,2021-01-06 21:00:00,5
Bangalore,shoplifting,2021,07-01-2021 21:55,2021-01-07 02:00:00,14
Bangalore,vehicle - stolen,2021,08-01-2021 09:32,2021-01-07 14:00:00,14
Bangalore,burglary,2021,08-01-2021 12:53,2021-01-07 18:00:00,5
Bangalore,drug offense,2021,08-01-2021 18:46,2021-01-07 19:00:00,5
Bangalore,illegal possession,2021,08-01-2021 02:34,2021-01-08 00:00:00,4
Bangalore,assault,2021,08-01-2021 10:18,2021-01-08 03:00:00,16
Bangalore,vandalism,2021,08-01-2021 06:03,2021-01-08 04:00:00,9
Bangalore,robbery,2021,08-01-2021 20:17,2021-01-08 10:00:00,12
Bangalore,counterfeiting,2021,09-01-2021 04:01,2021-01-08 17:00:00,10
Bangalore,vandalism,2021,09-01-2021 19:26,2021-01-08 21:00:00,3
Bangalore,public intoxication,2021,09-01-2021 19:06,2021-01-08 22:00:00,11
Bangalore,robbery,2021,09-01-2021 11:53,2021-01-09 08:00:00,12
Bangalore,drug offense,2021,10-01-2021 11:15,2021-01-10 05:00:00,14
Bangalore,fraud,2021,11-01-2021 12:19,2021-01-10 14:00:00,19
Bangalore,burglary,2021,12-01-2021 00:00,2021-01-11 01:00:00,17
Bangalore,sexual assault,2021,12-01-2021 03:20,2021-01-11 08:00:00,14
Bangalore,assault,2021,12-01-2021 07:49,2021-01-12 04:00:00,17
Bangalore,robbery,2021,13-01-2021 19:51,2021-01-13 02:00:00,1
Bangalore,cybercrime,2021,13-01-2021 21:09,2021-01-13 04:00:00,2
Bangalore,identity theft,2021,14-01-2021 03:08,2021-01-13 15:00:00,13
Bangalore,extortion,2021,14-01-2021 19:18,2021-01-14 19:00:00,15
Bangalore,burglary,2021,15-01-2021 12:08,2021-01-15 07:00:00,3
Bangalore,domestic violence,2021,17-01-2021 14:05,2021-01-16 21:00:00,3
Bangalore,domestic violence,2021,17-01-2021 11:45,2021-01-17 02:00:00,6
Bangalore,sexual assault,2021,18-01-2021 23:36,2021-01-18 00:00:00,4
Bangalore,robbery,2021,19-01-2021 04:22,2021-01-18 17:00:00,14
Bangalore,cybercrime,2021,20-01-2021 20:17,2021-01-20 15:00:00,12
Bangalore,arson,2021,22-01-2021 02:36,2021-01-21 04:00:00,6
Bangalore,vandalism,2021,21-01-2021 09:22,2021-01-21 05:00:00,2
Bangalore,drug offense,2021,22-01-2021 03:50,2021-01-21 12:00:00,2
Bangalore,burglary,2021,22-01-2021 01:01,2021-01-21 17:00:00,18
Bangalore,homicide,2021,23-01-2021 09:15,2021-01-22 20:00:00,12
Bangalore,identity theft,2021,23-01-2021 07:46,2021-01-23 05:00:00,17
Bangalore,traffic violation,2021,24-01-2021 04:52,2021-01-23 10:00:00,6
Bangalore,shoplifting,2021,23-01-2021 19:45,2021-01-23 12:00:00,13
Bangalore,assault,2021,23-01-2021 23:54,2021-01-23 20:00:00,14
Bangalore,counterfeiting,2021,24-01-2021 10:48,2021-01-23 22:00:00,15
Bangalore,fraud,2021,25-01-2021 05:24,2021-01-24 11:00:00,14
Bangalore,drug offense,2021,25-01-2021 14:15,2021-01-24 20:00:00,7
Bangalore,extortion,2021,25-01-2021 13:26,2021-01-24 23:00:00,18
Bangalore,public intoxication,2021,25-01-2021 09:41,2021-01-25 01:00:00,8
Bangalore,traffic violation,2021,26-01-2021 03:24,2021-01-25 18:00:00,3
Bangalore,public intoxication,2021,27-01-2021 22:10,2021-01-27 10:00:00,18
Bangalore,drug offense,2021,28-01-2021 01:40,2021-01-27 20:00:00,11
Bangalore,fraud,2021,28-01-2021 12:50,2021-01-28 04:00:00,17
Bangalore,vehicle - stolen,2021,29-01-2021 15:00,2021-01-29 03:00:00,13
Bangalore,public intoxication,2021,30-01-2021 13:51,2021-01-29 18:00:00,17
Bangalore,fraud,2021,30-01-2021 16:46,2021-01-29 23:00:00,8
Bangalore,identity theft,2021,30-01-2021 14:45,2021-01-30 06:00:00,13
Bangalore,robbery,2021,30-01-2021 15:14,2021-01-30 11:00:00,10
Bangalore,drug offense,2021,31-01-2021 15:51,2021-01-30 17:00:00,2
Bangalore,arson,2021,01-02-2021 02:14,2021-01-31 07:00:00,8
Bangalore,homicide,2021,01-02-2021 19:00,2021-02-01 02:00:00,12
Bangalore,assault,2021,02-02-2021 03:59,2021-02-01 07:00:00,11
Bangalore,illegal possession,2021,02-02-2021 05:04,2021-02-01 08:00:00,13
Bangalore,traffic violation,2021,02-02-2021 05:01,2021-02-01 10:00:00,9
Bangalore,fraud,2021,01-02-2021 22:15,2021-02-01 15:00:00,14
Bangalore,identity theft,2021,02-02-2021 10:51,2021-02-01 16:00:00,16
Bangalore,identity theft,2021,03-02-2021 01:38,2021-02-02 06:00:00,2
Bangalore,drug offense,2021,03-02-2021 12:25,2021-02-02 16:00:00,5
Bangalore,illegal possession,2021,04-02-2021 03:20,2021-02-03 04:00:00,18
Bangalore,assault,2021,03-02-2021 12:24,2021-02-03 10:00:00,8
Bangalore,shoplifting,2021,04-02-2021 02:57,2021-02-03 14:00:00,19
Bangalore,homicide,2021,03-02-2021 18:40,2021-02-03 18:00:00,11
Bangalore,homicide,2021,04-02-2021 18:16,2021-02-03 21:00:00,16
Bangalore,homicide,2021,04-02-2021 10:29,2021-02-04 02:00:00,8
Bangalore,arson,2021,05-02-2021 05:28,2021-02-04 14:00:00,4
Bangalore,extortion,2021,05-02-2021 07:38,2021-02-05 01:00:00,14
Bangalore,robbery,2021,05-02-2021 21:11,2021-02-05 06:00:00,5
Bangalore,arson,2021,05-02-2021 23:17,2021-02-05 19:00:00,10
Bangalore,vehicle - stolen,2021,06-02-2021 03:11,2021-02-05 23:00:00,18
Bangalore,sexual assault,2021,07-02-2021 05:37,2021-02-06 08:00:00,12
Bangalore,extortion,2021,06-02-2021 13:02,2021-02-06 09:00:00,6
Bangalore,kidnapping,2021,07-02-2021 20:55,2021-02-07 06:00:00,10
Bangalore,burglary,2021,08-02-2021 08:28,2021-02-08 00:00:00,16
Bangalore,domestic violence,2021,08-02-2021 13:03,2021-02-08 05:00:00,7
Bangalore,domestic violence,2021,09-02-2021 13:12,2021-02-08 17:00:00,11
Bangalore,counterfeiting,2021,09-02-2021 20:12,2021-02-09 06:00:00,2
Bangalore,firearm offense,2021,09-02-2021 22:02,2021-02-09 10:00:00,9
Bangalore,robbery,2021,10-02-2021 16:40,2021-02-10 00:00:00,5
Bangalore,homicide,2021,10-02-2021 21:39,2021-02-10 07:00:00,3
Bangalore,public intoxication,2021,11-02-2021 11:15,2021-02-10 13:00:00,6
Bangalore,public intoxication,2021,11-02-2021 05:12,2021-02-11 05:00:00,2
Bangalore,public intoxication,2021,11-02-2021 15:39,2021-02-11 09:00:00,6
Bangalore,cybercrime,2021,11-02-2021 12:15,2021-02-11 12:00:00,12
Bangalore,kidnapping,2021,12-02-2021 02:58,2021-02-11 21:00:00,2
Bangalore,vehicle - stolen,2021,12-02-2021 18:22,2021-02-12 04:00:00,16
Bangalore,counterfeiting,2021,12-02-2021 11:38,2021-02-12 08:00:00,16
Bangalore,counterfeiting,2021,13-02-2021 00:40,2021-02-12 20:00:00,17
Bangalore,firearm offense,2021,14-02-2021 01:18,2021-02-13 10:00:00,5
Bangalore,shoplifting,2021,15-02-2021 00:40,2021-02-14 11:00:00,10
Bangalore,counterfeiting,2021,15-02-2021 08:02,2021-02-14 14:00:00,18
Bangalore,homicide,2021,16-02-2021 13:28,2021-02-15 22:00:00,7
Bangalore,firearm offense,2021,16-02-2021 14:15,2021-02-16 02:00:00,2
Bangalore,fraud,2021,17-02-2021 10:57,2021-02-16 11:00:00,1
Bangalore,fraud,2021,17-02-2021 09:47,2021-02-16 15:00:00,19
Bangalore,illegal possession,2021,16-02-2021 21:51,2021-02-16 17:00:00,14
Bangalore,domestic violence,2021,17-02-2021 09:10,2021-02-17 02:00:00,6
Bangalore,homicide,2021,17-02-2021 12:36,2021-02-17 05:00:00,11
Bangalore,cybercrime,2021,17-02-2021 14:49,2021-02-17 10:00:00,14
Bangalore,illegal possession,2021,18-02-2021 01:31,2021-02-18 01:00:00,4
Bangalore,counterfeiting,2021,20-02-2021 22:21,2021-02-20 02:00:00,8
Bangalore,burglary,2021,21-02-2021 10:05,2021-02-20 12:00:00,15
Bangalore,assault,2021,20-02-2021 20:13,2021-02-20 15:00:00,2
Bangalore,drug offense,2021,20-02-2021 17:29,2021-02-20 17:00:00,9
Bangalore,robbery,2021,21-02-2021 07:14,2021-02-20 18:00:00,2
Bangalore,traffic violation,2021,21-02-2021 20:37,2021-02-21 09:00:00,15
Bangalore,fraud,2021,21-02-2021 19:03,2021-02-21 14:00:00,1
Bangalore,domestic violence,2021,22-02-2021 00:36,2021-02-21 20:00:00,11
Bangalore,kidnapping,2021,22-02-2021 12:46,2021-02-22 12:00:00,7
Bangalore,public intoxication,2021,24-02-2021 01:58,2021-02-23 11:00:00,10
Bangalore,fraud,2021,23-02-2021 13:40,2021-02-23 13:00:00,19
Bangalore,robbery,2021,24-02-2021 11:06,2021-02-23 21:00:00,13
Bangalore,domestic violence,2021,24-02-2021 14:04,2021-02-24 01:00:00,14
Bangalore,extortion,2021,24-02-2021 22:07,2021-02-24 15:00:00,19
Bangalore,firearm offense,2021,26-02-2021 06:56,2021-02-25 17:00:00,2
Bangalore,burglary,2021,26-02-2021 19:43,2021-02-25 21:00:00,13
Bangalore,drug offense,2021,26-02-2021 09:45,2021-02-26 03:00:00,3
Bangalore,cybercrime,2021,26-02-2021 15:13,2021-02-26 09:00:00,11
Bangalore,illegal possession,2021,27-02-2021 18:49,2021-02-27 02:00:00,19
Bangalore,shoplifting,2021,27-02-2021 20:46,2021-02-27 07:00:00,16
Bangalore,extortion,2021,27-02-2021 18:59,2021-02-27 17:00:00,15
Bangalore,illegal possession,2021,28-02-2021 06:31,2021-02-28 03:00:00,9
Bangalore,traffic violation,2021,02-03-2021 06:02,2021-03-01 22:00:00,16
Bangalore,burglary,2021,02-03-2021 15:27,2021-03-01 23:00:00,15
Bangalore,burglary,2021,02-03-2021 19:35,2021-03-02 11:00:00,5
Bangalore,vandalism,2021,03-03-2021 23:48,2021-03-03 07:00:00,9
Bangalore,vehicle - stolen,2021,03-03-2021 14:17,2021-03-03 14:00:00,2
Bangalore,arson,2021,04-03-2021 16:23,2021-03-03 22:00:00,13
Bangalore,fraud,2021,05-03-2021 08:00,2021-03-05 04:00:00,3
Bangalore,vehicle - stolen,2021,05-03-2021 19:40,2021-03-05 14:00:00,3
Bangalore,identity theft,2021,06-03-2021 09:49,2021-03-05 19:00:00,17
Bangalore,shoplifting,2021,06-03-2021 06:10,2021-03-05 20:00:00,16
Bangalore,fraud,2021,06-03-2021 16:13,2021-03-06 01:00:00,17
Bangalore,kidnapping,2021,06-03-2021 19:17,2021-03-06 04:00:00,4
Bangalore,assault,2021,06-03-2021 22:41,2021-03-06 09:00:00,12
Bangalore,counterfeiting,2021,07-03-2021 21:59,2021-03-07 08:00:00,2
Bangalore,public intoxication,2021,07-03-2021 17:48,2021-03-07 09:00:00,11
Bangalore,sexual assault,2021,08-03-2021 00:13,2021-03-07 17:00:00,17
Bangalore,illegal possession,2021,09-03-2021 00:36,2021-03-08 08:00:00,1
Bangalore,kidnapping,2021,08-03-2021 14:22,2021-03-08 11:00:00,4
Bangalore,drug offense,2021,10-03-2021 02:29,2021-03-09 14:00:00,18
Bangalore,cybercrime,2021,10-03-2021 19:08,2021-03-10 07:00:00,4
Bangalore,illegal possession,2021,11-03-2021 20:14,2021-03-11 11:00:00,19
Bangalore,firearm offense,2021,12-03-2021 14:29,2021-03-11 19:00:00,5
Bangalore,vandalism,2021,13-03-2021 03:25,2021-03-12 15:00:00,14
Bangalore,public intoxication,2021,13-03-2021 01:51,2021-03-12 16:00:00,4
Bangalore,sexual assault,2021,13-03-2021 14:10,2021-03-12 19:00:00,15
Bangalore,traffic violation,2021,12-03-2021 23:54,2021-03-12 22:00:00,13
Bangalore,arson,2021,13-03-2021 21:58,2021-03-13 01:00:00,10
Bangalore,public intoxication,2021,13-03-2021 03:18,2021-03-13 03:00:00,7
Bangalore,cybercrime,2021,13-03-2021 16:26,2021-03-13 15:00:00,17
Bangalore,vehicle - stolen,2021,14-03-2021 00:57,2021-03-13 16:00:00,12
Bangalore,firearm offense,2021,15-03-2021 00:14,2021-03-14 09:00:00,18
Bangalore,homicide,2021,14-03-2021 23:40,2021-03-14 11:00:00,1
Bangalore,public intoxication,2021,15-03-2021 16:16,2021-03-15 00:00:00,16
Bangalore,arson,2021,16-03-2021 06:25,2021-03-15 11:00:00,3
Bangalore,domestic violence,2021,16-03-2021 19:20,2021-03-16 07:00:00,13
Bangalore,illegal possession,2021,17-03-2021 22:54,2021-03-17 03:00:00,6
Bangalore,vandalism,2021,17-03-2021 12:52,2021-03-17 04:00:00,3
Bangalore,robbery,2021,18-03-2021 11:30,2021-03-17 15:00:00,6
Bangalore,traffic violation,2021,18-03-2021 03:43,2021-03-17 18:00:00,17
Bangalore,identity theft,2021,18-03-2021 15:28,2021-03-17 19:00:00,17
Bangalore,shoplifting,2021,18-03-2021 23:22,2021-03-18 00:00:00,3
Bangalore,burglary,2021,18-03-2021 11:19,2021-03-18 02:00:00,4
Bangalore,public intoxication,2021,20-03-2021 21:18,2021-03-20 00:00:00,4
Bangalore,assault,2021,21-03-2021 06:07,2021-03-20 07:00:00,3
Bangalore,shoplifting,2021,21-03-2021 07:14,2021-03-20 14:00:00,11
Bangalore,arson,2021,20-03-2021 21:02,2021-03-20 15:00:00,10
Bangalore,traffic violation,2021,21-03-2021 11:25,2021-03-20 19:00:00,12
Bangalore,extortion,2021,21-03-2021 15:07,2021-03-21 10:00:00,12
Bangalore,fraud,2021,21-03-2021 19:37,2021-03-21 16:00:00,5
Bangalore,robbery,2021,22-03-2021 15:14,2021-03-22 01:00:00,6
Bangalore,extortion,2021,22-03-2021 16:13,2021-03-22 10:00:00,5
Bangalore,domestic violence,2021,23-03-2021 07:02,2021-03-22 20:00:00,19
Bangalore,traffic violation,2021,23-03-2021 22:02,2021-03-23 00:00:00,1
Bangalore,drug offense,2021,23-03-2021 17:25,2021-03-23 11:00:00,3
Bangalore,counterfeiting,2021,23-03-2021 21:59,2021-03-23 13:00:00,7
Bangalore,vehicle - stolen,2021,23-03-2021 19:59,2021-03-23 14:00:00,8
Bangalore,kidnapping,2021,24-03-2021 03:01,2021-03-24 00:00:00,3
Bangalore,extortion,2021,25-03-2021 13:36,2021-03-25 00:00:00,15
Bangalore,counterfeiting,2021,25-03-2021 23:23,2021-03-25 04:00:00,15
Bangalore,domestic violence,2021,26-03-2021 05:00,2021-03-26 00:00:00,1
Bangalore,extortion,2021,28-03-2021 11:31,2021-03-28 10:00:00,5
Bangalore,burglary,2021,29-03-2021 08:06,2021-03-28 21:00:00,5
Bangalore,counterfeiting,2021,30-03-2021 16:00,2021-03-29 19:00:00,17
Bangalore,domestic violence,2021,30-03-2021 04:30,2021-03-29 21:00:00,4
Bangalore,domestic violence,2021,30-03-2021 19:06,2021-03-30 03:00:00,7
Bangalore,illegal possession,2021,31-03-2021 05:03,2021-03-31 05:00:00,2
Bangalore,assault,2021,01-04-2021 06:42,2021-03-31 08:00:00,15
Bangalore,public intoxication,2021,01-04-2021 12:32,2021-04-01 08:00:00,17
Bangalore,public intoxication,2021,01-04-2021 23:24,2021-04-01 15:00:00,4
Bangalore,domestic violence,2021,02-04-2021 18:11,2021-04-02 06:00:00,5
Bangalore,homicide,2021,02-04-2021 12:22,2021-04-02 10:00:00,4
Bangalore,fraud,2021,03-04-2021 11:00,2021-04-02 15:00:00,5
Bangalore,shoplifting,2021,04-04-2021 02:38,2021-04-03 07:00:00,10
Bangalore,identity theft,2021,03-04-2021 20:45,2021-04-03 09:00:00,1
Bangalore,domestic violence,2021,04-04-2021 10:29,2021-04-03 13:00:00,2
Bangalore,burglary,2021,04-04-2021 16:23,2021-04-03 17:00:00,17
Bangalore,public intoxication,2021,04-04-2021 02:01,2021-04-04 01:00:00,15
Bangalore,sexual assault,2021,05-04-2021 00:57,2021-04-04 22:00:00,16
Bangalore,counterfeiting,2021,05-04-2021 02:33,2021-04-05 01:00:00,12
Bangalore,domestic violence,2021,06-04-2021 08:19,2021-04-05 10:00:00,17
Bangalore,shoplifting,2021,05-04-2021 19:19,2021-04-05 11:00:00,3
Bangalore,vehicle - stolen,2021,05-04-2021 22:46,2021-04-05 14:00:00,2
Bangalore,burglary,2021,06-04-2021 14:16,2021-04-05 18:00:00,15
Bangalore,kidnapping,2021,07-04-2021 02:59,2021-04-06 09:00:00,4
Bangalore,illegal possession,2021,07-04-2021 11:03,2021-04-07 05:00:00,12
Bangalore,assault,2021,10-04-2021 17:05,2021-04-09 18:00:00,3
Bangalore,vehicle - stolen,2021,09-04-2021 23:26,2021-04-09 21:00:00,1
Bangalore,assault,2021,10-04-2021 21:15,2021-04-10 07:00:00,6
Bangalore,vehicle - stolen,2021,10-04-2021 16:57,2021-04-10 14:00:00,9
Bangalore,assault,2021,11-04-2021 15:12,2021-04-11 09:00:00,13
Bangalore,burglary,2021,12-04-2021 23:51,2021-04-12 17:00:00,2
Bangalore,domestic violence,2021,13-04-2021 10:58,2021-04-13 03:00:00,16
Bangalore,vandalism,2021,14-04-2021 17:20,2021-04-13 19:00:00,7
Bangalore,identity theft,2021,14-04-2021 19:17,2021-04-13 23:00:00,12
Bangalore,arson,2021,14-04-2021 23:45,2021-04-14 03:00:00,5
Bangalore,extortion,2021,15-04-2021 04:46,2021-04-14 11:00:00,12
Bangalore,arson,2021,15-04-2021 11:27,2021-04-14 16:00:00,18
Bangalore,vandalism,2021,14-04-2021 22:08,2021-04-14 20:00:00,10
Bangalore,public intoxication,2021,15-04-2021 09:10,2021-04-15 03:00:00,10
Bangalore,kidnapping,2021,15-04-2021 09:23,2021-04-15 07:00:00,1
Bangalore,counterfeiting,2021,16-04-2021 16:16,2021-04-15 18:00:00,10
Bangalore,homicide,2021,17-04-2021 11:39,2021-04-17 07:00:00,8
Bangalore,firearm offense,2021,17-04-2021 12:33,2021-04-17 10:00:00,19
Bangalore,vehicle - stolen,2021,18-04-2021 09:53,2021-04-17 23:00:00,1
Bangalore,fraud,2021,18-04-2021 20:55,2021-04-18 17:00:00,19
Bangalore,drug offense,2021,19-04-2021 16:36,2021-04-19 12:00:00,16
Bangalore,sexual assault,2021,20-04-2021 14:13,2021-04-20 03:00:00,7
Bangalore,vehicle - stolen,2021,21-04-2021 05:36,2021-04-20 13:00:00,6
Bangalore,homicide,2021,21-04-2021 22:08,2021-04-21 10:00:00,17
Bangalore,shoplifting,2021,21-04-2021 20:46,2021-04-21 14:00:00,7
Bangalore,sexual assault,2021,21-04-2021 23:43,2021-04-21 19:00:00,10
Bangalore,fraud,2021,22-04-2021 14:17,2021-04-22 08:00:00,7
Bangalore,arson,2021,23-04-2021 08:33,2021-04-22 10:00:00,1
Bangalore,domestic violence,2021,22-04-2021 11:01,2021-04-22 11:00:00,18
Bangalore,drug offense,2021,22-04-2021 17:59,2021-04-22 14:00:00,16
Bangalore,firearm offense,2021,25-04-2021 06:51,2021-04-25 04:00:00,6
Bangalore,arson,2021,25-04-2021 09:09,2021-04-25 09:00:00,17
Bangalore,fraud,2021,25-04-2021 16:55,2021-04-25 15:00:00,1
Bangalore,shoplifting,2021,26-04-2021 16:41,2021-04-26 03:00:00,15
Bangalore,vandalism,2021,28-04-2021 20:42,2021-04-28 03:00:00,12
Bangalore,assault,2021,29-04-2021 04:17,2021-04-28 11:00:00,14
Bangalore,public intoxication,2021,29-04-2021 10:00,2021-04-29 08:00:00,6
Bangalore,homicide,2021,30-04-2021 21:01,2021-04-29 22:00:00,7
Bangalore,illegal possession,2021,01-05-2021 05:24,2021-04-30 14:00:00,15
Bangalore,vehicle - stolen,2021,01-05-2021 12:14,2021-04-30 22:00:00,18
Bangalore,vandalism,2021,02-05-2021 22:36,2021-05-02 00:00:00,17
Bangalore,kidnapping,2021,02-05-2021 18:42,2021-05-02 03:00:00,7
Bangalore,shoplifting,2021,02-05-2021 16:09,2021-05-02 15:00:00,17
Bangalore,fraud,2021,03-05-2021 11:18,2021-05-02 17:00:00,5
Bangalore,public intoxication,2021,03-05-2021 06:44,2021-05-02 18:00:00,18
Bangalore,firearm offense,2021,04-05-2021 12:32,2021-05-03 14:00:00,14
Bangalore,extortion,2021,04-05-2021 11:35,2021-05-03 22:00:00,2
Bangalore,homicide,2021,06-05-2021 04:31,2021-05-05 06:00:00,7
Bangalore,burglary,2021,08-05-2021 01:00,2021-05-07 02:00:00,4
Bangalore,illegal possession,2021,08-05-2021 10:19,2021-05-07 12:00:00,2
Bangalore,burglary,2021,08-05-2021 13:20,2021-05-07 19:00:00,12
Bangalore,domestic violence,2021,08-05-2021 00:36,2021-05-07 20:00:00,16
Bangalore,illegal possession,2021,08-05-2021 06:55,2021-05-07 22:00:00,12
Bangalore,identity theft,2021,08-05-2021 20:32,2021-05-08 04:00:00,12
Bangalore,assault,2021,09-05-2021 02:57,2021-05-08 05:00:00,10
Bangalore,fraud,2021,09-05-2021 00:25,2021-05-08 17:00:00,19
Bangalore,drug offense,2021,09-05-2021 08:06,2021-05-08 19:00:00,7
Bangalore,assault,2021,11-05-2021 07:35,2021-05-10 08:00:00,7
Bangalore,illegal possession,2021,10-05-2021 11:19,2021-05-10 11:00:00,4
Bangalore,assault,2021,11-05-2021 01:55,2021-05-10 15:00:00,9
Bangalore,domestic violence,2021,11-05-2021 11:38,2021-05-11 10:00:00,2
Bangalore,domestic violence,2021,12-05-2021 10:35,2021-05-11 12:00:00,6
Bangalore,traffic violation,2021,12-05-2021 08:01,2021-05-11 17:00:00,11
Bangalore,firearm offense,2021,13-05-2021 11:15,2021-05-12 12:00:00,11
Bangalore,identity theft,2021,13-05-2021 10:52,2021-05-12 20:00:00,8
Bangalore,traffic violation,2021,13-05-2021 22:14,2021-05-13 11:00:00,6
Bangalore,fraud,2021,14-05-2021 18:32,2021-05-13 20:00:00,13
Bangalore,arson,2021,15-05-2021 08:46,2021-05-14 15:00:00,7
Bangalore,drug offense,2021,15-05-2021 10:26,2021-05-15 09:00:00,2
Bangalore,fraud,2021,17-05-2021 23:43,2021-05-17 03:00:00,9
Bangalore,domestic violence,2021,17-05-2021 22:53,2021-05-17 17:00:00,10
Bangalore,robbery,2021,18-05-2021 06:34,2021-05-18 01:00:00,15
Bangalore,illegal possession,2021,18-05-2021 04:09,2021-05-18 02:00:00,5
Bangalore,vandalism,2021,19-05-2021 06:09,2021-05-18 18:00:00,1
Bangalore,robbery,2021,19-05-2021 09:10,2021-05-18 22:00:00,10
Bangalore,fraud,2021,20-05-2021 02:41,2021-05-19 04:00:00,11
Bangalore,counterfeiting,2021,21-05-2021 08:47,2021-05-20 10:00:00,3
Bangalore,shoplifting,2021,20-05-2021 22:13,2021-05-20 15:00:00,18
Bangalore,firearm offense,2021,21-05-2021 01:43,2021-05-20 21:00:00,1
Bangalore,vehicle - stolen,2021,22-05-2021 17:57,2021-05-22 00:00:00,17
Bangalore,domestic violence,2021,24-05-2021 05:09,2021-05-23 11:00:00,2
Bangalore,burglary,2021,24-05-2021 14:34,2021-05-23 23:00:00,2
Bangalore,illegal possession,2021,24-05-2021 00:27,2021-05-24 00:00:00,4
Bangalore,drug offense,2021,24-05-2021 05:14,2021-05-24 02:00:00,6
Bangalore,vandalism,2021,24-05-2021 19:40,2021-05-24 10:00:00,15
Bangalore,homicide,2021,24-05-2021 13:01,2021-05-24 12:00:00,3
Bangalore,domestic violence,2021,25-05-2021 01:53,2021-05-24 20:00:00,16
Bangalore,robbery,2021,26-05-2021 08:25,2021-05-25 13:00:00,19
Bangalore,vandalism,2021,27-05-2021 06:31,2021-05-26 13:00:00,11
Bangalore,counterfeiting,2021,27-05-2021 01:46,2021-05-26 18:00:00,5
Bangalore,public intoxication,2021,26-05-2021 22:10,2021-05-26 22:00:00,6
Bangalore,public intoxication,2021,28-05-2021 12:39,2021-05-27 17:00:00,15
Bangalore,kidnapping,2021,28-05-2021 07:46,2021-05-28 06:00:00,16
Bangalore,vandalism,2021,28-05-2021 19:28,2021-05-28 12:00:00,2
Bangalore,vandalism,2021,30-05-2021 05:10,2021-05-29 10:00:00,10
Bangalore,sexual assault,2021,30-05-2021 13:01,2021-05-29 14:00:00,15
Bangalore,public intoxication,2021,30-05-2021 22:16,2021-05-30 17:00:00,6
Bangalore,traffic violation,2021,30-05-2021 20:23,2021-05-30 19:00:00,2
Bangalore,extortion,2021,31-05-2021 21:50,2021-05-31 17:00:00,12
Bangalore,vandalism,2021,01-06-2021 17:26,2021-05-31 23:00:00,17
Bangalore,identity theft,2021,01-06-2021 23:49,2021-06-01 00:00:00,9
Bangalore,assault,2021,02-06-2021 03:18,2021-06-02 03:00:00,12
Bangalore,fraud,2021,03-06-2021 14:55,2021-06-02 19:00:00,19
Bangalore,extortion,2021,03-06-2021 10:46,2021-06-03 06:00:00,17
Bangalore,domestic violence,2021,04-06-2021 05:20,2021-06-03 14:00:00,14
Bangalore,traffic violation,2021,03-06-2021 20:18,2021-06-03 18:00:00,16
Bangalore,vehicle - stolen,2021,04-06-2021 13:32,2021-06-04 05:00:00,11
Bangalore,assault,2021,05-06-2021 07:05,2021-06-05 00:00:00,1
Bangalore,vehicle - stolen,2021,05-06-2021 21:35,2021-06-05 06:00:00,18
Bangalore,drug offense,2021,06-06-2021 15:34,2021-06-06 06:00:00,8
Bangalore,firearm offense,2021,07-06-2021 07:42,2021-06-06 09:00:00,5
Bangalore,extortion,2021,07-06-2021 04:09,2021-06-06 13:00:00,2
Bangalore,domestic violence,2021,08-06-2021 04:17,2021-06-07 23:00:00,16
Bangalore,robbery,2021,11-06-2021 04:52,2021-06-10 07:00:00,10
Bangalore,identity theft,2021,10-06-2021 09:46,2021-06-10 08:00:00,8
Bangalore,robbery,2021,10-06-2021 19:13,2021-06-10 12:00:00,4
Bangalore,assault,2021,10-06-2021 20:40,2021-06-10 15:00:00,14
Bangalore,assault,2021,11-06-2021 13:29,2021-06-10 16:00:00,18
Bangalore,drug offense,2021,11-06-2021 11:53,2021-06-11 11:00:00,2
Bangalore,traffic violation,2021,11-06-2021 23:06,2021-06-11 23:00:00,17
Bangalore,firearm offense,2021,12-06-2021 07:20,2021-06-12 02:00:00,8
Bangalore,burglary,2021,13-06-2021 10:32,2021-06-12 11:00:00,1
Bangalore,counterfeiting,2021,13-06-2021 04:50,2021-06-12 14:00:00,1
Bangalore,domestic violence,2021,13-06-2021 22:34,2021-06-13 12:00:00,7
Bangalore,sexual assault,2021,14-06-2021 11:50,2021-06-14 03:00:00,19
Bangalore,vandalism,2021,14-06-2021 12:51,2021-06-14 09:00:00,17
Bangalore,burglary,2021,15-06-2021 00:47,2021-06-14 20:00:00,10
Bangalore,kidnapping,2021,15-06-2021 05:37,2021-06-15 01:00:00,2
Bangalore,illegal possession,2021,15-06-2021 10:31,2021-06-15 07:00:00,18
Bangalore,public intoxication,2021,16-06-2021 10:18,2021-06-15 16:00:00,9
Bangalore,drug offense,2021,16-06-2021 05:07,2021-06-15 17:00:00,3
Bangalore,firearm offense,2021,17-06-2021 03:10,2021-06-16 07:00:00,1
Bangalore,traffic violation,2021,17-06-2021 11:51,2021-06-16 14:00:00,13
Bangalore,illegal possession,2021,17-06-2021 02:48,2021-06-16 15:00:00,2
Bangalore,robbery,2021,16-06-2021 19:59,2021-06-16 18:00:00,4
Bangalore,traffic violation,2021,18-06-2021 05:28,2021-06-17 19:00:00,2
Bangalore,illegal possession,2021,18-06-2021 18:19,2021-06-18 09:00:00,17
Bangalore,counterfeiting,2021,18-06-2021 23:21,2021-06-18 13:00:00,18
Bangalore,public intoxication,2021,19-06-2021 10:54,2021-06-18 15:00:00,4
Bangalore,counterfeiting,2021,20-06-2021 04:32,2021-06-19 10:00:00,16
Bangalore,vandalism,2021,20-06-2021 02:34,2021-06-19 15:00:00,7
Bangalore,vehicle - stolen,2021,19-06-2021 17:42,2021-06-19 17:00:00,17
Bangalore,burglary,2021,20-06-2021 05:58,2021-06-19 21:00:00,18
Bangalore,vehicle - stolen,2021,20-06-2021 19:07,2021-06-20 04:00:00,5
Bangalore,sexual assault,2021,21-06-2021 12:51,2021-06-20 14:00:00,17
Bangalore,burglary,2021,21-06-2021 14:03,2021-06-20 20:00:00,16
Bangalore,drug offense,2021,21-06-2021 11:22,2021-06-21 04:00:00,19
Bangalore,homicide,2021,22-06-2021 00:16,2021-06-21 07:00:00,1
Bangalore,domestic violence,2021,22-06-2021 00:28,2021-06-21 10:00:00,9
Bangalore,vandalism,2021,24-06-2021 03:16,2021-06-23 06:00:00,10
Bangalore,identity theft,2021,23-06-2021 14:50,2021-06-23 13:00:00,13
Bangalore,public intoxication,2021,24-06-2021 04:58,2021-06-23 21:00:00,14
Bangalore,kidnapping,2021,24-06-2021 02:12,2021-06-23 22:00:00,19
Bangalore,identity theft,2021,24-06-2021 23:29,2021-06-24 07:00:00,4
Bangalore,arson,2021,25-06-2021 13:46,2021-06-24 20:00:00,1
Bangalore,firearm offense,2021,25-06-2021 07:29,2021-06-24 23:00:00,19
Bangalore,kidnapping,2021,25-06-2021 22:44,2021-06-25 02:00:00,19
Bangalore,shoplifting,2021,26-06-2021 00:54,2021-06-25 07:00:00,17
Bangalore,sexual assault,2021,26-06-2021 08:22,2021-06-25 10:00:00,14
Bangalore,sexual assault,2021,26-06-2021 03:34,2021-06-25 22:00:00,4
Bangalore,robbery,2021,26-06-2021 14:57,2021-06-26 03:00:00,18
Bangalore,kidnapping,2021,27-06-2021 02:56,2021-06-26 04:00:00,9
Bangalore,counterfeiting,2021,27-06-2021 08:48,2021-06-26 10:00:00,9
Bangalore,firearm offense,2021,27-06-2021 09:34,2021-06-26 23:00:00,19
Bangalore,illegal possession,2021,28-06-2021 23:28,2021-06-28 00:00:00,10
Bangalore,burglary,2021,29-06-2021 02:54,2021-06-28 03:00:00,6
Bangalore,vehicle - stolen,2021,28-06-2021 08:44,2021-06-28 07:00:00,15
Bangalore,public intoxication,2021,29-06-2021 09:04,2021-06-29 07:00:00,13
Bangalore,extortion,2021,29-06-2021 23:51,2021-06-29 09:00:00,12
Bangalore,illegal possession,2021,29-06-2021 15:52,2021-06-29 15:00:00,8
Bangalore,fraud,2021,30-06-2021 12:50,2021-06-29 19:00:00,2
Bangalore,assault,2021,30-06-2021 15:32,2021-06-30 04:00:00,3
Bangalore,kidnapping,2021,01-07-2021 14:18,2021-06-30 22:00:00,12
Bangalore,homicide,2021,02-07-2021 02:56,2021-07-01 08:00:00,10
Bangalore,illegal possession,2021,01-07-2021 19:55,2021-07-01 17:00:00,6
Bangalore,sexual assault,2021,03-07-2021 03:38,2021-07-02 14:00:00,17
Bangalore,homicide,2021,04-07-2021 05:16,2021-07-03 14:00:00,4
Bangalore,illegal possession,2021,04-07-2021 14:44,2021-07-03 18:00:00,12
Bangalore,cybercrime,2021,04-07-2021 09:55,2021-07-03 20:00:00,2
Bangalore,firearm offense,2021,04-07-2021 20:19,2021-07-03 21:00:00,11
Bangalore,cybercrime,2021,04-07-2021 20:54,2021-07-04 01:00:00,6
Bangalore,robbery,2021,05-07-2021 12:32,2021-07-04 13:00:00,5
Bangalore,kidnapping,2021,05-07-2021 12:42,2021-07-04 15:00:00,1
Bangalore,cybercrime,2021,05-07-2021 17:16,2021-07-04 22:00:00,4
Bangalore,robbery,2021,05-07-2021 11:23,2021-07-05 03:00:00,2
Bangalore,sexual assault,2021,05-07-2021 16:51,2021-07-05 07:00:00,1
Bangalore,firearm offense,2021,06-07-2021 09:31,2021-07-05 17:00:00,9
Bangalore,identity theft,2021,06-07-2021 20:48,2021-07-06 15:00:00,7
Bangalore,kidnapping,2021,09-07-2021 03:04,2021-07-08 12:00:00,13
Bangalore,cybercrime,2021,10-07-2021 07:12,2021-07-09 19:00:00,14
Bangalore,public intoxication,2021,10-07-2021 20:11,2021-07-09 21:00:00,4
Bangalore,kidnapping,2021,11-07-2021 05:55,2021-07-10 11:00:00,5
Bangalore,homicide,2021,11-07-2021 11:19,2021-07-11 04:00:00,1
Bangalore,assault,2021,11-07-2021 18:02,2021-07-11 16:00:00,19
Bangalore,identity theft,2021,12-07-2021 04:15,2021-07-12 00:00:00,12
Bangalore,vandalism,2021,13-07-2021 06:18,2021-07-12 14:00:00,6
Bangalore,drug offense,2021,13-07-2021 00:45,2021-07-12 15:00:00,4
Bangalore,robbery,2021,13-07-2021 10:25,2021-07-12 17:00:00,3
Bangalore,domestic violence,2021,13-07-2021 16:23,2021-07-13 05:00:00,7
Bangalore,shoplifting,2021,16-07-2021 10:58,2021-07-15 11:00:00,2
Bangalore,domestic violence,2021,16-07-2021 02:05,2021-07-16 01:00:00,10
Bangalore,drug offense,2021,16-07-2021 09:59,2021-07-16 06:00:00,4
Bangalore,counterfeiting,2021,16-07-2021 21:12,2021-07-16 15:00:00,16
Bangalore,public intoxication,2021,17-07-2021 05:37,2021-07-16 18:00:00,13
Bangalore,drug offense,2021,16-07-2021 22:11,2021-07-16 19:00:00,10
Bangalore,kidnapping,2021,17-07-2021 05:10,2021-07-16 23:00:00,19
Bangalore,assault,2021,17-07-2021 20:14,2021-07-17 03:00:00,13
Bangalore,shoplifting,2021,17-07-2021 13:14,2021-07-17 05:00:00,9
Bangalore,vehicle - stolen,2021,18-07-2021 17:08,2021-07-17 21:00:00,1
Bangalore,drug offense,2021,19-07-2021 02:38,2021-07-18 11:00:00,1
Bangalore,vehicle - stolen,2021,20-07-2021 06:56,2021-07-19 09:00:00,5
Bangalore,public intoxication,2021,20-07-2021 22:48,2021-07-20 13:00:00,12
Bangalore,sexual assault,2021,21-07-2021 09:19,2021-07-21 02:00:00,9
Bangalore,sexual assault,2021,22-07-2021 16:54,2021-07-21 17:00:00,2
Bangalore,firearm offense,2021,22-07-2021 02:47,2021-07-21 22:00:00,17
Bangalore,cybercrime,2021,23-07-2021 00:49,2021-07-22 05:00:00,2
Bangalore,cybercrime,2021,22-07-2021 17:40,2021-07-22 11:00:00,5
Bangalore,shoplifting,2021,22-07-2021 16:32,2021-07-22 16:00:00,9
Bangalore,sexual assault,2021,23-07-2021 11:37,2021-07-22 22:00:00,7
Bangalore,domestic violence,2021,25-07-2021 06:38,2021-07-24 17:00:00,4
Bangalore,vandalism,2021,25-07-2021 14:00,2021-07-24 20:00:00,17
Bangalore,vandalism,2021,24-07-2021 22:07,2021-07-24 21:00:00,19
Bangalore,identity theft,2021,25-07-2021 19:48,2021-07-25 18:00:00,4
Bangalore,vehicle - stolen,2021,26-07-2021 00:04,2021-07-26 00:00:00,8
Bangalore,sexual assault,2021,26-07-2021 14:11,2021-07-26 01:00:00,7
Bangalore,identity theft,2021,26-07-2021 09:58,2021-07-26 02:00:00,8
Bangalore,domestic violence,2021,27-07-2021 00:46,2021-07-26 19:00:00,18
Bangalore,identity theft,2021,27-07-2021 13:06,2021-07-27 08:00:00,8
Bangalore,robbery,2021,28-07-2021 00:35,2021-07-27 12:00:00,15
Bangalore,cybercrime,2021,28-07-2021 00:26,2021-07-27 16:00:00,19
Bangalore,cybercrime,2021,28-07-2021 07:12,2021-07-27 20:00:00,14
Bangalore,vehicle - stolen,2021,29-07-2021 09:40,2021-07-28 12:00:00,1
Bangalore,domestic violence,2021,30-07-2021 01:35,2021-07-29 09:00:00,13
Bangalore,burglary,2021,30-07-2021 21:09,2021-07-29 22:00:00,6
Bangalore,identity theft,2021,30-07-2021 14:35,2021-07-30 02:00:00,10
Bangalore,extortion,2021,30-07-2021 18:13,2021-07-30 11:00:00,3
Bangalore,public intoxication,2021,31-07-2021 07:55,2021-07-30 18:00:00,14
Bangalore,burglary,2021,31-07-2021 02:22,2021-07-30 20:00:00,4
Bangalore,vandalism,2021,31-07-2021 20:56,2021-07-31 17:00:00,4
Bangalore,shoplifting,2021,01-08-2021 17:41,2021-08-01 01:00:00,13
Bangalore,robbery,2021,02-08-2021 12:22,2021-08-01 20:00:00,3
Bangalore,traffic violation,2021,01-08-2021 22:34,2021-08-01 21:00:00,12
Bangalore,homicide,2021,02-08-2021 08:03,2021-08-02 00:00:00,12
Bangalore,robbery,2021,02-08-2021 19:32,2021-08-02 01:00:00,3
Bangalore,traffic violation,2021,02-08-2021 23:59,2021-08-02 15:00:00,16
Bangalore,assault,2021,03-08-2021 19:15,2021-08-02 20:00:00,8
Bangalore,homicide,2021,03-08-2021 08:53,2021-08-03 06:00:00,14
Bangalore,counterfeiting,2021,05-08-2021 02:11,2021-08-04 13:00:00,9
Bangalore,drug offense,2021,05-08-2021 03:25,2021-08-04 14:00:00,17
Bangalore,public intoxication,2021,05-08-2021 16:25,2021-08-04 17:00:00,3
Bangalore,cybercrime,2021,05-08-2021 18:29,2021-08-05 13:00:00,1
Bangalore,extortion,2021,05-08-2021 22:20,2021-08-05 20:00:00,12
Bangalore,fraud,2021,07-08-2021 05:52,2021-08-06 21:00:00,18
Bangalore,counterfeiting,2021,08-08-2021 00:18,2021-08-07 01:00:00,18
Bangalore,fraud,2021,07-08-2021 10:30,2021-08-07 02:00:00,5
Bangalore,robbery,2021,07-08-2021 22:36,2021-08-07 09:00:00,4
Bangalore,counterfeiting,2021,07-08-2021 19:51,2021-08-07 11:00:00,3
Bangalore,shoplifting,2021,08-08-2021 17:16,2021-08-08 09:00:00,1
Bangalore,vandalism,2021,10-08-2021 09:31,2021-08-09 15:00:00,7
Bangalore,public intoxication,2021,10-08-2021 03:25,2021-08-09 22:00:00,2
Bangalore,drug offense,2021,11-08-2021 01:38,2021-08-10 13:00:00,3
Bangalore,counterfeiting,2021,11-08-2021 07:38,2021-08-11 04:00:00,6
Bangalore,burglary,2021,12-08-2021 17:42,2021-08-11 19:00:00,7
Bangalore,drug offense,2021,12-08-2021 11:05,2021-08-11 21:00:00,19
Bangalore,illegal possession,2021,12-08-2021 09:11,2021-08-12 03:00:00,18
Bangalore,robbery,2021,13-08-2021 00:28,2021-08-12 16:00:00,1
Bangalore,robbery,2021,13-08-2021 11:19,2021-08-12 23:00:00,18
Bangalore,identity theft,2021,13-08-2021 04:19,2021-08-13 02:00:00,7
Bangalore,burglary,2021,13-08-2021 09:20,2021-08-13 03:00:00,10
Bangalore,vehicle - stolen,2021,14-08-2021 01:40,2021-08-13 10:00:00,1
Bangalore,identity theft,2021,14-08-2021 06:05,2021-08-13 22:00:00,9
Bangalore,kidnapping,2021,14-08-2021 11:01,2021-08-13 23:00:00,14
Bangalore,cybercrime,2021,15-08-2021 06:54,2021-08-14 15:00:00,1
Bangalore,domestic violence,2021,14-08-2021 23:52,2021-08-14 19:00:00,3
Bangalore,traffic violation,2021,15-08-2021 11:06,2021-08-15 01:00:00,1
Bangalore,vehicle - stolen,2021,16-08-2021 05:11,2021-08-15 14:00:00,11
Bangalore,drug offense,2021,16-08-2021 10:46,2021-08-16 02:00:00,10
Bangalore,kidnapping,2021,17-08-2021 03:49,2021-08-16 11:00:00,8
Bangalore,illegal possession,2021,16-08-2021 18:40,2021-08-16 18:00:00,15
Bangalore,assault,2021,17-08-2021 19:40,2021-08-16 23:00:00,15
Bangalore,kidnapping,2021,18-08-2021 05:24,2021-08-17 08:00:00,15
Bangalore,burglary,2021,19-08-2021 09:42,2021-08-18 20:00:00,19
Bangalore,homicide,2021,19-08-2021 12:02,2021-08-18 21:00:00,17
Bangalore,burglary,2021,20-08-2021 17:43,2021-08-20 09:00:00,4
Bangalore,sexual assault,2021,21-08-2021 18:47,2021-08-20 20:00:00,8
Bangalore,vehicle - stolen,2021,21-08-2021 18:46,2021-08-21 01:00:00,6
Bangalore,traffic violation,2021,23-08-2021 02:15,2021-08-22 08:00:00,17
Bangalore,counterfeiting,2021,22-08-2021 13:50,2021-08-22 10:00:00,7
Bangalore,illegal possession,2021,23-08-2021 22:56,2021-08-23 18:00:00,9
Bangalore,burglary,2021,24-08-2021 21:38,2021-08-24 04:00:00,3
Bangalore,traffic violation,2021,25-08-2021 00:27,2021-08-24 13:00:00,14
Bangalore,drug offense,2021,25-08-2021 12:49,2021-08-24 21:00:00,13
Bangalore,cybercrime,2021,26-08-2021 18:45,2021-08-25 20:00:00,11
Bangalore,extortion,2021,26-08-2021 09:21,2021-08-26 04:00:00,9
Bangalore,assault,2021,27-08-2021 02:03,2021-08-26 07:00:00,7
Bangalore,vandalism,2021,26-08-2021 19:20,2021-08-26 17:00:00,9
Bangalore,shoplifting,2021,27-08-2021 00:49,2021-08-26 20:00:00,3
Bangalore,vehicle - stolen,2021,28-08-2021 07:52,2021-08-27 11:00:00,3
Bangalore,identity theft,2021,28-08-2021 14:53,2021-08-28 02:00:00,16
Bangalore,robbery,2021,28-08-2021 18:22,2021-08-28 10:00:00,14
Bangalore,burglary,2021,28-08-2021 17:51,2021-08-28 13:00:00,1
Bangalore,sexual assault,2021,29-08-2021 10:31,2021-08-29 03:00:00,6
Bangalore,robbery,2021,30-08-2021 17:42,2021-08-29 19:00:00,9
Bangalore,fraud,2021,31-08-2021 18:43,2021-08-31 03:00:00,14
Bangalore,public intoxication,2021,01-09-2021 12:49,2021-09-01 06:00:00,5
Bangalore,vandalism,2021,02-09-2021 00:45,2021-09-01 13:00:00,1
Bangalore,arson,2021,02-09-2021 19:56,2021-09-02 03:00:00,12
Bangalore,extortion,2021,03-09-2021 10:50,2021-09-02 12:00:00,16
Bangalore,traffic violation,2021,04-09-2021 01:16,2021-09-03 07:00:00,8
Bangalore,shoplifting,2021,04-09-2021 21:55,2021-09-04 03:00:00,2
Bangalore,extortion,2021,05-09-2021 09:11,2021-09-04 15:00:00,3
Bangalore,cybercrime,2021,05-09-2021 07:31,2021-09-05 04:00:00,4
Bangalore,public intoxication,2021,06-09-2021 09:00,2021-09-06 09:00:00,2
Bangalore,traffic violation,2021,07-09-2021 11:59,2021-09-06 19:00:00,5
Bangalore,extortion,2021,07-09-2021 17:35,2021-09-06 20:00:00,1
Bangalore,identity theft,2021,07-09-2021 21:18,2021-09-07 01:00:00,16
Bangalore,vandalism,2021,07-09-2021 04:00,2021-09-07 03:00:00,1
Bangalore,assault,2021,08-09-2021 04:17,2021-09-07 10:00:00,18
Bangalore,fraud,2021,09-09-2021 01:38,2021-09-08 04:00:00,6
Bangalore,extortion,2021,09-09-2021 11:07,2021-09-08 12:00:00,18
Bangalore,cybercrime,2021,09-09-2021 08:57,2021-09-08 13:00:00,11
Bangalore,identity theft,2021,09-09-2021 03:53,2021-09-08 15:00:00,3
Bangalore,extortion,2021,09-09-2021 22:42,2021-09-09 06:00:00,10
Bangalore,domestic violence,2021,09-09-2021 22:57,2021-09-09 10:00:00,15
Bangalore,homicide,2021,10-09-2021 12:41,2021-09-09 16:00:00,11
Bangalore,drug offense,2021,11-09-2021 14:13,2021-09-10 18:00:00,14
Bangalore,fraud,2021,11-09-2021 05:12,2021-09-10 23:00:00,15
Bangalore,cybercrime,2021,11-09-2021 14:41,2021-09-11 13:00:00,17
Bangalore,domestic violence,2021,13-09-2021 00:41,2021-09-12 23:00:00,2
Bangalore,kidnapping,2021,13-09-2021 07:02,2021-09-13 06:00:00,17
Bangalore,traffic violation,2021,14-09-2021 05:42,2021-09-13 21:00:00,7
Bangalore,kidnapping,2021,15-09-2021 11:47,2021-09-14 16:00:00,11
Bangalore,illegal possession,2021,15-09-2021 08:19,2021-09-15 03:00:00,19
Bangalore,vehicle - stolen,2021,16-09-2021 00:12,2021-09-15 19:00:00,6
Bangalore,kidnapping,2021,16-09-2021 20:30,2021-09-16 02:00:00,12
Bangalore,vandalism,2021,17-09-2021 05:40,2021-09-16 23:00:00,5
Bangalore,domestic violence,2021,17-09-2021 20:22,2021-09-17 09:00:00,17
Bangalore,robbery,2021,18-09-2021 11:33,2021-09-18 02:00:00,3
Bangalore,kidnapping,2021,19-09-2021 11:27,2021-09-18 15:00:00,15
Bangalore,arson,2021,19-09-2021 15:48,2021-09-19 08:00:00,3
Bangalore,counterfeiting,2021,19-09-2021 18:38,2021-09-19 10:00:00,16
Bangalore,traffic violation,2021,20-09-2021 07:31,2021-09-20 00:00:00,4
Bangalore,firearm offense,2021,21-09-2021 08:47,2021-09-20 11:00:00,11
Bangalore,shoplifting,2021,20-09-2021 16:09,2021-09-20 13:00:00,4
Bangalore,traffic violation,2021,21-09-2021 00:09,2021-09-20 18:00:00,7
Bangalore,firearm offense,2021,21-09-2021 06:18,2021-09-20 20:00:00,2
Bangalore,public intoxication,2021,23-09-2021 08:56,2021-09-22 11:00:00,14
Bangalore,kidnapping,2021,23-09-2021 12:55,2021-09-23 00:00:00,3
Bangalore,shoplifting,2021,24-09-2021 18:52,2021-09-23 20:00:00,10
Bangalore,burglary,2021,24-09-2021 23:02,2021-09-24 08:00:00,7
Bangalore,public intoxication,2021,24-09-2021 17:23,2021-09-24 10:00:00,1
Bangalore,extortion,2021,25-09-2021 06:52,2021-09-24 22:00:00,4
Bangalore,vehicle - stolen,2021,26-09-2021 23:37,2021-09-26 01:00:00,15
Bangalore,public intoxication,2021,26-09-2021 13:06,2021-09-26 06:00:00,8
Bangalore,kidnapping,2021,27-09-2021 10:47,2021-09-26 11:00:00,16
Bangalore,public intoxication,2021,27-09-2021 08:34,2021-09-26 13:00:00,17
Bangalore,sexual assault,2021,27-09-2021 16:19,2021-09-26 23:00:00,4
Bangalore,vandalism,2021,28-09-2021 06:57,2021-09-27 15:00:00,14
Bangalore,assault,2021,28-09-2021 09:37,2021-09-28 01:00:00,19
Bangalore,kidnapping,2021,29-09-2021 20:16,2021-09-29 08:00:00,9
Bangalore,cybercrime,2021,30-09-2021 22:01,2021-09-30 08:00:00,4
Bangalore,sexual assault,2021,30-09-2021 13:53,2021-09-30 13:00:00,1
Bangalore,kidnapping,2021,01-10-2021 16:51,2021-10-01 13:00:00,17
Bangalore,arson,2021,02-10-2021 18:37,2021-10-01 19:00:00,4
Bangalore,fraud,2021,03-10-2021 10:55,2021-10-02 16:00:00,7
Bangalore,robbery,2021,03-10-2021 01:57,2021-10-03 00:00:00,1
Bangalore,vandalism,2021,03-10-2021 11:07,2021-10-03 04:00:00,11
Bangalore,sexual assault,2021,04-10-2021 03:30,2021-10-04 03:00:00,13
Bangalore,sexual assault,2021,04-10-2021 12:22,2021-10-04 05:00:00,7
Bangalore,drug offense,2021,04-10-2021 12:34,2021-10-04 11:00:00,8
Bangalore,shoplifting,2021,05-10-2021 00:14,2021-10-04 20:00:00,11
Bangalore,cybercrime,2021,06-10-2021 04:58,2021-10-05 12:00:00,5
Bangalore,extortion,2021,06-10-2021 15:26,2021-10-05 21:00:00,15
Bangalore,homicide,2021,07-10-2021 00:23,2021-10-06 17:00:00,10
Bangalore,robbery,2021,07-10-2021 14:52,2021-10-06 23:00:00,1
Bangalore,robbery,2021,07-10-2021 06:44,2021-10-07 06:00:00,19
Bangalore,public intoxication,2021,07-10-2021 11:59,2021-10-07 09:00:00,7
Bangalore,traffic violation,2021,08-10-2021 06:11,2021-10-07 13:00:00,19
Bangalore,assault,2021,08-10-2021 10:31,2021-10-08 04:00:00,17
Bangalore,burglary,2021,09-10-2021 04:03,2021-10-08 15:00:00,1
Bangalore,counterfeiting,2021,10-10-2021 11:17,2021-10-10 07:00:00,13
Bangalore,drug offense,2021,11-10-2021 09:22,2021-10-11 00:00:00,8
Bangalore,fraud,2021,12-10-2021 07:33,2021-10-12 05:00:00,16
Bangalore,extortion,2021,12-10-2021 17:44,2021-10-12 07:00:00,16
Bangalore,assault,2021,12-10-2021 18:40,2021-10-12 12:00:00,15
Bangalore,vandalism,2021,13-10-2021 06:09,2021-10-12 20:00:00,12
Bangalore,homicide,2021,13-10-2021 08:46,2021-10-13 02:00:00,16
Bangalore,identity theft,2021,13-10-2021 22:17,2021-10-13 11:00:00,15
Bangalore,homicide,2021,13-10-2021 23:42,2021-10-13 13:00:00,18
Bangalore,robbery,2021,13-10-2021 23:25,2021-10-13 20:00:00,12
Bangalore,domestic violence,2021,15-10-2021 07:27,2021-10-14 22:00:00,13
Bangalore,firearm offense,2021,15-10-2021 17:31,2021-10-15 09:00:00,16
Bangalore,vandalism,2021,17-10-2021 01:16,2021-10-16 03:00:00,11
Bangalore,drug offense,2021,16-10-2021 16:52,2021-10-16 08:00:00,6
Bangalore,homicide,2021,16-10-2021 19:42,2021-10-16 10:00:00,5
Bangalore,fraud,2021,16-10-2021 14:18,2021-10-16 11:00:00,16
Bangalore,drug offense,2021,17-10-2021 01:26,2021-10-16 13:00:00,11
Bangalore,vandalism,2021,17-10-2021 07:22,2021-10-17 02:00:00,1
Bangalore,counterfeiting,2021,18-10-2021 08:38,2021-10-17 19:00:00,15
Bangalore,vandalism,2021,18-10-2021 20:22,2021-10-17 21:00:00,14
Bangalore,domestic violence,2021,18-10-2021 05:12,2021-10-17 23:00:00,16
Bangalore,public intoxication,2021,18-10-2021 14:19,2021-10-18 00:00:00,19
Bangalore,identity theft,2021,18-10-2021 13:23,2021-10-18 01:00:00,5
Bangalore,vehicle - stolen,2021,19-10-2021 00:00,2021-10-18 06:00:00,5
Bangalore,burglary,2021,19-10-2021 04:18,2021-10-18 13:00:00,11
Bangalore,domestic violence,2021,19-10-2021 14:48,2021-10-19 00:00:00,8
Bangalore,arson,2021,20-10-2021 13:45,2021-10-19 21:00:00,16
Bangalore,cybercrime,2021,21-10-2021 11:40,2021-10-20 13:00:00,9
Bangalore,firearm offense,2021,21-10-2021 09:31,2021-10-20 23:00:00,18
Bangalore,counterfeiting,2021,22-10-2021 00:13,2021-10-21 05:00:00,8
Bangalore,domestic violence,2021,22-10-2021 17:59,2021-10-22 00:00:00,1
Bangalore,traffic violation,2021,23-10-2021 19:28,2021-10-22 20:00:00,17
Bangalore,burglary,2021,23-10-2021 20:56,2021-10-23 00:00:00,15
Bangalore,vehicle - stolen,2021,23-10-2021 15:52,2021-10-23 11:00:00,4
Bangalore,assault,2021,23-10-2021 17:07,2021-10-23 12:00:00,16
Bangalore,vandalism,2021,24-10-2021 22:12,2021-10-23 23:00:00,10
Bangalore,extortion,2021,24-10-2021 23:01,2021-10-24 05:00:00,18
Bangalore,traffic violation,2021,24-10-2021 17:31,2021-10-24 11:00:00,9
Bangalore,traffic violation,2021,25-10-2021 00:28,2021-10-24 19:00:00,3
Bangalore,homicide,2021,26-10-2021 01:59,2021-10-25 07:00:00,15
Bangalore,firearm offense,2021,26-10-2021 23:47,2021-10-26 04:00:00,9
Bangalore,domestic violence,2021,26-10-2021 16:29,2021-10-26 07:00:00,3
Bangalore,sexual assault,2021,27-10-2021 04:06,2021-10-26 21:00:00,7
Bangalore,domestic violence,2021,28-10-2021 06:59,2021-10-27 19:00:00,10
Bangalore,vehicle - stolen,2021,28-10-2021 20:55,2021-10-27 21:00:00,7
Bangalore,extortion,2021,27-10-2021 22:24,2021-10-27 22:00:00,3
Bangalore,counterfeiting,2021,28-10-2021 16:38,2021-10-28 04:00:00,11
Bangalore,domestic violence,2021,29-10-2021 22:03,2021-10-29 06:00:00,2
Bangalore,fraud,2021,30-10-2021 01:17,2021-10-29 16:00:00,18
Bangalore,counterfeiting,2021,30-10-2021 08:53,2021-10-30 01:00:00,12
Bangalore,identity theft,2021,31-10-2021 04:33,2021-10-30 22:00:00,6
Bangalore,identity theft,2021,31-10-2021 17:53,2021-10-31 02:00:00,7
Bangalore,identity theft,2021,31-10-2021 13:36,2021-10-31 10:00:00,18
Bangalore,vandalism,2021,01-11-2021 14:33,2021-11-01 09:00:00,15
Bangalore,public intoxication,2021,02-11-2021 08:44,2021-11-01 20:00:00,4
Bangalore,fraud,2021,02-11-2021 15:31,2021-11-02 01:00:00,8
Bangalore,homicide,2021,03-11-2021 03:11,2021-11-02 04:00:00,8
Bangalore,vehicle - stolen,2021,03-11-2021 04:42,2021-11-02 05:00:00,16
Bangalore,identity theft,2021,02-11-2021 11:56,2021-11-02 11:00:00,15
Bangalore,assault,2021,02-11-2021 21:47,2021-11-02 15:00:00,14
Bangalore,homicide,2021,03-11-2021 11:50,2021-11-02 16:00:00,2
Bangalore,extortion,2021,03-11-2021 16:39,2021-11-02 17:00:00,8
Bangalore,robbery,2021,03-11-2021 09:54,2021-11-03 03:00:00,14
Bangalore,shoplifting,2021,03-11-2021 11:35,2021-11-03 04:00:00,16
Bangalore,identity theft,2021,04-11-2021 04:16,2021-11-03 06:00:00,1
Bangalore,public intoxication,2021,04-11-2021 04:15,2021-11-03 10:00:00,12
Bangalore,illegal possession,2021,04-11-2021 02:22,2021-11-03 19:00:00,5
Bangalore,illegal possession,2021,04-11-2021 18:45,2021-11-03 22:00:00,16
Bangalore,arson,2021,04-11-2021 10:15,2021-11-04 03:00:00,13
Bangalore,vehicle - stolen,2021,05-11-2021 07:46,2021-11-04 10:00:00,3
Bangalore,kidnapping,2021,05-11-2021 13:28,2021-11-05 06:00:00,13
Bangalore,burglary,2021,06-11-2021 07:08,2021-11-05 10:00:00,12
Bangalore,burglary,2021,06-11-2021 22:14,2021-11-06 09:00:00,9
Bangalore,fraud,2021,07-11-2021 04:43,2021-11-06 15:00:00,9
Bangalore,arson,2021,07-11-2021 08:17,2021-11-06 20:00:00,6
Bangalore,sexual assault,2021,07-11-2021 20:13,2021-11-07 10:00:00,10
Bangalore,traffic violation,2021,07-11-2021 20:35,2021-11-07 13:00:00,17
Bangalore,homicide,2021,08-11-2021 02:37,2021-11-07 16:00:00,14
Bangalore,drug offense,2021,08-11-2021 09:54,2021-11-08 08:00:00,13
Bangalore,robbery,2021,08-11-2021 12:58,2021-11-08 10:00:00,1
Bangalore,traffic violation,2021,10-11-2021 17:55,2021-11-09 20:00:00,16
Bangalore,homicide,2021,10-11-2021 15:57,2021-11-10 10:00:00,15
Bangalore,robbery,2021,11-11-2021 11:53,2021-11-10 13:00:00,1
Bangalore,drug offense,2021,10-11-2021 18:41,2021-11-10 15:00:00,10
Bangalore,assault,2021,11-11-2021 07:11,2021-11-10 16:00:00,12
Bangalore,cybercrime,2021,11-11-2021 17:14,2021-11-10 18:00:00,16
Bangalore,fraud,2021,11-11-2021 15:41,2021-11-11 04:00:00,1
Bangalore,cybercrime,2021,11-11-2021 17:29,2021-11-11 06:00:00,3
Bangalore,assault,2021,11-11-2021 08:09,2021-11-11 07:00:00,10
Bangalore,arson,2021,12-11-2021 10:14,2021-11-11 22:00:00,8
Bangalore,burglary,2021,13-11-2021 19:10,2021-11-13 05:00:00,6
Bangalore,cybercrime,2021,14-11-2021 07:48,2021-11-13 08:00:00,8
Bangalore,kidnapping,2021,13-11-2021 16:17,2021-11-13 12:00:00,9
Bangalore,firearm offense,2021,14-11-2021 12:17,2021-11-14 01:00:00,14
Bangalore,vandalism,2021,14-11-2021 09:19,2021-11-14 04:00:00,16
Bangalore,vandalism,2021,14-11-2021 22:05,2021-11-14 09:00:00,4
Bangalore,domestic violence,2021,15-11-2021 17:51,2021-11-14 23:00:00,7
Bangalore,shoplifting,2021,15-11-2021 14:29,2021-11-15 05:00:00,9
Bangalore,vehicle - stolen,2021,16-11-2021 10:49,2021-11-15 17:00:00,19
Bangalore,firearm offense,2021,17-11-2021 05:20,2021-11-16 08:00:00,5
Bangalore,traffic violation,2021,17-11-2021 14:44,2021-11-17 04:00:00,15
Bangalore,kidnapping,2021,17-11-2021 10:55,2021-11-17 07:00:00,12
Bangalore,public intoxication,2021,17-11-2021 14:10,2021-11-17 09:00:00,5
Bangalore,public intoxication,2021,18-11-2021 04:04,2021-11-17 15:00:00,8
Bangalore,burglary,2021,18-11-2021 16:19,2021-11-17 18:00:00,1
Bangalore,homicide,2021,18-11-2021 02:30,2021-11-18 01:00:00,19
Bangalore,assault,2021,18-11-2021 16:51,2021-11-18 05:00:00,8
Bangalore,counterfeiting,2021,18-11-2021 20:37,2021-11-18 11:00:00,15
Bangalore,assault,2021,19-11-2021 13:38,2021-11-18 14:00:00,18
Bangalore,vehicle - stolen,2021,19-11-2021 10:09,2021-11-19 00:00:00,15
Bangalore,assault,2021,19-11-2021 20:12,2021-11-19 02:00:00,11
Bangalore,illegal possession,2021,19-11-2021 20:45,2021-11-19 05:00:00,6
Bangalore,robbery,2021,19-11-2021 23:15,2021-11-19 14:00:00,10
Bangalore,firearm offense,2021,22-11-2021 06:49,2021-11-21 13:00:00,2
Bangalore,vandalism,2021,22-11-2021 19:58,2021-11-21 22:00:00,4
Bangalore,drug offense,2021,23-11-2021 11:30,2021-11-23 04:00:00,15
Bangalore,robbery,2021,24-11-2021 07:23,2021-11-24 02:00:00,12
Bangalore,vehicle - stolen,2021,24-11-2021 17:16,2021-11-24 07:00:00,17
Bangalore,cybercrime,2021,24-11-2021 19:56,2021-11-24 08:00:00,18
Bangalore,drug offense,2021,25-11-2021 09:09,2021-11-24 21:00:00,13
Bangalore,burglary,2021,25-11-2021 09:00,2021-11-25 08:00:00,14
Bangalore,kidnapping,2021,26-11-2021 10:39,2021-11-25 17:00:00,10
Bangalore,burglary,2021,26-11-2021 18:09,2021-11-25 23:00:00,11
Bangalore,assault,2021,26-11-2021 14:01,2021-11-26 02:00:00,13
Bangalore,drug offense,2021,26-11-2021 22:35,2021-11-26 03:00:00,18
Bangalore,public intoxication,2021,27-11-2021 02:55,2021-11-26 04:00:00,11
Bangalore,identity theft,2021,26-11-2021 05:25,2021-11-26 05:00:00,12
Bangalore,sexual assault,2021,27-11-2021 14:43,2021-11-26 18:00:00,19
Bangalore,illegal possession,2021,27-11-2021 09:54,2021-11-26 21:00:00,5
Bangalore,illegal possession,2021,28-11-2021 09:55,2021-11-27 12:00:00,8
Bangalore,counterfeiting,2021,29-11-2021 03:58,2021-11-28 22:00:00,1
Bangalore,kidnapping,2021,29-11-2021 23:55,2021-11-29 11:00:00,17
Bangalore,domestic violence,2021,02-12-2021 05:12,2021-12-01 07:00:00,4
Bangalore,cybercrime,2021,02-12-2021 11:35,2021-12-01 20:00:00,9
Bangalore,homicide,2021,03-12-2021 18:00,2021-12-02 23:00:00,5
Bangalore,fraud,2021,03-12-2021 23:19,2021-12-03 01:00:00,7
Bangalore,fraud,2021,04-12-2021 00:52,2021-12-03 02:00:00,7
Bangalore,firearm offense,2021,03-12-2021 19:51,2021-12-03 05:00:00,1
Bangalore,cybercrime,2021,04-12-2021 19:56,2021-12-04 05:00:00,12
Bangalore,domestic violence,2021,05-12-2021 11:11,2021-12-05 02:00:00,8
Bangalore,firearm offense,2021,06-12-2021 00:26,2021-12-05 22:00:00,19
Bangalore,traffic violation,2021,06-12-2021 08:22,2021-12-06 01:00:00,12
Bangalore,robbery,2021,07-12-2021 12:44,2021-12-07 12:00:00,12
Bangalore,extortion,2021,08-12-2021 21:13,2021-12-08 04:00:00,19
Bangalore,drug offense,2021,08-12-2021 18:10,2021-12-08 07:00:00,8
Bangalore,firearm offense,2021,08-12-2021 08:19,2021-12-08 08:00:00,6
Bangalore,identity theft,2021,10-12-2021 05:56,2021-12-09 06:00:00,6
Bangalore,sexual assault,2021,10-12-2021 14:09,2021-12-10 06:00:00,5
Bangalore,firearm offense,2021,11-12-2021 07:36,2021-12-10 14:00:00,17
Bangalore,drug offense,2021,11-12-2021 18:19,2021-12-10 20:00:00,8
Bangalore,vehicle - stolen,2021,11-12-2021 07:35,2021-12-10 21:00:00,13
Bangalore,counterfeiting,2021,11-12-2021 16:30,2021-12-11 04:00:00,10
Bangalore,fraud,2021,11-12-2021 10:27,2021-12-11 07:00:00,6
Bangalore,traffic violation,2021,12-12-2021 02:08,2021-12-11 14:00:00,13
Bangalore,domestic violence,2021,12-12-2021 09:03,2021-12-11 16:00:00,9
Bangalore,fraud,2021,12-12-2021 03:19,2021-12-11 22:00:00,9
Bangalore,counterfeiting,2021,14-12-2021 05:58,2021-12-13 09:00:00,4
Bangalore,fraud,2021,14-12-2021 05:46,2021-12-13 12:00:00,11
Bangalore,cybercrime,2021,15-12-2021 11:00,2021-12-14 23:00:00,19
Bangalore,vandalism,2021,16-12-2021 15:37,2021-12-15 19:00:00,12
Bangalore,robbery,2021,16-12-2021 11:53,2021-12-15 20:00:00,4
Bangalore,public intoxication,2021,16-12-2021 14:37,2021-12-16 00:00:00,17
Bangalore,burglary,2021,16-12-2021 03:01,2021-12-16 03:00:00,5
Bangalore,fraud,2021,17-12-2021 09:18,2021-12-17 03:00:00,11
Bangalore,vandalism,2021,17-12-2021 12:12,2021-12-17 09:00:00,10
Bangalore,shoplifting,2021,18-12-2021 16:11,2021-12-18 07:00:00,1
Bangalore,fraud,2021,19-12-2021 10:01,2021-12-18 13:00:00,15
Bangalore,illegal possession,2021,19-12-2021 02:43,2021-12-18 15:00:00,16
Bangalore,cybercrime,2021,19-12-2021 11:25,2021-12-19 06:00:00,15
Bangalore,cybercrime,2021,20-12-2021 12:37,2021-12-20 10:00:00,4
Bangalore,vandalism,2021,21-12-2021 07:09,2021-12-20 14:00:00,13
Bangalore,counterfeiting,2021,21-12-2021 05:43,2021-12-21 01:00:00,2
Bangalore,fraud,2021,22-12-2021 10:00,2021-12-21 20:00:00,5
Bangalore,burglary,2021,23-12-2021 01:22,2021-12-22 09:00:00,19
Bangalore,arson,2021,22-12-2021 16:00,2021-12-22 14:00:00,12
Bangalore,cybercrime,2021,24-12-2021 03:47,2021-12-23 05:00:00,8
Bangalore,firearm offense,2021,23-12-2021 16:31,2021-12-23 08:00:00,17
Bangalore,kidnapping,2021,24-12-2021 13:15,2021-12-24 12:00:00,13
Bangalore,counterfeiting,2021,24-12-2021 22:46,2021-12-24 17:00:00,19
Bangalore,cybercrime,2021,25-12-2021 13:20,2021-12-24 21:00:00,16
Bangalore,vehicle - stolen,2021,27-12-2021 03:44,2021-12-26 14:00:00,17
Bangalore,kidnapping,2021,27-12-2021 15:38,2021-12-26 23:00:00,5
Bangalore,robbery,2021,28-12-2021 14:28,2021-12-27 23:00:00,15
Bangalore,robbery,2021,28-12-2021 18:24,2021-12-28 08:00:00,5
Bangalore,traffic violation,2021,29-12-2021 15:07,2021-12-29 02:00:00,12
Bangalore,counterfeiting,2021,29-12-2021 23:32,2021-12-29 03:00:00,6
Bangalore,drug offense,2021,29-12-2021 11:00,2021-12-29 09:00:00,11
Bangalore,burglary,2021,31-12-2021 05:27,2021-12-30 08:00:00,15
Bangalore,identity theft,2021,30-12-2021 20:19,2021-12-30 14:00:00,1
Bangalore,domestic violence,2021,31-12-2021 18:27,2021-12-30 23:00:00,9
Bangalore,identity theft,2021,01-01-2022 07:09,2021-12-31 13:00:00,18
Bangalore,burglary,2021,01-01-2022 07:06,2021-12-31 16:00:00,13
Bangalore,homicide,2021,01-01-2022 07:45,2021-12-31 17:00:00,11
Bangalore,domestic violence,2022,01-01-2022 14:54,2022-01-01 05:00:00,2
Bangalore,sexual assault,2022,02-01-2022 16:24,2022-01-01 23:00:00,15
Bangalore,drug offense,2022,03-01-2022 01:50,2022-01-03 01:00:00,18
Bangalore,public intoxication,2022,03-01-2022 23:15,2022-01-03 08:00:00,11
Bangalore,drug offense,2022,05-01-2022 12:20,2022-01-05 04:00:00,17
Bangalore,domestic violence,2022,06-01-2022 08:33,2022-01-05 15:00:00,3
Bangalore,burglary,2022,06-01-2022 03:21,2022-01-06 03:00:00,9
Bangalore,counterfeiting,2022,07-01-2022 00:14,2022-01-06 09:00:00,1
Bangalore,public intoxication,2022,07-01-2022 02:41,2022-01-06 22:00:00,3
Bangalore,vehicle - stolen,2022,07-01-2022 07:18,2022-01-07 00:00:00,6
Bangalore,burglary,2022,08-01-2022 22:28,2022-01-08 14:00:00,8
Bangalore,fraud,2022,09-01-2022 10:31,2022-01-08 18:00:00,13
Bangalore,burglary,2022,09-01-2022 07:17,2022-01-08 23:00:00,3
Bangalore,arson,2022,09-01-2022 17:36,2022-01-09 03:00:00,11
Bangalore,identity theft,2022,10-01-2022 00:04,2022-01-09 09:00:00,8
Bangalore,extortion,2022,11-01-2022 14:57,2022-01-10 17:00:00,11
Bangalore,vehicle - stolen,2022,11-01-2022 10:59,2022-01-10 21:00:00,8
Bangalore,arson,2022,11-01-2022 14:50,2022-01-10 22:00:00,3
Bangalore,cybercrime,2022,12-01-2022 15:05,2022-01-12 03:00:00,12
Bangalore,vehicle - stolen,2022,12-01-2022 22:34,2022-01-12 16:00:00,2
Bangalore,shoplifting,2022,13-01-2022 16:20,2022-01-13 08:00:00,6
Bangalore,public intoxication,2022,13-01-2022 21:53,2022-01-13 13:00:00,12
Bangalore,robbery,2022,14-01-2022 18:38,2022-01-14 09:00:00,1
Bangalore,arson,2022,15-01-2022 10:45,2022-01-14 14:00:00,6
Bangalore,drug offense,2022,15-01-2022 11:09,2022-01-14 15:00:00,6
Bangalore,identity theft,2022,15-01-2022 17:40,2022-01-14 21:00:00,5
Bangalore,counterfeiting,2022,15-01-2022 22:35,2022-01-15 00:00:00,4
Bangalore,vandalism,2022,15-01-2022 18:58,2022-01-15 07:00:00,13
Bangalore,arson,2022,16-01-2022 22:24,2022-01-16 00:00:00,5
Bangalore,arson,2022,16-01-2022 01:41,2022-01-16 01:00:00,15
Bangalore,extortion,2022,17-01-2022 06:08,2022-01-16 10:00:00,15
Bangalore,assault,2022,18-01-2022 08:20,2022-01-18 06:00:00,12
Bangalore,public intoxication,2022,19-01-2022 01:11,2022-01-18 11:00:00,1
Bangalore,kidnapping,2022,19-01-2022 08:04,2022-01-19 03:00:00,9
Bangalore,fraud,2022,20-01-2022 03:42,2022-01-19 08:00:00,7
Bangalore,extortion,2022,20-01-2022 14:01,2022-01-20 04:00:00,19
Bangalore,fraud,2022,22-01-2022 05:22,2022-01-21 09:00:00,12
Bangalore,homicide,2022,22-01-2022 10:43,2022-01-21 20:00:00,17
Bangalore,drug offense,2022,22-01-2022 19:17,2022-01-22 12:00:00,13
Bangalore,shoplifting,2022,23-01-2022 19:42,2022-01-23 15:00:00,10
Bangalore,shoplifting,2022,24-01-2022 19:57,2022-01-24 10:00:00,1
Bangalore,robbery,2022,25-01-2022 01:31,2022-01-24 16:00:00,16
Bangalore,cybercrime,2022,25-01-2022 19:50,2022-01-25 09:00:00,9
Bangalore,burglary,2022,25-01-2022 22:19,2022-01-25 10:00:00,11
Bangalore,domestic violence,2022,26-01-2022 11:35,2022-01-25 17:00:00,7
Bangalore,fraud,2022,27-01-2022 00:06,2022-01-26 04:00:00,9
Bangalore,homicide,2022,27-01-2022 07:28,2022-01-26 12:00:00,15
Bangalore,homicide,2022,27-01-2022 03:22,2022-01-26 16:00:00,14
Bangalore,kidnapping,2022,27-01-2022 20:20,2022-01-26 23:00:00,1
Bangalore,fraud,2022,27-01-2022 07:54,2022-01-27 06:00:00,9
Bangalore,vandalism,2022,27-01-2022 17:42,2022-01-27 10:00:00,13
Bangalore,illegal possession,2022,28-01-2022 18:30,2022-01-28 05:00:00,5
Bangalore,illegal possession,2022,28-01-2022 22:48,2022-01-28 13:00:00,6
Bangalore,sexual assault,2022,28-01-2022 17:39,2022-01-28 16:00:00,3
Bangalore,fraud,2022,29-01-2022 07:31,2022-01-29 07:00:00,11
Bangalore,extortion,2022,31-01-2022 02:55,2022-01-30 11:00:00,10
Bangalore,vehicle - stolen,2022,31-01-2022 06:51,2022-01-31 01:00:00,6
Bangalore,extortion,2022,31-01-2022 13:24,2022-01-31 08:00:00,4
Bangalore,identity theft,2022,31-01-2022 20:49,2022-01-31 10:00:00,19
Bangalore,identity theft,2022,01-02-2022 19:43,2022-02-01 06:00:00,2
Bangalore,cybercrime,2022,02-02-2022 02:26,2022-02-01 16:00:00,18
Bangalore,sexual assault,2022,02-02-2022 00:16,2022-02-01 20:00:00,7
Bangalore,domestic violence,2022,03-02-2022 01:58,2022-02-02 19:00:00,6
Bangalore,extortion,2022,03-02-2022 23:47,2022-02-03 02:00:00,8
Bangalore,shoplifting,2022,04-02-2022 06:58,2022-02-03 15:00:00,2
Bangalore,public intoxication,2022,04-02-2022 02:57,2022-02-03 17:00:00,10
Bangalore,homicide,2022,04-02-2022 10:12,2022-02-04 06:00:00,12
Bangalore,traffic violation,2022,05-02-2022 04:43,2022-02-04 09:00:00,16
Bangalore,sexual assault,2022,04-02-2022 21:10,2022-02-04 17:00:00,2
Bangalore,firearm offense,2022,05-02-2022 14:39,2022-02-04 23:00:00,12
Bangalore,homicide,2022,05-02-2022 17:32,2022-02-05 01:00:00,10
Bangalore,vandalism,2022,06-02-2022 06:05,2022-02-05 08:00:00,18
Bangalore,homicide,2022,06-02-2022 04:16,2022-02-05 18:00:00,4
Bangalore,shoplifting,2022,08-02-2022 03:59,2022-02-07 15:00:00,6
Bangalore,counterfeiting,2022,08-02-2022 03:58,2022-02-07 16:00:00,12
Bangalore,arson,2022,08-02-2022 17:18,2022-02-07 23:00:00,16
Bangalore,burglary,2022,08-02-2022 07:51,2022-02-08 07:00:00,17
Bangalore,extortion,2022,09-02-2022 05:22,2022-02-08 09:00:00,13
Bangalore,kidnapping,2022,09-02-2022 13:29,2022-02-08 21:00:00,19
Bangalore,arson,2022,09-02-2022 00:36,2022-02-09 00:00:00,4
Bangalore,cybercrime,2022,09-02-2022 19:36,2022-02-09 04:00:00,14
Bangalore,arson,2022,10-02-2022 05:27,2022-02-09 10:00:00,11
Bangalore,arson,2022,10-02-2022 02:41,2022-02-10 02:00:00,5
Bangalore,identity theft,2022,10-02-2022 21:36,2022-02-10 03:00:00,17
Bangalore,public intoxication,2022,10-02-2022 18:00,2022-02-10 08:00:00,14
Bangalore,extortion,2022,11-02-2022 12:58,2022-02-10 16:00:00,12
Bangalore,vandalism,2022,12-02-2022 21:39,2022-02-12 09:00:00,17
Bangalore,fraud,2022,12-02-2022 22:58,2022-02-12 12:00:00,9
Bangalore,kidnapping,2022,12-02-2022 21:23,2022-02-12 19:00:00,8
Bangalore,sexual assault,2022,13-02-2022 11:04,2022-02-12 22:00:00,11
Bangalore,arson,2022,15-02-2022 02:10,2022-02-14 12:00:00,18
Bangalore,vandalism,2022,15-02-2022 09:40,2022-02-15 01:00:00,15
Bangalore,assault,2022,15-02-2022 09:12,2022-02-15 06:00:00,15
Bangalore,extortion,2022,15-02-2022 19:14,2022-02-15 11:00:00,9
Bangalore,counterfeiting,2022,16-02-2022 05:13,2022-02-16 00:00:00,17
Bangalore,vandalism,2022,16-02-2022 16:44,2022-02-16 10:00:00,17
Bangalore,vehicle - stolen,2022,17-02-2022 07:06,2022-02-16 11:00:00,19
Bangalore,sexual assault,2022,17-02-2022 20:19,2022-02-17 01:00:00,4
Bangalore,extortion,2022,17-02-2022 16:31,2022-02-17 12:00:00,8
Bangalore,vehicle - stolen,2022,18-02-2022 22:13,2022-02-18 14:00:00,18
Bangalore,vehicle - stolen,2022,19-02-2022 23:20,2022-02-19 09:00:00,7
Bangalore,homicide,2022,20-02-2022 10:02,2022-02-19 21:00:00,8
Bangalore,drug offense,2022,20-02-2022 20:15,2022-02-20 01:00:00,12
Bangalore,public intoxication,2022,20-02-2022 12:22,2022-02-20 03:00:00,18
Bangalore,firearm offense,2022,21-02-2022 00:07,2022-02-20 04:00:00,15
Bangalore,arson,2022,20-02-2022 14:00,2022-02-20 11:00:00,7
Bangalore,identity theft,2022,21-02-2022 15:45,2022-02-20 22:00:00,2
Bangalore,shoplifting,2022,22-02-2022 18:43,2022-02-21 20:00:00,11
Bangalore,illegal possession,2022,22-02-2022 15:54,2022-02-21 22:00:00,5
Bangalore,drug offense,2022,22-02-2022 23:59,2022-02-22 18:00:00,1
Bangalore,extortion,2022,23-02-2022 05:12,2022-02-22 23:00:00,4
Bangalore,fraud,2022,23-02-2022 14:50,2022-02-23 03:00:00,7
Bangalore,illegal possession,2022,23-02-2022 16:33,2022-02-23 07:00:00,10
Bangalore,vehicle - stolen,2022,23-02-2022 22:24,2022-02-23 19:00:00,5
Bangalore,arson,2022,25-02-2022 07:03,2022-02-24 09:00:00,6
Bangalore,fraud,2022,25-02-2022 20:30,2022-02-25 13:00:00,11
Bangalore,homicide,2022,27-02-2022 00:21,2022-02-27 00:00:00,11
Bangalore,identity theft,2022,27-02-2022 14:31,2022-02-27 12:00:00,6
Bangalore,public intoxication,2022,28-02-2022 23:27,2022-02-28 06:00:00,8
Bangalore,homicide,2022,01-03-2022 13:28,2022-03-01 02:00:00,18
Bangalore,extortion,2022,01-03-2022 18:03,2022-03-01 12:00:00,4
Bangalore,illegal possession,2022,02-03-2022 09:34,2022-03-01 13:00:00,18
Bangalore,sexual assault,2022,01-03-2022 15:57,2022-03-01 15:00:00,14
Bangalore,extortion,2022,02-03-2022 21:53,2022-03-01 23:00:00,8
Bangalore,firearm offense,2022,02-03-2022 20:49,2022-03-02 07:00:00,2
Bangalore,identity theft,2022,03-03-2022 12:52,2022-03-03 04:00:00,1
Bangalore,vandalism,2022,04-03-2022 09:37,2022-03-03 11:00:00,15
Bangalore,public intoxication,2022,04-03-2022 07:35,2022-03-03 20:00:00,2
Bangalore,firearm offense,2022,04-03-2022 19:50,2022-03-04 00:00:00,6
Bangalore,sexual assault,2022,05-03-2022 01:03,2022-03-04 06:00:00,6
Bangalore,shoplifting,2022,04-03-2022 20:45,2022-03-04 15:00:00,17
Bangalore,vehicle - stolen,2022,05-03-2022 22:50,2022-03-05 01:00:00,5
Bangalore,fraud,2022,05-03-2022 23:51,2022-03-05 09:00:00,1
Bangalore,kidnapping,2022,05-03-2022 23:54,2022-03-05 13:00:00,17
Bangalore,domestic violence,2022,06-03-2022 15:07,2022-03-06 04:00:00,15
Bangalore,counterfeiting,2022,07-03-2022 06:26,2022-03-06 12:00:00,5
Bangalore,fraud,2022,07-03-2022 04:13,2022-03-06 15:00:00,5
Bangalore,robbery,2022,07-03-2022 11:14,2022-03-06 18:00:00,4
Bangalore,illegal possession,2022,08-03-2022 05:18,2022-03-07 09:00:00,9
Bangalore,identity theft,2022,08-03-2022 15:56,2022-03-08 03:00:00,10
Bangalore,shoplifting,2022,08-03-2022 17:55,2022-03-08 07:00:00,8
Bangalore,vandalism,2022,09-03-2022 12:06,2022-03-09 10:00:00,18
Bangalore,domestic violence,2022,11-03-2022 02:03,2022-03-10 06:00:00,9
Bangalore,robbery,2022,11-03-2022 06:37,2022-03-10 14:00:00,13
Bangalore,domestic violence,2022,11-03-2022 10:50,2022-03-10 23:00:00,15
Bangalore,domestic violence,2022,11-03-2022 14:17,2022-03-11 02:00:00,15
Bangalore,counterfeiting,2022,12-03-2022 08:45,2022-03-11 21:00:00,6
Bangalore,identity theft,2022,12-03-2022 13:26,2022-03-12 09:00:00,16
Bangalore,cybercrime,2022,12-03-2022 19:42,2022-03-12 12:00:00,18
Bangalore,arson,2022,13-03-2022 16:42,2022-03-13 11:00:00,2
Bangalore,robbery,2022,14-03-2022 19:14,2022-03-14 03:00:00,4
Bangalore,domestic violence,2022,15-03-2022 07:37,2022-03-14 14:00:00,8
Bangalore,fraud,2022,15-03-2022 06:15,2022-03-14 15:00:00,11
Bangalore,illegal possession,2022,15-03-2022 16:13,2022-03-14 17:00:00,19
Bangalore,robbery,2022,14-03-2022 19:08,2022-03-14 19:00:00,4
Bangalore,traffic violation,2022,15-03-2022 04:34,2022-03-14 21:00:00,16
Bangalore,kidnapping,2022,15-03-2022 21:14,2022-03-15 02:00:00,2
Bangalore,sexual assault,2022,15-03-2022 19:36,2022-03-15 08:00:00,6
Bangalore,firearm offense,2022,16-03-2022 02:07,2022-03-15 21:00:00,14
Bangalore,shoplifting,2022,17-03-2022 22:32,2022-03-17 02:00:00,3
Bangalore,domestic violence,2022,17-03-2022 08:20,2022-03-17 04:00:00,5
Bangalore,domestic violence,2022,18-03-2022 11:03,2022-03-17 22:00:00,18
Bangalore,counterfeiting,2022,18-03-2022 22:55,2022-03-18 01:00:00,7
Bangalore,illegal possession,2022,18-03-2022 08:43,2022-03-18 04:00:00,1
Bangalore,firearm offense,2022,18-03-2022 22:07,2022-03-18 06:00:00,3
Bangalore,vehicle - stolen,2022,18-03-2022 08:31,2022-03-18 07:00:00,14
Bangalore,vehicle - stolen,2022,19-03-2022 00:56,2022-03-18 17:00:00,10
Bangalore,domestic violence,2022,19-03-2022 15:38,2022-03-18 23:00:00,19
Bangalore,kidnapping,2022,19-03-2022 17:25,2022-03-19 09:00:00,17
Bangalore,vehicle - stolen,2022,19-03-2022 15:17,2022-03-19 13:00:00,11
Bangalore,arson,2022,20-03-2022 12:20,2022-03-19 22:00:00,4
Bangalore,extortion,2022,21-03-2022 00:17,2022-03-20 11:00:00,12
Bangalore,firearm offense,2022,21-03-2022 02:43,2022-03-20 14:00:00,3
Bangalore,cybercrime,2022,21-03-2022 01:21,2022-03-21 00:00:00,6
Bangalore,drug offense,2022,21-03-2022 18:57,2022-03-21 01:00:00,14
Bangalore,traffic violation,2022,21-03-2022 16:46,2022-03-21 05:00:00,18
Bangalore,counterfeiting,2022,22-03-2022 22:34,2022-03-22 21:00:00,16
Bangalore,fraud,2022,24-03-2022 01:05,2022-03-23 10:00:00,8
Bangalore,kidnapping,2022,24-03-2022 20:09,2022-03-24 08:00:00,9
Bangalore,assault,2022,25-03-2022 07:48,2022-03-24 15:00:00,2
Bangalore,extortion,2022,25-03-2022 00:44,2022-03-24 22:00:00,12
Bangalore,public intoxication,2022,26-03-2022 00:10,2022-03-25 07:00:00,4
Bangalore,assault,2022,27-03-2022 05:41,2022-03-26 15:00:00,11
Bangalore,extortion,2022,27-03-2022 05:02,2022-03-26 20:00:00,7
Bangalore,homicide,2022,28-03-2022 20:48,2022-03-28 12:00:00,8
Bangalore,illegal possession,2022,29-03-2022 17:00,2022-03-28 22:00:00,19
Bangalore,homicide,2022,29-03-2022 20:03,2022-03-28 23:00:00,8
Bangalore,public intoxication,2022,29-03-2022 12:34,2022-03-29 07:00:00,1
Bangalore,drug offense,2022,30-03-2022 05:04,2022-03-29 14:00:00,2
Bangalore,shoplifting,2022,30-03-2022 13:36,2022-03-29 16:00:00,19
Bangalore,burglary,2022,31-03-2022 15:14,2022-03-31 04:00:00,3
Bangalore,homicide,2022,31-03-2022 16:52,2022-03-31 06:00:00,17
Bangalore,sexual assault,2022,01-04-2022 05:53,2022-03-31 13:00:00,6
Bangalore,homicide,2022,01-04-2022 12:35,2022-03-31 16:00:00,16
Bangalore,sexual assault,2022,01-04-2022 05:49,2022-04-01 02:00:00,4
Bangalore,cybercrime,2022,01-04-2022 12:07,2022-04-01 04:00:00,14
Bangalore,extortion,2022,01-04-2022 23:39,2022-04-01 06:00:00,9
Bangalore,public intoxication,2022,01-04-2022 15:10,2022-04-01 12:00:00,16
Bangalore,burglary,2022,02-04-2022 01:59,2022-04-01 21:00:00,19
Bangalore,identity theft,2022,02-04-2022 22:16,2022-04-02 05:00:00,8
Bangalore,vandalism,2022,02-04-2022 09:48,2022-04-02 08:00:00,2
Bangalore,cybercrime,2022,03-04-2022 10:35,2022-04-03 00:00:00,19
Bangalore,domestic violence,2022,03-04-2022 18:36,2022-04-03 11:00:00,3
Bangalore,homicide,2022,03-04-2022 22:27,2022-04-03 12:00:00,14
Bangalore,vandalism,2022,04-04-2022 10:31,2022-04-03 14:00:00,3
Bangalore,fraud,2022,04-04-2022 15:56,2022-04-03 17:00:00,19
Bangalore,shoplifting,2022,05-04-2022 14:15,2022-04-05 07:00:00,8
Bangalore,vandalism,2022,06-04-2022 10:40,2022-04-05 23:00:00,9
Bangalore,identity theft,2022,07-04-2022 03:07,2022-04-06 06:00:00,17
Bangalore,arson,2022,06-04-2022 14:35,2022-04-06 08:00:00,5
Bangalore,sexual assault,2022,07-04-2022 04:18,2022-04-06 16:00:00,19
Bangalore,illegal possession,2022,07-04-2022 14:28,2022-04-06 17:00:00,14
Bangalore,vandalism,2022,07-04-2022 18:30,2022-04-07 01:00:00,1
Bangalore,vehicle - stolen,2022,07-04-2022 22:09,2022-04-07 09:00:00,8
Bangalore,cybercrime,2022,08-04-2022 02:00,2022-04-07 10:00:00,1
Bangalore,sexual assault,2022,08-04-2022 03:31,2022-04-07 19:00:00,19
Bangalore,arson,2022,08-04-2022 23:22,2022-04-08 15:00:00,2
Bangalore,vehicle - stolen,2022,09-04-2022 10:42,2022-04-08 17:00:00,17
Bangalore,vehicle - stolen,2022,09-04-2022 07:08,2022-04-08 23:00:00,7
Bangalore,vandalism,2022,09-04-2022 23:23,2022-04-09 07:00:00,10
Bangalore,robbery,2022,10-04-2022 15:23,2022-04-09 21:00:00,12
Bangalore,sexual assault,2022,11-04-2022 09:03,2022-04-10 15:00:00,17
Bangalore,robbery,2022,11-04-2022 12:30,2022-04-10 21:00:00,2
Bangalore,assault,2022,11-04-2022 14:07,2022-04-11 00:00:00,1
Bangalore,assault,2022,11-04-2022 11:22,2022-04-11 06:00:00,18
Bangalore,kidnapping,2022,11-04-2022 21:25,2022-04-11 10:00:00,5
Bangalore,drug offense,2022,12-04-2022 03:36,2022-04-11 18:00:00,16
Bangalore,shoplifting,2022,12-04-2022 04:11,2022-04-12 00:00:00,10
Bangalore,extortion,2022,13-04-2022 06:35,2022-04-12 14:00:00,1
Bangalore,robbery,2022,12-04-2022 21:04,2022-04-12 21:00:00,18
Bangalore,assault,2022,13-04-2022 10:56,2022-04-13 07:00:00,14
Bangalore,robbery,2022,13-04-2022 18:12,2022-04-13 12:00:00,9
Bangalore,kidnapping,2022,14-04-2022 17:07,2022-04-13 19:00:00,13
Bangalore,cybercrime,2022,15-04-2022 01:37,2022-04-14 05:00:00,9
Bangalore,arson,2022,15-04-2022 07:57,2022-04-15 02:00:00,14
Bangalore,arson,2022,15-04-2022 12:58,2022-04-15 12:00:00,5
Bangalore,shoplifting,2022,16-04-2022 10:12,2022-04-16 02:00:00,12
Bangalore,sexual assault,2022,16-04-2022 11:13,2022-04-16 03:00:00,18
Bangalore,firearm offense,2022,17-04-2022 09:35,2022-04-16 13:00:00,9
Bangalore,burglary,2022,16-04-2022 17:36,2022-04-16 16:00:00,8
Bangalore,drug offense,2022,17-04-2022 11:49,2022-04-17 05:00:00,3
Bangalore,fraud,2022,18-04-2022 07:42,2022-04-17 08:00:00,14
Bangalore,drug offense,2022,17-04-2022 12:57,2022-04-17 12:00:00,1
Bangalore,robbery,2022,17-04-2022 20:26,2022-04-17 15:00:00,10
Bangalore,identity theft,2022,20-04-2022 03:32,2022-04-19 05:00:00,1
Bangalore,shoplifting,2022,20-04-2022 00:11,2022-04-19 14:00:00,6
Bangalore,sexual assault,2022,22-04-2022 07:15,2022-04-21 17:00:00,13
Bangalore,firearm offense,2022,22-04-2022 20:15,2022-04-22 05:00:00,7
Bangalore,shoplifting,2022,22-04-2022 21:39,2022-04-22 08:00:00,14
Bangalore,robbery,2022,23-04-2022 07:26,2022-04-22 17:00:00,17
Bangalore,robbery,2022,23-04-2022 17:36,2022-04-22 18:00:00,16
Bangalore,cybercrime,2022,23-04-2022 03:31,2022-04-22 21:00:00,15
Bangalore,arson,2022,23-04-2022 17:28,2022-04-23 01:00:00,3
Bangalore,homicide,2022,23-04-2022 16:37,2022-04-23 04:00:00,18
Bangalore,kidnapping,2022,23-04-2022 21:32,2022-04-23 20:00:00,19
Bangalore,traffic violation,2022,25-04-2022 00:33,2022-04-24 06:00:00,2
Bangalore,arson,2022,24-04-2022 21:17,2022-04-24 16:00:00,12
Bangalore,burglary,2022,25-04-2022 12:50,2022-04-24 23:00:00,2
Bangalore,shoplifting,2022,25-04-2022 09:34,2022-04-25 04:00:00,6
Bangalore,drug offense,2022,26-04-2022 06:03,2022-04-25 10:00:00,17
Bangalore,drug offense,2022,26-04-2022 01:21,2022-04-25 11:00:00,10
Bangalore,shoplifting,2022,26-04-2022 18:33,2022-04-25 23:00:00,6
Bangalore,cybercrime,2022,26-04-2022 23:06,2022-04-26 07:00:00,10
Bangalore,extortion,2022,26-04-2022 11:43,2022-04-26 09:00:00,12
Bangalore,cybercrime,2022,26-04-2022 10:49,2022-04-26 10:00:00,5
Bangalore,counterfeiting,2022,27-04-2022 00:30,2022-04-26 14:00:00,14
Bangalore,vandalism,2022,26-04-2022 23:31,2022-04-26 17:00:00,17
Bangalore,vandalism,2022,28-04-2022 01:53,2022-04-27 12:00:00,1
Bangalore,counterfeiting,2022,28-04-2022 10:55,2022-04-27 18:00:00,17
Bangalore,robbery,2022,28-04-2022 13:38,2022-04-28 00:00:00,1
Bangalore,vandalism,2022,28-04-2022 12:31,2022-04-28 04:00:00,16
Bangalore,public intoxication,2022,29-04-2022 00:17,2022-04-28 06:00:00,7
Bangalore,shoplifting,2022,29-04-2022 12:05,2022-04-29 09:00:00,15
Bangalore,fraud,2022,30-04-2022 02:24,2022-04-29 16:00:00,6
Bangalore,drug offense,2022,29-04-2022 20:09,2022-04-29 20:00:00,2
Bangalore,homicide,2022,01-05-2022 13:42,2022-05-01 04:00:00,11
Bangalore,counterfeiting,2022,01-05-2022 23:37,2022-05-01 05:00:00,16
Bangalore,cybercrime,2022,02-05-2022 08:29,2022-05-01 13:00:00,16
Bangalore,kidnapping,2022,02-05-2022 11:21,2022-05-02 11:00:00,15
Bangalore,extortion,2022,03-05-2022 04:15,2022-05-02 14:00:00,10
Bangalore,firearm offense,2022,03-05-2022 10:55,2022-05-03 09:00:00,19
Bangalore,fraud,2022,04-05-2022 08:56,2022-05-03 12:00:00,12
Bangalore,traffic violation,2022,04-05-2022 04:11,2022-05-03 20:00:00,17
Bangalore,illegal possession,2022,05-05-2022 07:26,2022-05-04 08:00:00,18
Bangalore,illegal possession,2022,06-05-2022 00:34,2022-05-05 03:00:00,5
Bangalore,illegal possession,2022,06-05-2022 02:58,2022-05-05 04:00:00,7
Bangalore,kidnapping,2022,05-05-2022 15:40,2022-05-05 09:00:00,12
Bangalore,burglary,2022,07-05-2022 06:02,2022-05-06 12:00:00,15
Bangalore,firearm offense,2022,07-05-2022 01:32,2022-05-06 20:00:00,14
Bangalore,illegal possession,2022,06-05-2022 22:14,2022-05-06 21:00:00,13
Bangalore,vandalism,2022,07-05-2022 05:24,2022-05-06 23:00:00,13
Bangalore,domestic violence,2022,09-05-2022 03:14,2022-05-08 23:00:00,11
Bangalore,burglary,2022,10-05-2022 06:52,2022-05-10 01:00:00,8
Bangalore,sexual assault,2022,10-05-2022 22:42,2022-05-10 05:00:00,10
Bangalore,identity theft,2022,11-05-2022 16:11,2022-05-11 02:00:00,9
Bangalore,vehicle - stolen,2022,11-05-2022 16:49,2022-05-11 04:00:00,14
Bangalore,firearm offense,2022,11-05-2022 10:42,2022-05-11 05:00:00,13
Bangalore,assault,2022,12-05-2022 03:16,2022-05-11 13:00:00,18
Bangalore,robbery,2022,11-05-2022 21:13,2022-05-11 16:00:00,17
Bangalore,identity theft,2022,12-05-2022 20:55,2022-05-11 23:00:00,11
Bangalore,vehicle - stolen,2022,14-05-2022 06:11,2022-05-13 08:00:00,14
Bangalore,firearm offense,2022,14-05-2022 02:23,2022-05-13 10:00:00,5
Bangalore,shoplifting,2022,14-05-2022 21:54,2022-05-14 03:00:00,2
Bangalore,illegal possession,2022,15-05-2022 11:57,2022-05-14 22:00:00,16
Bangalore,domestic violence,2022,15-05-2022 20:07,2022-05-15 03:00:00,8
Bangalore,identity theft,2022,16-05-2022 09:20,2022-05-15 10:00:00,18
Bangalore,extortion,2022,15-05-2022 18:51,2022-05-15 16:00:00,11
Bangalore,sexual assault,2022,16-05-2022 05:08,2022-05-15 17:00:00,1
Bangalore,kidnapping,2022,16-05-2022 08:24,2022-05-15 23:00:00,4
Bangalore,burglary,2022,16-05-2022 06:38,2022-05-16 04:00:00,18
Bangalore,domestic violence,2022,16-05-2022 17:46,2022-05-16 10:00:00,13
Bangalore,illegal possession,2022,17-05-2022 07:23,2022-05-16 18:00:00,9
Bangalore,domestic violence,2022,19-05-2022 01:29,2022-05-19 01:00:00,6
Bangalore,identity theft,2022,20-05-2022 09:06,2022-05-19 20:00:00,8
Bangalore,kidnapping,2022,20-05-2022 19:46,2022-05-19 23:00:00,7
Bangalore,public intoxication,2022,21-05-2022 03:46,2022-05-20 20:00:00,3
Bangalore,robbery,2022,23-05-2022 11:57,2022-05-22 12:00:00,7
Bangalore,public intoxication,2022,23-05-2022 19:00,2022-05-23 03:00:00,11
Bangalore,illegal possession,2022,24-05-2022 14:22,2022-05-23 21:00:00,7
Bangalore,traffic violation,2022,25-05-2022 00:44,2022-05-24 04:00:00,3
Bangalore,traffic violation,2022,24-05-2022 20:40,2022-05-24 10:00:00,10
Bangalore,public intoxication,2022,25-05-2022 17:36,2022-05-25 00:00:00,5
Bangalore,homicide,2022,26-05-2022 04:55,2022-05-25 09:00:00,15
Bangalore,extortion,2022,26-05-2022 22:26,2022-05-26 04:00:00,1
Bangalore,fraud,2022,27-05-2022 08:33,2022-05-26 22:00:00,14
Bangalore,sexual assault,2022,27-05-2022 05:16,2022-05-26 23:00:00,2
Bangalore,assault,2022,28-05-2022 01:43,2022-05-27 13:00:00,8
Bangalore,traffic violation,2022,28-05-2022 04:35,2022-05-27 14:00:00,13
Bangalore,robbery,2022,29-05-2022 05:58,2022-05-28 15:00:00,3
Bangalore,drug offense,2022,29-05-2022 15:25,2022-05-28 17:00:00,15
Bangalore,public intoxication,2022,29-05-2022 17:43,2022-05-28 18:00:00,14
Bangalore,extortion,2022,30-05-2022 11:38,2022-05-29 15:00:00,11
Bangalore,kidnapping,2022,30-05-2022 06:20,2022-05-30 04:00:00,2
Bangalore,extortion,2022,31-05-2022 20:06,2022-05-31 03:00:00,7
Bangalore,identity theft,2022,01-06-2022 20:48,2022-05-31 23:00:00,19
Bangalore,arson,2022,01-06-2022 03:58,2022-06-01 00:00:00,15
Bangalore,sexual assault,2022,01-06-2022 03:30,2022-06-01 02:00:00,10
Bangalore,vehicle - stolen,2022,02-06-2022 05:39,2022-06-02 00:00:00,1
Bangalore,illegal possession,2022,03-06-2022 01:53,2022-06-02 07:00:00,7
Bangalore,assault,2022,03-06-2022 06:07,2022-06-02 19:00:00,12
Bangalore,kidnapping,2022,03-06-2022 05:15,2022-06-03 00:00:00,5
Bangalore,kidnapping,2022,04-06-2022 08:03,2022-06-03 11:00:00,12
Bangalore,extortion,2022,03-06-2022 19:31,2022-06-03 12:00:00,10
Bangalore,firearm offense,2022,04-06-2022 05:10,2022-06-04 00:00:00,11
Bangalore,public intoxication,2022,05-06-2022 04:23,2022-06-04 11:00:00,18
Bangalore,kidnapping,2022,04-06-2022 22:42,2022-06-04 17:00:00,12
Bangalore,assault,2022,05-06-2022 20:39,2022-06-05 13:00:00,2
Bangalore,vehicle - stolen,2022,06-06-2022 17:53,2022-06-05 23:00:00,16
Bangalore,robbery,2022,06-06-2022 20:29,2022-06-06 01:00:00,8
Bangalore,vehicle - stolen,2022,06-06-2022 11:26,2022-06-06 08:00:00,6
Bangalore,homicide,2022,07-06-2022 07:07,2022-06-06 19:00:00,11
Bangalore,public intoxication,2022,09-06-2022 09:43,2022-06-08 16:00:00,6
Bangalore,vandalism,2022,09-06-2022 14:29,2022-06-08 23:00:00,5
Bangalore,kidnapping,2022,09-06-2022 02:15,2022-06-09 02:00:00,4
Bangalore,firearm offense,2022,10-06-2022 23:24,2022-06-10 02:00:00,8
Bangalore,illegal possession,2022,12-06-2022 02:39,2022-06-11 18:00:00,16
Bangalore,vehicle - stolen,2022,12-06-2022 19:33,2022-06-12 04:00:00,11
Bangalore,counterfeiting,2022,12-06-2022 13:53,2022-06-12 08:00:00,7
Bangalore,fraud,2022,12-06-2022 21:41,2022-06-12 10:00:00,12
Bangalore,burglary,2022,13-06-2022 07:20,2022-06-12 11:00:00,1
Bangalore,arson,2022,13-06-2022 07:33,2022-06-12 13:00:00,7
Bangalore,drug offense,2022,14-06-2022 15:43,2022-06-14 08:00:00,19
Bangalore,drug offense,2022,15-06-2022 09:43,2022-06-14 17:00:00,12
Bangalore,assault,2022,15-06-2022 19:50,2022-06-15 09:00:00,5
Bangalore,assault,2022,16-06-2022 08:27,2022-06-15 10:00:00,17
Bangalore,extortion,2022,16-06-2022 20:56,2022-06-15 21:00:00,4
Bangalore,shoplifting,2022,17-06-2022 00:01,2022-06-16 04:00:00,15
Bangalore,cybercrime,2022,16-06-2022 22:18,2022-06-16 09:00:00,10
Bangalore,vehicle - stolen,2022,16-06-2022 17:51,2022-06-16 10:00:00,7
Bangalore,fraud,2022,17-06-2022 20:01,2022-06-16 22:00:00,17
Bangalore,cybercrime,2022,18-06-2022 07:59,2022-06-17 09:00:00,6
Bangalore,kidnapping,2022,18-06-2022 20:32,2022-06-17 23:00:00,6
Bangalore,public intoxication,2022,18-06-2022 08:32,2022-06-18 08:00:00,14
Bangalore,firearm offense,2022,19-06-2022 19:48,2022-06-18 22:00:00,8
Bangalore,identity theft,2022,19-06-2022 10:03,2022-06-19 02:00:00,15
Bangalore,firearm offense,2022,20-06-2022 10:26,2022-06-19 19:00:00,11
Bangalore,cybercrime,2022,20-06-2022 15:44,2022-06-19 20:00:00,18
Bangalore,drug offense,2022,20-06-2022 15:52,2022-06-19 22:00:00,2
Bangalore,extortion,2022,20-06-2022 18:51,2022-06-20 14:00:00,6
Bangalore,vehicle - stolen,2022,21-06-2022 07:01,2022-06-20 15:00:00,10
Bangalore,arson,2022,21-06-2022 07:22,2022-06-20 20:00:00,12
Bangalore,public intoxication,2022,22-06-2022 17:08,2022-06-22 04:00:00,5
Bangalore,domestic violence,2022,23-06-2022 01:24,2022-06-23 00:00:00,11
Bangalore,shoplifting,2022,23-06-2022 19:48,2022-06-23 02:00:00,8
Bangalore,cybercrime,2022,25-06-2022 11:13,2022-06-24 21:00:00,1
Bangalore,domestic violence,2022,25-06-2022 05:09,2022-06-25 05:00:00,15
Bangalore,assault,2022,25-06-2022 22:37,2022-06-25 12:00:00,3
Bangalore,assault,2022,25-06-2022 20:34,2022-06-25 14:00:00,18
Bangalore,drug offense,2022,26-06-2022 09:21,2022-06-25 16:00:00,5
Bangalore,public intoxication,2022,29-06-2022 09:10,2022-06-28 15:00:00,2
Bangalore,cybercrime,2022,30-06-2022 04:34,2022-06-29 10:00:00,18
Bangalore,public intoxication,2022,29-06-2022 17:42,2022-06-29 16:00:00,18
Bangalore,counterfeiting,2022,01-07-2022 15:17,2022-06-30 17:00:00,10
Bangalore,firearm offense,2022,01-07-2022 06:55,2022-06-30 20:00:00,16
Bangalore,public intoxication,2022,02-07-2022 08:10,2022-07-02 01:00:00,9
Bangalore,robbery,2022,03-07-2022 11:40,2022-07-02 19:00:00,4
Bangalore,extortion,2022,03-07-2022 03:18,2022-07-03 02:00:00,12
Bangalore,fraud,2022,03-07-2022 06:14,2022-07-03 05:00:00,18
Bangalore,arson,2022,04-07-2022 11:59,2022-07-03 13:00:00,18
Bangalore,traffic violation,2022,04-07-2022 14:37,2022-07-03 23:00:00,3
Bangalore,traffic violation,2022,04-07-2022 10:01,2022-07-04 09:00:00,19
Bangalore,assault,2022,04-07-2022 17:02,2022-07-04 10:00:00,2
Bangalore,firearm offense,2022,04-07-2022 18:15,2022-07-04 11:00:00,14
Bangalore,robbery,2022,04-07-2022 16:18,2022-07-04 14:00:00,13
Bangalore,homicide,2022,05-07-2022 01:01,2022-07-04 16:00:00,10
Bangalore,vandalism,2022,06-07-2022 04:57,2022-07-05 12:00:00,5
Bangalore,vehicle - stolen,2022,05-07-2022 15:45,2022-07-05 14:00:00,6
Bangalore,vehicle - stolen,2022,06-07-2022 10:59,2022-07-05 23:00:00,5
Bangalore,extortion,2022,06-07-2022 13:47,2022-07-06 02:00:00,3
Bangalore,counterfeiting,2022,07-07-2022 00:47,2022-07-06 09:00:00,5
Bangalore,counterfeiting,2022,07-07-2022 11:05,2022-07-06 15:00:00,14
Bangalore,kidnapping,2022,09-07-2022 22:02,2022-07-09 20:00:00,3
Bangalore,vandalism,2022,10-07-2022 20:40,2022-07-10 02:00:00,16
Bangalore,public intoxication,2022,11-07-2022 04:02,2022-07-10 13:00:00,15
Bangalore,illegal possession,2022,11-07-2022 11:34,2022-07-11 00:00:00,18
Bangalore,burglary,2022,12-07-2022 01:00,2022-07-11 02:00:00,13
Bangalore,counterfeiting,2022,12-07-2022 07:18,2022-07-11 14:00:00,19
Bangalore,kidnapping,2022,12-07-2022 09:50,2022-07-11 19:00:00,15
Bangalore,identity theft,2022,13-07-2022 10:48,2022-07-12 16:00:00,1
Bangalore,vandalism,2022,13-07-2022 12:48,2022-07-12 18:00:00,12
Bangalore,drug offense,2022,13-07-2022 17:09,2022-07-13 02:00:00,19
Bangalore,arson,2022,14-07-2022 04:55,2022-07-13 10:00:00,5
Bangalore,vandalism,2022,13-07-2022 21:16,2022-07-13 13:00:00,12
Bangalore,fraud,2022,14-07-2022 10:25,2022-07-13 21:00:00,16
Bangalore,sexual assault,2022,14-07-2022 14:40,2022-07-14 04:00:00,18
Bangalore,illegal possession,2022,14-07-2022 12:59,2022-07-14 12:00:00,17
Bangalore,vehicle - stolen,2022,15-07-2022 05:09,2022-07-15 03:00:00,11
Bangalore,assault,2022,15-07-2022 08:31,2022-07-15 08:00:00,8
Bangalore,robbery,2022,16-07-2022 13:53,2022-07-15 20:00:00,4
Bangalore,extortion,2022,16-07-2022 18:01,2022-07-16 01:00:00,19
Bangalore,shoplifting,2022,16-07-2022 21:32,2022-07-16 03:00:00,5
Bangalore,burglary,2022,17-07-2022 10:42,2022-07-16 23:00:00,2
Bangalore,extortion,2022,18-07-2022 23:46,2022-07-18 00:00:00,16
Bangalore,homicide,2022,18-07-2022 15:48,2022-07-18 03:00:00,18
Bangalore,illegal possession,2022,20-07-2022 14:13,2022-07-19 21:00:00,7
Bangalore,firearm offense,2022,20-07-2022 09:57,2022-07-20 04:00:00,11
Bangalore,extortion,2022,21-07-2022 09:49,2022-07-20 15:00:00,9
Bangalore,shoplifting,2022,21-07-2022 02:55,2022-07-21 00:00:00,7
Bangalore,sexual assault,2022,22-07-2022 11:28,2022-07-22 10:00:00,8
Bangalore,counterfeiting,2022,22-07-2022 22:47,2022-07-22 11:00:00,4
Bangalore,domestic violence,2022,23-07-2022 16:49,2022-07-23 11:00:00,19
Bangalore,identity theft,2022,24-07-2022 17:12,2022-07-23 21:00:00,8
Bangalore,domestic violence,2022,24-07-2022 13:42,2022-07-24 07:00:00,6
Bangalore,burglary,2022,25-07-2022 20:50,2022-07-25 10:00:00,15
Bangalore,illegal possession,2022,25-07-2022 19:46,2022-07-25 16:00:00,9
Bangalore,shoplifting,2022,26-07-2022 16:48,2022-07-25 17:00:00,17
Bangalore,cybercrime,2022,27-07-2022 00:47,2022-07-26 01:00:00,7
Bangalore,fraud,2022,26-07-2022 18:24,2022-07-26 14:00:00,18
Bangalore,identity theft,2022,27-07-2022 13:10,2022-07-26 15:00:00,2
Bangalore,vehicle - stolen,2022,28-07-2022 04:33,2022-07-27 11:00:00,4
Bangalore,illegal possession,2022,28-07-2022 06:02,2022-07-28 04:00:00,9
Bangalore,robbery,2022,29-07-2022 09:54,2022-07-28 11:00:00,16
Bangalore,burglary,2022,30-07-2022 05:01,2022-07-29 23:00:00,17
Bangalore,public intoxication,2022,30-07-2022 18:11,2022-07-30 04:00:00,7
Bangalore,illegal possession,2022,30-07-2022 20:58,2022-07-30 05:00:00,1
Bangalore,fraud,2022,01-08-2022 12:57,2022-07-31 20:00:00,2
Bangalore,sexual assault,2022,01-08-2022 06:00,2022-08-01 06:00:00,12
Bangalore,arson,2022,02-08-2022 05:26,2022-08-01 15:00:00,16
Bangalore,sexual assault,2022,03-08-2022 18:55,2022-08-03 02:00:00,11
Bangalore,arson,2022,04-08-2022 00:21,2022-08-03 06:00:00,2
Bangalore,traffic violation,2022,04-08-2022 13:58,2022-08-03 15:00:00,2
Bangalore,fraud,2022,04-08-2022 07:19,2022-08-03 17:00:00,6
Bangalore,arson,2022,05-08-2022 04:24,2022-08-04 10:00:00,5
Bangalore,homicide,2022,05-08-2022 19:51,2022-08-05 11:00:00,8
Bangalore,sexual assault,2022,05-08-2022 19:18,2022-08-05 14:00:00,6
Bangalore,assault,2022,06-08-2022 06:32,2022-08-05 18:00:00,12
Bangalore,extortion,2022,06-08-2022 23:26,2022-08-06 15:00:00,10
Bangalore,homicide,2022,07-08-2022 03:46,2022-08-06 21:00:00,18
Bangalore,firearm offense,2022,07-08-2022 05:33,2022-08-07 01:00:00,15
Bangalore,traffic violation,2022,10-08-2022 09:15,2022-08-09 10:00:00,10
Bangalore,arson,2022,09-08-2022 23:06,2022-08-09 13:00:00,15
Bangalore,homicide,2022,10-08-2022 05:53,2022-08-10 04:00:00,8
Bangalore,firearm offense,2022,11-08-2022 18:59,2022-08-10 23:00:00,19
Bangalore,robbery,2022,11-08-2022 20:18,2022-08-11 05:00:00,3
Bangalore,identity theft,2022,12-08-2022 01:51,2022-08-11 15:00:00,13
Bangalore,burglary,2022,12-08-2022 09:43,2022-08-11 23:00:00,14
Bangalore,fraud,2022,12-08-2022 20:16,2022-08-12 15:00:00,16
Bangalore,homicide,2022,13-08-2022 16:25,2022-08-13 12:00:00,3
Bangalore,firearm offense,2022,14-08-2022 06:33,2022-08-13 18:00:00,6
Bangalore,sexual assault,2022,14-08-2022 11:19,2022-08-14 00:00:00,8
Bangalore,kidnapping,2022,15-08-2022 09:06,2022-08-14 17:00:00,1
Bangalore,public intoxication,2022,15-08-2022 15:04,2022-08-14 19:00:00,1
Bangalore,vandalism,2022,15-08-2022 15:05,2022-08-14 20:00:00,12
Bangalore,shoplifting,2022,15-08-2022 17:21,2022-08-15 12:00:00,9
Bangalore,kidnapping,2022,16-08-2022 06:54,2022-08-15 14:00:00,3
Bangalore,burglary,2022,16-08-2022 11:48,2022-08-15 17:00:00,15
Bangalore,fraud,2022,16-08-2022 00:12,2022-08-16 00:00:00,17
Bangalore,vehicle - stolen,2022,16-08-2022 18:34,2022-08-16 06:00:00,15
Bangalore,cybercrime,2022,16-08-2022 20:07,2022-08-16 13:00:00,2
Bangalore,drug offense,2022,17-08-2022 19:59,2022-08-17 06:00:00,13
Bangalore,vandalism,2022,18-08-2022 05:12,2022-08-17 11:00:00,19
Bangalore,public intoxication,2022,17-08-2022 17:27,2022-08-17 17:00:00,2
Bangalore,illegal possession,2022,18-08-2022 18:37,2022-08-17 21:00:00,6
Bangalore,extortion,2022,18-08-2022 04:52,2022-08-17 22:00:00,8
Bangalore,illegal possession,2022,18-08-2022 16:35,2022-08-18 03:00:00,5
Bangalore,burglary,2022,18-08-2022 09:49,2022-08-18 04:00:00,14
Bangalore,public intoxication,2022,19-08-2022 15:12,2022-08-18 23:00:00,12
Bangalore,public intoxication,2022,19-08-2022 21:06,2022-08-19 17:00:00,10
Bangalore,sexual assault,2022,20-08-2022 23:04,2022-08-20 00:00:00,4
Bangalore,kidnapping,2022,21-08-2022 10:16,2022-08-20 16:00:00,15
Bangalore,fraud,2022,20-08-2022 20:36,2022-08-20 18:00:00,9
Bangalore,public intoxication,2022,22-08-2022 04:16,2022-08-21 18:00:00,3
Bangalore,vehicle - stolen,2022,22-08-2022 07:45,2022-08-21 22:00:00,16
Bangalore,traffic violation,2022,22-08-2022 10:33,2022-08-22 01:00:00,8
Bangalore,burglary,2022,23-08-2022 07:10,2022-08-22 10:00:00,10
Bangalore,vandalism,2022,23-08-2022 00:05,2022-08-22 11:00:00,11
Bangalore,shoplifting,2022,24-08-2022 09:27,2022-08-23 16:00:00,13
Bangalore,burglary,2022,24-08-2022 19:40,2022-08-24 05:00:00,12
Bangalore,public intoxication,2022,24-08-2022 18:00,2022-08-24 06:00:00,18
Bangalore,drug offense,2022,24-08-2022 10:35,2022-08-24 08:00:00,13
Bangalore,cybercrime,2022,24-08-2022 22:17,2022-08-24 13:00:00,13
Bangalore,drug offense,2022,25-08-2022 22:59,2022-08-25 10:00:00,9
Bangalore,counterfeiting,2022,25-08-2022 20:35,2022-08-25 17:00:00,7
Bangalore,assault,2022,26-08-2022 05:57,2022-08-25 18:00:00,5
Bangalore,vehicle - stolen,2022,26-08-2022 05:35,2022-08-26 03:00:00,13
Bangalore,firearm offense,2022,27-08-2022 02:51,2022-08-26 15:00:00,11
Bangalore,kidnapping,2022,28-08-2022 02:28,2022-08-27 14:00:00,15
Bangalore,assault,2022,28-08-2022 11:02,2022-08-27 15:00:00,16
Bangalore,fraud,2022,28-08-2022 01:01,2022-08-27 16:00:00,12
Bangalore,firearm offense,2022,27-08-2022 23:51,2022-08-27 21:00:00,16
Bangalore,vehicle - stolen,2022,30-08-2022 11:43,2022-08-29 18:00:00,18
Bangalore,homicide,2022,30-08-2022 17:18,2022-08-29 20:00:00,5
Bangalore,extortion,2022,30-08-2022 16:41,2022-08-30 04:00:00,19
Bangalore,counterfeiting,2022,31-08-2022 05:58,2022-08-30 17:00:00,2
Bangalore,burglary,2022,01-09-2022 11:46,2022-08-31 12:00:00,10
Bangalore,sexual assault,2022,01-09-2022 05:30,2022-08-31 18:00:00,6
Bangalore,drug offense,2022,01-09-2022 19:43,2022-09-01 03:00:00,13
Bangalore,sexual assault,2022,02-09-2022 14:38,2022-09-01 17:00:00,4
Bangalore,counterfeiting,2022,02-09-2022 09:16,2022-09-02 05:00:00,17
Bangalore,vandalism,2022,02-09-2022 17:11,2022-09-02 15:00:00,6
Bangalore,counterfeiting,2022,03-09-2022 14:15,2022-09-02 18:00:00,17
Bangalore,fraud,2022,03-09-2022 07:51,2022-09-03 01:00:00,11
Bangalore,assault,2022,03-09-2022 04:37,2022-09-03 04:00:00,13
Bangalore,sexual assault,2022,03-09-2022 13:56,2022-09-03 11:00:00,14
Bangalore,sexual assault,2022,04-09-2022 19:59,2022-09-04 01:00:00,1
Bangalore,firearm offense,2022,05-09-2022 04:46,2022-09-04 20:00:00,12
Bangalore,assault,2022,05-09-2022 23:49,2022-09-05 12:00:00,8
Bangalore,burglary,2022,06-09-2022 03:06,2022-09-05 17:00:00,11
Bangalore,traffic violation,2022,06-09-2022 07:26,2022-09-05 19:00:00,10
Bangalore,kidnapping,2022,06-09-2022 21:38,2022-09-06 00:00:00,10
Bangalore,drug offense,2022,06-09-2022 08:49,2022-09-06 07:00:00,14
Bangalore,traffic violation,2022,08-09-2022 22:07,2022-09-08 01:00:00,9
Bangalore,identity theft,2022,08-09-2022 17:03,2022-09-08 13:00:00,9
Bangalore,vehicle - stolen,2022,09-09-2022 13:42,2022-09-08 14:00:00,1
Bangalore,sexual assault,2022,08-09-2022 20:26,2022-09-08 17:00:00,10
Bangalore,arson,2022,10-09-2022 02:45,2022-09-09 04:00:00,5
Bangalore,drug offense,2022,12-09-2022 17:12,2022-09-11 21:00:00,5
Bangalore,kidnapping,2022,12-09-2022 06:45,2022-09-12 00:00:00,8
Bangalore,vandalism,2022,12-09-2022 21:50,2022-09-12 13:00:00,13
Bangalore,extortion,2022,13-09-2022 16:10,2022-09-13 12:00:00,7
Bangalore,shoplifting,2022,15-09-2022 11:21,2022-09-14 13:00:00,17
Bangalore,domestic violence,2022,16-09-2022 01:05,2022-09-15 02:00:00,19
Bangalore,vandalism,2022,16-09-2022 02:31,2022-09-15 21:00:00,16
Bangalore,counterfeiting,2022,17-09-2022 00:13,2022-09-16 03:00:00,14
Bangalore,illegal possession,2022,16-09-2022 17:25,2022-09-16 11:00:00,5
Bangalore,robbery,2022,17-09-2022 03:19,2022-09-16 21:00:00,15
Bangalore,homicide,2022,19-09-2022 12:08,2022-09-18 20:00:00,3
Bangalore,traffic violation,2022,19-09-2022 09:30,2022-09-19 02:00:00,10
Bangalore,kidnapping,2022,19-09-2022 10:16,2022-09-19 04:00:00,17
Bangalore,vehicle - stolen,2022,19-09-2022 22:34,2022-09-19 07:00:00,12
Bangalore,cybercrime,2022,20-09-2022 10:22,2022-09-19 19:00:00,2
Bangalore,firearm offense,2022,21-09-2022 22:25,2022-09-21 17:00:00,12
Bangalore,firearm offense,2022,22-09-2022 02:20,2022-09-21 23:00:00,14
Bangalore,homicide,2022,22-09-2022 20:27,2022-09-22 13:00:00,14
Bangalore,arson,2022,22-09-2022 16:22,2022-09-22 14:00:00,1
Bangalore,cybercrime,2022,24-09-2022 02:39,2022-09-23 11:00:00,15
Bangalore,shoplifting,2022,24-09-2022 01:03,2022-09-23 17:00:00,19
Bangalore,firearm offense,2022,25-09-2022 01:53,2022-09-24 05:00:00,15
Bangalore,arson,2022,26-09-2022 01:28,2022-09-25 14:00:00,18
Bangalore,arson,2022,27-09-2022 20:25,2022-09-26 22:00:00,8
Bangalore,arson,2022,28-09-2022 01:00,2022-09-27 12:00:00,2
Bangalore,firearm offense,2022,27-09-2022 16:36,2022-09-27 13:00:00,19
Bangalore,homicide,2022,28-09-2022 13:35,2022-09-27 18:00:00,18
Bangalore,fraud,2022,27-09-2022 20:52,2022-09-27 19:00:00,8
Bangalore,firearm offense,2022,28-09-2022 16:02,2022-09-28 11:00:00,11
Bangalore,illegal possession,2022,29-09-2022 11:46,2022-09-28 23:00:00,10
Bangalore,identity theft,2022,29-09-2022 08:25,2022-09-29 01:00:00,6
Bangalore,sexual assault,2022,30-09-2022 04:11,2022-09-30 01:00:00,18
Bangalore,vandalism,2022,30-09-2022 17:10,2022-09-30 02:00:00,9
Bangalore,vandalism,2022,30-09-2022 13:00,2022-09-30 03:00:00,19
Bangalore,homicide,2022,30-09-2022 19:25,2022-09-30 15:00:00,4
Bangalore,burglary,2022,30-09-2022 19:13,2022-09-30 16:00:00,17
Bangalore,sexual assault,2022,02-10-2022 02:01,2022-10-01 09:00:00,6
Bangalore,domestic violence,2022,01-10-2022 22:21,2022-10-01 18:00:00,18
Bangalore,assault,2022,02-10-2022 10:24,2022-10-01 19:00:00,9
Bangalore,vehicle - stolen,2022,02-10-2022 00:31,2022-10-01 21:00:00,5
Bangalore,firearm offense,2022,02-10-2022 16:16,2022-10-02 01:00:00,5
Bangalore,firearm offense,2022,02-10-2022 20:08,2022-10-02 05:00:00,11
Bangalore,sexual assault,2022,02-10-2022 12:58,2022-10-02 12:00:00,11
Bangalore,sexual assault,2022,03-10-2022 17:57,2022-10-02 23:00:00,14
Bangalore,illegal possession,2022,03-10-2022 08:12,2022-10-03 05:00:00,4
Bangalore,arson,2022,03-10-2022 15:20,2022-10-03 15:00:00,9
Bangalore,drug offense,2022,04-10-2022 08:29,2022-10-03 17:00:00,14
Bangalore,illegal possession,2022,04-10-2022 20:52,2022-10-03 23:00:00,18
Bangalore,traffic violation,2022,05-10-2022 13:04,2022-10-05 03:00:00,18
Bangalore,traffic violation,2022,07-10-2022 04:24,2022-10-07 04:00:00,19
Bangalore,homicide,2022,08-10-2022 19:19,2022-10-08 04:00:00,4
Bangalore,identity theft,2022,08-10-2022 23:18,2022-10-08 12:00:00,16
Bangalore,extortion,2022,09-10-2022 16:02,2022-10-08 21:00:00,4
Bangalore,counterfeiting,2022,09-10-2022 11:20,2022-10-09 11:00:00,13
Bangalore,illegal possession,2022,10-10-2022 01:38,2022-10-09 17:00:00,6
Bangalore,sexual assault,2022,10-10-2022 18:49,2022-10-10 13:00:00,18
Bangalore,drug offense,2022,11-10-2022 09:10,2022-10-10 17:00:00,4
Bangalore,counterfeiting,2022,10-10-2022 19:41,2022-10-10 18:00:00,3
Bangalore,fraud,2022,11-10-2022 11:25,2022-10-11 02:00:00,9
Bangalore,sexual assault,2022,11-10-2022 16:24,2022-10-11 09:00:00,9
Bangalore,public intoxication,2022,12-10-2022 04:40,2022-10-11 17:00:00,10
Bangalore,cybercrime,2022,12-10-2022 14:20,2022-10-12 04:00:00,2
Bangalore,counterfeiting,2022,13-10-2022 16:26,2022-10-12 23:00:00,12
Bangalore,public intoxication,2022,13-10-2022 19:35,2022-10-13 16:00:00,3
Bangalore,extortion,2022,14-10-2022 18:49,2022-10-14 02:00:00,14
Bangalore,firearm offense,2022,15-10-2022 05:18,2022-10-14 15:00:00,12
Bangalore,arson,2022,15-10-2022 16:48,2022-10-15 11:00:00,17
Bangalore,burglary,2022,16-10-2022 08:56,2022-10-15 18:00:00,15
Bangalore,sexual assault,2022,17-10-2022 08:10,2022-10-16 12:00:00,6
Bangalore,shoplifting,2022,18-10-2022 13:10,2022-10-17 18:00:00,10
Bangalore,firearm offense,2022,18-10-2022 09:23,2022-10-18 04:00:00,11
Bangalore,illegal possession,2022,19-10-2022 03:47,2022-10-18 09:00:00,16
Bangalore,counterfeiting,2022,18-10-2022 10:35,2022-10-18 10:00:00,19
Bangalore,extortion,2022,19-10-2022 09:08,2022-10-18 23:00:00,1
Bangalore,domestic violence,2022,20-10-2022 06:25,2022-10-19 16:00:00,6
Bangalore,firearm offense,2022,21-10-2022 09:25,2022-10-20 10:00:00,5
Bangalore,domestic violence,2022,20-10-2022 23:10,2022-10-20 18:00:00,5
Bangalore,kidnapping,2022,22-10-2022 06:53,2022-10-21 10:00:00,16
Bangalore,shoplifting,2022,23-10-2022 11:01,2022-10-22 18:00:00,17
Bangalore,burglary,2022,23-10-2022 20:01,2022-10-23 17:00:00,9
Bangalore,robbery,2022,24-10-2022 16:42,2022-10-23 21:00:00,16
Bangalore,homicide,2022,24-10-2022 15:26,2022-10-24 03:00:00,10
Bangalore,kidnapping,2022,25-10-2022 11:08,2022-10-24 20:00:00,13
Bangalore,assault,2022,25-10-2022 19:11,2022-10-25 07:00:00,7
Bangalore,burglary,2022,26-10-2022 17:18,2022-10-26 04:00:00,17
Bangalore,kidnapping,2022,26-10-2022 23:55,2022-10-26 06:00:00,6
Bangalore,kidnapping,2022,26-10-2022 09:02,2022-10-26 08:00:00,10
Bangalore,assault,2022,27-10-2022 13:51,2022-10-26 23:00:00,17
Bangalore,arson,2022,28-10-2022 10:32,2022-10-27 12:00:00,16
Bangalore,firearm offense,2022,27-10-2022 23:53,2022-10-27 22:00:00,8
Bangalore,arson,2022,28-10-2022 17:03,2022-10-28 01:00:00,7
Bangalore,arson,2022,29-10-2022 04:56,2022-10-29 00:00:00,11
Bangalore,burglary,2022,29-10-2022 08:52,2022-10-29 01:00:00,1
Bangalore,traffic violation,2022,30-10-2022 03:06,2022-10-29 09:00:00,3
Bangalore,domestic violence,2022,30-10-2022 23:50,2022-10-30 11:00:00,9
Bangalore,homicide,2022,31-10-2022 12:43,2022-10-31 12:00:00,6
Bangalore,counterfeiting,2022,01-11-2022 13:59,2022-10-31 21:00:00,6
Bangalore,cybercrime,2022,01-11-2022 14:51,2022-11-01 01:00:00,16
Bangalore,illegal possession,2022,01-11-2022 15:44,2022-11-01 03:00:00,9
Bangalore,extortion,2022,02-11-2022 21:19,2022-11-02 08:00:00,10
Bangalore,identity theft,2022,03-11-2022 19:22,2022-11-02 21:00:00,16
Bangalore,identity theft,2022,03-11-2022 20:33,2022-11-02 22:00:00,7
Bangalore,extortion,2022,04-11-2022 00:19,2022-11-03 11:00:00,13
Bangalore,kidnapping,2022,04-11-2022 12:28,2022-11-04 03:00:00,9
Bangalore,assault,2022,05-11-2022 06:12,2022-11-04 11:00:00,12
Bangalore,domestic violence,2022,05-11-2022 15:11,2022-11-04 20:00:00,18
Bangalore,robbery,2022,05-11-2022 19:50,2022-11-04 22:00:00,6
Bangalore,cybercrime,2022,06-11-2022 11:05,2022-11-05 12:00:00,2
Bangalore,arson,2022,06-11-2022 02:41,2022-11-05 23:00:00,15
Bangalore,kidnapping,2022,06-11-2022 21:54,2022-11-06 01:00:00,7
Bangalore,assault,2022,06-11-2022 22:04,2022-11-06 04:00:00,7
Bangalore,shoplifting,2022,06-11-2022 17:03,2022-11-06 12:00:00,2
Bangalore,vehicle - stolen,2022,07-11-2022 13:53,2022-11-06 15:00:00,7
Bangalore,firearm offense,2022,07-11-2022 03:37,2022-11-06 19:00:00,9
Bangalore,robbery,2022,07-11-2022 15:47,2022-11-06 23:00:00,8
Bangalore,extortion,2022,07-11-2022 18:50,2022-11-07 14:00:00,4
Bangalore,illegal possession,2022,09-11-2022 17:48,2022-11-09 01:00:00,12
Bangalore,extortion,2022,10-11-2022 07:32,2022-11-09 14:00:00,12
Bangalore,extortion,2022,10-11-2022 21:17,2022-11-10 07:00:00,19
Bangalore,illegal possession,2022,10-11-2022 17:48,2022-11-10 08:00:00,15
Bangalore,cybercrime,2022,11-11-2022 05:51,2022-11-10 11:00:00,17
Bangalore,drug offense,2022,11-11-2022 13:31,2022-11-10 16:00:00,17
Bangalore,shoplifting,2022,11-11-2022 03:57,2022-11-11 03:00:00,7
Bangalore,firearm offense,2022,12-11-2022 02:07,2022-11-11 13:00:00,18
Bangalore,illegal possession,2022,12-11-2022 22:34,2022-11-12 16:00:00,9
Bangalore,vehicle - stolen,2022,13-11-2022 07:23,2022-11-13 01:00:00,7
Bangalore,vandalism,2022,13-11-2022 18:11,2022-11-13 04:00:00,3
Bangalore,identity theft,2022,14-11-2022 06:47,2022-11-14 00:00:00,3
Bangalore,firearm offense,2022,14-11-2022 14:00,2022-11-14 05:00:00,16
Bangalore,homicide,2022,14-11-2022 07:53,2022-11-14 07:00:00,2
Bangalore,homicide,2022,15-11-2022 02:05,2022-11-14 15:00:00,9
Bangalore,vandalism,2022,15-11-2022 05:38,2022-11-14 17:00:00,4
Bangalore,drug offense,2022,16-11-2022 15:58,2022-11-15 22:00:00,17
Bangalore,identity theft,2022,16-11-2022 16:46,2022-11-16 12:00:00,14
Bangalore,domestic violence,2022,16-11-2022 23:27,2022-11-16 21:00:00,10
Bangalore,illegal possession,2022,17-11-2022 23:03,2022-11-17 03:00:00,3
Bangalore,assault,2022,18-11-2022 09:45,2022-11-17 10:00:00,15
Bangalore,identity theft,2022,18-11-2022 00:11,2022-11-17 13:00:00,18
Bangalore,cybercrime,2022,18-11-2022 07:18,2022-11-17 17:00:00,9
Bangalore,illegal possession,2022,19-11-2022 00:24,2022-11-18 05:00:00,10
Bangalore,kidnapping,2022,19-11-2022 00:14,2022-11-18 07:00:00,18
Bangalore,assault,2022,18-11-2022 12:34,2022-11-18 08:00:00,12
Bangalore,domestic violence,2022,19-11-2022 17:07,2022-11-18 21:00:00,10
Bangalore,kidnapping,2022,19-11-2022 09:01,2022-11-19 01:00:00,18
Bangalore,cybercrime,2022,19-11-2022 17:49,2022-11-19 13:00:00,13
Bangalore,assault,2022,20-11-2022 10:31,2022-11-19 15:00:00,9
Bangalore,sexual assault,2022,20-11-2022 17:05,2022-11-20 06:00:00,12
Bangalore,traffic violation,2022,20-11-2022 19:01,2022-11-20 11:00:00,6
Bangalore,counterfeiting,2022,20-11-2022 16:11,2022-11-20 12:00:00,5
Bangalore,robbery,2022,22-11-2022 00:41,2022-11-21 15:00:00,17
Bangalore,illegal possession,2022,22-11-2022 13:01,2022-11-22 02:00:00,12
Bangalore,shoplifting,2022,23-11-2022 07:19,2022-11-22 15:00:00,4
Bangalore,traffic violation,2022,23-11-2022 15:49,2022-11-22 21:00:00,9
Bangalore,public intoxication,2022,25-11-2022 06:59,2022-11-24 08:00:00,4
Bangalore,illegal possession,2022,25-11-2022 16:17,2022-11-24 17:00:00,17
Bangalore,fraud,2022,26-11-2022 17:29,2022-11-25 21:00:00,10
Bangalore,assault,2022,27-11-2022 02:27,2022-11-26 08:00:00,15
Bangalore,firearm offense,2022,27-11-2022 02:00,2022-11-26 10:00:00,11
Bangalore,fraud,2022,27-11-2022 14:25,2022-11-26 16:00:00,11
Bangalore,traffic violation,2022,28-11-2022 07:38,2022-11-27 10:00:00,13
Bangalore,public intoxication,2022,27-11-2022 19:22,2022-11-27 18:00:00,8
Bangalore,drug offense,2022,27-11-2022 20:27,2022-11-27 19:00:00,6
Bangalore,arson,2022,29-11-2022 03:14,2022-11-28 21:00:00,12
Bangalore,domestic violence,2022,29-11-2022 12:09,2022-11-29 03:00:00,10
Bangalore,vandalism,2022,30-11-2022 03:22,2022-11-29 20:00:00,11
Bangalore,sexual assault,2022,30-11-2022 17:12,2022-11-29 21:00:00,1
Bangalore,firearm offense,2022,30-11-2022 03:59,2022-11-30 00:00:00,17
Bangalore,extortion,2022,01-12-2022 00:30,2022-11-30 05:00:00,9
Bangalore,cybercrime,2022,30-11-2022 19:55,2022-11-30 14:00:00,15
Bangalore,sexual assault,2022,01-12-2022 12:27,2022-12-01 11:00:00,19
Bangalore,homicide,2022,02-12-2022 02:44,2022-12-01 18:00:00,12
Bangalore,shoplifting,2022,03-12-2022 05:41,2022-12-03 01:00:00,6
Bangalore,extortion,2022,03-12-2022 22:43,2022-12-03 15:00:00,13
Bangalore,illegal possession,2022,04-12-2022 15:03,2022-12-04 00:00:00,3
Bangalore,identity theft,2022,04-12-2022 12:27,2022-12-04 02:00:00,16
Bangalore,traffic violation,2022,05-12-2022 19:29,2022-12-05 00:00:00,4
Bangalore,firearm offense,2022,05-12-2022 05:01,2022-12-05 05:00:00,16
Bangalore,traffic violation,2022,05-12-2022 09:27,2022-12-05 08:00:00,11
Bangalore,arson,2022,06-12-2022 16:17,2022-12-06 02:00:00,16
Bangalore,vehicle - stolen,2022,06-12-2022 18:22,2022-12-06 04:00:00,8
Bangalore,firearm offense,2022,06-12-2022 08:39,2022-12-06 07:00:00,3
Bangalore,cybercrime,2022,07-12-2022 03:03,2022-12-07 03:00:00,3
Bangalore,sexual assault,2022,08-12-2022 02:16,2022-12-07 07:00:00,6
Bangalore,illegal possession,2022,07-12-2022 21:04,2022-12-07 09:00:00,15
Bangalore,vandalism,2022,08-12-2022 04:19,2022-12-07 15:00:00,9
Bangalore,shoplifting,2022,08-12-2022 06:19,2022-12-08 00:00:00,16
Bangalore,cybercrime,2022,08-12-2022 15:12,2022-12-08 01:00:00,3
Bangalore,assault,2022,09-12-2022 08:05,2022-12-09 03:00:00,12
Bangalore,fraud,2022,10-12-2022 09:56,2022-12-09 13:00:00,2
Bangalore,counterfeiting,2022,11-12-2022 03:37,2022-12-10 06:00:00,13
Bangalore,domestic violence,2022,10-12-2022 20:56,2022-12-10 13:00:00,11
Bangalore,drug offense,2022,12-12-2022 07:16,2022-12-11 08:00:00,8
Bangalore,domestic violence,2022,12-12-2022 10:46,2022-12-11 15:00:00,13
Bangalore,burglary,2022,11-12-2022 23:44,2022-12-11 19:00:00,16
Bangalore,public intoxication,2022,13-12-2022 06:50,2022-12-12 07:00:00,10
Bangalore,homicide,2022,13-12-2022 07:35,2022-12-12 11:00:00,17
Bangalore,vandalism,2022,13-12-2022 13:40,2022-12-13 02:00:00,13
Bangalore,vandalism,2022,14-12-2022 10:01,2022-12-13 21:00:00,7
Bangalore,counterfeiting,2022,14-12-2022 23:33,2022-12-14 13:00:00,2
Bangalore,cybercrime,2022,14-12-2022 18:28,2022-12-14 16:00:00,15
Bangalore,domestic violence,2022,15-12-2022 19:09,2022-12-15 10:00:00,5
Bangalore,arson,2022,15-12-2022 22:08,2022-12-15 19:00:00,6
Bangalore,assault,2022,16-12-2022 23:52,2022-12-16 02:00:00,17
Bangalore,extortion,2022,17-12-2022 00:54,2022-12-16 11:00:00,6
Bangalore,identity theft,2022,16-12-2022 23:39,2022-12-16 22:00:00,3
Bangalore,traffic violation,2022,17-12-2022 23:25,2022-12-17 03:00:00,13
Bangalore,cybercrime,2022,17-12-2022 22:55,2022-12-17 08:00:00,12
Bangalore,illegal possession,2022,18-12-2022 06:10,2022-12-17 12:00:00,10
Bangalore,counterfeiting,2022,18-12-2022 16:55,2022-12-17 17:00:00,6
Bangalore,shoplifting,2022,18-12-2022 17:10,2022-12-17 22:00:00,14
Bangalore,counterfeiting,2022,18-12-2022 21:52,2022-12-18 14:00:00,14
Bangalore,shoplifting,2022,20-12-2022 05:14,2022-12-19 18:00:00,7
Bangalore,homicide,2022,20-12-2022 16:23,2022-12-20 04:00:00,17
Bangalore,public intoxication,2022,20-12-2022 22:12,2022-12-20 07:00:00,6
Bangalore,cybercrime,2022,21-12-2022 02:40,2022-12-20 09:00:00,14
Bangalore,shoplifting,2022,20-12-2022 16:26,2022-12-20 13:00:00,14
Bangalore,illegal possession,2022,21-12-2022 06:18,2022-12-20 19:00:00,13
Bangalore,public intoxication,2022,21-12-2022 20:27,2022-12-21 14:00:00,8
Bangalore,shoplifting,2022,22-12-2022 11:57,2022-12-21 21:00:00,12
Bangalore,sexual assault,2022,22-12-2022 05:48,2022-12-22 02:00:00,18
Bangalore,assault,2022,23-12-2022 01:37,2022-12-22 11:00:00,2
Bangalore,extortion,2022,23-12-2022 02:29,2022-12-23 02:00:00,3
Bangalore,traffic violation,2022,24-12-2022 01:28,2022-12-23 03:00:00,17
Bangalore,domestic violence,2022,24-12-2022 06:52,2022-12-23 08:00:00,1
Bangalore,counterfeiting,2022,24-12-2022 11:35,2022-12-23 15:00:00,3
Bangalore,vandalism,2022,25-12-2022 02:04,2022-12-24 09:00:00,19
Bangalore,public intoxication,2022,24-12-2022 20:55,2022-12-24 11:00:00,1
Bangalore,cybercrime,2022,25-12-2022 10:09,2022-12-24 13:00:00,8
Bangalore,illegal possession,2022,25-12-2022 02:19,2022-12-24 16:00:00,9
Bangalore,cybercrime,2022,25-12-2022 16:01,2022-12-24 19:00:00,5
Bangalore,identity theft,2022,25-12-2022 02:08,2022-12-24 20:00:00,7
Bangalore,traffic violation,2022,25-12-2022 20:50,2022-12-25 08:00:00,6
Bangalore,illegal possession,2022,25-12-2022 09:56,2022-12-25 09:00:00,12
Bangalore,public intoxication,2022,25-12-2022 19:50,2022-12-25 15:00:00,16
Bangalore,assault,2022,26-12-2022 02:13,2022-12-25 16:00:00,18
Bangalore,extortion,2022,28-12-2022 04:49,2022-12-27 05:00:00,16
Bangalore,firearm offense,2022,28-12-2022 07:45,2022-12-27 09:00:00,16
Bangalore,vandalism,2022,28-12-2022 05:04,2022-12-27 21:00:00,7
Bangalore,drug offense,2022,28-12-2022 07:40,2022-12-28 02:00:00,8
Bangalore,identity theft,2022,29-12-2022 02:08,2022-12-28 07:00:00,2
Bangalore,vandalism,2022,29-12-2022 19:56,2022-12-29 08:00:00,18
Bangalore,drug offense,2022,29-12-2022 20:03,2022-12-29 17:00:00,3
Bangalore,homicide,2022,30-12-2022 02:10,2022-12-29 22:00:00,10
Bangalore,firearm offense,2023,02-01-2023 01:09,2023-01-01 10:00:00,8
Bangalore,domestic violence,2023,02-01-2023 10:58,2023-01-01 13:00:00,6
Bangalore,counterfeiting,2023,02-01-2023 06:31,2023-01-02 02:00:00,6
Bangalore,firearm offense,2023,03-01-2023 07:19,2023-01-02 09:00:00,10
Bangalore,kidnapping,2023,03-01-2023 02:11,2023-01-03 01:00:00,3
Bangalore,counterfeiting,2023,04-01-2023 02:33,2023-01-03 03:00:00,14
Bangalore,identity theft,2023,03-01-2023 15:52,2023-01-03 10:00:00,14
Bangalore,public intoxication,2023,04-01-2023 09:04,2023-01-03 12:00:00,2
Bangalore,vehicle - stolen,2023,03-01-2023 19:37,2023-01-03 14:00:00,2
Bangalore,shoplifting,2023,04-01-2023 22:50,2023-01-04 02:00:00,7
Bangalore,identity theft,2023,05-01-2023 06:27,2023-01-04 14:00:00,17
Bangalore,burglary,2023,05-01-2023 01:52,2023-01-04 15:00:00,7
Bangalore,traffic violation,2023,05-01-2023 06:04,2023-01-04 19:00:00,11
Bangalore,public intoxication,2023,05-01-2023 14:36,2023-01-04 22:00:00,19
Bangalore,illegal possession,2023,05-01-2023 10:11,2023-01-04 23:00:00,17
Bangalore,counterfeiting,2023,05-01-2023 11:36,2023-01-05 09:00:00,3
Bangalore,robbery,2023,06-01-2023 08:33,2023-01-05 15:00:00,4
Bangalore,robbery,2023,05-01-2023 23:00,2023-01-05 20:00:00,18
Bangalore,illegal possession,2023,06-01-2023 03:30,2023-01-06 03:00:00,1
Bangalore,arson,2023,08-01-2023 01:03,2023-01-07 18:00:00,12
Bangalore,illegal possession,2023,08-01-2023 03:23,2023-01-08 03:00:00,13
Bangalore,robbery,2023,08-01-2023 23:53,2023-01-08 04:00:00,6
Bangalore,homicide,2023,09-01-2023 04:16,2023-01-08 15:00:00,14
Bangalore,kidnapping,2023,09-01-2023 00:43,2023-01-08 18:00:00,15
Bangalore,arson,2023,09-01-2023 09:04,2023-01-09 02:00:00,10
Bangalore,burglary,2023,10-01-2023 02:32,2023-01-09 08:00:00,17
Bangalore,vandalism,2023,09-01-2023 15:20,2023-01-09 13:00:00,9
Bangalore,vehicle - stolen,2023,10-01-2023 03:54,2023-01-09 15:00:00,10
Bangalore,burglary,2023,10-01-2023 23:30,2023-01-10 10:00:00,15
Bangalore,vehicle - stolen,2023,11-01-2023 16:49,2023-01-10 17:00:00,4
Bangalore,extortion,2023,12-01-2023 03:32,2023-01-11 23:00:00,18
Bangalore,drug offense,2023,14-01-2023 00:06,2023-01-13 07:00:00,10
Bangalore,drug offense,2023,14-01-2023 13:53,2023-01-13 15:00:00,12
Bangalore,kidnapping,2023,14-01-2023 20:49,2023-01-14 05:00:00,19
Bangalore,vehicle - stolen,2023,15-01-2023 00:11,2023-01-14 19:00:00,11
Bangalore,homicide,2023,15-01-2023 05:17,2023-01-14 22:00:00,11
Bangalore,kidnapping,2023,16-01-2023 13:25,2023-01-16 04:00:00,6
Bangalore,burglary,2023,17-01-2023 01:36,2023-01-16 05:00:00,9
Bangalore,arson,2023,16-01-2023 11:42,2023-01-16 08:00:00,10
Bangalore,arson,2023,17-01-2023 08:13,2023-01-16 11:00:00,2
Bangalore,sexual assault,2023,17-01-2023 20:09,2023-01-17 07:00:00,16
Bangalore,robbery,2023,19-01-2023 02:36,2023-01-18 04:00:00,1
Bangalore,arson,2023,18-01-2023 17:00,2023-01-18 11:00:00,19
Bangalore,vehicle - stolen,2023,19-01-2023 06:44,2023-01-18 21:00:00,2
Bangalore,identity theft,2023,19-01-2023 22:56,2023-01-19 13:00:00,3
Bangalore,drug offense,2023,20-01-2023 15:54,2023-01-19 18:00:00,12
Bangalore,domestic violence,2023,21-01-2023 22:17,2023-01-21 04:00:00,4
Bangalore,sexual assault,2023,22-01-2023 04:29,2023-01-21 11:00:00,12
Bangalore,kidnapping,2023,21-01-2023 16:43,2023-01-21 14:00:00,17
Bangalore,arson,2023,21-01-2023 17:04,2023-01-21 15:00:00,17
Bangalore,extortion,2023,22-01-2023 11:57,2023-01-21 18:00:00,19
Bangalore,traffic violation,2023,22-01-2023 02:29,2023-01-21 19:00:00,14
Bangalore,traffic violation,2023,23-01-2023 16:44,2023-01-22 22:00:00,1
Bangalore,domestic violence,2023,23-01-2023 22:20,2023-01-23 15:00:00,8
Bangalore,burglary,2023,24-01-2023 20:31,2023-01-24 04:00:00,19
Bangalore,public intoxication,2023,24-01-2023 20:56,2023-01-24 12:00:00,19
Bangalore,burglary,2023,25-01-2023 00:58,2023-01-24 16:00:00,14
Bangalore,extortion,2023,26-01-2023 08:12,2023-01-25 18:00:00,3
Bangalore,robbery,2023,26-01-2023 19:39,2023-01-25 23:00:00,9
Bangalore,cybercrime,2023,29-01-2023 10:47,2023-01-28 14:00:00,5
Bangalore,identity theft,2023,29-01-2023 11:07,2023-01-28 19:00:00,1
Bangalore,assault,2023,30-01-2023 08:27,2023-01-29 19:00:00,4
Bangalore,extortion,2023,30-01-2023 09:37,2023-01-30 06:00:00,17
Bangalore,burglary,2023,31-01-2023 05:31,2023-01-30 16:00:00,6
Bangalore,public intoxication,2023,01-02-2023 04:52,2023-01-31 08:00:00,13
Bangalore,illegal possession,2023,31-01-2023 15:05,2023-01-31 13:00:00,15
Bangalore,identity theft,2023,01-02-2023 08:24,2023-01-31 18:00:00,9
Bangalore,drug offense,2023,03-02-2023 14:56,2023-02-02 15:00:00,18
Bangalore,kidnapping,2023,03-02-2023 08:41,2023-02-02 22:00:00,14
Bangalore,shoplifting,2023,04-02-2023 20:03,2023-02-04 05:00:00,7
Bangalore,public intoxication,2023,05-02-2023 17:50,2023-02-04 19:00:00,5
Bangalore,domestic violence,2023,06-02-2023 06:21,2023-02-05 11:00:00,18
Bangalore,domestic violence,2023,06-02-2023 08:02,2023-02-05 14:00:00,7
Bangalore,illegal possession,2023,07-02-2023 07:10,2023-02-06 20:00:00,11
Bangalore,traffic violation,2023,07-02-2023 19:56,2023-02-06 23:00:00,12
Bangalore,public intoxication,2023,07-02-2023 22:04,2023-02-07 01:00:00,8
Bangalore,illegal possession,2023,07-02-2023 19:34,2023-02-07 05:00:00,4
Bangalore,assault,2023,07-02-2023 09:58,2023-02-07 09:00:00,2
Bangalore,cybercrime,2023,08-02-2023 03:52,2023-02-07 20:00:00,17
Bangalore,robbery,2023,08-02-2023 20:06,2023-02-08 00:00:00,5
Bangalore,domestic violence,2023,08-02-2023 19:12,2023-02-08 01:00:00,8
Bangalore,firearm offense,2023,08-02-2023 09:18,2023-02-08 08:00:00,3
Bangalore,public intoxication,2023,10-02-2023 03:26,2023-02-09 20:00:00,13
Bangalore,burglary,2023,10-02-2023 06:41,2023-02-10 00:00:00,10
Bangalore,kidnapping,2023,11-02-2023 06:01,2023-02-11 04:00:00,5
Bangalore,fraud,2023,12-02-2023 03:39,2023-02-11 08:00:00,5
Bangalore,homicide,2023,12-02-2023 19:06,2023-02-12 02:00:00,5
Bangalore,vandalism,2023,13-02-2023 21:27,2023-02-13 08:00:00,7
Bangalore,cybercrime,2023,13-02-2023 20:20,2023-02-13 15:00:00,8
Bangalore,cybercrime,2023,14-02-2023 15:39,2023-02-14 05:00:00,11
Bangalore,drug offense,2023,15-02-2023 14:55,2023-02-15 07:00:00,12
Bangalore,domestic violence,2023,16-02-2023 00:05,2023-02-15 09:00:00,19
Bangalore,shoplifting,2023,16-02-2023 05:01,2023-02-15 12:00:00,19
Bangalore,cybercrime,2023,19-02-2023 04:53,2023-02-18 07:00:00,9
Bangalore,shoplifting,2023,18-02-2023 21:45,2023-02-18 17:00:00,17
Bangalore,public intoxication,2023,19-02-2023 21:06,2023-02-19 06:00:00,16
Bangalore,public intoxication,2023,19-02-2023 22:22,2023-02-19 10:00:00,11
Bangalore,sexual assault,2023,20-02-2023 02:54,2023-02-19 11:00:00,19
Bangalore,sexual assault,2023,20-02-2023 03:40,2023-02-20 01:00:00,1
Bangalore,robbery,2023,20-02-2023 16:47,2023-02-20 03:00:00,5
Bangalore,assault,2023,21-02-2023 17:17,2023-02-20 18:00:00,9
Bangalore,vandalism,2023,21-02-2023 10:48,2023-02-20 23:00:00,15
Bangalore,identity theft,2023,22-02-2023 11:39,2023-02-21 15:00:00,10
Bangalore,fraud,2023,22-02-2023 07:35,2023-02-21 23:00:00,7
Bangalore,fraud,2023,23-02-2023 04:42,2023-02-22 09:00:00,10
Bangalore,illegal possession,2023,22-02-2023 20:09,2023-02-22 18:00:00,19
Bangalore,assault,2023,23-02-2023 11:06,2023-02-22 22:00:00,4
Bangalore,firearm offense,2023,23-02-2023 16:40,2023-02-22 23:00:00,8
Bangalore,arson,2023,23-02-2023 17:06,2023-02-23 03:00:00,16
Bangalore,drug offense,2023,24-02-2023 21:29,2023-02-24 02:00:00,4
Bangalore,sexual assault,2023,24-02-2023 16:08,2023-02-24 03:00:00,6
Bangalore,kidnapping,2023,24-02-2023 20:30,2023-02-24 08:00:00,2
Bangalore,vehicle - stolen,2023,26-02-2023 01:00,2023-02-25 12:00:00,15
Bangalore,public intoxication,2023,25-02-2023 18:10,2023-02-25 17:00:00,6
Bangalore,vandalism,2023,26-02-2023 09:41,2023-02-26 07:00:00,17
Bangalore,domestic violence,2023,26-02-2023 16:20,2023-02-26 12:00:00,9
Bangalore,arson,2023,27-02-2023 05:56,2023-02-26 14:00:00,8
Bangalore,kidnapping,2023,27-02-2023 13:28,2023-02-26 17:00:00,4
Bangalore,arson,2023,27-02-2023 05:25,2023-02-26 23:00:00,7
Bangalore,extortion,2023,27-02-2023 19:34,2023-02-27 11:00:00,14
Bangalore,vandalism,2023,02-03-2023 20:20,2023-03-02 13:00:00,3
Bangalore,arson,2023,05-03-2023 01:38,2023-03-04 15:00:00,12
Bangalore,vandalism,2023,04-03-2023 22:34,2023-03-04 18:00:00,4
Bangalore,public intoxication,2023,07-03-2023 02:02,2023-03-06 14:00:00,17
Bangalore,identity theft,2023,07-03-2023 02:07,2023-03-06 15:00:00,15
Bangalore,burglary,2023,07-03-2023 02:08,2023-03-06 23:00:00,3
Bangalore,drug offense,2023,07-03-2023 14:07,2023-03-07 02:00:00,19
Bangalore,vandalism,2023,07-03-2023 14:20,2023-03-07 06:00:00,15
Bangalore,vehicle - stolen,2023,08-03-2023 10:04,2023-03-08 01:00:00,18
Bangalore,assault,2023,09-03-2023 02:08,2023-03-08 08:00:00,4
Bangalore,extortion,2023,08-03-2023 10:08,2023-03-08 09:00:00,1
Bangalore,burglary,2023,09-03-2023 06:51,2023-03-08 12:00:00,13
Bangalore,fraud,2023,09-03-2023 19:28,2023-03-09 04:00:00,16
Bangalore,drug offense,2023,09-03-2023 19:45,2023-03-09 11:00:00,19
Bangalore,assault,2023,10-03-2023 08:54,2023-03-10 06:00:00,2
Bangalore,public intoxication,2023,11-03-2023 12:31,2023-03-10 13:00:00,7
Bangalore,extortion,2023,11-03-2023 10:26,2023-03-10 14:00:00,3
Bangalore,extortion,2023,10-03-2023 17:36,2023-03-10 17:00:00,19
Bangalore,vehicle - stolen,2023,12-03-2023 05:37,2023-03-11 14:00:00,5
Bangalore,burglary,2023,12-03-2023 00:23,2023-03-11 19:00:00,5
Bangalore,public intoxication,2023,11-03-2023 23:52,2023-03-11 20:00:00,17
Bangalore,vandalism,2023,12-03-2023 10:22,2023-03-12 01:00:00,18
Bangalore,robbery,2023,13-03-2023 11:25,2023-03-12 13:00:00,13
Bangalore,public intoxication,2023,12-03-2023 22:14,2023-03-12 16:00:00,6
Bangalore,extortion,2023,13-03-2023 04:42,2023-03-13 01:00:00,5
Bangalore,robbery,2023,14-03-2023 05:15,2023-03-13 16:00:00,7
Bangalore,shoplifting,2023,14-03-2023 16:43,2023-03-14 01:00:00,8
Bangalore,cybercrime,2023,14-03-2023 23:22,2023-03-14 06:00:00,10
Bangalore,burglary,2023,14-03-2023 09:50,2023-03-14 08:00:00,4
Bangalore,domestic violence,2023,15-03-2023 06:31,2023-03-14 12:00:00,5
Bangalore,public intoxication,2023,15-03-2023 12:15,2023-03-14 19:00:00,16
Bangalore,firearm offense,2023,15-03-2023 14:28,2023-03-15 11:00:00,17
Bangalore,robbery,2023,15-03-2023 22:09,2023-03-15 13:00:00,12
Bangalore,public intoxication,2023,17-03-2023 03:47,2023-03-16 04:00:00,10
Bangalore,robbery,2023,16-03-2023 11:24,2023-03-16 05:00:00,8
Bangalore,domestic violence,2023,17-03-2023 12:45,2023-03-16 15:00:00,18
Bangalore,vandalism,2023,17-03-2023 11:04,2023-03-16 20:00:00,15
Bangalore,vandalism,2023,18-03-2023 10:44,2023-03-17 21:00:00,1
Bangalore,burglary,2023,18-03-2023 08:59,2023-03-18 02:00:00,10
Bangalore,fraud,2023,20-03-2023 21:46,2023-03-19 22:00:00,4
Bangalore,kidnapping,2023,21-03-2023 04:33,2023-03-20 09:00:00,10
Bangalore,arson,2023,21-03-2023 10:49,2023-03-20 15:00:00,9
Bangalore,arson,2023,22-03-2023 02:22,2023-03-21 06:00:00,7
Bangalore,vehicle - stolen,2023,22-03-2023 00:12,2023-03-21 07:00:00,9
Bangalore,homicide,2023,21-03-2023 23:19,2023-03-21 09:00:00,16
Bangalore,sexual assault,2023,22-03-2023 16:32,2023-03-21 18:00:00,6
Bangalore,identity theft,2023,22-03-2023 11:36,2023-03-21 21:00:00,10
Bangalore,burglary,2023,23-03-2023 00:14,2023-03-22 02:00:00,11
Bangalore,fraud,2023,23-03-2023 07:05,2023-03-22 20:00:00,1
Bangalore,domestic violence,2023,23-03-2023 18:10,2023-03-23 13:00:00,14
Bangalore,arson,2023,23-03-2023 16:53,2023-03-23 14:00:00,12
Bangalore,vandalism,2023,23-03-2023 19:26,2023-03-23 16:00:00,6
Bangalore,domestic violence,2023,25-03-2023 01:16,2023-03-24 05:00:00,2
Bangalore,sexual assault,2023,24-03-2023 15:03,2023-03-24 09:00:00,15
Bangalore,shoplifting,2023,25-03-2023 05:04,2023-03-24 17:00:00,16
Bangalore,extortion,2023,25-03-2023 12:32,2023-03-24 21:00:00,19
Bangalore,public intoxication,2023,25-03-2023 04:22,2023-03-24 23:00:00,9
Bangalore,public intoxication,2023,25-03-2023 15:21,2023-03-25 09:00:00,2
Bangalore,extortion,2023,26-03-2023 05:07,2023-03-26 00:00:00,9
Bangalore,fraud,2023,28-03-2023 10:11,2023-03-27 23:00:00,6
Bangalore,vandalism,2023,29-03-2023 07:48,2023-03-28 19:00:00,2
Bangalore,arson,2023,29-03-2023 17:50,2023-03-29 10:00:00,14
Bangalore,arson,2023,31-03-2023 06:42,2023-03-30 13:00:00,7
Bangalore,identity theft,2023,31-03-2023 21:41,2023-03-31 01:00:00,4
Bangalore,fraud,2023,01-04-2023 03:40,2023-03-31 06:00:00,2
Bangalore,counterfeiting,2023,02-04-2023 01:29,2023-04-01 07:00:00,3
Bangalore,counterfeiting,2023,01-04-2023 22:42,2023-04-01 17:00:00,9
Bangalore,burglary,2023,03-04-2023 18:49,2023-04-02 20:00:00,9
Bangalore,vehicle - stolen,2023,03-04-2023 17:48,2023-04-03 08:00:00,1
Bangalore,robbery,2023,04-04-2023 07:17,2023-04-04 01:00:00,17
Bangalore,identity theft,2023,05-04-2023 10:49,2023-04-04 11:00:00,3
Bangalore,robbery,2023,05-04-2023 07:14,2023-04-04 12:00:00,9
Bangalore,traffic violation,2023,05-04-2023 13:30,2023-04-04 15:00:00,7
Bangalore,arson,2023,05-04-2023 14:38,2023-04-05 03:00:00,13
Bangalore,public intoxication,2023,06-04-2023 09:39,2023-04-05 19:00:00,15
Bangalore,extortion,2023,06-04-2023 01:50,2023-04-05 21:00:00,10
Bangalore,assault,2023,07-04-2023 14:17,2023-04-07 07:00:00,17
Bangalore,public intoxication,2023,07-04-2023 22:21,2023-04-07 12:00:00,6
Bangalore,assault,2023,08-04-2023 09:05,2023-04-08 00:00:00,12
Bangalore,homicide,2023,09-04-2023 17:21,2023-04-09 07:00:00,15
Bangalore,homicide,2023,09-04-2023 22:00,2023-04-09 08:00:00,4
Bangalore,assault,2023,09-04-2023 20:52,2023-04-09 12:00:00,11
Bangalore,robbery,2023,09-04-2023 21:47,2023-04-09 16:00:00,1
Bangalore,illegal possession,2023,10-04-2023 19:04,2023-04-10 10:00:00,2
Bangalore,illegal possession,2023,11-04-2023 21:20,2023-04-11 00:00:00,12
Bangalore,traffic violation,2023,11-04-2023 04:10,2023-04-11 01:00:00,1
Bangalore,traffic violation,2023,12-04-2023 01:56,2023-04-11 17:00:00,10
Bangalore,identity theft,2023,12-04-2023 06:03,2023-04-12 02:00:00,18
Bangalore,firearm offense,2023,12-04-2023 22:17,2023-04-12 04:00:00,16
Bangalore,public intoxication,2023,14-04-2023 03:59,2023-04-13 14:00:00,18
Bangalore,arson,2023,14-04-2023 17:11,2023-04-14 03:00:00,1
Bangalore,homicide,2023,15-04-2023 08:11,2023-04-15 02:00:00,4
Bangalore,counterfeiting,2023,16-04-2023 16:21,2023-04-15 17:00:00,1
Bangalore,shoplifting,2023,16-04-2023 17:51,2023-04-16 13:00:00,13
Bangalore,kidnapping,2023,17-04-2023 16:08,2023-04-16 23:00:00,3
Bangalore,assault,2023,17-04-2023 13:32,2023-04-17 02:00:00,14
Bangalore,domestic violence,2023,17-04-2023 09:30,2023-04-17 03:00:00,7
Bangalore,drug offense,2023,17-04-2023 22:32,2023-04-17 13:00:00,12
Bangalore,robbery,2023,18-04-2023 04:35,2023-04-17 17:00:00,7
Bangalore,counterfeiting,2023,18-04-2023 09:42,2023-04-17 20:00:00,3
Bangalore,identity theft,2023,18-04-2023 03:03,2023-04-17 22:00:00,15
Bangalore,burglary,2023,18-04-2023 16:02,2023-04-18 07:00:00,4
Bangalore,extortion,2023,18-04-2023 20:09,2023-04-18 19:00:00,8
Bangalore,assault,2023,19-04-2023 17:00,2023-04-19 00:00:00,11
Bangalore,firearm offense,2023,19-04-2023 21:12,2023-04-19 04:00:00,10
Bangalore,public intoxication,2023,20-04-2023 01:22,2023-04-19 07:00:00,16
Bangalore,vehicle - stolen,2023,20-04-2023 07:32,2023-04-19 08:00:00,10
Bangalore,robbery,2023,20-04-2023 22:31,2023-04-20 05:00:00,13
Bangalore,fraud,2023,20-04-2023 11:37,2023-04-20 11:00:00,14
Bangalore,vehicle - stolen,2023,20-04-2023 20:34,2023-04-20 18:00:00,13
Bangalore,drug offense,2023,22-04-2023 18:34,2023-04-21 22:00:00,15
Bangalore,arson,2023,22-04-2023 16:41,2023-04-22 02:00:00,19
Bangalore,arson,2023,22-04-2023 10:18,2023-04-22 05:00:00,5
Bangalore,counterfeiting,2023,23-04-2023 04:14,2023-04-23 01:00:00,13
Bangalore,vehicle - stolen,2023,24-04-2023 21:39,2023-04-24 01:00:00,3
Bangalore,robbery,2023,24-04-2023 13:27,2023-04-24 03:00:00,3
Bangalore,robbery,2023,25-04-2023 03:41,2023-04-24 08:00:00,16
Bangalore,drug offense,2023,24-04-2023 17:06,2023-04-24 14:00:00,19
Bangalore,domestic violence,2023,25-04-2023 06:50,2023-04-25 03:00:00,11
Bangalore,vandalism,2023,26-04-2023 05:15,2023-04-26 02:00:00,13
Bangalore,sexual assault,2023,26-04-2023 08:15,2023-04-26 03:00:00,14
Bangalore,sexual assault,2023,27-04-2023 18:40,2023-04-27 11:00:00,8
Bangalore,kidnapping,2023,28-04-2023 19:26,2023-04-28 06:00:00,11
Bangalore,homicide,2023,28-04-2023 23:35,2023-04-28 16:00:00,3
Bangalore,counterfeiting,2023,28-04-2023 23:17,2023-04-28 18:00:00,13
Bangalore,cybercrime,2023,30-04-2023 05:41,2023-04-29 06:00:00,4
Bangalore,vandalism,2023,01-05-2023 04:52,2023-04-30 21:00:00,14
Bangalore,cybercrime,2023,02-05-2023 02:51,2023-05-01 04:00:00,19
Bangalore,firearm offense,2023,02-05-2023 04:57,2023-05-01 10:00:00,17
Bangalore,burglary,2023,02-05-2023 00:17,2023-05-01 22:00:00,3
Bangalore,arson,2023,02-05-2023 11:20,2023-05-02 06:00:00,10
Bangalore,identity theft,2023,02-05-2023 23:01,2023-05-02 14:00:00,14
Bangalore,extortion,2023,03-05-2023 13:00,2023-05-03 12:00:00,12
Bangalore,arson,2023,04-05-2023 07:35,2023-05-03 13:00:00,9
Bangalore,arson,2023,03-05-2023 23:18,2023-05-03 19:00:00,4
Bangalore,illegal possession,2023,05-05-2023 18:25,2023-05-05 02:00:00,17
Bangalore,identity theft,2023,06-05-2023 01:00,2023-05-05 11:00:00,12
Bangalore,cybercrime,2023,06-05-2023 15:18,2023-05-06 01:00:00,6
Bangalore,robbery,2023,07-05-2023 08:08,2023-05-06 14:00:00,7
Bangalore,cybercrime,2023,08-05-2023 00:20,2023-05-07 13:00:00,9
Bangalore,fraud,2023,08-05-2023 11:11,2023-05-08 11:00:00,10
Bangalore,public intoxication,2023,09-05-2023 12:42,2023-05-08 22:00:00,11
Bangalore,counterfeiting,2023,09-05-2023 13:43,2023-05-09 00:00:00,19
Bangalore,identity theft,2023,09-05-2023 20:44,2023-05-09 06:00:00,7
Bangalore,counterfeiting,2023,09-05-2023 11:21,2023-05-09 07:00:00,9
Bangalore,kidnapping,2023,10-05-2023 23:30,2023-05-10 00:00:00,5
Bangalore,shoplifting,2023,10-05-2023 11:36,2023-05-10 04:00:00,1
Bangalore,traffic violation,2023,11-05-2023 11:42,2023-05-11 08:00:00,19
Bangalore,drug offense,2023,11-05-2023 18:29,2023-05-11 11:00:00,16
Bangalore,homicide,2023,12-05-2023 07:56,2023-05-12 02:00:00,11
Bangalore,public intoxication,2023,13-05-2023 12:24,2023-05-13 09:00:00,5
Bangalore,shoplifting,2023,14-05-2023 00:12,2023-05-13 12:00:00,4
Bangalore,homicide,2023,14-05-2023 00:27,2023-05-13 15:00:00,2
Bangalore,traffic violation,2023,13-05-2023 17:39,2023-05-13 17:00:00,14
Bangalore,firearm offense,2023,14-05-2023 04:19,2023-05-13 18:00:00,5
Bangalore,domestic violence,2023,14-05-2023 05:36,2023-05-14 01:00:00,19
Bangalore,traffic violation,2023,15-05-2023 02:44,2023-05-14 03:00:00,2
Bangalore,counterfeiting,2023,15-05-2023 06:19,2023-05-14 16:00:00,5
Bangalore,counterfeiting,2023,16-05-2023 14:33,2023-05-15 21:00:00,16
Bangalore,shoplifting,2023,17-05-2023 08:42,2023-05-16 11:00:00,17
Bangalore,vandalism,2023,17-05-2023 09:02,2023-05-16 16:00:00,16
Bangalore,identity theft,2023,17-05-2023 16:58,2023-05-16 17:00:00,9
Bangalore,counterfeiting,2023,18-05-2023 02:19,2023-05-18 01:00:00,18
Bangalore,robbery,2023,18-05-2023 21:00,2023-05-18 02:00:00,1
Bangalore,identity theft,2023,19-05-2023 01:38,2023-05-18 13:00:00,15
Bangalore,robbery,2023,20-05-2023 01:48,2023-05-19 10:00:00,3
Bangalore,domestic violence,2023,20-05-2023 06:54,2023-05-20 01:00:00,8
Bangalore,drug offense,2023,22-05-2023 13:55,2023-05-22 13:00:00,18
Bangalore,burglary,2023,23-05-2023 16:23,2023-05-23 05:00:00,7
Bangalore,burglary,2023,24-05-2023 12:02,2023-05-23 23:00:00,19
Bangalore,homicide,2023,25-05-2023 05:08,2023-05-24 12:00:00,3
Bangalore,vandalism,2023,25-05-2023 04:56,2023-05-25 02:00:00,14
Bangalore,robbery,2023,25-05-2023 20:54,2023-05-25 13:00:00,18
Bangalore,kidnapping,2023,26-05-2023 11:30,2023-05-26 08:00:00,12
Bangalore,sexual assault,2023,27-05-2023 17:12,2023-05-27 11:00:00,17
Bangalore,sexual assault,2023,28-05-2023 05:44,2023-05-27 23:00:00,3
Bangalore,illegal possession,2023,29-05-2023 02:20,2023-05-28 16:00:00,17
Bangalore,robbery,2023,29-05-2023 00:07,2023-05-29 00:00:00,2
Bangalore,assault,2023,29-05-2023 14:47,2023-05-29 05:00:00,6
Bangalore,illegal possession,2023,29-05-2023 15:56,2023-05-29 06:00:00,19
Bangalore,assault,2023,30-05-2023 07:15,2023-05-29 19:00:00,16
Bangalore,fraud,2023,30-05-2023 12:55,2023-05-30 05:00:00,11
Bangalore,cybercrime,2023,31-05-2023 05:34,2023-05-31 00:00:00,15
Bangalore,vandalism,2023,31-05-2023 22:29,2023-05-31 12:00:00,10
Bangalore,homicide,2023,01-06-2023 12:47,2023-06-01 00:00:00,14
Bangalore,firearm offense,2023,02-06-2023 06:15,2023-06-01 07:00:00,1
Bangalore,assault,2023,02-06-2023 07:56,2023-06-01 12:00:00,19
Bangalore,traffic violation,2023,02-06-2023 10:31,2023-06-01 20:00:00,19
Bangalore,homicide,2023,02-06-2023 09:20,2023-06-01 21:00:00,4
Bangalore,robbery,2023,02-06-2023 02:29,2023-06-02 02:00:00,17
Bangalore,public intoxication,2023,02-06-2023 19:10,2023-06-02 09:00:00,11
Bangalore,vehicle - stolen,2023,03-06-2023 01:40,2023-06-02 14:00:00,6
Bangalore,vandalism,2023,03-06-2023 11:57,2023-06-02 23:00:00,2
Bangalore,cybercrime,2023,04-06-2023 15:29,2023-06-03 16:00:00,12
Bangalore,identity theft,2023,04-06-2023 11:13,2023-06-03 17:00:00,3
Bangalore,shoplifting,2023,04-06-2023 06:19,2023-06-03 18:00:00,5
Bangalore,robbery,2023,04-06-2023 10:22,2023-06-03 22:00:00,8
Bangalore,cybercrime,2023,04-06-2023 12:00,2023-06-03 23:00:00,4
Bangalore,illegal possession,2023,04-06-2023 12:26,2023-06-04 01:00:00,7
Bangalore,cybercrime,2023,05-06-2023 01:15,2023-06-04 17:00:00,8
Bangalore,vehicle - stolen,2023,04-06-2023 21:06,2023-06-04 18:00:00,16
Bangalore,kidnapping,2023,06-06-2023 03:08,2023-06-05 06:00:00,14
Bangalore,firearm offense,2023,05-06-2023 09:12,2023-06-05 09:00:00,17
Bangalore,extortion,2023,05-06-2023 11:17,2023-06-05 11:00:00,3
Bangalore,identity theft,2023,06-06-2023 13:42,2023-06-06 07:00:00,12
Bangalore,sexual assault,2023,07-06-2023 01:01,2023-06-06 08:00:00,7
Bangalore,assault,2023,06-06-2023 17:24,2023-06-06 13:00:00,15
Bangalore,sexual assault,2023,08-06-2023 02:36,2023-06-07 12:00:00,11
Bangalore,extortion,2023,08-06-2023 05:56,2023-06-08 04:00:00,4
Bangalore,vehicle - stolen,2023,08-06-2023 13:30,2023-06-08 05:00:00,5
Bangalore,vehicle - stolen,2023,09-06-2023 14:29,2023-06-09 10:00:00,7
Bangalore,burglary,2023,10-06-2023 19:34,2023-06-10 00:00:00,8
Bangalore,firearm offense,2023,11-06-2023 06:27,2023-06-11 02:00:00,6
Bangalore,extortion,2023,11-06-2023 10:40,2023-06-11 07:00:00,9
Bangalore,fraud,2023,11-06-2023 16:07,2023-06-11 13:00:00,13
Bangalore,identity theft,2023,12-06-2023 09:07,2023-06-11 14:00:00,7
Bangalore,traffic violation,2023,12-06-2023 08:26,2023-06-11 21:00:00,11
Bangalore,robbery,2023,13-06-2023 19:00,2023-06-13 03:00:00,11
Bangalore,vehicle - stolen,2023,13-06-2023 15:51,2023-06-13 04:00:00,14
Bangalore,cybercrime,2023,15-06-2023 14:29,2023-06-14 17:00:00,12
Bangalore,burglary,2023,15-06-2023 05:35,2023-06-14 23:00:00,19
Bangalore,burglary,2023,15-06-2023 18:34,2023-06-15 02:00:00,10
Bangalore,arson,2023,15-06-2023 23:22,2023-06-15 07:00:00,7
Bangalore,fraud,2023,16-06-2023 04:42,2023-06-15 12:00:00,9
Bangalore,sexual assault,2023,16-06-2023 02:29,2023-06-15 17:00:00,4
Bangalore,shoplifting,2023,16-06-2023 05:54,2023-06-15 19:00:00,16
Bangalore,extortion,2023,16-06-2023 05:13,2023-06-16 04:00:00,5
Bangalore,robbery,2023,17-06-2023 13:03,2023-06-16 15:00:00,18
Bangalore,cybercrime,2023,17-06-2023 21:18,2023-06-17 00:00:00,9
Bangalore,identity theft,2023,17-06-2023 09:54,2023-06-17 02:00:00,4
Bangalore,extortion,2023,18-06-2023 03:32,2023-06-17 08:00:00,7
Bangalore,traffic violation,2023,18-06-2023 07:17,2023-06-17 10:00:00,9
Bangalore,arson,2023,18-06-2023 04:12,2023-06-17 12:00:00,13
Bangalore,counterfeiting,2023,18-06-2023 12:35,2023-06-17 14:00:00,1
Bangalore,burglary,2023,18-06-2023 14:41,2023-06-17 23:00:00,16
Bangalore,identity theft,2023,20-06-2023 00:36,2023-06-19 08:00:00,5
Bangalore,drug offense,2023,20-06-2023 20:08,2023-06-20 06:00:00,12
Bangalore,illegal possession,2023,21-06-2023 00:52,2023-06-20 12:00:00,5
Bangalore,fraud,2023,20-06-2023 18:58,2023-06-20 18:00:00,14
Bangalore,arson,2023,21-06-2023 04:45,2023-06-21 02:00:00,16
Bangalore,identity theft,2023,21-06-2023 04:17,2023-06-21 04:00:00,1
Bangalore,arson,2023,21-06-2023 17:26,2023-06-21 05:00:00,17
Bangalore,fraud,2023,22-06-2023 06:00,2023-06-21 17:00:00,9
Bangalore,traffic violation,2023,22-06-2023 00:50,2023-06-21 19:00:00,4
Bangalore,burglary,2023,22-06-2023 18:36,2023-06-22 04:00:00,17
Bangalore,assault,2023,22-06-2023 19:40,2023-06-22 08:00:00,16
Bangalore,vehicle - stolen,2023,23-06-2023 08:38,2023-06-22 11:00:00,19
Bangalore,identity theft,2023,24-06-2023 09:26,2023-06-24 04:00:00,14
Bangalore,vandalism,2023,24-06-2023 16:57,2023-06-24 16:00:00,4
Bangalore,public intoxication,2023,25-06-2023 08:36,2023-06-25 04:00:00,15
Bangalore,traffic violation,2023,26-06-2023 08:21,2023-06-25 10:00:00,10
Bangalore,shoplifting,2023,26-06-2023 00:42,2023-06-25 16:00:00,13
Bangalore,fraud,2023,26-06-2023 06:35,2023-06-25 17:00:00,16
Bangalore,drug offense,2023,27-06-2023 04:29,2023-06-26 16:00:00,12
Bangalore,assault,2023,27-06-2023 07:31,2023-06-27 03:00:00,11
Bangalore,domestic violence,2023,27-06-2023 19:55,2023-06-27 14:00:00,18
Bangalore,public intoxication,2023,27-06-2023 19:14,2023-06-27 19:00:00,7
Bangalore,illegal possession,2023,28-06-2023 10:21,2023-06-27 23:00:00,19
Bangalore,homicide,2023,28-06-2023 16:10,2023-06-28 08:00:00,9
Bangalore,vandalism,2023,29-06-2023 01:20,2023-06-28 11:00:00,15
Bangalore,homicide,2023,29-06-2023 05:51,2023-06-28 13:00:00,12
Bangalore,burglary,2023,28-06-2023 23:35,2023-06-28 17:00:00,17
Bangalore,arson,2023,28-06-2023 18:57,2023-06-28 18:00:00,4
Bangalore,illegal possession,2023,29-06-2023 14:24,2023-06-28 23:00:00,11
Bangalore,fraud,2023,29-06-2023 20:08,2023-06-29 09:00:00,5
Bangalore,arson,2023,29-06-2023 23:28,2023-06-29 11:00:00,13
Bangalore,extortion,2023,01-07-2023 10:27,2023-07-01 10:00:00,1
Bangalore,public intoxication,2023,01-07-2023 20:08,2023-07-01 20:00:00,13
Bangalore,sexual assault,2023,02-07-2023 06:13,2023-07-01 23:00:00,19
Bangalore,fraud,2023,02-07-2023 12:29,2023-07-02 08:00:00,12
Bangalore,illegal possession,2023,04-07-2023 06:32,2023-07-03 15:00:00,1
Bangalore,burglary,2023,04-07-2023 09:44,2023-07-03 20:00:00,8
Bangalore,arson,2023,05-07-2023 13:36,2023-07-04 22:00:00,15
Bangalore,vehicle - stolen,2023,06-07-2023 21:50,2023-07-06 06:00:00,12
Bangalore,robbery,2023,07-07-2023 03:13,2023-07-06 13:00:00,17
Bangalore,extortion,2023,07-07-2023 04:45,2023-07-07 03:00:00,15
Bangalore,assault,2023,07-07-2023 12:25,2023-07-07 06:00:00,11
Bangalore,vandalism,2023,08-07-2023 05:41,2023-07-07 08:00:00,14
Bangalore,arson,2023,09-07-2023 07:06,2023-07-08 18:00:00,4
Bangalore,firearm offense,2023,10-07-2023 01:49,2023-07-09 05:00:00,7
Bangalore,counterfeiting,2023,10-07-2023 16:52,2023-07-10 04:00:00,15
Bangalore,public intoxication,2023,11-07-2023 04:33,2023-07-10 11:00:00,6
Bangalore,traffic violation,2023,11-07-2023 20:22,2023-07-11 03:00:00,13
Bangalore,shoplifting,2023,11-07-2023 14:02,2023-07-11 08:00:00,13
Bangalore,firearm offense,2023,12-07-2023 04:36,2023-07-12 01:00:00,18
Bangalore,fraud,2023,13-07-2023 18:30,2023-07-12 19:00:00,18
Bangalore,robbery,2023,13-07-2023 06:02,2023-07-12 20:00:00,2
Bangalore,fraud,2023,13-07-2023 09:31,2023-07-12 23:00:00,3
Bangalore,assault,2023,13-07-2023 04:10,2023-07-13 03:00:00,13
Bangalore,counterfeiting,2023,14-07-2023 00:11,2023-07-13 09:00:00,14
Bangalore,kidnapping,2023,14-07-2023 17:47,2023-07-13 20:00:00,15
Bangalore,fraud,2023,14-07-2023 03:01,2023-07-13 23:00:00,13
Bangalore,burglary,2023,14-07-2023 08:33,2023-07-14 00:00:00,9
Bangalore,assault,2023,14-07-2023 21:38,2023-07-14 11:00:00,9
Bangalore,public intoxication,2023,15-07-2023 11:06,2023-07-14 17:00:00,6
Bangalore,extortion,2023,15-07-2023 04:40,2023-07-15 04:00:00,14
Bangalore,kidnapping,2023,16-07-2023 12:52,2023-07-15 19:00:00,14
Bangalore,robbery,2023,16-07-2023 12:03,2023-07-15 23:00:00,7
Bangalore,drug offense,2023,16-07-2023 03:21,2023-07-16 03:00:00,5
Bangalore,traffic violation,2023,16-07-2023 22:02,2023-07-16 11:00:00,1
Bangalore,domestic violence,2023,17-07-2023 00:00,2023-07-16 18:00:00,16
Bangalore,public intoxication,2023,17-07-2023 10:10,2023-07-16 19:00:00,9
Bangalore,extortion,2023,17-07-2023 09:37,2023-07-17 06:00:00,8
Bangalore,fraud,2023,17-07-2023 20:41,2023-07-17 08:00:00,5
Bangalore,robbery,2023,17-07-2023 21:45,2023-07-17 17:00:00,17
Bangalore,extortion,2023,18-07-2023 06:19,2023-07-17 18:00:00,4
Bangalore,counterfeiting,2023,18-07-2023 02:41,2023-07-17 23:00:00,2
Bangalore,fraud,2023,18-07-2023 19:14,2023-07-18 01:00:00,13
Bangalore,burglary,2023,19-07-2023 04:37,2023-07-18 15:00:00,5
Bangalore,counterfeiting,2023,19-07-2023 19:29,2023-07-19 11:00:00,18
Bangalore,counterfeiting,2023,20-07-2023 04:17,2023-07-19 21:00:00,14
Bangalore,illegal possession,2023,20-07-2023 20:45,2023-07-20 10:00:00,11
Bangalore,extortion,2023,21-07-2023 17:03,2023-07-21 05:00:00,9
Bangalore,drug offense,2023,22-07-2023 04:55,2023-07-21 20:00:00,17
Bangalore,extortion,2023,23-07-2023 11:20,2023-07-22 20:00:00,17
Bangalore,arson,2023,23-07-2023 17:05,2023-07-23 16:00:00,16
Bangalore,firearm offense,2023,25-07-2023 13:52,2023-07-24 17:00:00,17
Bangalore,extortion,2023,26-07-2023 00:39,2023-07-26 00:00:00,1
Bangalore,vandalism,2023,26-07-2023 11:49,2023-07-26 07:00:00,10
Bangalore,vehicle - stolen,2023,27-07-2023 09:02,2023-07-26 11:00:00,19
Bangalore,vehicle - stolen,2023,27-07-2023 09:25,2023-07-27 01:00:00,16
Bangalore,sexual assault,2023,28-07-2023 09:08,2023-07-27 13:00:00,6
Bangalore,counterfeiting,2023,28-07-2023 10:17,2023-07-27 19:00:00,7
Bangalore,homicide,2023,28-07-2023 07:04,2023-07-28 03:00:00,6
Bangalore,kidnapping,2023,28-07-2023 18:00,2023-07-28 14:00:00,7
Bangalore,counterfeiting,2023,29-07-2023 18:48,2023-07-28 19:00:00,12
Bangalore,kidnapping,2023,29-07-2023 13:17,2023-07-29 13:00:00,9
Bangalore,assault,2023,30-07-2023 17:48,2023-07-29 20:00:00,6
Bangalore,drug offense,2023,30-07-2023 01:18,2023-07-29 22:00:00,2
Bangalore,counterfeiting,2023,01-08-2023 16:16,2023-07-31 17:00:00,14
Bangalore,kidnapping,2023,01-08-2023 03:08,2023-07-31 18:00:00,8
Bangalore,cybercrime,2023,03-08-2023 09:56,2023-08-03 08:00:00,12
Bangalore,robbery,2023,04-08-2023 23:03,2023-08-04 05:00:00,4
Bangalore,firearm offense,2023,05-08-2023 15:13,2023-08-04 20:00:00,15
Bangalore,traffic violation,2023,05-08-2023 17:59,2023-08-04 22:00:00,6
Bangalore,cybercrime,2023,06-08-2023 14:25,2023-08-06 13:00:00,19
Bangalore,assault,2023,06-08-2023 18:28,2023-08-06 15:00:00,19
Bangalore,firearm offense,2023,06-08-2023 22:53,2023-08-06 18:00:00,13
Bangalore,sexual assault,2023,07-08-2023 15:09,2023-08-07 13:00:00,17
Bangalore,drug offense,2023,08-08-2023 23:28,2023-08-08 06:00:00,12
Bangalore,counterfeiting,2023,09-08-2023 02:12,2023-08-08 12:00:00,5
Bangalore,illegal possession,2023,09-08-2023 15:52,2023-08-08 16:00:00,1
Bangalore,illegal possession,2023,09-08-2023 20:29,2023-08-08 21:00:00,2
Bangalore,homicide,2023,10-08-2023 11:00,2023-08-09 22:00:00,5
Bangalore,sexual assault,2023,11-08-2023 01:48,2023-08-10 09:00:00,14
Bangalore,domestic violence,2023,10-08-2023 18:49,2023-08-10 10:00:00,17
Bangalore,illegal possession,2023,11-08-2023 02:02,2023-08-10 18:00:00,10
Bangalore,public intoxication,2023,12-08-2023 08:02,2023-08-11 17:00:00,2
Bangalore,sexual assault,2023,12-08-2023 13:10,2023-08-12 00:00:00,11
Bangalore,robbery,2023,12-08-2023 20:58,2023-08-12 05:00:00,15
Bangalore,cybercrime,2023,13-08-2023 02:09,2023-08-12 15:00:00,11
Bangalore,traffic violation,2023,13-08-2023 19:25,2023-08-13 00:00:00,12
Bangalore,shoplifting,2023,13-08-2023 07:47,2023-08-13 06:00:00,13
Bangalore,drug offense,2023,13-08-2023 19:54,2023-08-13 10:00:00,15
Bangalore,homicide,2023,14-08-2023 09:09,2023-08-13 11:00:00,1
Bangalore,shoplifting,2023,13-08-2023 21:02,2023-08-13 17:00:00,18
Bangalore,homicide,2023,14-08-2023 10:13,2023-08-13 18:00:00,9
Bangalore,vehicle - stolen,2023,15-08-2023 11:30,2023-08-14 16:00:00,10
Bangalore,traffic violation,2023,15-08-2023 04:52,2023-08-15 03:00:00,19
Bangalore,homicide,2023,16-08-2023 19:07,2023-08-16 18:00:00,1
Bangalore,extortion,2023,17-08-2023 09:34,2023-08-16 22:00:00,9
Bangalore,extortion,2023,17-08-2023 23:41,2023-08-17 00:00:00,8
Bangalore,counterfeiting,2023,18-08-2023 11:49,2023-08-17 12:00:00,3
Bangalore,vandalism,2023,18-08-2023 02:54,2023-08-17 19:00:00,11
Bangalore,vehicle - stolen,2023,19-08-2023 07:02,2023-08-18 09:00:00,12
Bangalore,counterfeiting,2023,18-08-2023 23:36,2023-08-18 16:00:00,9
Bangalore,cybercrime,2023,19-08-2023 18:11,2023-08-18 20:00:00,1
Bangalore,firearm offense,2023,19-08-2023 11:03,2023-08-18 22:00:00,13
Bangalore,domestic violence,2023,19-08-2023 22:02,2023-08-19 08:00:00,2
Bangalore,counterfeiting,2023,20-08-2023 06:45,2023-08-19 17:00:00,13
Bangalore,homicide,2023,20-08-2023 09:12,2023-08-19 20:00:00,5
Bangalore,assault,2023,20-08-2023 17:24,2023-08-19 22:00:00,17
Bangalore,shoplifting,2023,22-08-2023 03:38,2023-08-21 13:00:00,18
Bangalore,cybercrime,2023,21-08-2023 22:21,2023-08-21 18:00:00,5
Bangalore,assault,2023,23-08-2023 00:37,2023-08-22 03:00:00,16
Bangalore,assault,2023,23-08-2023 01:50,2023-08-22 17:00:00,1
Bangalore,arson,2023,23-08-2023 17:33,2023-08-22 19:00:00,8
Bangalore,homicide,2023,24-08-2023 14:32,2023-08-23 23:00:00,11
Bangalore,arson,2023,25-08-2023 05:06,2023-08-24 06:00:00,9
Bangalore,counterfeiting,2023,24-08-2023 11:20,2023-08-24 11:00:00,8
Bangalore,counterfeiting,2023,25-08-2023 16:21,2023-08-25 09:00:00,12
Bangalore,vehicle - stolen,2023,26-08-2023 04:05,2023-08-25 13:00:00,2
Bangalore,drug offense,2023,26-08-2023 11:10,2023-08-25 21:00:00,13
Bangalore,vehicle - stolen,2023,26-08-2023 07:56,2023-08-26 06:00:00,9
Bangalore,vandalism,2023,26-08-2023 15:38,2023-08-26 07:00:00,9
Bangalore,firearm offense,2023,27-08-2023 13:45,2023-08-27 12:00:00,19
Bangalore,vehicle - stolen,2023,28-08-2023 17:43,2023-08-28 08:00:00,15
Bangalore,arson,2023,30-08-2023 08:34,2023-08-29 18:00:00,7
Bangalore,vehicle - stolen,2023,30-08-2023 09:53,2023-08-30 01:00:00,12
Bangalore,sexual assault,2023,30-08-2023 19:55,2023-08-30 07:00:00,8
Bangalore,traffic violation,2023,30-08-2023 16:15,2023-08-30 08:00:00,6
Bangalore,arson,2023,31-08-2023 22:09,2023-08-31 01:00:00,2
Bangalore,extortion,2023,01-09-2023 12:06,2023-08-31 18:00:00,10
Bangalore,identity theft,2023,03-09-2023 01:19,2023-09-02 21:00:00,1
Bangalore,illegal possession,2023,04-09-2023 00:35,2023-09-03 10:00:00,8
Bangalore,vehicle - stolen,2023,04-09-2023 06:11,2023-09-03 16:00:00,18
Bangalore,sexual assault,2023,04-09-2023 06:05,2023-09-04 05:00:00,10
Bangalore,vehicle - stolen,2023,06-09-2023 04:47,2023-09-05 14:00:00,18
Bangalore,burglary,2023,06-09-2023 17:53,2023-09-05 19:00:00,2
Bangalore,traffic violation,2023,06-09-2023 01:12,2023-09-05 22:00:00,15
Bangalore,burglary,2023,07-09-2023 00:26,2023-09-06 22:00:00,6
Bangalore,identity theft,2023,07-09-2023 21:44,2023-09-06 23:00:00,13
Bangalore,homicide,2023,08-09-2023 19:41,2023-09-08 05:00:00,8
Bangalore,firearm offense,2023,08-09-2023 23:19,2023-09-08 16:00:00,19
Bangalore,illegal possession,2023,08-09-2023 21:22,2023-09-08 18:00:00,13
Bangalore,sexual assault,2023,09-09-2023 19:09,2023-09-09 01:00:00,10
Bangalore,drug offense,2023,09-09-2023 15:03,2023-09-09 10:00:00,5
Bangalore,sexual assault,2023,10-09-2023 15:38,2023-09-09 20:00:00,7
Bangalore,homicide,2023,10-09-2023 12:58,2023-09-10 01:00:00,2
Bangalore,robbery,2023,11-09-2023 01:24,2023-09-10 04:00:00,13
Bangalore,drug offense,2023,12-09-2023 21:54,2023-09-12 04:00:00,19
Bangalore,fraud,2023,12-09-2023 15:11,2023-09-12 07:00:00,5
Bangalore,sexual assault,2023,13-09-2023 20:33,2023-09-13 08:00:00,7
Bangalore,homicide,2023,13-09-2023 22:26,2023-09-13 11:00:00,7
Bangalore,illegal possession,2023,14-09-2023 11:57,2023-09-13 18:00:00,11
Bangalore,vandalism,2023,14-09-2023 16:46,2023-09-14 10:00:00,15
Bangalore,vehicle - stolen,2023,15-09-2023 03:47,2023-09-14 11:00:00,3
Bangalore,public intoxication,2023,15-09-2023 10:56,2023-09-14 14:00:00,16
Bangalore,public intoxication,2023,14-09-2023 17:59,2023-09-14 15:00:00,12
Bangalore,firearm offense,2023,16-09-2023 01:55,2023-09-15 03:00:00,7
Bangalore,traffic violation,2023,16-09-2023 00:02,2023-09-15 15:00:00,11
Bangalore,robbery,2023,17-09-2023 02:35,2023-09-16 12:00:00,3
Bangalore,assault,2023,17-09-2023 16:14,2023-09-16 17:00:00,6
Bangalore,domestic violence,2023,16-09-2023 21:40,2023-09-16 20:00:00,19
Bangalore,shoplifting,2023,17-09-2023 13:41,2023-09-17 02:00:00,11
Bangalore,illegal possession,2023,17-09-2023 11:35,2023-09-17 03:00:00,14
Bangalore,vehicle - stolen,2023,19-09-2023 09:42,2023-09-18 15:00:00,14
Bangalore,homicide,2023,19-09-2023 05:24,2023-09-18 21:00:00,10
Bangalore,traffic violation,2023,19-09-2023 17:52,2023-09-18 22:00:00,19
Bangalore,firearm offense,2023,19-09-2023 00:21,2023-09-18 23:00:00,4
Bangalore,homicide,2023,20-09-2023 09:36,2023-09-19 13:00:00,3
Bangalore,counterfeiting,2023,20-09-2023 17:49,2023-09-19 18:00:00,16
Bangalore,shoplifting,2023,20-09-2023 02:08,2023-09-19 20:00:00,10
Bangalore,shoplifting,2023,20-09-2023 23:04,2023-09-20 10:00:00,6
Bangalore,cybercrime,2023,21-09-2023 04:54,2023-09-20 13:00:00,12
Bangalore,public intoxication,2023,21-09-2023 04:00,2023-09-20 22:00:00,6
Bangalore,burglary,2023,22-09-2023 21:20,2023-09-22 01:00:00,19
Bangalore,public intoxication,2023,23-09-2023 06:08,2023-09-22 08:00:00,13
Bangalore,identity theft,2023,23-09-2023 13:34,2023-09-22 16:00:00,7
Bangalore,public intoxication,2023,23-09-2023 09:12,2023-09-22 22:00:00,3
Bangalore,firearm offense,2023,23-09-2023 16:50,2023-09-23 00:00:00,17
Bangalore,traffic violation,2023,23-09-2023 13:53,2023-09-23 05:00:00,6
Bangalore,vehicle - stolen,2023,23-09-2023 06:55,2023-09-23 06:00:00,15
Bangalore,identity theft,2023,24-09-2023 23:50,2023-09-24 01:00:00,11
Bangalore,vehicle - stolen,2023,25-09-2023 06:52,2023-09-24 22:00:00,12
Bangalore,sexual assault,2023,25-09-2023 06:37,2023-09-25 06:00:00,17
Bangalore,extortion,2023,25-09-2023 21:33,2023-09-25 12:00:00,13
Bangalore,vandalism,2023,26-09-2023 15:28,2023-09-25 22:00:00,19
Bangalore,cybercrime,2023,27-09-2023 04:25,2023-09-27 03:00:00,11
Bangalore,fraud,2023,28-09-2023 13:26,2023-09-27 14:00:00,12
Bangalore,fraud,2023,28-09-2023 23:26,2023-09-28 08:00:00,4
Bangalore,public intoxication,2023,29-09-2023 14:49,2023-09-29 06:00:00,2
Bangalore,domestic violence,2023,29-09-2023 18:49,2023-09-29 10:00:00,4
Bangalore,vehicle - stolen,2023,30-09-2023 09:08,2023-09-29 12:00:00,13
Bangalore,robbery,2023,30-09-2023 04:32,2023-09-29 19:00:00,12
Bangalore,homicide,2023,01-10-2023 12:30,2023-09-30 20:00:00,12
Bangalore,burglary,2023,02-10-2023 05:52,2023-10-01 06:00:00,10
Bangalore,kidnapping,2023,02-10-2023 13:44,2023-10-02 01:00:00,7
Bangalore,public intoxication,2023,02-10-2023 19:21,2023-10-02 04:00:00,7
Bangalore,firearm offense,2023,03-10-2023 00:58,2023-10-02 14:00:00,2
Bangalore,counterfeiting,2023,03-10-2023 08:00,2023-10-02 22:00:00,17
Bangalore,drug offense,2023,02-10-2023 23:29,2023-10-02 23:00:00,11
Bangalore,traffic violation,2023,03-10-2023 22:49,2023-10-03 18:00:00,3
Bangalore,fraud,2023,04-10-2023 22:42,2023-10-04 03:00:00,4
Bangalore,vandalism,2023,04-10-2023 19:32,2023-10-04 10:00:00,19
Bangalore,arson,2023,05-10-2023 23:34,2023-10-05 05:00:00,10
Bangalore,robbery,2023,05-10-2023 18:48,2023-10-05 14:00:00,14
Bangalore,vehicle - stolen,2023,06-10-2023 13:48,2023-10-06 02:00:00,6
Bangalore,vandalism,2023,06-10-2023 23:51,2023-10-06 05:00:00,4
Bangalore,drug offense,2023,06-10-2023 15:09,2023-10-06 15:00:00,17
Bangalore,drug offense,2023,07-10-2023 17:40,2023-10-06 18:00:00,17
Bangalore,fraud,2023,07-10-2023 00:31,2023-10-06 19:00:00,3
Bangalore,burglary,2023,07-10-2023 17:46,2023-10-07 12:00:00,9
Bangalore,identity theft,2023,08-10-2023 05:32,2023-10-07 13:00:00,7
Bangalore,fraud,2023,08-10-2023 04:39,2023-10-07 23:00:00,3
Bangalore,robbery,2023,09-10-2023 10:07,2023-10-09 00:00:00,3
Bangalore,counterfeiting,2023,10-10-2023 10:13,2023-10-09 11:00:00,19
Bangalore,vehicle - stolen,2023,10-10-2023 11:11,2023-10-10 02:00:00,19
Bangalore,public intoxication,2023,10-10-2023 10:31,2023-10-10 08:00:00,17
Bangalore,burglary,2023,12-10-2023 00:17,2023-10-11 03:00:00,8
Bangalore,homicide,2023,11-10-2023 12:11,2023-10-11 04:00:00,6
Bangalore,drug offense,2023,12-10-2023 14:11,2023-10-11 16:00:00,6
Bangalore,extortion,2023,14-10-2023 01:38,2023-10-13 03:00:00,6
Bangalore,vandalism,2023,14-10-2023 03:38,2023-10-13 04:00:00,18
Bangalore,counterfeiting,2023,13-10-2023 13:55,2023-10-13 08:00:00,5
Bangalore,public intoxication,2023,13-10-2023 18:29,2023-10-13 16:00:00,9
Bangalore,extortion,2023,14-10-2023 10:37,2023-10-13 18:00:00,1
Bangalore,arson,2023,14-10-2023 23:45,2023-10-14 01:00:00,3
Bangalore,extortion,2023,14-10-2023 12:47,2023-10-14 08:00:00,13
Bangalore,sexual assault,2023,14-10-2023 20:18,2023-10-14 19:00:00,16
Bangalore,traffic violation,2023,15-10-2023 02:49,2023-10-15 02:00:00,6
Bangalore,illegal possession,2023,15-10-2023 17:54,2023-10-15 13:00:00,7
Bangalore,robbery,2023,16-10-2023 22:14,2023-10-15 23:00:00,11
Bangalore,public intoxication,2023,18-10-2023 01:15,2023-10-17 13:00:00,14
Bangalore,domestic violence,2023,18-10-2023 08:38,2023-10-17 14:00:00,13
Bangalore,traffic violation,2023,18-10-2023 16:50,2023-10-17 19:00:00,12
Bangalore,kidnapping,2023,19-10-2023 02:45,2023-10-18 04:00:00,13
Bangalore,burglary,2023,18-10-2023 14:26,2023-10-18 05:00:00,10
Bangalore,traffic violation,2023,18-10-2023 13:59,2023-10-18 07:00:00,18
Bangalore,cybercrime,2023,20-10-2023 11:33,2023-10-20 01:00:00,1
Bangalore,robbery,2023,21-10-2023 17:49,2023-10-20 18:00:00,15
Bangalore,public intoxication,2023,21-10-2023 13:23,2023-10-20 19:00:00,9
Bangalore,domestic violence,2023,21-10-2023 18:44,2023-10-20 20:00:00,15
Bangalore,homicide,2023,21-10-2023 09:03,2023-10-21 08:00:00,19
Bangalore,shoplifting,2023,22-10-2023 12:13,2023-10-21 22:00:00,10
Bangalore,vehicle - stolen,2023,22-10-2023 08:03,2023-10-22 07:00:00,3
Bangalore,domestic violence,2023,22-10-2023 22:35,2023-10-22 09:00:00,18
Bangalore,domestic violence,2023,22-10-2023 15:53,2023-10-22 13:00:00,14
Bangalore,homicide,2023,23-10-2023 09:04,2023-10-22 15:00:00,16
Bangalore,homicide,2023,23-10-2023 20:05,2023-10-22 21:00:00,14
Bangalore,burglary,2023,24-10-2023 09:36,2023-10-23 11:00:00,14
Bangalore,public intoxication,2023,24-10-2023 17:04,2023-10-24 06:00:00,16
Bangalore,assault,2023,25-10-2023 04:57,2023-10-24 10:00:00,5
Bangalore,vehicle - stolen,2023,25-10-2023 08:46,2023-10-24 22:00:00,14
Bangalore,domestic violence,2023,25-10-2023 20:05,2023-10-25 16:00:00,5
Bangalore,firearm offense,2023,26-10-2023 13:03,2023-10-25 18:00:00,11
Bangalore,counterfeiting,2023,27-10-2023 18:49,2023-10-27 01:00:00,18
Bangalore,kidnapping,2023,27-10-2023 11:23,2023-10-27 08:00:00,14
Bangalore,traffic violation,2023,29-10-2023 00:51,2023-10-28 02:00:00,10
Bangalore,domestic violence,2023,29-10-2023 00:44,2023-10-28 05:00:00,5
Bangalore,arson,2023,29-10-2023 01:25,2023-10-28 10:00:00,14
Bangalore,arson,2023,30-10-2023 21:57,2023-10-30 07:00:00,7
Bangalore,shoplifting,2023,30-10-2023 13:09,2023-10-30 08:00:00,16
Bangalore,burglary,2023,31-10-2023 02:41,2023-10-30 12:00:00,3
Bangalore,fraud,2023,30-10-2023 20:17,2023-10-30 16:00:00,8
Bangalore,firearm offense,2023,31-10-2023 16:51,2023-10-30 17:00:00,16
Bangalore,drug offense,2023,02-11-2023 20:21,2023-11-02 03:00:00,6
Bangalore,counterfeiting,2023,02-11-2023 21:37,2023-11-02 07:00:00,9
Bangalore,illegal possession,2023,03-11-2023 04:39,2023-11-02 18:00:00,18
Bangalore,vandalism,2023,03-11-2023 19:28,2023-11-03 05:00:00,14
Bangalore,burglary,2023,03-11-2023 21:33,2023-11-03 19:00:00,15
Bangalore,kidnapping,2023,04-11-2023 14:01,2023-11-04 12:00:00,4
Bangalore,burglary,2023,05-11-2023 08:33,2023-11-04 23:00:00,2
Bangalore,traffic violation,2023,05-11-2023 21:35,2023-11-05 14:00:00,16
Bangalore,sexual assault,2023,05-11-2023 18:10,2023-11-05 17:00:00,15
Bangalore,arson,2023,07-11-2023 04:48,2023-11-06 14:00:00,18
Bangalore,identity theft,2023,07-11-2023 09:53,2023-11-06 19:00:00,1
Bangalore,public intoxication,2023,07-11-2023 08:42,2023-11-07 08:00:00,18
Bangalore,cybercrime,2023,08-11-2023 17:41,2023-11-07 23:00:00,12
Bangalore,identity theft,2023,08-11-2023 21:51,2023-11-08 12:00:00,4
Bangalore,illegal possession,2023,09-11-2023 10:50,2023-11-09 05:00:00,11
Bangalore,burglary,2023,10-11-2023 10:23,2023-11-09 12:00:00,8
Bangalore,identity theft,2023,10-11-2023 18:15,2023-11-09 22:00:00,8
Bangalore,identity theft,2023,11-11-2023 05:37,2023-11-11 00:00:00,17
Bangalore,identity theft,2023,12-11-2023 08:26,2023-11-12 05:00:00,17
Bangalore,illegal possession,2023,13-11-2023 14:35,2023-11-12 17:00:00,7
Bangalore,vandalism,2023,13-11-2023 23:01,2023-11-13 09:00:00,14
Bangalore,extortion,2023,14-11-2023 17:34,2023-11-13 19:00:00,19
Bangalore,illegal possession,2023,15-11-2023 02:14,2023-11-14 12:00:00,5
Bangalore,cybercrime,2023,15-11-2023 16:56,2023-11-15 04:00:00,9
Bangalore,burglary,2023,16-11-2023 01:28,2023-11-15 12:00:00,14
Bangalore,assault,2023,17-11-2023 05:32,2023-11-16 12:00:00,11
Bangalore,extortion,2023,16-11-2023 14:33,2023-11-16 13:00:00,3
Bangalore,cybercrime,2023,17-11-2023 17:32,2023-11-16 18:00:00,17
Bangalore,burglary,2023,17-11-2023 08:30,2023-11-17 07:00:00,18
Bangalore,identity theft,2023,18-11-2023 16:40,2023-11-17 17:00:00,15
Bangalore,illegal possession,2023,18-11-2023 06:10,2023-11-17 19:00:00,10
Bangalore,shoplifting,2023,18-11-2023 13:14,2023-11-18 04:00:00,1
Bangalore,shoplifting,2023,18-11-2023 05:42,2023-11-18 05:00:00,7
Bangalore,traffic violation,2023,19-11-2023 00:35,2023-11-18 13:00:00,19
Bangalore,burglary,2023,18-11-2023 14:20,2023-11-18 14:00:00,12
Bangalore,robbery,2023,19-11-2023 23:18,2023-11-19 10:00:00,3
Bangalore,sexual assault,2023,20-11-2023 20:05,2023-11-20 08:00:00,4
Bangalore,extortion,2023,22-11-2023 06:21,2023-11-21 08:00:00,14
Bangalore,drug offense,2023,23-11-2023 14:32,2023-11-22 20:00:00,3
Bangalore,fraud,2023,23-11-2023 09:54,2023-11-22 23:00:00,16
Bangalore,burglary,2023,23-11-2023 10:37,2023-11-23 02:00:00,2
Bangalore,firearm offense,2023,24-11-2023 04:36,2023-11-23 11:00:00,10
Bangalore,counterfeiting,2023,24-11-2023 19:14,2023-11-24 08:00:00,18
Bangalore,public intoxication,2023,24-11-2023 14:34,2023-11-24 14:00:00,1
Bangalore,cybercrime,2023,25-11-2023 11:28,2023-11-24 21:00:00,16
Bangalore,public intoxication,2023,25-11-2023 12:19,2023-11-25 04:00:00,17
Bangalore,burglary,2023,25-11-2023 18:02,2023-11-25 11:00:00,6
Bangalore,fraud,2023,26-11-2023 02:09,2023-11-25 17:00:00,13
Bangalore,public intoxication,2023,26-11-2023 18:27,2023-11-25 22:00:00,3
Bangalore,vehicle - stolen,2023,26-11-2023 10:26,2023-11-26 03:00:00,15
Bangalore,traffic violation,2023,26-11-2023 12:21,2023-11-26 09:00:00,18
Bangalore,counterfeiting,2023,27-11-2023 14:28,2023-11-26 16:00:00,5
Bangalore,drug offense,2023,27-11-2023 18:57,2023-11-27 02:00:00,15
Bangalore,vandalism,2023,27-11-2023 21:49,2023-11-27 03:00:00,1
Bangalore,burglary,2023,28-11-2023 08:45,2023-11-27 19:00:00,14
Bangalore,cybercrime,2023,28-11-2023 16:17,2023-11-27 20:00:00,17
Bangalore,domestic violence,2023,28-11-2023 04:18,2023-11-27 23:00:00,10
Bangalore,domestic violence,2023,28-11-2023 05:14,2023-11-28 02:00:00,6
Bangalore,fraud,2023,29-11-2023 01:56,2023-11-28 04:00:00,5
Bangalore,sexual assault,2023,28-11-2023 17:56,2023-11-28 06:00:00,18
Bangalore,homicide,2023,28-11-2023 17:14,2023-11-28 11:00:00,3
Bangalore,domestic violence,2023,29-11-2023 13:35,2023-11-28 14:00:00,16
Bangalore,traffic violation,2023,29-11-2023 02:15,2023-11-28 16:00:00,11
Bangalore,traffic violation,2023,29-11-2023 04:06,2023-11-29 01:00:00,10
Bangalore,counterfeiting,2023,30-11-2023 14:26,2023-11-29 17:00:00,18
Bangalore,fraud,2023,30-11-2023 10:23,2023-11-29 21:00:00,17
Bangalore,vehicle - stolen,2023,30-11-2023 05:50,2023-11-29 23:00:00,1
Bangalore,identity theft,2023,30-11-2023 18:15,2023-11-30 12:00:00,12
Bangalore,arson,2023,02-12-2023 02:47,2023-12-01 16:00:00,8
Bangalore,firearm offense,2023,01-12-2023 17:52,2023-12-01 17:00:00,9
Bangalore,drug offense,2023,03-12-2023 20:01,2023-12-02 23:00:00,1
Bangalore,traffic violation,2023,03-12-2023 20:16,2023-12-03 08:00:00,12
Bangalore,assault,2023,04-12-2023 22:45,2023-12-04 15:00:00,8
Bangalore,arson,2023,05-12-2023 07:47,2023-12-04 19:00:00,9
Bangalore,domestic violence,2023,06-12-2023 18:12,2023-12-06 06:00:00,7
Bangalore,traffic violation,2023,07-12-2023 01:54,2023-12-06 08:00:00,11
Bangalore,sexual assault,2023,06-12-2023 20:19,2023-12-06 12:00:00,8
Bangalore,firearm offense,2023,07-12-2023 14:27,2023-12-06 20:00:00,8
Bangalore,firearm offense,2023,07-12-2023 05:39,2023-12-06 22:00:00,12
Bangalore,identity theft,2023,07-12-2023 10:00,2023-12-07 05:00:00,9
Bangalore,identity theft,2023,07-12-2023 21:47,2023-12-07 07:00:00,16
Bangalore,public intoxication,2023,07-12-2023 15:31,2023-12-07 10:00:00,15
Bangalore,kidnapping,2023,08-12-2023 09:08,2023-12-08 03:00:00,11
Bangalore,sexual assault,2023,09-12-2023 08:44,2023-12-08 15:00:00,11
Bangalore,burglary,2023,09-12-2023 14:37,2023-12-09 09:00:00,19
Bangalore,vandalism,2023,10-12-2023 14:50,2023-12-10 02:00:00,10
Bangalore,sexual assault,2023,10-12-2023 11:33,2023-12-10 11:00:00,4
Bangalore,extortion,2023,11-12-2023 06:55,2023-12-10 23:00:00,13
Bangalore,illegal possession,2023,12-12-2023 13:05,2023-12-12 00:00:00,8
Bangalore,arson,2023,12-12-2023 19:11,2023-12-12 04:00:00,6
Bangalore,shoplifting,2023,12-12-2023 14:27,2023-12-12 10:00:00,2
Bangalore,traffic violation,2023,13-12-2023 16:32,2023-12-12 17:00:00,7
Bangalore,identity theft,2023,14-12-2023 08:40,2023-12-13 20:00:00,2
Bangalore,arson,2023,14-12-2023 03:12,2023-12-13 23:00:00,12
Bangalore,illegal possession,2023,15-12-2023 06:08,2023-12-15 03:00:00,14
Bangalore,fraud,2023,15-12-2023 22:24,2023-12-15 12:00:00,4
Bangalore,vehicle - stolen,2023,15-12-2023 15:50,2023-12-15 15:00:00,8
Bangalore,sexual assault,2023,16-12-2023 03:46,2023-12-15 18:00:00,6
Bangalore,illegal possession,2023,18-12-2023 00:47,2023-12-17 06:00:00,3
Bangalore,assault,2023,18-12-2023 08:27,2023-12-17 15:00:00,1
Bangalore,domestic violence,2023,18-12-2023 09:11,2023-12-18 01:00:00,16
Bangalore,assault,2023,19-12-2023 02:21,2023-12-18 07:00:00,5
Bangalore,cybercrime,2023,18-12-2023 19:24,2023-12-18 18:00:00,16
Bangalore,sexual assault,2023,20-12-2023 20:49,2023-12-19 22:00:00,13
Bangalore,sexual assault,2023,21-12-2023 16:56,2023-12-21 04:00:00,2
Bangalore,traffic violation,2023,21-12-2023 23:27,2023-12-21 05:00:00,5
Bangalore,homicide,2023,22-12-2023 12:56,2023-12-21 14:00:00,17
Bangalore,kidnapping,2023,22-12-2023 08:53,2023-12-21 17:00:00,12
Bangalore,domestic violence,2023,22-12-2023 04:17,2023-12-21 23:00:00,18
Bangalore,public intoxication,2023,23-12-2023 13:27,2023-12-22 14:00:00,11
Bangalore,assault,2023,23-12-2023 04:50,2023-12-22 17:00:00,6
Bangalore,homicide,2023,24-12-2023 02:59,2023-12-23 05:00:00,6
Bangalore,illegal possession,2023,24-12-2023 02:22,2023-12-23 06:00:00,16
Bangalore,burglary,2023,24-12-2023 10:40,2023-12-23 18:00:00,11
Bangalore,kidnapping,2023,23-12-2023 23:04,2023-12-23 20:00:00,5
Bangalore,drug offense,2023,24-12-2023 14:57,2023-12-24 01:00:00,16
Bangalore,firearm offense,2023,25-12-2023 01:22,2023-12-24 04:00:00,18
Bangalore,identity theft,2023,24-12-2023 22:27,2023-12-24 17:00:00,11
Bangalore,public intoxication,2023,26-12-2023 12:31,2023-12-25 16:00:00,7
Bangalore,assault,2023,26-12-2023 21:25,2023-12-26 02:00:00,7
Bangalore,robbery,2023,26-12-2023 04:03,2023-12-26 03:00:00,8
Bangalore,counterfeiting,2023,27-12-2023 14:32,2023-12-27 07:00:00,2
Bangalore,domestic violence,2023,28-12-2023 03:02,2023-12-28 03:00:00,16
Bangalore,kidnapping,2023,28-12-2023 18:32,2023-12-28 10:00:00,15
Bangalore,shoplifting,2023,28-12-2023 23:00,2023-12-28 15:00:00,14
Bangalore,fraud,2023,29-12-2023 12:00,2023-12-28 22:00:00,11
Bangalore,kidnapping,2023,29-12-2023 16:40,2023-12-29 11:00:00,14
Bangalore,vandalism,2023,30-12-2023 11:18,2023-12-29 17:00:00,5
Bangalore,vehicle - stolen,2023,30-12-2023 23:45,2023-12-30 03:00:00,17
Bangalore,homicide,2023,30-12-2023 17:33,2023-12-30 09:00:00,4
Bangalore,public intoxication,2023,30-12-2023 22:31,2023-12-30 12:00:00,11
Bangalore,kidnapping,2023,30-12-2023 18:19,2023-12-30 15:00:00,17
Bangalore,fraud,2023,31-12-2023 11:42,2023-12-31 07:00:00,17
Bangalore,arson,2023,31-12-2023 21:28,2023-12-31 08:00:00,8
Bangalore,extortion,2023,01-01-2024 02:03,2023-12-31 09:00:00,14
Bangalore,firearm offense,2023,31-12-2023 17:48,2023-12-31 17:00:00,18
Bangalore,cybercrime,2024,01-01-2024 13:56,2024-01-01 01:00:00,13
Bangalore,assault,2024,02-01-2024 07:14,2024-01-01 19:00:00,8
Bangalore,kidnapping,2024,02-01-2024 05:55,2024-01-01 23:00:00,9
Bangalore,shoplifting,2024,02-01-2024 14:43,2024-01-02 09:00:00,19
Bangalore,arson,2024,04-01-2024 11:22,2024-01-03 14:00:00,4
Bangalore,vehicle - stolen,2024,05-01-2024 18:28,2024-01-04 19:00:00,5
Bangalore,identity theft,2024,05-01-2024 05:53,2024-01-04 22:00:00,15
Bangalore,kidnapping,2024,05-01-2024 23:50,2024-01-05 04:00:00,16
Bangalore,robbery,2024,05-01-2024 22:41,2024-01-05 07:00:00,15
Bangalore,robbery,2024,06-01-2024 00:12,2024-01-05 13:00:00,4
Bangalore,sexual assault,2024,07-01-2024 00:24,2024-01-06 08:00:00,19
Bangalore,public intoxication,2024,06-01-2024 16:07,2024-01-06 11:00:00,16
Bangalore,firearm offense,2024,07-01-2024 07:37,2024-01-06 13:00:00,8
Bangalore,burglary,2024,08-01-2024 04:57,2024-01-07 05:00:00,13
Bangalore,shoplifting,2024,07-01-2024 16:54,2024-01-07 11:00:00,7
Bangalore,sexual assault,2024,08-01-2024 06:27,2024-01-07 13:00:00,13
Bangalore,illegal possession,2024,08-01-2024 20:19,2024-01-07 23:00:00,14
Bangalore,domestic violence,2024,08-01-2024 14:42,2024-01-08 13:00:00,2
Bangalore,burglary,2024,10-01-2024 04:01,2024-01-09 05:00:00,7
Bangalore,firearm offense,2024,10-01-2024 05:29,2024-01-09 13:00:00,19
Bangalore,vehicle - stolen,2024,09-01-2024 17:45,2024-01-09 15:00:00,13
Bangalore,drug offense,2024,09-01-2024 23:54,2024-01-09 16:00:00,2
Bangalore,counterfeiting,2024,10-01-2024 16:49,2024-01-10 11:00:00,4
Bangalore,identity theft,2024,11-01-2024 16:38,2024-01-10 22:00:00,6
Bangalore,burglary,2024,12-01-2024 02:56,2024-01-11 06:00:00,7
Bangalore,homicide,2024,11-01-2024 16:20,2024-01-11 14:00:00,18
Bangalore,identity theft,2024,12-01-2024 10:39,2024-01-12 05:00:00,19
Bangalore,extortion,2024,13-01-2024 04:52,2024-01-12 07:00:00,15
Bangalore,sexual assault,2024,12-01-2024 19:58,2024-01-12 13:00:00,11
Bangalore,drug offense,2024,13-01-2024 08:30,2024-01-12 21:00:00,16
Bangalore,firearm offense,2024,14-01-2024 12:11,2024-01-13 20:00:00,6
Bangalore,arson,2024,14-01-2024 20:20,2024-01-14 02:00:00,15
Bangalore,kidnapping,2024,15-01-2024 03:58,2024-01-14 13:00:00,5
Bangalore,extortion,2024,15-01-2024 05:25,2024-01-14 14:00:00,1
Bangalore,drug offense,2024,15-01-2024 22:24,2024-01-15 03:00:00,19
Bangalore,public intoxication,2024,16-01-2024 03:34,2024-01-15 22:00:00,6
Bangalore,drug offense,2024,17-01-2024 06:27,2024-01-16 19:00:00,16
Bangalore,illegal possession,2024,17-01-2024 14:46,2024-01-17 06:00:00,3
Bangalore,illegal possession,2024,18-01-2024 19:29,2024-01-18 06:00:00,10
Bangalore,sexual assault,2024,20-01-2024 00:43,2024-01-19 08:00:00,5
Bangalore,vehicle - stolen,2024,20-01-2024 06:39,2024-01-19 21:00:00,14
Bangalore,arson,2024,20-01-2024 10:00,2024-01-20 07:00:00,11
Bangalore,cybercrime,2024,21-01-2024 10:26,2024-01-20 12:00:00,7
Bangalore,sexual assault,2024,21-01-2024 19:35,2024-01-21 04:00:00,18
Bangalore,burglary,2024,21-01-2024 18:21,2024-01-21 09:00:00,9
Bangalore,fraud,2024,22-01-2024 05:02,2024-01-21 21:00:00,4
Bangalore,counterfeiting,2024,23-01-2024 00:41,2024-01-22 09:00:00,5
Bangalore,kidnapping,2024,23-01-2024 01:03,2024-01-22 13:00:00,2
Bangalore,firearm offense,2024,22-01-2024 16:52,2024-01-22 15:00:00,11
Bangalore,traffic violation,2024,22-01-2024 22:05,2024-01-22 20:00:00,8
Bangalore,burglary,2024,23-01-2024 01:05,2024-01-22 23:00:00,3
Bangalore,assault,2024,24-01-2024 00:31,2024-01-23 02:00:00,4
Bangalore,shoplifting,2024,23-01-2024 07:30,2024-01-23 05:00:00,6
Bangalore,kidnapping,2024,24-01-2024 20:36,2024-01-24 02:00:00,6
Bangalore,traffic violation,2024,25-01-2024 01:47,2024-01-24 03:00:00,19
Bangalore,shoplifting,2024,24-01-2024 11:28,2024-01-24 06:00:00,7
Bangalore,domestic violence,2024,25-01-2024 04:10,2024-01-24 22:00:00,12
Bangalore,drug offense,2024,26-01-2024 13:04,2024-01-25 17:00:00,15
Bangalore,robbery,2024,25-01-2024 19:30,2024-01-25 19:00:00,5
Bangalore,firearm offense,2024,26-01-2024 16:30,2024-01-26 00:00:00,3
Bangalore,identity theft,2024,26-01-2024 20:58,2024-01-26 14:00:00,4
Bangalore,vandalism,2024,27-01-2024 09:53,2024-01-26 15:00:00,13
Bangalore,public intoxication,2024,27-01-2024 11:26,2024-01-26 19:00:00,6
Bangalore,fraud,2024,27-01-2024 10:58,2024-01-26 21:00:00,1
Bangalore,traffic violation,2024,28-01-2024 04:44,2024-01-27 05:00:00,15
Bangalore,public intoxication,2024,28-01-2024 03:45,2024-01-27 08:00:00,1
Bangalore,firearm offense,2024,27-01-2024 18:58,2024-01-27 14:00:00,13
Bangalore,traffic violation,2024,28-01-2024 09:42,2024-01-28 01:00:00,11
Bangalore,public intoxication,2024,28-01-2024 13:42,2024-01-28 07:00:00,7
Bangalore,burglary,2024,31-01-2024 15:42,2024-01-31 03:00:00,2
Bangalore,assault,2024,31-01-2024 22:56,2024-01-31 08:00:00,13
Bangalore,domestic violence,2024,01-02-2024 00:11,2024-01-31 09:00:00,17
Bangalore,domestic violence,2024,01-02-2024 04:28,2024-01-31 22:00:00,15
Bangalore,shoplifting,2024,02-02-2024 11:26,2024-02-02 01:00:00,19
Bangalore,extortion,2024,02-02-2024 19:53,2024-02-02 08:00:00,4
Bangalore,cybercrime,2024,03-02-2024 22:58,2024-02-03 01:00:00,4
Bangalore,vehicle - stolen,2024,04-02-2024 04:49,2024-02-03 05:00:00,3
Bangalore,assault,2024,04-02-2024 03:27,2024-02-03 10:00:00,6
Bangalore,burglary,2024,04-02-2024 22:49,2024-02-03 23:00:00,12
Bangalore,fraud,2024,04-02-2024 13:34,2024-02-04 09:00:00,18
Bangalore,public intoxication,2024,04-02-2024 13:39,2024-02-04 13:00:00,14
Bangalore,traffic violation,2024,05-02-2024 20:08,2024-02-05 17:00:00,9
Bangalore,drug offense,2024,07-02-2024 22:35,2024-02-07 09:00:00,4
Bangalore,vehicle - stolen,2024,08-02-2024 12:15,2024-02-08 00:00:00,2
Bangalore,counterfeiting,2024,09-02-2024 07:41,2024-02-08 14:00:00,9
Bangalore,illegal possession,2024,09-02-2024 07:03,2024-02-09 01:00:00,3
Bangalore,homicide,2024,09-02-2024 21:22,2024-02-09 03:00:00,14
Bangalore,shoplifting,2024,09-02-2024 12:04,2024-02-09 10:00:00,13
Bangalore,robbery,2024,09-02-2024 17:55,2024-02-09 14:00:00,11
Bangalore,traffic violation,2024,11-02-2024 18:14,2024-02-10 21:00:00,12
Bangalore,counterfeiting,2024,11-02-2024 20:36,2024-02-11 01:00:00,2
Bangalore,extortion,2024,11-02-2024 22:02,2024-02-11 16:00:00,13
Bangalore,vandalism,2024,12-02-2024 17:00,2024-02-11 22:00:00,7
Bangalore,firearm offense,2024,12-02-2024 08:33,2024-02-12 02:00:00,19
Bangalore,firearm offense,2024,12-02-2024 05:14,2024-02-12 03:00:00,8
Bangalore,illegal possession,2024,13-02-2024 00:02,2024-02-12 05:00:00,16
Bangalore,arson,2024,13-02-2024 07:23,2024-02-12 11:00:00,16
Bangalore,identity theft,2024,13-02-2024 03:03,2024-02-12 23:00:00,13
Bangalore,counterfeiting,2024,13-02-2024 21:25,2024-02-13 01:00:00,14
Bangalore,extortion,2024,14-02-2024 21:16,2024-02-13 22:00:00,5
Bangalore,sexual assault,2024,16-02-2024 02:01,2024-02-15 13:00:00,16
Bangalore,robbery,2024,16-02-2024 08:11,2024-02-16 04:00:00,6
Bangalore,vehicle - stolen,2024,16-02-2024 23:59,2024-02-16 09:00:00,12
Bangalore,burglary,2024,17-02-2024 23:05,2024-02-17 00:00:00,4
Bangalore,robbery,2024,17-02-2024 07:10,2024-02-17 01:00:00,7
Bangalore,extortion,2024,17-02-2024 14:49,2024-02-17 13:00:00,11
Bangalore,assault,2024,18-02-2024 23:16,2024-02-18 08:00:00,3
Bangalore,identity theft,2024,19-02-2024 06:33,2024-02-18 23:00:00,4
Bangalore,burglary,2024,20-02-2024 00:59,2024-02-19 10:00:00,11
Bangalore,homicide,2024,20-02-2024 08:50,2024-02-19 17:00:00,13
Bangalore,extortion,2024,20-02-2024 18:20,2024-02-19 23:00:00,1
Bangalore,robbery,2024,21-02-2024 01:46,2024-02-20 06:00:00,15
Bangalore,kidnapping,2024,21-02-2024 09:15,2024-02-20 11:00:00,1
Bangalore,arson,2024,21-02-2024 03:52,2024-02-21 03:00:00,14
Bangalore,public intoxication,2024,21-02-2024 14:54,2024-02-21 04:00:00,19
Bangalore,homicide,2024,21-02-2024 20:15,2024-02-21 16:00:00,5
Bangalore,identity theft,2024,22-02-2024 06:51,2024-02-21 17:00:00,1
Bangalore,shoplifting,2024,22-02-2024 03:18,2024-02-22 03:00:00,16
Bangalore,homicide,2024,22-02-2024 16:38,2024-02-22 07:00:00,12
Bangalore,extortion,2024,22-02-2024 19:50,2024-02-22 13:00:00,7
Bangalore,vandalism,2024,23-02-2024 09:49,2024-02-23 08:00:00,2
Bangalore,extortion,2024,24-02-2024 15:03,2024-02-24 01:00:00,14
Bangalore,vehicle - stolen,2024,25-02-2024 10:55,2024-02-24 11:00:00,16
Bangalore,illegal possession,2024,24-02-2024 18:52,2024-02-24 15:00:00,12
Bangalore,vandalism,2024,26-02-2024 21:12,2024-02-25 22:00:00,7
Bangalore,illegal possession,2024,26-02-2024 23:45,2024-02-26 05:00:00,19
Bangalore,extortion,2024,28-02-2024 09:22,2024-02-28 08:00:00,14
Bangalore,identity theft,2024,29-02-2024 13:45,2024-02-28 21:00:00,5
Bangalore,firearm offense,2024,29-02-2024 17:39,2024-02-28 23:00:00,13
Bangalore,robbery,2024,01-03-2024 14:25,2024-02-29 20:00:00,10
Bangalore,extortion,2024,01-03-2024 20:17,2024-03-01 03:00:00,18
Bangalore,extortion,2024,02-03-2024 06:26,2024-03-01 10:00:00,17
Bangalore,vandalism,2024,02-03-2024 07:58,2024-03-02 02:00:00,5
Bangalore,assault,2024,03-03-2024 09:55,2024-03-03 07:00:00,13
Bangalore,traffic violation,2024,04-03-2024 09:52,2024-03-03 18:00:00,15
Bangalore,robbery,2024,04-03-2024 17:58,2024-03-04 02:00:00,5
Bangalore,kidnapping,2024,04-03-2024 12:37,2024-03-04 11:00:00,18
Bangalore,vandalism,2024,05-03-2024 05:44,2024-03-05 02:00:00,12
Bangalore,cybercrime,2024,05-03-2024 21:24,2024-03-05 12:00:00,7
Bangalore,shoplifting,2024,05-03-2024 18:17,2024-03-05 18:00:00,1
Bangalore,arson,2024,06-03-2024 11:50,2024-03-05 20:00:00,14
Bangalore,counterfeiting,2024,06-03-2024 12:06,2024-03-06 11:00:00,7
Bangalore,kidnapping,2024,06-03-2024 23:39,2024-03-06 13:00:00,14
Bangalore,robbery,2024,07-03-2024 08:12,2024-03-06 15:00:00,16
Bangalore,cybercrime,2024,07-03-2024 01:24,2024-03-06 21:00:00,11
Bangalore,drug offense,2024,07-03-2024 21:49,2024-03-07 10:00:00,11
Bangalore,firearm offense,2024,07-03-2024 22:31,2024-03-07 13:00:00,14
Bangalore,vehicle - stolen,2024,08-03-2024 16:42,2024-03-08 00:00:00,15
Bangalore,homicide,2024,08-03-2024 17:55,2024-03-08 01:00:00,11
Bangalore,robbery,2024,09-03-2024 05:11,2024-03-08 17:00:00,15
Bangalore,cybercrime,2024,09-03-2024 11:21,2024-03-09 01:00:00,9
Bangalore,firearm offense,2024,10-03-2024 02:44,2024-03-09 06:00:00,11
Bangalore,vehicle - stolen,2024,10-03-2024 02:50,2024-03-09 12:00:00,17
Bangalore,shoplifting,2024,10-03-2024 04:42,2024-03-09 13:00:00,2
Bangalore,public intoxication,2024,11-03-2024 05:35,2024-03-10 13:00:00,4
Bangalore,vandalism,2024,13-03-2024 02:38,2024-03-12 03:00:00,19
Bangalore,counterfeiting,2024,12-03-2024 15:53,2024-03-12 10:00:00,2
Bangalore,cybercrime,2024,13-03-2024 18:39,2024-03-13 07:00:00,15
Bangalore,identity theft,2024,15-03-2024 14:55,2024-03-14 22:00:00,4
Bangalore,traffic violation,2024,16-03-2024 18:13,2024-03-15 23:00:00,10
Bangalore,fraud,2024,16-03-2024 14:20,2024-03-16 02:00:00,7
Bangalore,kidnapping,2024,16-03-2024 19:02,2024-03-16 16:00:00,2
Bangalore,sexual assault,2024,18-03-2024 19:55,2024-03-17 21:00:00,19
Bangalore,shoplifting,2024,19-03-2024 01:23,2024-03-18 04:00:00,11
Bangalore,robbery,2024,18-03-2024 21:19,2024-03-18 14:00:00,6
Bangalore,identity theft,2024,19-03-2024 08:51,2024-03-18 15:00:00,1
Bangalore,identity theft,2024,19-03-2024 16:38,2024-03-18 17:00:00,6
Bangalore,drug offense,2024,19-03-2024 19:33,2024-03-19 01:00:00,4
Bangalore,homicide,2024,19-03-2024 12:19,2024-03-19 05:00:00,13
Bangalore,sexual assault,2024,20-03-2024 13:39,2024-03-19 15:00:00,4
Bangalore,public intoxication,2024,20-03-2024 01:34,2024-03-19 18:00:00,11
Bangalore,burglary,2024,21-03-2024 07:05,2024-03-20 14:00:00,10
Bangalore,public intoxication,2024,23-03-2024 03:37,2024-03-22 06:00:00,15
Bangalore,illegal possession,2024,24-03-2024 06:18,2024-03-23 17:00:00,8
Bangalore,sexual assault,2024,24-03-2024 19:35,2024-03-24 01:00:00,11
Bangalore,vandalism,2024,25-03-2024 01:17,2024-03-24 16:00:00,3
Bangalore,illegal possession,2024,26-03-2024 02:33,2024-03-25 09:00:00,13
Bangalore,drug offense,2024,25-03-2024 14:13,2024-03-25 11:00:00,13
Bangalore,arson,2024,26-03-2024 10:58,2024-03-25 12:00:00,12
Bangalore,illegal possession,2024,26-03-2024 14:52,2024-03-25 22:00:00,15
Bangalore,shoplifting,2024,27-03-2024 07:35,2024-03-26 12:00:00,15
Bangalore,illegal possession,2024,26-03-2024 19:48,2024-03-26 19:00:00,1
Bangalore,assault,2024,27-03-2024 18:59,2024-03-27 01:00:00,18
Bangalore,homicide,2024,27-03-2024 06:08,2024-03-27 04:00:00,16
Bangalore,cybercrime,2024,28-03-2024 08:11,2024-03-27 16:00:00,3
Bangalore,extortion,2024,28-03-2024 20:40,2024-03-28 13:00:00,15
Bangalore,kidnapping,2024,29-03-2024 02:59,2024-03-28 14:00:00,6
Bangalore,illegal possession,2024,30-03-2024 04:16,2024-03-29 18:00:00,9
Bangalore,identity theft,2024,30-03-2024 01:38,2024-03-29 23:00:00,11
Bangalore,public intoxication,2024,30-03-2024 20:02,2024-03-30 12:00:00,19
Bangalore,homicide,2024,31-03-2024 16:24,2024-03-30 22:00:00,14
Bangalore,extortion,2024,01-04-2024 03:28,2024-03-31 19:00:00,13
Bangalore,illegal possession,2024,01-04-2024 04:04,2024-03-31 20:00:00,5
Bangalore,vandalism,2024,01-04-2024 04:47,2024-04-01 03:00:00,11
Bangalore,robbery,2024,02-04-2024 08:05,2024-04-01 19:00:00,7
Bangalore,vandalism,2024,04-04-2024 00:25,2024-04-03 15:00:00,19
Bangalore,fraud,2024,04-04-2024 08:34,2024-04-04 05:00:00,17
Bangalore,sexual assault,2024,04-04-2024 20:51,2024-04-04 10:00:00,12
Bangalore,vandalism,2024,05-04-2024 20:26,2024-04-04 23:00:00,17
Bangalore,counterfeiting,2024,05-04-2024 09:54,2024-04-05 01:00:00,4
Bangalore,drug offense,2024,06-04-2024 03:02,2024-04-05 04:00:00,9
Bangalore,homicide,2024,06-04-2024 01:00,2024-04-05 08:00:00,5
Bangalore,cybercrime,2024,06-04-2024 02:14,2024-04-05 18:00:00,15
Bangalore,domestic violence,2024,06-04-2024 22:57,2024-04-06 12:00:00,17
Bangalore,arson,2024,07-04-2024 00:36,2024-04-06 17:00:00,9
Bangalore,shoplifting,2024,06-04-2024 21:30,2024-04-06 18:00:00,1
Bangalore,drug offense,2024,07-04-2024 11:47,2024-04-06 21:00:00,6
Bangalore,identity theft,2024,08-04-2024 15:06,2024-04-08 08:00:00,9
Bangalore,public intoxication,2024,09-04-2024 03:09,2024-04-09 01:00:00,16
Bangalore,traffic violation,2024,09-04-2024 11:15,2024-04-09 11:00:00,2
Bangalore,traffic violation,2024,10-04-2024 15:11,2024-04-09 16:00:00,15
Bangalore,cybercrime,2024,10-04-2024 01:09,2024-04-09 21:00:00,3
Bangalore,counterfeiting,2024,10-04-2024 12:11,2024-04-10 00:00:00,17
Bangalore,domestic violence,2024,10-04-2024 21:11,2024-04-10 14:00:00,5
Bangalore,kidnapping,2024,11-04-2024 07:18,2024-04-10 20:00:00,9
Bangalore,counterfeiting,2024,11-04-2024 09:55,2024-04-11 03:00:00,2
Bangalore,extortion,2024,11-04-2024 19:54,2024-04-11 18:00:00,2
Bangalore,extortion,2024,12-04-2024 12:30,2024-04-12 02:00:00,14
Bangalore,drug offense,2024,12-04-2024 22:14,2024-04-12 10:00:00,12
Bangalore,vandalism,2024,12-04-2024 22:30,2024-04-12 18:00:00,16
Bangalore,assault,2024,13-04-2024 11:42,2024-04-13 03:00:00,18
Bangalore,identity theft,2024,14-04-2024 17:49,2024-04-13 21:00:00,9
Bangalore,traffic violation,2024,14-04-2024 13:15,2024-04-14 03:00:00,5
Bangalore,firearm offense,2024,14-04-2024 14:30,2024-04-14 10:00:00,13
Bangalore,sexual assault,2024,14-04-2024 22:36,2024-04-14 19:00:00,2
Bangalore,counterfeiting,2024,16-04-2024 19:41,2024-04-16 01:00:00,2
Bangalore,counterfeiting,2024,16-04-2024 15:31,2024-04-16 04:00:00,19
Bangalore,counterfeiting,2024,18-04-2024 09:40,2024-04-17 15:00:00,15
Bangalore,vandalism,2024,18-04-2024 08:54,2024-04-18 00:00:00,19
Bangalore,shoplifting,2024,19-04-2024 22:23,2024-04-19 02:00:00,11
Bangalore,vandalism,2024,19-04-2024 18:43,2024-04-19 07:00:00,16
Bangalore,drug offense,2024,20-04-2024 06:08,2024-04-19 18:00:00,12
Bangalore,vandalism,2024,21-04-2024 01:48,2024-04-20 02:00:00,9
Bangalore,illegal possession,2024,20-04-2024 20:50,2024-04-20 05:00:00,4
Bangalore,robbery,2024,20-04-2024 15:25,2024-04-20 10:00:00,12
Bangalore,burglary,2024,21-04-2024 14:39,2024-04-20 22:00:00,17
Bangalore,firearm offense,2024,22-04-2024 01:21,2024-04-21 03:00:00,13
Bangalore,firearm offense,2024,21-04-2024 21:27,2024-04-21 06:00:00,8
Bangalore,drug offense,2024,21-04-2024 21:37,2024-04-21 07:00:00,9
Bangalore,extortion,2024,22-04-2024 11:04,2024-04-21 15:00:00,19
Bangalore,drug offense,2024,22-04-2024 21:30,2024-04-22 05:00:00,14
Bangalore,sexual assault,2024,22-04-2024 18:01,2024-04-22 16:00:00,6
Bangalore,shoplifting,2024,23-04-2024 01:33,2024-04-22 20:00:00,4
Bangalore,illegal possession,2024,23-04-2024 06:50,2024-04-23 01:00:00,6
Bangalore,illegal possession,2024,23-04-2024 19:07,2024-04-23 09:00:00,3
Bangalore,homicide,2024,25-04-2024 10:02,2024-04-24 19:00:00,1
Bangalore,traffic violation,2024,25-04-2024 15:24,2024-04-25 09:00:00,14
Bangalore,shoplifting,2024,26-04-2024 03:26,2024-04-25 22:00:00,3
Bangalore,shoplifting,2024,26-04-2024 20:13,2024-04-26 07:00:00,2
Bangalore,kidnapping,2024,27-04-2024 10:43,2024-04-26 13:00:00,6
Bangalore,cybercrime,2024,29-04-2024 02:21,2024-04-28 05:00:00,9
Bangalore,extortion,2024,29-04-2024 07:49,2024-04-28 18:00:00,15
Bangalore,robbery,2024,29-04-2024 09:58,2024-04-29 06:00:00,19
Bangalore,robbery,2024,29-04-2024 17:01,2024-04-29 08:00:00,3
Bangalore,extortion,2024,30-04-2024 10:21,2024-04-29 14:00:00,4
Bangalore,drug offense,2024,30-04-2024 20:01,2024-04-30 09:00:00,11
Bangalore,public intoxication,2024,30-04-2024 16:49,2024-04-30 16:00:00,3
Bangalore,robbery,2024,01-05-2024 11:40,2024-04-30 20:00:00,6
Bangalore,burglary,2024,02-05-2024 17:25,2024-05-02 02:00:00,17
Bangalore,assault,2024,02-05-2024 14:40,2024-05-02 03:00:00,9
Bangalore,firearm offense,2024,03-05-2024 11:07,2024-05-02 16:00:00,1
Bangalore,robbery,2024,03-05-2024 22:13,2024-05-03 00:00:00,7
Bangalore,cybercrime,2024,03-05-2024 08:31,2024-05-03 01:00:00,17
Bangalore,illegal possession,2024,04-05-2024 12:02,2024-05-03 13:00:00,11
Bangalore,identity theft,2024,04-05-2024 07:35,2024-05-03 19:00:00,7
Bangalore,traffic violation,2024,05-05-2024 08:55,2024-05-04 17:00:00,13
Bangalore,kidnapping,2024,05-05-2024 12:53,2024-05-04 23:00:00,8
Bangalore,illegal possession,2024,05-05-2024 20:15,2024-05-05 20:00:00,4
Bangalore,homicide,2024,07-05-2024 00:33,2024-05-06 01:00:00,11
Bangalore,drug offense,2024,07-05-2024 14:23,2024-05-07 03:00:00,6
Bangalore,vandalism,2024,07-05-2024 09:09,2024-05-07 09:00:00,5
Bangalore,vandalism,2024,08-05-2024 10:18,2024-05-08 01:00:00,5
Bangalore,counterfeiting,2024,10-05-2024 06:32,2024-05-09 07:00:00,3
Bangalore,identity theft,2024,11-05-2024 02:08,2024-05-10 12:00:00,9
Bangalore,sexual assault,2024,11-05-2024 14:52,2024-05-11 08:00:00,15
Bangalore,homicide,2024,12-05-2024 07:03,2024-05-11 10:00:00,2
Bangalore,assault,2024,12-05-2024 07:39,2024-05-11 15:00:00,17
Bangalore,assault,2024,11-05-2024 16:00,2024-05-11 16:00:00,11
Bangalore,assault,2024,12-05-2024 11:02,2024-05-12 06:00:00,1
Bangalore,illegal possession,2024,13-05-2024 01:55,2024-05-12 09:00:00,5
Bangalore,extortion,2024,13-05-2024 16:23,2024-05-12 18:00:00,12
Bangalore,arson,2024,12-05-2024 23:24,2024-05-12 19:00:00,17
Bangalore,fraud,2024,13-05-2024 12:48,2024-05-13 08:00:00,16
Bangalore,shoplifting,2024,13-05-2024 12:41,2024-05-13 09:00:00,5
Bangalore,assault,2024,13-05-2024 14:36,2024-05-13 13:00:00,2
Bangalore,vehicle - stolen,2024,14-05-2024 12:49,2024-05-13 18:00:00,16
Bangalore,illegal possession,2024,14-05-2024 21:38,2024-05-14 03:00:00,18
Bangalore,extortion,2024,14-05-2024 09:25,2024-05-14 08:00:00,17
Bangalore,homicide,2024,15-05-2024 06:38,2024-05-14 16:00:00,2
Bangalore,vandalism,2024,15-05-2024 13:01,2024-05-14 17:00:00,1
Bangalore,kidnapping,2024,15-05-2024 01:28,2024-05-15 01:00:00,2
Bangalore,traffic violation,2024,16-05-2024 05:13,2024-05-15 09:00:00,11
Bangalore,domestic violence,2024,16-05-2024 17:47,2024-05-16 16:00:00,4
Bangalore,illegal possession,2024,17-05-2024 14:45,2024-05-16 17:00:00,15
Bangalore,sexual assault,2024,17-05-2024 00:32,2024-05-16 22:00:00,12
Bangalore,homicide,2024,17-05-2024 16:47,2024-05-17 12:00:00,12
Bangalore,homicide,2024,19-05-2024 02:38,2024-05-18 06:00:00,11
Bangalore,extortion,2024,19-05-2024 08:20,2024-05-18 17:00:00,4
Bangalore,assault,2024,19-05-2024 22:43,2024-05-19 04:00:00,1
Bangalore,counterfeiting,2024,20-05-2024 08:52,2024-05-19 22:00:00,7
Bangalore,illegal possession,2024,20-05-2024 17:19,2024-05-20 01:00:00,3
Bangalore,assault,2024,21-05-2024 04:52,2024-05-20 22:00:00,17
Bangalore,robbery,2024,21-05-2024 16:46,2024-05-21 03:00:00,6
Bangalore,sexual assault,2024,21-05-2024 17:06,2024-05-21 08:00:00,2
Bangalore,extortion,2024,22-05-2024 05:46,2024-05-22 01:00:00,17
Bangalore,sexual assault,2024,23-05-2024 08:06,2024-05-22 17:00:00,2
Bangalore,traffic violation,2024,23-05-2024 12:26,2024-05-23 09:00:00,1
Bangalore,sexual assault,2024,23-05-2024 23:58,2024-05-23 21:00:00,19
Bangalore,arson,2024,24-05-2024 11:09,2024-05-23 22:00:00,10
Bangalore,identity theft,2024,24-05-2024 11:17,2024-05-24 09:00:00,13
Bangalore,homicide,2024,25-05-2024 04:42,2024-05-24 11:00:00,9
Bangalore,identity theft,2024,25-05-2024 22:53,2024-05-25 02:00:00,1
Bangalore,firearm offense,2024,25-05-2024 13:26,2024-05-25 12:00:00,6
Bangalore,traffic violation,2024,26-05-2024 23:43,2024-05-26 22:00:00,7
Bangalore,shoplifting,2024,28-05-2024 05:07,2024-05-27 08:00:00,19
Bangalore,traffic violation,2024,27-05-2024 18:28,2024-05-27 16:00:00,19
Bangalore,homicide,2024,28-05-2024 22:04,2024-05-28 15:00:00,3
Bangalore,traffic violation,2024,30-05-2024 13:28,2024-05-30 10:00:00,19
Bangalore,sexual assault,2024,31-05-2024 14:34,2024-05-30 18:00:00,5
Bangalore,firearm offense,2024,02-06-2024 14:38,2024-06-01 19:00:00,4
Bangalore,burglary,2024,03-06-2024 00:36,2024-06-02 03:00:00,4
Bangalore,robbery,2024,03-06-2024 04:03,2024-06-02 13:00:00,3
Bangalore,identity theft,2024,03-06-2024 00:58,2024-06-02 14:00:00,5
Bangalore,firearm offense,2024,03-06-2024 11:38,2024-06-02 16:00:00,14
Bangalore,burglary,2024,03-06-2024 18:43,2024-06-03 18:00:00,15
Bangalore,sexual assault,2024,05-06-2024 06:35,2024-06-05 02:00:00,19
Bangalore,illegal possession,2024,06-06-2024 09:54,2024-06-05 11:00:00,2
Bangalore,domestic violence,2024,07-06-2024 22:51,2024-06-07 01:00:00,9
Bangalore,burglary,2024,08-06-2024 12:01,2024-06-07 21:00:00,17
Bangalore,extortion,2024,09-06-2024 00:55,2024-06-08 01:00:00,16
Bangalore,assault,2024,08-06-2024 10:04,2024-06-08 09:00:00,14
Bangalore,homicide,2024,10-06-2024 21:06,2024-06-10 18:00:00,18
Bangalore,assault,2024,11-06-2024 09:31,2024-06-11 01:00:00,18
Bangalore,traffic violation,2024,11-06-2024 20:42,2024-06-11 20:00:00,11
Bangalore,traffic violation,2024,14-06-2024 04:16,2024-06-13 19:00:00,19
Bangalore,domestic violence,2024,14-06-2024 13:50,2024-06-13 21:00:00,7
Bangalore,counterfeiting,2024,14-06-2024 07:25,2024-06-14 02:00:00,18
Bangalore,kidnapping,2024,15-06-2024 14:32,2024-06-15 02:00:00,5
Bangalore,burglary,2024,16-06-2024 04:22,2024-06-15 08:00:00,12
Bangalore,extortion,2024,16-06-2024 18:41,2024-06-16 00:00:00,15
Bangalore,cybercrime,2024,16-06-2024 09:43,2024-06-16 07:00:00,14
Bangalore,arson,2024,17-06-2024 07:16,2024-06-16 21:00:00,8
Bangalore,kidnapping,2024,17-06-2024 15:06,2024-06-17 08:00:00,13
Bangalore,assault,2024,18-06-2024 08:19,2024-06-17 10:00:00,15
Bangalore,cybercrime,2024,18-06-2024 17:51,2024-06-18 01:00:00,3
Bangalore,identity theft,2024,19-06-2024 08:12,2024-06-19 07:00:00,5
Bangalore,fraud,2024,20-06-2024 08:53,2024-06-19 16:00:00,17
Bangalore,illegal possession,2024,20-06-2024 14:31,2024-06-20 03:00:00,2
Bangalore,homicide,2024,20-06-2024 14:58,2024-06-20 10:00:00,13
Bangalore,counterfeiting,2024,20-06-2024 13:05,2024-06-20 11:00:00,18
Bangalore,shoplifting,2024,20-06-2024 22:41,2024-06-20 13:00:00,1
Bangalore,counterfeiting,2024,22-06-2024 03:57,2024-06-22 03:00:00,14
Bangalore,illegal possession,2024,22-06-2024 19:53,2024-06-22 17:00:00,5
Bangalore,extortion,2024,23-06-2024 14:32,2024-06-22 22:00:00,15
Bangalore,drug offense,2024,23-06-2024 00:07,2024-06-22 23:00:00,3
Bangalore,shoplifting,2024,23-06-2024 08:47,2024-06-23 04:00:00,13
Bangalore,counterfeiting,2024,25-06-2024 09:45,2024-06-24 20:00:00,14
Bangalore,homicide,2024,25-06-2024 13:49,2024-06-24 22:00:00,15
Bangalore,vehicle - stolen,2024,25-06-2024 17:44,2024-06-25 01:00:00,14
Bangalore,assault,2024,25-06-2024 09:34,2024-06-25 07:00:00,8
Bangalore,arson,2024,26-06-2024 20:32,2024-06-26 08:00:00,3
Bangalore,drug offense,2024,26-06-2024 23:34,2024-06-26 11:00:00,12
Bangalore,fraud,2024,27-06-2024 05:08,2024-06-26 18:00:00,11
Bangalore,arson,2024,27-06-2024 20:26,2024-06-27 03:00:00,8
Bangalore,vehicle - stolen,2024,28-06-2024 05:16,2024-06-27 09:00:00,4
Bangalore,vehicle - stolen,2024,29-06-2024 08:55,2024-06-28 13:00:00,4
Bangalore,counterfeiting,2024,28-06-2024 22:50,2024-06-28 17:00:00,13
Bangalore,firearm offense,2024,29-06-2024 17:47,2024-06-29 05:00:00,6
Bangalore,extortion,2024,30-06-2024 00:44,2024-06-29 19:00:00,1
Bangalore,traffic violation,2024,30-06-2024 16:55,2024-06-30 03:00:00,17
Bangalore,traffic violation,2024,30-06-2024 22:24,2024-06-30 04:00:00,14
Bangalore,counterfeiting,2024,30-06-2024 17:59,2024-06-30 16:00:00,2
Bangalore,domestic violence,2024,01-07-2024 16:16,2024-06-30 22:00:00,16
Bangalore,burglary,2024,01-07-2024 17:53,2024-07-01 02:00:00,17
Bangalore,cybercrime,2024,01-07-2024 11:06,2024-07-01 07:00:00,11
Bangalore,fraud,2024,02-07-2024 03:27,2024-07-01 17:00:00,14
Bangalore,extortion,2024,02-07-2024 19:06,2024-07-02 09:00:00,2
Bangalore,traffic violation,2024,03-07-2024 07:25,2024-07-02 15:00:00,1
Bangalore,kidnapping,2024,03-07-2024 11:58,2024-07-02 22:00:00,18
Bangalore,firearm offense,2024,03-07-2024 20:17,2024-07-03 06:00:00,1
Bangalore,domestic violence,2024,05-07-2024 01:41,2024-07-04 04:00:00,19
Bangalore,traffic violation,2024,05-07-2024 01:32,2024-07-05 01:00:00,10
Bangalore,cybercrime,2024,06-07-2024 19:42,2024-07-06 18:00:00,1
Bangalore,identity theft,2024,08-07-2024 03:59,2024-07-07 11:00:00,9
Bangalore,identity theft,2024,08-07-2024 05:10,2024-07-07 18:00:00,11
Bangalore,domestic violence,2024,08-07-2024 17:38,2024-07-08 00:00:00,3
Bangalore,robbery,2024,08-07-2024 07:01,2024-07-08 05:00:00,17
Bangalore,domestic violence,2024,08-07-2024 21:09,2024-07-08 08:00:00,11
Bangalore,burglary,2024,09-07-2024 07:43,2024-07-08 18:00:00,8
Bangalore,domestic violence,2024,09-07-2024 20:44,2024-07-08 21:00:00,2
Bangalore,counterfeiting,2024,09-07-2024 22:58,2024-07-09 04:00:00,8
Bangalore,shoplifting,2024,09-07-2024 18:42,2024-07-09 09:00:00,13
Bangalore,kidnapping,2024,10-07-2024 03:24,2024-07-09 11:00:00,1
Bangalore,domestic violence,2024,10-07-2024 02:01,2024-07-10 00:00:00,2
Bangalore,firearm offense,2024,10-07-2024 04:18,2024-07-10 02:00:00,14
Bangalore,burglary,2024,10-07-2024 20:38,2024-07-10 10:00:00,5
Bangalore,shoplifting,2024,11-07-2024 10:04,2024-07-10 19:00:00,1
Bangalore,identity theft,2024,11-07-2024 14:44,2024-07-10 21:00:00,1
Bangalore,traffic violation,2024,11-07-2024 19:33,2024-07-11 06:00:00,10
Bangalore,robbery,2024,11-07-2024 20:30,2024-07-11 08:00:00,14
Bangalore,shoplifting,2024,12-07-2024 08:57,2024-07-11 15:00:00,17
Bangalore,traffic violation,2024,12-07-2024 05:26,2024-07-11 19:00:00,6
Bangalore,shoplifting,2024,13-07-2024 18:02,2024-07-12 20:00:00,11
Bangalore,traffic violation,2024,14-07-2024 03:53,2024-07-13 18:00:00,12
Bangalore,kidnapping,2024,14-07-2024 16:12,2024-07-14 05:00:00,10
Bangalore,counterfeiting,2024,14-07-2024 17:58,2024-07-14 09:00:00,16
Bangalore,drug offense,2024,15-07-2024 06:55,2024-07-14 11:00:00,19
Bangalore,identity theft,2024,15-07-2024 04:29,2024-07-14 17:00:00,3
Bangalore,shoplifting,2024,16-07-2024 03:19,2024-07-15 09:00:00,2
Bangalore,public intoxication,2024,16-07-2024 21:12,2024-07-16 02:00:00,3
Bangalore,robbery,2024,17-07-2024 00:21,2024-07-16 06:00:00,17
Bangalore,firearm offense,2024,16-07-2024 20:25,2024-07-16 07:00:00,5
Bangalore,public intoxication,2024,17-07-2024 02:02,2024-07-16 08:00:00,18
Bangalore,counterfeiting,2024,17-07-2024 06:32,2024-07-16 09:00:00,16
Bangalore,vandalism,2024,17-07-2024 01:30,2024-07-16 19:00:00,2
Bangalore,public intoxication,2024,17-07-2024 12:05,2024-07-16 21:00:00,17
Bangalore,vandalism,2024,17-07-2024 01:28,2024-07-17 00:00:00,7
Bangalore,traffic violation,2024,17-07-2024 12:38,2024-07-17 05:00:00,11
Bangalore,traffic violation,2024,18-07-2024 13:43,2024-07-17 17:00:00,11
Bangalore,extortion,2024,19-07-2024 06:36,2024-07-18 16:00:00,15
Bangalore,sexual assault,2024,19-07-2024 21:12,2024-07-18 23:00:00,4
Bangalore,domestic violence,2024,20-07-2024 20:20,2024-07-20 20:00:00,5
Bangalore,counterfeiting,2024,21-07-2024 20:27,2024-07-21 05:00:00,12
Bangalore,counterfeiting,2024,23-07-2024 08:09,2024-07-23 01:00:00,14
Bangalore,kidnapping,2024,23-07-2024 21:13,2024-07-23 02:00:00,8
Bangalore,homicide,2024,23-07-2024 19:43,2024-07-23 10:00:00,2
Bangalore,kidnapping,2024,23-07-2024 22:43,2024-07-23 11:00:00,4
Bangalore,extortion,2024,24-07-2024 04:57,2024-07-23 13:00:00,6
Bangalore,kidnapping,2024,24-07-2024 11:00,2024-07-23 20:00:00,9
Bangalore,robbery,2024,24-07-2024 03:11,2024-07-24 01:00:00,15
Bangalore,cybercrime,2024,24-07-2024 02:22,2024-07-24 02:00:00,4
Bangalore,fraud,2024,25-07-2024 05:03,2024-07-24 16:00:00,5
Bangalore,kidnapping,2024,25-07-2024 08:16,2024-07-24 19:00:00,13
Bangalore,traffic violation,2024,25-07-2024 11:06,2024-07-25 07:00:00,16
Bangalore,shoplifting,2024,26-07-2024 02:11,2024-07-25 17:00:00,4
Bangalore,homicide,2024,26-07-2024 18:25,2024-07-26 01:00:00,12
Bangalore,homicide,2024,27-07-2024 21:40,2024-07-27 06:00:00,11
Bangalore,drug offense,2024,28-07-2024 01:41,2024-07-27 11:00:00,1
Bangalore,homicide,2024,27-07-2024 19:41,2024-07-27 15:00:00,4
Bangalore,extortion,2024,28-07-2024 03:33,2024-07-27 17:00:00,10
Bangalore,traffic violation,2024,28-07-2024 19:30,2024-07-27 22:00:00,2
Bangalore,sexual assault,2024,28-07-2024 00:30,2024-07-27 23:00:00,9
Bangalore,identity theft,2024,28-07-2024 21:38,2024-07-28 19:00:00,18
Bangalore,shoplifting,2024,29-07-2024 10:21,2024-07-28 20:00:00,5
Bangalore,shoplifting,2024,29-07-2024 19:29,2024-07-29 02:00:00,4
Bangalore,burglary,2024,29-07-2024 16:53,2024-07-29 04:00:00,17
Bangalore,counterfeiting,2024,30-07-2024 01:31,2024-07-29 10:00:00,8
Bangalore,sexual assault,2024,30-07-2024 08:25,2024-07-29 14:00:00,13
Bangalore,drug offense,2024,30-07-2024 05:22,2024-07-29 17:00:00,16
Bangalore,homicide,2024,30-07-2024 11:02,2024-07-29 20:00:00,7
Bangalore,homicide,2024,30-07-2024 18:02,2024-07-30 08:00:00,1
Bangalore,vandalism,2024,31-07-2024 01:51,2024-07-30 15:00:00,11
