Name,Latitude,Longitude,OBJECTID,DepartmentCode,KGISVillageID,KGISCode,KGISPOL_STAID,POL_STAName,KGISPSCode
,15.1377060002966,76.9029290003413,1,164450334,5007,29565055008031140000HMPOLPUOFFPOS0001,1,Cowlbazar PS,PS - 01
,15.1381910002788,76.926339999684,2,164450333,5007,29565055008031140000HMPOLPUOFFPOS0002,2,Bruceept PS,PS - 02
,15.1453570003326,76.9310599996091,3,164450335,5007,29565055008031140000HMPOLPUOFFPOS0003,3,Gandhinagar PS,PS - 03
,15.2415620004472,77.0592210003737,4,164450342,5077,29565055006048970000HMPOLPUOFFPOS0001,4,Moka PS,PS - 04
,15.1431280002221,77.0521400001877,5,164450339,5098,29565055006049420000HMPOLPUOFFPOS0001,5,P.D. Halli PS,PS - 05
,15.6383359999,76.8997300001426,6,164450347,5472,29565054998031120000HMPOLPUOFFPOS0001,6,Siruguppa PS,PS - 06
,15.7909469995702,76.9873140001969,7,164450348,5419,29565054996048130000HMPOLPUOFFPOS0001,7,Hatcholli PS,PS - 07
,15.5376800002708,76.8809819995407,8,164450344,5494,29565054998031130000HMPOLPUOFFPOS0001,8,Tekkalkota PS,PS - 08
,15.4412980001563,76.8388910003465,9,164450346,5493,29565054996047870000HMPOLPUOFFPOS0001,9,Sirigeri PS,PS - 09
,15.3442250003186,76.8353150001382,10,164450343,5049,29565055006048700000HMPOLPUOFFPOS0001,10,Kurugodu PS,PS - 10
,15.209600000279,76.7624249995869,11,164451893,5048,29565055006048750000HMPOLPUOFFPOS0001,11,Kuduthini PS,PS - 11
,15.2739760001909,76.3884730002556,12,169860351,5247,29565054988031090000HMPOLPUOFFPOS0001,12,Hospet Town PS,PS - 12
,15.1259780002526,76.3884730002258,13,169860361,5233,29565054986047060000HMPOLPUOFFPOS0001,13,Chittavadagi PS,PS - 13
,15.2748960003868,76.3873469999333,14,169860356,5247,29565054988031090000HMPOLPUOFFPOS0002,14,Hospet Rural PS,PS - 14
,15.4061029998115,76.5991309997471,15,164450357,5310,29565054988031110000HMPOLPUOFFPOS0001,15,Kampli PS,PS - 15
,15.3029210002127,76.478884000259,16,169860360,5284,29565054988031100000HMPOLPUOFFPOS0001,16,Kamalapur PS,PS - 16
,15.0535769998729,76.209130999782,17,169861505,5170,29565054976046750000HMPOLPUOFFPOS0001,17,Hagaribommanahalli PS,PS - 17
,15.1647319998623,76.1506500003324,18,169861506,5219,29565054976046530000HMPOLPUOFFPOS0001,18,TB Halli PS,PS - 18
,15.0184379998042,75.9357679997858,19,"169861507
",5137,29565054968031080000HMPOLPUOFFPOS0001,19,Hadagali PS,PS - 19
,14.9282249999518,75.8313969997665,20,169861509,5116,29565054966045890000HMPOLPUOFFPOS0001,20,Hirehadagali PS,PS - 20
,14.9527650003999,76.0924009996279,21,169861508,5158,29565054966046390000HMPOLPUOFFPOS0001,21,Itagi PS,PS - 21
,15.0834649996859,76.5437170004188,22,164450366,5540,29565055018031150000HMPOLPUOFFPOS0001,22,Sandur PS,PS - 22
,15.1927131250549,76.6720560505915,23,164450364,5583,29565055016050160000HMPOLPUOFFPOS0001,23,Thoranagal PS,PS - 23
,15.2263190003763,76.5887689997062,24,164450362,5274,29565054986047450000HMPOLPUOFFPOS0001,24,Gadiganur PS,PS - 24
,15.1520610002332,76.3513530002323,25,169860365,5232,29565054986047040000HMPOLPUOFFPOS0001,25,Marriyammanahalli PS,PS - 25
,14.9070309997856,76.3896460001752,26,169861501,5403,29565055028031160000HMPOLPUOFFPOS0001,26,Kudligi PS,PS - 26
,14.8323320000539,76.62823899992,27,"169861502
",5329,29565055026050920000HMPOLPUOFFPOS0001,27,Gudekota PS,PS - 27
,14.8287199999405,76.2269109997217,28,169861503,5388,29565055028031170000HMPOLPUOFFPOS0001,28,Kottur PS,PS - 28
,14.6486680000664,76.4664640000314,29,169861504,5356,29565055026051260000HMPOLPUOFFPOS0001,29,Hosahalli PS,PS - 29
,15.1444889998702,76.9250640002023,30,164450338,5007,29565055008031140000HMPOLPUOFFPOS0004,30,Ballari Rural PS,PS - 30
,15.4261110001564,76.5297200001054,31,164681171,7956,29560054668030720000HMPOLPUOFFPOS0001,31,Gangavathi Rural PS,PS - 31
,15.5723569997622,76.4237390000924,32,164681173,8004,29560054666015800000HMPOLPUOFFPOS0001,32,Kanakagiri PS,PS - 32
,15.6005919997517,76.6579839996317,33,164681172,8023,29560054666016810000HMPOLPUOFFPOS0001,33,Karatagi PS,PS - 33
,15.4258829997704,76.5301870003278,34,164681168,7956,29560054668030720000HMPOLPUOFFPOS0002,34,Gangavathi Town PS,PS - 34
,15.8727720001468,76.0476199999866,35,164681177,8308,29560054656014350000HMPOLPUOFFPOS0001,35,Hanumasagar PS,PS - 35
,15.7548799996807,76.1935009996338,36,164681176,31723,29560054658030710000HMPOLPUOFFPOS0001,36,Kushtagi PS,PS - 36
,15.7700490003593,76.4043049999318,37,164681178,8424,29560054656015320000HMPOLPUOFFPOS0001,37,Tavaregera PS,PS - 37
,15.2316289997451,75.990564999943,38,164681160,8127,29560054676017400000HMPOLPUOFFPOS0001,39,Alwandi PS,PS - 39
,15.348638999923,76.1504849998026,39,164681159,8238,29560054678030730000HMPOLPUOFFPOS0002,40,Koppal Rural PS,PS - 40
,15.2795749997392,76.3218519999859,40,164681162,8154,29560054676018600000HMPOLPUOFFPOS0001,41,Munirabad PS,PS - 41
,15.3488340004166,76.1507120001416,41,164681158,8238,29560054678030730000HMPOLPUOFFPOS0003,42,Koppal Town PS,PS - 42
,15.4926200001522,75.9915140000343,42,164681164,8488,29560054646013480000HMPOLPUOFFPOS0001,43,Kuknoor PS,PS - 43
,15.613321000093,76.0122100001865,43,164681163,8571,29560054648030700000HMPOLPUOFFPOS0001,44,Yelburga PS,PS - 44
,16.4150025003166,76.9287049998064,44,164610992,31763,29559054606006100000HMPOLPUOFFPOS0001,45,Devadurga PS,PS - 45
,16.2960855001534,77.1609118001156,45,164610994,3673,29559054606006700000HMPOLPUOFFPOS0001,46,Gabbur PS,PS - 46
,16.3651088137999,76.7834533840468,46,164610993,3731,29559054606005490000HMPOLPUOFFPOS0001,47,Jalhalli PS,PS - 47
,16.1945603996517,76.6555622002157,47,164610988,3776,29559054598030650000HMPOLPUOFFPOS0001,48,Hutti PS,PS - 48
,16.1583934999438,76.5224648999924,48,164610985,3835,29559054598030640000HMPOLPUOFFPOS0001,49,Lingasugur PS,PS - 49
,15.9537920995979,76.6540675001917,49,164610989,3876,29559054596005200000HMPOLPUOFFPOS0001,50,Maski PS,PS - 50
,16.0122467995676,76.4419758997177,50,164610990,3930,29559054596003670000HMPOLPUOFFPOS0001,51,Mudgal PS,PS - 51
,16.2005672001816,77.3697941996058,51,164610962,4237,29559054618030670000HMPOLPUOFFPOS0001,52,Netajinagar PS,PS - 52
,16.2026200999877,77.356027800299,52,164610961,4237,29559054618030670000HMPOLPUOFFPOS0002,53,Sadar Bazar PS,PS - 53
,16.2026200999877,77.356027800299,53,164612124,4237,29559054618030670000HMPOLPUOFFPOS0003,54,Raichur Women PS,PS - 54
,16.219874700226,77.3552738002094,54,164610963,4237,29559054618030670000HMPOLPUOFFPOS0004,55,Raichur Rural PS,PS - 55
,16.370844899622,77.3533134002243,55,164610965,4140,29559054616008840000HMPOLPUOFFPOS0001,56,Shakti Nagar PS,PS - 56
,16.2962598997579,77.5251081003069,56,164610966,4137,29559054616007630000HMPOLPUOFFPOS0001,57,Yapaladinni PS,PS - 57
,16.2161506997865,77.3606764001082,57,164610972,4237,29559054618030670000HMPOLPUOFFPOS0005,58,Market Yard PS,PS - 58
,16.1951229000377,77.3428321998381,58,164610971,31785,29559054618030670000HMPOLPUOFFPOS0006,59,Raichur West PS,PS - 59
,16.0042257997102,77.4621637999182,59,164610970,4177,29559054616008800000HMPOLPUOFFPOS0001,60,Idapanur PS,PS - 60
,16.073025500058,77.4142756004306,60,164610967,4273,29559054616008430000HMPOLPUOFFPOS0001,61,Yeregera PS,PS - 61
,16.0872856002399,76.8144297999196,61,164610984,4016,29559054626009410000HMPOLPUOFFPOS0001,62,Kowthal PS,PS - 62
,15.9938995995581,77.0479908002105,62,164610981,4065,29559054626010180000HMPOLPUOFFPOS0001,63,Manvi PS,PS - 63
,16.175903599613,77.0159706997364,63,164610983,4109,29559054626009670000HMPOLPUOFFPOS0001,64,Sirwar PS,PS - 64
,15.9553054000286,76.749950399616,64,164610980,4289,29559054636011350000HMPOLPUOFFPOS0001,65,Balagaor PS,PS - 65
,15.7866682997685,76.7695212001342,65,164610976,8652,29559054636011970000HMPOLPUOFFPOS0001,66,Sindanur Rural PS,PS - 66
,15.7681762000945,76.7561612004575,66,164610975,8652,29559054636011970000HMPOLPUOFFPOS0002,67,Sindhanur Town PS,PS - 67
,15.7587392999127,76.5965000004169,67,164610979,8672,29559054636010740000HMPOLPUOFFPOS0001,68,Turvihal PS,PS - 68
,15.7761522323095,74.6373274007038,68,169821456,883,29555054385977810000HMPOLPUOFFPOS0001,69,Bagewadi PS,PS - 69
,15.8331710002305,74.5145610002729,69,169820310,935,29555054388030330000HMPOLPUOFFPOS0001,70,Belagavi Rural PS,PS - 70
,15.9298600000182,74.5275059997213,70,169820311,973,29555054385977920000HMPOLPUOFFPOS0001,71,Kakati PS,PS - 71
,15.881446000451,74.6641959999116,71,169821457,907,29555054385977590000HMPOLPUOFFPOS0001,72,Marihal PS,PS - 72
,15.8547100001631,74.5045500000356,72,169820303,926,29555054388030340000HMPOLPUOFFPOS0001,73,Belagavi Camp PS,PS - 73
,15.8623789997161,74.5107350003864,73,169820301,926,29555054388030340000HMPOLPUOFFPOS0002,74,Khadebazar PS,PS - 74
,15.8359440002916,74.5015349995826,74,169820302,926,29555054388030340000HMPOLPUOFFPOS0003,75,Thilakwadi PS,PS - 75
,15.8206879996397,74.4914090001479,75,169821455,936,29555054388030330000HMPOLPUOFFPOS0002,76,Udyambag PS,PS - 76
,15.8577009658827,74.5058495227933,76,169821453,926,29555054388030340000HMPOLPUOFFPOS0004,77,Belagavi City Women PS,PS - 77
,15.8839949997159,74.5085170002766,77,169820298,1017,29555054385977940000HMPOLPUOFFPOS0001,78,APMC Yard PS,PS - 78
,15.8818603611202,74.5288709365525,78,169820297,926,29555054388030340000HMPOLPUOFFPOS0005,79,Malamaruthi PS,PS - 79
,15.8624710003501,74.5196670000549,79,169820292,926,29555054388030340000HMPOLPUOFFPOS0006,80,Belagavi Market PS,PS - 80
,15.8380890003073,74.5180130001751,80,169820296,939,29555054388030330000HMPOLPUOFFPOS0003,81,Shahapura PS,PS - 81
,12.9800298427157,77.5979641429556,81,164431398,30092,29572055428031620000HMPOLPUOFFPOS0003,84,Cubbon Park PS,PS - 84
,12.9773209692159,77.5886142885905,82,164431397,30092,29572055428031620000HMPOLPUOFFPOS0004,85,Vidhana Soudha PS,PS - 85
,12.951547000394,77.6222989999259,83,164431390,15151,29572055428031620000HMPOLPUOFFPOS0005,86,Viveknagar PS,PS - 86
,12.9679059997634,77.5867767998637,84,164431386,30092,29572055428031620000HMPOLPUOFFPOS0006,87,Halasurgate PS,PS - 87
,12.9630649998591,77.5921599999535,85,164431391,15150,29572055428031620000HMPOLPUOFFPOS0007,88,Sampangiramanagar PS,PS - 88
,12.9500430001231,77.5961980000424,86,164431388,15075,29572055428031620000HMPOLPUOFFPOS0008,89,Wilsongarden PS,PS - 89
,12.9899573531302,77.5927664453475,87,164431394,15087,29572055428031620000HMPOLPUOFFPOS0009,90,High Grounds PS,PS - 90
,13.0149094111584,77.5725447841245,88,164431396,15168,29572055428031620000HMPOLPUOFFPOS0010,91,Sadashivanagar PS,PS - 91
,12.9879292996002,77.5735902002227,89,164431393,30090,29572055428031620000HMPOLPUOFFPOS0011,92,Seshadripuram PS,PS - 92
,13.0014925000938,77.5786416004447,90,164431395,15161,29572055428031620000HMPOLPUOFFPOS0012,93,Vyalikaval PS,PS - 93
,13.0196345004026,77.6403087004,91,164431406,15124,29572055428031620000HMPOLPUOFFPOS0013,94,Banaswadi PS,PS - 94
,13.0093318996255,77.6103367001824,92,164431402,15088,29572055428031620000HMPOLPUOFFPOS0014,95,Devarajeevanahalli PS,PS - 95
,13.024142138905,77.6457466922352,93,164431408,21401,29572055428031620000HMPOLPUOFFPOS0015,96,Hennur PS,PS - 96
,13.0250519004078,77.6274595998832,94,164431407,15124,29572055428031620000HMPOLPUOFFPOS0016,97,Kadugondana Halli PS,PS - 97
,13.0121958894059,77.6676147006279,95,164431409,21404,29572055428031620000HMPOLPUOFFPOS0017,98,Ramamurthy Nagar PS,PS - 98
,12.99146656405,77.6568733672614,96,164431411,21387,29572055428031620000HMPOLPUOFFPOS0018,99,Byappanahalli PS,PS - 99
,12.9748128797954,77.6253330610102,97,164431410,30092,29572055428031620000HMPOLPUOFFPOS0019,100,Halasur PS,PS - 100
,12.9829857001463,77.638280000055,98,164431412,15118,29572055428031620000HMPOLPUOFFPOS0020,101,Indiranagar PS,PS - 101
,12.9676990004541,77.6553852996563,99,164431413,21477,29572055428031620000HMPOLPUOFFPOS0021,102,Jeevan Bheemanagar PS,PS - 102
,12.9912025002823,77.6120856003067,100,164431401,30092,29572055428031620000HMPOLPUOFFPOS0022,103,Bharathi Nagar PS,PS - 103
,12.9820757996245,77.6064306996423,101,164431400,30092,29572055428031620000HMPOLPUOFFPOS0023,104,Commercial Street PS,PS - 104
,12.9992725573424,77.6196531704426,102,164431399,15123,29572055428031620000HMPOLPUOFFPOS0024,105,Pulakeshinagar PS,PS - 105
,12.9855097999292,77.6052475001124,103,164431403,30092,29572055428031620000HMPOLPUOFFPOS0025,106,Shivajinagar PS,PS - 106
,16.0566130004213,75.9456940002023,104,164701245,349,29556054485990270000HMPOLPUOFFPOS0001,461,Amengad PS,PS - 461
,16.0666995998932,76.0603622998149,105,164701241,370,29556054485989420000HMPOLPUOFFPOS0001,462,Hungunda PS,PS - 462
,15.9656960002354,76.1116999999779,106,164701242,424,29556054488030500000HMPOLPUOFFPOS0001,463,Ilakal PS,PS - 463
,16.4954680004363,75.0563049998242,107,164701260,533,29556054435984030000HMPOLPUOFFPOS0001,465,Teradal PS,PS - 465
,16.3493239999889,75.6122530000353,108,164701263,281,29556054445984990000HMPOLPUOFFPOS0001,466,Bilagi PS,PS - 466
,16.5094629996778,75.2804450001517,109,164701251,497,29556054435984360000HMPOLPUOFFPOS0001,467,Jamakhandi Rural PS,PS - 467
,16.5105400002348,75.2806300003701,110,164701250,497,29556054435984360000HMPOLPUOFFPOS0002,468,Jamakhandi Town PS,PS - 468
,16.6725900002822,75.3465899995999,111,164701254,552,29556054435984570000HMPOLPUOFFPOS0001,469,Savalgi PS,PS - 469
,16.1628055563863,75.3671666668059,112,164701256,589,29556054455986150000HMPOLPUOFFPOS0001,470,Lokapur PS,PS - 470
,12.9283629998263,77.5905730004444,113,164431384,15680,29572055428031620000HMPOLPUOFFPOS0072,158,Tilak Nagar PS,PS - 158
,12.9605426996297,77.5670263999736,114,164431364,15081,29572055428031620000HMPOLPUOFFPOS0073,159,Chamarajpet PS,PS - 159
,12.964957672278,77.5761266577661,115,164431432,30092,29572055428031620000HMPOLPUOFFPOS0074,160,City Market PS,PS - 160
,12.9680170243514,77.5700979326779,116,164431417,30092,29572055428031620000HMPOLPUOFFPOS0075,161,Cottonpet PS,PS - 161
,12.9573704167974,77.5773576933696,117,164431431,30092,29572055428031620000HMPOLPUOFFPOS0076,162,Kalasipalya PS,PS - 162
,12.9744759561439,77.5748211347527,118,164431430,30092,29572055428031620000HMPOLPUOFFPOS0077,163,Upparpet PS,PS - 163
,12.5543489999296,77.4244669999111,119,169771338,29321,29584056088032400000HMPOLPUOFFPOS0001,235,Kanakapura Rural PS,PS - 235
,12.5466869996491,77.4226379999284,120,169771337,29321,29584056088032400000HMPOLPUOFFPOS0002,236,Kanakapura Town PS,PS - 236
,12.4356590001252,77.494987999852,121,169771339,29376,29584056086266090000HMPOLPUOFFPOS0001,237,Kodihalli PS,PS - 237
,13.1070760002698,77.1652650001427,122,169770276,29544,29584056056260460000HMPOLPUOFFPOS0001,238,Kudur PS,PS - 238
,12.8751639997321,77.4441459996032,123,169772003,15586,29572055436130620000HMPOLPUOFFPOS0001,239,Kumbalagudu PS,PS - 239
,12.5960290001818,77.1183139998371,124,169770285,29165,29584056076262280000HMPOLPUOFFPOS0001,240,M.K. Doddi PS,PS - 240
,12.955223999849,77.226469000388,125,169770275,29683,29584056058032370000HMPOLPUOFFPOS0001,241,Magadi PS,PS - 241
,12.7297119995962,77.2854290001578,126,169771344,29968,29584056068032380000HMPOLPUOFFPOS0003,243,Ramanagara Rural PS,PS - 243
,12.718978000031,77.2802889998055,127,169771341,29968,29584056068032380000HMPOLPUOFFPOS0004,244,Ramanagara Town PS,PS - 244
,12.7297692562778,77.2851269495464,128,169772208,29968,29584056068032380000HMPOLPUOFFPOS0005,245,Ramanagara Women PS,PS - 245
,12.4524269996001,77.3207669998468,129,169771340,29470,29584056086265260000HMPOLPUOFFPOS0001,246,Sathanuru PS,PS - 246
,12.9662440004315,77.4007709999584,130,169770277,15658,29572055436129790000HMPOLPUOFFPOS0001,247,Tavarekere PS,PS - 247
,13.4095833334318,76.6191166667985,131,164641652,14091,29571055326102140000HMPOLPUOFFPOS0001,248,Chikkanayakanahalli PS,PS - 248
,13.502821000084,76.4472850003111,132,164641801,14141,29571055326100470000HMPOLPUOFFPOS0001,249,Handanakere PS,PS - 249
,12.9966449997394,77.569587000137,133,164431357,30090,29572055428031620000HMPOLPUOFFPOS0026,107,Malleshwarm PS,PS - 107
,12.9899929995949,77.5650049998011,134,164431358,15481,29572055428031620000HMPOLPUOFFPOS0027,108,Srirampura PS,PS - 108
,13.0033419996475,77.5536799999682,135,164431361,15481,29572055428031620000HMPOLPUOFFPOS0028,109,Subramanya Nagar PS,PS - 109
,12.9946259998528,77.5542170001696,136,164431360,15481,29572055428031620000HMPOLPUOFFPOS0029,110,Rajajinagar PS,PS - 110
,13.017349999738,77.5135710004188,137,164431362,15483,29572055428031620000HMPOLPUOFFPOS0030,111,Rajgopal Nagar PS,PS - 111
,13.0123670002594,77.5367059999833,138,164431363,15369,29572055428031620000HMPOLPUOFFPOS0032,113,Nandini Layout PS,PS - 113
,13.018195000432,77.5580990000111,139,164430006,15480,29572055428031620000HMPOLPUOFFPOS0033,114,Yeshwanthapura PS,PS - 114
,13.023521263115,77.5499230793907,140,164431349,15480,29572055428031620000HMPOLPUOFFPOS0034,115,"RMC Yard PS, Yeshwanthpura",PS - 115
,13.0360401362993,77.5211640244163,141,164431350,15491,29572055428031620000HMPOLPUOFFPOS0035,116,Peenya PS,PS - 116
,13.0595489998628,77.5036570001419,142,164432195,15450,29572055428031620000HMPOLPUOFFPOS0036,117,Bagalgunte PS,PS - 117
,13.0721550001859,77.5299849997112,143,164431348,15449,29572055428031620000HMPOLPUOFFPOS0037,118,Gangammagudi PS,PS - 118
,13.0934310001467,77.489040000408,144,164430030,15311,29572055426128790000HMPOLPUOFFPOS0001,119,Soladevanahalli PS,PS - 119
,13.0486679996027,77.5495399998899,145,164430014,15469,29572055428031620000HMPOLPUOFFPOS0038,120,Jalahalli PS,PS - 120
,13.0055789999663,77.5935739997935,146,164431351,15141,29572055428031620000HMPOLPUOFFPOS0039,121,J.C. NagarPS,PS - 121
,13.0247279997493,77.5931990004551,147,164431352,15098,29572055428031620000HMPOLPUOFFPOS0040,122,R.T. Nagar PS,PS - 122
,13.0333540002619,77.5757999996612,148,164431353,15100,29572055428031620000HMPOLPUOFFPOS0041,123,Sanjay Nagara PS,PS - 123
,13.0383900002421,77.5896609998677,149,164431354,15112,29572055428031620000HMPOLPUOFFPOS0042,124,Hebbal PS,PS - 124
,13.1991489995673,77.7059880001317,150,164431820,20089,29583056039999990000HMPOLPUOFFPOS0001,125,BIAL PS,PS - 125
,13.1732849997572,77.6332139995524,151,164430268,15322,29572055426128970000HMPOLPUOFFPOS0001,126,Chikkajala PS,PS - 126
,13.2454360002925,77.7123860001372,152,164430266,20095,29583056038032350000HMPOLPUOFFPOS0001,127,Devanahalli PS,PS - 127
,13.0568580000581,77.5985649995896,153,164431818,15390,29572055428031620000HMPOLPUOFFPOS0043,128,Amruthahally PS,PS - 128
,13.0555134900539,77.6464059600349,154,164431875,21419,29572055428031620000HMPOLPUOFFPOS0044,129,Kothanur PS,PS - 129
,13.0753290001411,77.6333430004523,155,164431874,15426,29572055428031620000HMPOLPUOFFPOS0045,130,Sampigehalli PS,PS - 130
,13.0621039996126,77.5740659996586,156,164431873,15413,29572055428031620000HMPOLPUOFFPOS0046,131,Kodigehalli PS,PS - 131
,13.0999964496935,77.5838171135637,157,164431356,15447,29572055428031620000HMPOLPUOFFPOS0047,132,Yelahanka New Town PS,PS - 132
,13.0948982140093,77.594093907309,158,164431355,15447,29572055428031620000HMPOLPUOFFPOS0048,133,Yelahanka PS,PS - 133
,12.9292740000901,77.5679710003444,159,164431375,15721,29572055428031620000HMPOLPUOFFPOS0049,134,Banashankari PS,PS - 134
,12.9419994209918,77.5742406181053,160,164431376,30092,29572055428031620000HMPOLPUOFFPOS0050,135,Basavanagudi PS,PS - 135
,12.9285749996732,77.5813879997279,161,164431372,15720,29572055428031620000HMPOLPUOFFPOS0051,136,Jayanagar PS,PS - 136
,12.9118000000068,77.5876000003785,162,164431373,15707,29572055428031620000HMPOLPUOFFPOS0052,137,Jayaprakash Nagar PS,PS - 137
,12.9396290002763,77.5941780002841,163,164431385,15153,29572055428031620000HMPOLPUOFFPOS0053,138,Siddapura PS,PS - 138
,12.9290081004219,77.5678107000166,164,164431377,15721,29572055428031620000HMPOLPUOFFPOS0054,139,Basavanagudi Women PS,PS - 139
,12.8839319997207,77.56640799997,165,164432202,15703,29572055428031620000HMPOLPUOFFPOS0055,140,Konanakunte PS,PS - 140
,12.9053291296562,77.5632979997497,166,164431378,15696,29572055428031620000HMPOLPUOFFPOS0056,141,Kumaraswamy Layout PS,PS - 141
,12.9024027782159,77.5819750000366,167,164432203,15711,29572055428031620000HMPOLPUOFFPOS0057,142,Puttenahalli PS,PS - 142
,12.901203319357,77.5443170617634,168,164431379,15717,29572055428031620000HMPOLPUOFFPOS0058,143,Subramanyapura PS,PS - 143
,12.8690240001717,77.5362860003164,169,164431347,15713,29572055428031620000HMPOLPUOFFPOS0059,144,Thalaghattapura PS,PS - 144
,12.9596195803045,77.5722658495622,170,164431365,30092,29572055428031620000HMPOLPUOFFPOS0060,145,V.V. Puram PS,PS - 145
,12.9301162396181,77.560604590239,171,164431797,15698,29572055428031620000HMPOLPUOFFPOS0061,146,Channammanakere Achu Kattu PS,PS - 146
,12.9491600000604,77.5631800000979,172,164431367,15099,29572055428031620000HMPOLPUOFFPOS0062,147,Kempegowda Nagar PS,PS - 147
,12.9360000002911,77.5438999998846,173,164431368,15688,29572055428031620000HMPOLPUOFFPOS0063,148,Girinagar PS,PS - 148
,12.9056000003551,77.6415333333942,174,164432193,15549,29572055428031620000HMPOLPUOFFPOS0064,149,Bandepalya PS,PS - 149
,12.9764945003794,77.5127363002522,175,164432188,15488,29572055428031620000HMPOLPUOFFPOS0078,164,Annapoorneshwari Nagar PS,PS - 164
,12.9513964930184,77.5401247181361,176,164431418,15084,29572055428031620000HMPOLPUOFFPOS0079,165,Byatarayanapura PS,PS - 165
,12.9588991588048,77.5283954172681,177,164431420,15116,29572055428031620000HMPOLPUOFFPOS0080,166,Chandra Layout PS,PS - 166
,12.964081607397,77.5550759389811,178,164431421,15081,29572055428031620000HMPOLPUOFFPOS0081,167,Jagajeevanram Nagar PS,PS - 167
,12.9505529290118,77.5002666799548,179,164431422,15486,29572055428031620000HMPOLPUOFFPOS0082,168,Jnanabharathi PS,PS - 168
,12.9104775156184,77.4815711889913,180,164431423,15582,29572055428031620000HMPOLPUOFFPOS0083,169,Kengeri PS,PS - 169
,12.9128403426384,77.5206330486244,181,164431877,15570,29572055428031620000HMPOLPUOFFPOS0084,170,Rajarajeshwari Nagar PS,PS - 170
,12.9853070014035,77.542571994291,182,164431426,15470,29572055428031620000HMPOLPUOFFPOS0085,171,Basaveshwara Nagar PS,PS - 171
,12.9822236602558,77.5320189022735,183,164431428,15494,29572055428031620000HMPOLPUOFFPOS0086,172,Kamakshipalya PS,PS - 172
,12.9725125392007,77.5615773208425,184,164431427,15116,29572055428031620000HMPOLPUOFFPOS0087,173,Kempapura Agrahara PS,PS - 173
,12.9755660999865,77.5501698999891,185,164431425,15116,29572055428031620000HMPOLPUOFFPOS0088,174,Magadi Road PS,PS - 174
,12.9723502644423,77.538467437727,186,164431424,15116,29572055428031620000HMPOLPUOFFPOS0089,175,Vijayanagar PS,PS - 175
,13.4377180003861,77.7238969999589,187,169760833,25564,29582055966235540000HMPOLPUOFFPOS0001,176,Chikkaballapura Town PS,PS - 176
,13.4360050000193,77.7296819999364,188,169760834,25588,29582055968032270000HMPOLPUOFFPOS0001,177,Chikkaballapura Rural PS,PS - 177
,13.4377180003861,77.7238969999589,189,169762157,25564,29582055966235540000HMPOLPUOFFPOS0002,178,Chikkaballapura Women PS,PS - 178
,13.3781418841915,77.7251440242926,190,169762129,30460,29582055966236360000HMPOLPUOFFPOS0001,179,Nandi Girighama PS,PS - 179
,13.4403560004129,77.7297249997124,191,169762152,25588,29582055968032270000HMPOLPUOFFPOS0002,180,Chikkaballapura CEN Crime PS,PS - 180
,13.6082518915949,77.5199157620995,192,169760836,25674,29582055956232660000HMPOLPUOFFPOS0001,181,Gowribidanur Town PS,PS - 181
,15.1246640001089,75.1241989997586,193,164390156,7922,29564054896038790000HMPOLPUOFFPOS0001,341,Tadas PS,PS - 341
,15.4645530001277,74.9978580000498,194,169711686,31496,29562054738030830000HMPOLPUOFFPOS0001,342,Dharwad Sub Urban PS,PS - 342
,15.4588490003728,75.0112029995962,195,169710081,31496,29562054738030830000HMPOLPUOFFPOS0002,343,Dharwad Town PS,PS - 343
,15.4390219996846,75.0113909995813,196,169711687,6559,29562054738030830000HMPOLPUOFFPOS0003,344,Vidyagiri PS,PS - 344
,15.3927790001568,75.0815680002809,197,169711901,6664,29562054758030830000HMPOLPUOFFPOS0001,345,APMC Navanagar,PS - 345
,15.3689909999987,75.1318450001869,198,169711935,6685,29562054758030830000HMPOLPUOFFPOS0002,346,Ashoknagar PS,PS - 346
,15.3508060001786,75.1143060001498,199,169710071,31497,29562054758030830000HMPOLPUOFFPOS0003,347,Gokul Road PS,PS - 347
,15.3506379996766,75.1392599995464,200,169710070,6689,29562054758030830000HMPOLPUOFFPOS0004,348,Hubballi SubUrban PS,PS - 348
,15.3446010003017,75.1367809996668,201,169710072,6689,29562054758030830000HMPOLPUOFFPOS0005,349,Kamaripeth PS,PS - 349
,15.360279000391,75.1624750001726,202,169710073,6680,29562054758030830000HMPOLPUOFFPOS0006,350,Keshavapur PS,PS - 350
,15.3636109998313,75.126308999681,203,169710074,6683,29562054758030830000HMPOLPUOFFPOS0007,351,Vidyanagar PS,PS - 351
,15.3425479998105,75.1503440003866,204,169710079,6668,29562054756023840000HMPOLPUOFFPOS0001,353,Bendigeri PS,PS - 353
,15.341193000208,75.1418870001519,205,169710077,6689,29562054758030830000HMPOLPUOFFPOS0009,354,Ghantikeri PS,PS - 354
,15.3451650000085,75.1430040002625,206,169710076,6689,29562054758030830000HMPOLPUOFFPOS0010,355,Hubballi Town PS,PS - 355
,15.3370160000167,75.1331909999777,207,169710080,6689,29562054758030830000HMPOLPUOFFPOS0011,356,Kasabapeth PS,PS - 356
,15.3367220003203,75.1269729996517,208,169710078,6658,29562054758030830000HMPOLPUOFFPOS0012,357,Old Hubli PS,PS - 357
,18.2490299998802,77.4122979997886,209,164461474,1941,29558054568030590000HMPOLPUOFFPOS0001,358,Aurad PS,PS - 358
,18.268915000167,77.5467750003733,210,164461476,1976,29558054566000730000HMPOLPUOFFPOS0001,359,Chintaki PS,PS - 359
,18.3845760000993,77.3288899995648,211,164461921,2004,29558054565999730000HMPOLPUOFFPOS0001,360,Hokrana PS,PS - 360
,18.1602799999964,77.4363539998982,212,164461475,2058,29558054566000970000HMPOLPUOFFPOS0001,361,Shanthapur PS,PS - 361
,18.0434870002126,77.2104150002743,213,164460390,30106,29558054558030580000HMPOLPUOFFPOS0001,362,Bhalki Rural PS,PS - 362
,17.9584419999459,77.338002999975,214,164460392,2230,29558054555999570000HMPOLPUOFFPOS0001,363,Dhannura PS,PS - 363
,17.8966649996622,77.2040699999815,215,164460391,2260,29558054555999410000HMPOLPUOFFPOS0001,364,Khataka Chincholi PS,PS - 364
,18.1011150004082,77.0188169995521,216,164462130,2329,29558054555998450000HMPOLPUOFFPOS0001,365,Mehakar PS,PS - 365
,18.0464960002772,77.2149860002005,217,164461477,30106,29558054558030580000HMPOLPUOFFPOS0002,366,Bhalki Town PS,PS - 366
,18.2358999998793,77.1776990000195,218,164460394,2027,29558054566001200000HMPOLPUOFFPOS0001,367,Kamalanagar PS,PS - 367
,18.1549650003881,77.3285549999694,219,164460395,2089,29558054566000290000HMPOLPUOFFPOS0001,368,Kushnoor PS,PS - 368
,17.9100559995814,77.5141620002487,220,164460374,30123,29558054578030600000HMPOLPUOFFPOS0001,369,Gandhi Gunj PS,PS - 369
,17.9070770003708,77.5314430000144,221,164460376,2387,29558054578030600000HMPOLPUOFFPOS0002,370,Mangalapet Market PS,PS - 370
,17.7495159997799,77.3999689999566,222,164460400,2338,29558054576002310000HMPOLPUOFFPOS0001,371,Bagdal PS,PS - 371
,17.9347863425413,77.4753984856945,223,164460396,2436,29558054578030600000HMPOLPUOFFPOS0003,372,Bidar Rural PS,PS - 372
,18.0035499998352,77.4810010001977,224,164460399,2405,29558054576001400000HMPOLPUOFFPOS0001,373,Janwada PS,PS - 373
,17.7612519995547,77.5049270001595,225,164462004,2493,29558054576002380000HMPOLPUOFFPOS0001,374,Mannalli PS,PS - 374
,17.9128260001402,77.5307829996043,226,164460372,2466,29558054578030600000HMPOLPUOFFPOS0004,375,Bidar Town PS,PS - 375
,17.9235209997318,77.5092700004058,227,164460373,30123,29558054578030600000HMPOLPUOFFPOS0005,376,Bidar New Town PS,PS - 376
,17.9073477998165,77.5324059003355,228,164462139,2370,29558054578030600000HMPOLPUOFFPOS0006,377,Bidar Women PS,PS - 377
,17.8738776871821,76.9475023157556,229,164460401,2090,29558054548030570000HMPOLPUOFFPOS0001,378,Basava Kalyana Town PS,PS - 378
,18.0199279999518,77.0059150002993,230,164460404,2115,29558054545997240000HMPOLPUOFFPOS0001,379,Hulsoor PS,PS - 379
,17.6922999999829,77.2112289995365,231,164460381,2520,29558054588030620000HMPOLPUOFFPOS0001,380,Chitaguppa PS,PS - 380
,17.6620550001425,77.4246340001664,232,164460383,2510,29558054586003370000HMPOLPUOFFPOS0001,381,Bemalkhed PS,PS - 381
,17.7271920002443,77.3683280003791,233,164460382,2515,29558054586003350000HMPOLPUOFFPOS0001,382,Manna Ekhelli PS,PS - 382
,17.8516670000843,77.2644129999467,234,164460386,2559,29558054586002760000HMPOLPUOFFPOS0001,383,Hallikhed PS,PS - 383
,17.772094999952,77.1235000003846,235,164460385,2577,29558054588030610000HMPOLPUOFFPOS0001,384,Humnabad PS,PS - 384
,17.8166779996662,76.8496290004665,236,164461469,2158,29558054545997840000HMPOLPUOFFPOS0001,385,Manthala PS,PS - 385
,17.7304279997017,76.9386879998236,237,164461471,2176,29558054545998190000HMPOLPUOFFPOS0001,386,Mudbi PS,PS - 386
,17.2028699998072,76.3582500001155,238,164541610,2598,29579055818032060000HMPOLPUOFFPOS0001,387,Afzalpur PS,PS - 387
,17.2072069999576,76.5430970003937,239,164541613,2642,29579055816201620000HMPOLPUOFFPOS0001,388,Devalagangapur PS,PS - 388
,17.3220370004382,76.4648649997774,240,164541612,2624,29579055816201200000HMPOLPUOFFPOS0001,389,Revoor PS,PS - 389
,17.5616599997127,76.5607100004583,241,164541605,2690,29579055808032050000HMPOLPUOFFPOS0001,390,Alland PS,PS - 390
,17.4572500004267,76.3738300000426,242,164541614,2752,29579055806200550000HMPOLPUOFFPOS0001,391,Madanahipparga PS,PS - 391
,17.5139527000544,76.7173033003236,243,164541607,2784,29579055806199990000HMPOLPUOFFPOS0001,392,Narona PS,PS - 392
,17.3871323997533,76.5853072002066,244,164541609,2812,29579055806200750000HMPOLPUOFFPOS0001,393,Nimbarga PS,PS - 393
,17.4600805559727,77.4197730558149,245,164541579,2827,29579055838032080000HMPOLPUOFFPOS0001,394,Chincholi PS,PS - 394
,17.4853999998385,77.6281780001458,246,164541580,2843,29579055836203780000HMPOLPUOFFPOS0001,395,Kunchavaram PS,PS - 395
,17.364376000427,77.4956489996095,247,164541581,2848,29579055836204020000HMPOLPUOFFPOS0001,396,Miryan PS,PS - 396
,16.9066999998364,77.4500333328794,248,164541587,3540,29579055846205860000HMPOLPUOFFPOS0001,397,Mudhol PS,PS - 397
,13.5830499995931,76.538450999737,249,164641653,14192,29571055326102650000HMPOLPUOFFPOS0001,250,Huliyar PS,PS - 250
,12.7266999999098,75.8896999998976,250,164510592,27370,29576055676178920000HMPOLPUOFFPOS0001,606,Shanivarasanthe PS,PS - 606
,12.5132190001061,75.8090270002041,251,164510591,27455,29576055676179580000HMPOLPUOFFPOS0001,607,Somwarpet PS,PS - 607
,12.1855877517853,75.9230444487975,252,164510582,31660,29576055686180890000HMPOLPUOFFPOS0001,608,Gonikoppa PS,PS - 608
,12.1473782361423,75.9419032913727,253,164510583,27497,29576055686180540000HMPOLPUOFFPOS0001,609,Ponnampet PS,PS - 609
,11.9688490002946,76.0518829998754,254,164511631,27528,29576055686180780000HMPOLPUOFFPOS0001,610,Kutta PS,PS - 610
,12.1928730003179,75.8010220002111,255,164510578,27550,29576055686180050000HMPOLPUOFFPOS0001,611,Virajpet Town PS,PS - 611
,13.6014019995754,77.5083690000106,256,169760837,25688,29582055956232660000HMPOLPUOFFPOS0002,182,Gowribidanur Rural PS,PS - 182
,13.5004040004308,77.6022840000874,257,169760838,25782,29582055956234110000HMPOLPUOFFPOS0001,183,Manchenahalli PS,PS - 183
,13.6705449998318,77.7068009999156,258,169761569,30994,29582055976237120000HMPOLPUOFFPOS0001,184,Gudibande PS,PS - 184
,13.7833130001471,77.7924889995652,259,169761572,30153,29582055988032290000HMPOLPUOFFPOS0001,185,Bagepalli PS,PS - 185
,13.7562250001231,77.9489380002016,260,169761575,30386,29582055986239470000HMPOLPUOFFPOS0001,186,Patapalya PS,PS - 186
,13.7091713200414,78.0968730090421,261,169761576,30207,29582055986240150000HMPOLPUOFFPOS0001,187,Chelur PS,PS - 187
,13.4011696510521,78.0537919099131,262,169760823,30707,29582056008032310000HMPOLPUOFFPOS0001,188,Chinthamani TownPS,PS - 188
,13.5223000000191,78.0673460001327,263,169760825,30661,29582056006243700000HMPOLPUOFFPOS0001,189,Kencharlahalli PS,PS - 189
,13.5820580944041,78.1314309165029,264,169760827,30825,29582056006243920000HMPOLPUOFFPOS0001,190,Batalahalli PS,PS - 190
,13.3936950001703,77.8638899998766,265,169760828,31379,29582055998032300000HMPOLPUOFFPOS0001,191,Shidlagatta Town PS,PS - 191
,13.3971290001356,77.8637580000442,266,169760829,31379,29582055998032300000HMPOLPUOFFPOS0002,192,Shidlagatta Rural PS,PS - 192
,13.5673695243896,77.8935880873353,267,169760832,31271,29582055996240470000HMPOLPUOFFPOS0001,193,Dibburahalli PS,PS - 193
,12.985930000209,78.1788199998546,268,169720227,15770,29581055938032230000HMPOLPUOFFPOS0001,194,Bangarpet PS,PS - 194
,13.0082299996789,78.3333199996323,269,169720228,15809,29581055936228430000HMPOLPUOFFPOS0001,195,Bethamangala PS,PS - 195
,12.8632300000266,78.1959899995622,270,169720229,15968,29581055936226110000HMPOLPUOFFPOS0001,196,Kamasamudram PS,PS - 196
,12.9271200003037,78.2659099999984,271,169720224,16101,29581055938032240000HMPOLPUOFFPOS0002,198,Marikuppam PS,PS - 198
,12.9808200004054,78.2366999996363,272,169720215,16076,29581055938032240000HMPOLPUOFFPOS0003,199,BEML Nagar PS,PS - 199
,12.9524700000947,78.2646500000931,273,169720214,16133,29581055938032240000HMPOLPUOFFPOS0004,200,Oorgaum PS,PS - 200
,12.9342199996651,78.2702600003173,274,169720219,16120,29581055938032240000HMPOLPUOFFPOS0005,201,Andersonpet PS,PS - 201
,12.9575599999641,78.2715499997401,275,169720218,16129,29581055938032240000HMPOLPUOFFPOS0006,202,Robertsonpet PS,PS - 202
,13.1416651001156,78.1369209999873,276,164570809,16282,29581055918032210000HMPOLPUOFFPOS0003,206,Kolar Rural PS,PS - 206
,13.1919040000472,78.0171330002751,277,164570810,16530,29581055916217980000HMPOLPUOFFPOS0001,208,Vemagal PS,PS - 208
,13.1456700002333,78.1309520001212,278,164570806,16282,29581055918032210000HMPOLPUOFFPOS0004,210,Gulpet PS,PS - 210
,13.1315239997491,78.1335160003616,279,164570805,16282,29581055918032210000HMPOLPUOFFPOS0005,211,Kolar Town PS,PS - 211
,12.8730519997924,77.9979739998673,280,164570814,16788,29581055926223400000HMPOLPUOFFPOS0001,214,Masti PS,PS - 214
,13.0583230000817,78.425844000444,281,164572168,17256,29581055946231750000HMPOLPUOFFPOS0001,216,Mulbagal Rural PS,PS - 216
,13.1683960003551,78.3930339995701,282,164570815,17197,29581055948032250000HMPOLPUOFFPOS0001,218,Mulbagal Town PS,PS - 218
,13.194227999904,78.5371799999405,283,164570816,17037,29581055946230930000HMPOLPUOFFPOS0001,219,Nangli PS,PS - 219
,13.5112280003705,78.2256250002043,284,164570820,17432,29581055906214450000HMPOLPUOFFPOS0001,221,Gownapalli PS,PS - 221
,13.5310470000497,78.3451929996066,285,164570819,17404,29581055906214340000HMPOLPUOFFPOS0001,222,Rayalpad PS,PS - 222
,13.3412210002109,78.2126809999763,286,164570818,17623,29581055906216420000HMPOLPUOFFPOS0001,223,Srinivasapura PS,PS - 223
,12.7126049999478,77.2895049996422,287,169770286,29963,29584056066260870000HMPOLPUOFFPOS0001,225,Akkur PS,PS - 225
,12.800368999628,77.3847750000391,288,169771345,29840,29584056066261860000HMPOLPUOFFPOS0001,226,Bidadi PS,PS - 226
,12.6640080000007,77.2168790004333,289,169770281,29113,29584056076262500000HMPOLPUOFFPOS0001,228,Channapatna East PS,PS - 228
,12.6636369996537,77.2166819996141,290,169770284,29113,29584056076262500000HMPOLPUOFFPOS0002,229,Channapatna Rural PS,PS - 229
,12.6538640002458,77.200354000457,291,169770280,29122,29584056076262580000HMPOLPUOFFPOS0001,230,Channapatna Town PS,PS - 230
,12.6815559997464,77.4696739995781,292,169771346,29272,29584056086263550000HMPOLPUOFFPOS0001,232,Harohalli PS,PS - 232
,12.7297699997983,77.2851500001297,293,169771342,29968,29584056068032380000HMPOLPUOFFPOS0001,233,Ijoor PS,PS - 233
,12.7995459998704,77.5100820000121,294,169771937,15664,29572055436130420000HMPOLPUOFFPOS0001,234,Kaggalipura PS,PS - 234
,13.3206493591515,75.775461542016,295,164482206,10060,29570055308031490000HMPOLPUOFFPOS0001,231,Chikkamagalur Women PS,PS - 231
,13.7289753620207,75.3397154522091,296,164621011,13948,29568055196081620000HMPOLPUOFFPOS0001,860,Malur PS,PS - 860
,13.6127814142827,76.1482294667381,297,164480469,10522,29570055296094570000HMPOLPUOFFPOS0001,883,Yagati PS,PS - 883
,14.7930349998798,75.3965820004141,298,164390136,7510,29564054928031040000HMPOLPUOFFPOS0003,328,Haveri Town PS,PS - 328
,14.5699749998053,75.3687599995934,299,164390151,7571,29564054946043550000HMPOLPUOFFPOS0001,329,Hansabhavi PS,PS - 329
,14.4559809996898,75.3929320000379,300,164390150,7609,29564054948031060000HMPOLPUOFFPOS0001,330,Hirekerur PS,PS - 330
,14.4271229997471,75.5076609999086,301,164390154,7675,29564054946044380000HMPOLPUOFFPOS0001,331,Rattihalli PS,PS - 331
,14.5534670003211,75.605668999609,302,164390147,7692,29564054956045450000HMPOLPUOFFPOS0001,332,Halageri PS,PS - 332
,14.5209059996503,75.7863780001973,303,164390149,7699,29564054956045830000HMPOLPUOFFPOS0001,333,Kumarapattanam PS,PS - 333
,14.6204809997602,75.6250450001331,304,164390146,7777,29564054958031070000HMPOLPUOFFPOS0001,334,Ranebennur Rural PS,PS - 334
,14.6215349998273,75.6355539998471,305,164390142,7777,29564054958031070000HMPOLPUOFFPOS0002,335,Ranebennur Town PS,PS - 335
,14.7735429997198,75.2509050002656,306,164390160,7320,29564054916041400000HMPOLPUOFFPOS0001,336,Adur PS,PS - 336
,14.7721040004333,75.1247060000977,307,164390159,7435,29564054918031030000HMPOLPUOFFPOS0001,337,Hanagal PS,PS - 337
,14.9774270003781,75.337762000326,308,164390158,7847,29564054908031020000HMPOLPUOFFPOS0001,338,Savanoor PS,PS - 338
,14.9147049998035,75.2700669998461,309,164391931,7875,29564054898031010000HMPOLPUOFFPOS0001,339,Bankapura PS,PS - 339
,14.9893919999285,75.2264729998747,310,164390155,7948,29564054898031000000HMPOLPUOFFPOS0001,340,Shiggaon PS,PS - 340
,17.191918944577,77.3572381026542,311,164541586,3553,29579055846205880000HMPOLPUOFFPOS0001,398,Kurakunta PS,PS - 398
,17.1951928087024,77.1610946198291,312,164541588,3555,29579055846204950000HMPOLPUOFFPOS0001,399,Malkhed PS,PS - 399
,17.1798499998816,77.285180000018,313,164541585,3563,29579055848032090000HMPOLPUOFFPOS0001,400,Sedam PS,PS - 400
,17.451700000228,77.1067999999647,314,164541583,2920,29579055836204270000HMPOLPUOFFPOS0001,401,Ratkal PS,PS - 401
,17.4026666674397,77.3403333331155,315,164541582,2958,29579055836204380000HMPOLPUOFFPOS0001,402,Sulepet PS,PS - 402
,17.3223333326348,76.8155555558063,316,169850687,3351,29579055828032070000HMPOLPUOFFPOS0001,403,Ashoknagar PS,PS - 403
,17.3384080003502,76.8378589999124,317,169850688,3347,29579055828032070000HMPOLPUOFFPOS0002,404,Brahmapur PS,PS - 404
,17.3281260002712,76.8367300003187,318,164541561,3351,29579055828032070000HMPOLPUOFFPOS0003,405,Kalaburagi Women PS,PS - 405
,17.3372689999503,76.8180720002851,319,169851557,3351,29579055828032070000HMPOLPUOFFPOS0004,406,Ragavendra nagar PS,PS - 406
,17.3168455002079,76.8258684998396,320,169850686,3351,29579055828032070000HMPOLPUOFFPOS0005,407,Station Bazar PS,PS - 407
,17.3459640000262,76.8518299998414,321,169850696,3347,29579055828032070000HMPOLPUOFFPOS0006,408,Roza PS,PS - 408
,17.3519000003488,76.840316667452,322,169850708,3379,29579055828032070000HMPOLPUOFFPOS0007,409,Sub Urban PS,PS - 409
,17.5191666671176,76.9414999997523,323,164540709,3421,29579055826202070000HMPOLPUOFFPOS0001,410,Mahagoan PS,PS - 410
,12.3348370001307,76.6640019996344,324,169730041,28431,29577055728031940000HMPOLPUOFFPOS0015,452,Narasimharaja PS,PS - 452
,12.3261190002503,76.6328360000982,325,169730044,28463,29577055728031940000HMPOLPUOFFPOS0016,453,V.V. Puram PS,PS - 453
,12.3368890004213,76.6016359995834,326,169730045,28444,29577055726188290000HMPOLPUOFFPOS0002,454,Vijayanagar PS,PS - 454
,15.9239249999605,75.6785770002963,327,164701246,6,29556054468030460000HMPOLPUOFFPOS0001,455,Badami PS,PS - 455
,16.0482199997634,75.7741300002249,328,164701249,63,29556054465986670000HMPOLPUOFFPOS0001,456,Guledagudda PS,PS - 456
,16.0148040000359,75.5476549998461,329,164701247,101,29556054468030450000HMPOLPUOFFPOS0001,457,Kerur PS,PS - 457
,16.1810079997981,75.6924640003567,330,164701238,153,29556054478030480000HMPOLPUOFFPOS0001,458,Bagalkot Rural PS,PS - 458
,16.206481999764,75.4973190001042,331,164701240,186,29556054475987740000HMPOLPUOFFPOS0001,459,Kaladagi PS,PS - 459
,16.1590699995552,75.661539999842,332,164701888,167,29556054475988620000HMPOLPUOFFPOS0001,460,Navanagara PS,PS - 460
,16.402139999676,75.1085099997695,333,164701258,619,29556054458030390000HMPOLPUOFFPOS0001,471,Mahalingapur PS,PS - 471
,16.3299099999239,75.2849799999859,334,164701255,628,29556054455985720000HMPOLPUOFFPOS0001,472,Mudhol PS,PS - 472
,16.6959899998383,74.7167199998821,335,164441486,693,29555054345972760000HMPOLPUOFFPOS0001,473,Kagawad PS,PS - 473
,16.7794599996093,75.249869999662,336,164441487,713,29555054345973300000HMPOLPUOFFPOS0001,474,Aigali PS,PS - 474
,16.4923112815444,74.7702269650968,337,164441483,1693,29555054358030260000HMPOLPUOFFPOS0001,475,Raibag PS,PS - 475
,16.6244499999013,74.8545299996688,338,164441484,1655,29555054355973830000HMPOLPUOFFPOS0001,476,Kudachi PS,PS - 476
,16.5158556999823,74.9494329003037,339,164442126,1647,29555054355973920000HMPOLPUOFFPOS0001,477,Harugeri PS,PS - 477
,15.8184370002436,74.8629139995728,340,164441464,738,29555054408030360000HMPOLPUOFFPOS0001,478,Bailhongal PS,PS - 478
,15.9056305303844,74.7773165105562,341,164441465,861,29555054405980250000HMPOLPUOFFPOS0001,479,Nesargi PS,PS - 479
,15.6363011796796,74.5055582233609,342,164440314,1610,29555054398030350000HMPOLPUOFFPOS0001,480,Khanapur PS,PS - 480
,15.5799300004464,74.5763650000587,343,164440315,1440,29555054395980210000HMPOLPUOFFPOS0001,481,Nandagad PS,PS - 481
,15.6790689999975,74.9596999995475,344,164441467,749,29555054405981530000HMPOLPUOFFPOS0001,482,Doddawad PS,PS - 482
,15.5998461090257,74.7880261093551,345,164441466,804,29555054405981100000HMPOLPUOFFPOS0001,483,Kittur PS,PS - 483
,16.5400475269284,74.6702752823781,346,164442011,1037,29555054335971860000HMPOLPUOFFPOS0001,484,Ankali PS,PS - 484
,16.4240310000308,74.5767259995559,347,164441478,1040,29555054338030230000HMPOLPUOFFPOS0001,485,Chikkodi PS,PS - 485
,16.5497400000191,74.5324049998673,348,164441479,1136,29555054338030220000HMPOLPUOFFPOS0001,486,Sadalaga PS,PS - 486
,16.4104677522245,74.3776648175465,349,164441482,1109,29555054338030210000HMPOLPUOFFPOS0001,487,Basaweshwar Chowk PS,PS - 487
,16.445990000007,74.470870000113,350,164442204,1050,29555054335972020000HMPOLPUOFFPOS0001,488,Khadakalat PS,PS - 488
,16.3942599998908,74.3838400000383,351,164441481,1109,29555054338030210000HMPOLPUOFFPOS0002,489,Nippani Rural PS,PS - 489
,16.3942599998908,74.3838400000383,352,164441480,1109,29555054338030210000HMPOLPUOFFPOS0003,490,Nippani Town PS,PS - 490
,16.1626710003463,74.8103599997942,353,164440319,1196,29555054365974580000HMPOLPUOFFPOS0001,491,Gokak Rural PS,PS - 491
,16.1678099999201,74.8209419994804,354,164440323,1196,29555054365974580000HMPOLPUOFFPOS0002,492,Gokak Town PS,PS - 492
,16.237519999851,74.6051999999479,355,164441461,1282,29555054378030320000HMPOLPUOFFPOS0001,493,Hukkeri PS,PS - 493
,16.2546724238285,74.4877748480344,356,164441462,1339,29555054378030310000HMPOLPUOFFPOS0001,494,Sankeshwar PS,PS - 494
,16.1287042171331,74.5160825813542,357,164441463,1359,29555054375976260000HMPOLPUOFFPOS0001,495,Yamakanmardi PS,PS - 495
,16.2365737446017,74.7657475336946,358,164441460,1163,29555054365974350000HMPOLPUOFFPOS0001,496,Ghataprabha PS,PS - 496
,16.2446380001785,75.0464030000223,359,164441459,1244,29555054365975190000HMPOLPUOFFPOS0001,497,Kulgod PS,PS - 497
,16.3374370001193,74.9641909998838,360,164441458,1165,29555054368030270000HMPOLPUOFFPOS0001,498,Mudalgi PS,PS - 498
,12.1930489996655,75.801103000425,361,164510579,27550,29576055686180050000HMPOLPUOFFPOS0002,612,Virajpet Rural PS,PS - 612
,12.4274999996901,77.2283610003245,362,164580876,24009,29573055526147750000HMPOLPUOFFPOS0001,615,Halagur PS,PS - 615
,12.4893079996013,77.035163999984,363,164580875,23809,29573055516146210000HMPOLPUOFFPOS0001,616,K.M. Doddi PS,PS - 616
,12.63613900021,77.0060279998678,364,164581617,23844,29573055516145310000HMPOLPUOFFPOS0001,617,Besagaraghalli PS,PS - 617
,12.6916940003488,77.0607779999788,365,164581618,23779,29573055516145520000HMPOLPUOFFPOS0001,618,Kesthur PS,PS - 618
,12.7076889998692,76.9572330004139,366,164581619,23861,29573055516145120000HMPOLPUOFFPOS0001,619,Koppa PS,PS - 619
,12.5877859997341,77.0413810003754,367,164580877,23912,29573055518031690000HMPOLPUOFFPOS0001,620,Maddur PS,PS - 620
,12.2566390004105,77.1226469996849,368,164580873,23938,29573055526148070000HMPOLPUOFFPOS0001,621,Belakavadi PS,PS - 621
,12.3584720001596,76.9451390003695,369,164580872,24058,29573055526146800000HMPOLPUOFFPOS0001,622,Kirugavalu PS,PS - 622
,12.3836419995713,77.0602780001994,370,164580871,24118,29573055528031700000HMPOLPUOFFPOS0001,623,Malavalli Rural PS,PS - 623
,12.3835279995756,77.0604439997954,371,164580868,24118,29573055528031700000HMPOLPUOFFPOS0002,624,Malavalli Town PS,PS - 624
,12.7058440002913,76.8172530001449,372,164580859,24133,29573055506143490000HMPOLPUOFFPOS0001,625,Basaralu PS,PS - 625
,12.6428610000569,76.9170280004013,373,164580863,24252,29573055506143670000HMPOLPUOFFPOS0001,626,Keragodu PS,PS - 626
,12.5194780001939,76.8844669996257,374,164580858,24310,29573055508031680000HMPOLPUOFFPOS0001,627,Mandya Rural PS,PS - 627
,12.5857060003029,76.82389700023,375,164580862,24230,29573055506144270000HMPOLPUOFFPOS0001,628,Shivalli PS,PS - 628
,12.5230370001354,76.8851440004404,376,164582161,24310,29573055508031680000HMPOLPUOFFPOS0002,629,Mandya Central PS,PS - 629
,12.5284580000163,76.9007719999159,377,164580854,24310,29573055508031680000HMPOLPUOFFPOS0003,630,Mandya East PS,PS - 630
,12.526693999669,76.8907220000759,378,164580855,24310,29573055508031680000HMPOLPUOFFPOS0004,631,Mandya West PS,PS - 631
,12.5284580000163,76.9007719999159,379,164582162,24310,29573055508031680000HMPOLPUOFFPOS0005,632,Mandya Women PS,PS - 632
,12.6593889999904,76.4883279999052,380,164580850,23627,29573055468031640000HMPOLPUOFFPOS0001,633,K.R. Pet Rural PS,PS - 633
,12.6592419997099,76.4882890000802,381,164580849,23627,29573055468031640000HMPOLPUOFFPOS0002,634,K.R. Pet Town PS,PS - 634
,12.7687169998611,76.4229170001883,382,164580853,23574,29573055466133990000HMPOLPUOFFPOS0001,635,Kikkeri PS,PS - 635
,12.9814419997485,76.7356419995543,383,164580867,24326,29573055476137100000HMPOLPUOFFPOS0001,636,Bellur PS,PS - 636
,12.881194000452,76.6309659996206,384,164580866,24410,29573055476137920000HMPOLPUOFFPOS0001,637,Bindiganavile PS,PS - 637
,12.8308810001486,76.7588530000804,385,164581889,24673,29573055478031650000HMPOLPUOFFPOS0001,638,Nagamangala Rural  PS,PS - 638
,12.8198189999741,76.7563030003642,386,164580864,24673,29573055478031650000HMPOLPUOFFPOS0002,639,Nagamangala Town PS,PS - 639
,12.5030060002854,76.6735810001632,387,164580848,24857,29573055486141890000HMPOLPUOFFPOS0001,640,Pandavapura PS,PS - 640
,12.4106780003366,76.8135740001178,388,164580845,24879,29573055496142700000HMPOLPUOFFPOS0001,641,Arakere PS,PS - 641
,12.4057780002984,76.572416999823,389,164580846,24916,29573055496143100000HMPOLPUOFFPOS0001,642,K.R. Sagar PS,PS - 642
,12.6617360000175,76.6480829996999,390,164581912,24799,29573055486140530000HMPOLPUOFFPOS0001,643,Melukote PS,PS - 643
,12.4239850002271,76.6830810004348,391,164580844,24973,29573055498031670000HMPOLPUOFFPOS0001,644,Srirangapatna PS,PS - 644
,12.4145859999968,76.6913580002078,392,164582160,24973,29573055498031670000HMPOLPUOFFPOS0002,645,Srirangapatna Rural PS,PS - 645
,11.9907305560008,76.3499666674012,393,164590897,27613,29577055736190240000HMPOLPUOFFPOS0001,646,Beechanahalli PS,PS - 646
,12.0901805560091,76.3317611107035,394,164590896,27643,29577055736188750000HMPOLPUOFFPOS0001,647,H.D. Kote PS,PS - 647
,12.0029999997257,76.3953694440388,395,164590898,27813,29577055736189880000HMPOLPUOFFPOS0001,648,Saragur PS,PS - 648
,12.3359111112243,76.4477555556761,396,164590894,27872,29577055706184620000HMPOLPUOFFPOS0001,649,Bilikere PS,PS - 649
,12.3074194444243,76.2940972218105,397,164590893,28099,29577055706184180000HMPOLPUOFFPOS0001,650,Hunusur Rural PS,PS - 650
,12.3052972219234,76.2904972221703,398,164590892,28099,29577055706184180000HMPOLPUOFFPOS0002,651,Hunusur Town PS,PS - 651
,12.4656666670044,76.1012388886752,399,164591604,28736,29577055696181710000HMPOLPUOFFPOS0001,652,Bettadapura PS,PS - 652
,12.4271888886405,75.9974277780029,400,164591602,28805,29577055696181410000HMPOLPUOFFPOS0001,653,Bylakuppe PS,PS - 653
,12.3374694440035,76.0886222220962,401,164591600,28883,29577055698031910000HMPOLPUOFFPOS0001,654,Periyapatna PS,PS - 654
,12.4355861106706,76.3805666671765,402,164590887,28265,29577055718031930000HMPOLPUOFFPOS0001,655,K.R. Nagar PS,PS - 655
,12.5621222223597,76.263647222112,403,164590888,28332,29577055716185300000HMPOLPUOFFPOS0001,656,Saligrama PS,PS - 656
,12.2047055562172,76.5552666667382,404,164590885,28397,29577055726187650000HMPOLPUOFFPOS0001,657,Jayapura PS,PS - 657
,12.3128250001524,76.6643888891635,405,164590883,28460,29577055728031940000HMPOLPUOFFPOS0017,658,Mysore South PS,PS - 658
,12.2540861106456,76.8089027780329,406,164592155,28501,29577055726187980000HMPOLPUOFFPOS0001,659,Varuna PS,PS - 659
,12.3593888886838,76.5413583333045,407,164590884,28349,29577055726188250000HMPOLPUOFFPOS0001,660,Yelawala PS,PS - 660
,12.0698916665752,76.7456555563285,408,164590903,28672,29577055746192490000HMPOLPUOFFPOS0001,661,Biligere PS,PS - 661
,12.0973055558715,76.5565750000767,409,164591556,28631,29577055746191250000HMPOLPUOFFPOS0001,662,Hullahalli PS,PS - 662
,12.0328249996388,76.7987944436249,410,164591611,28580,29577055746193000000HMPOLPUOFFPOS0001,663,Kowlande PS,PS - 663
,12.1145611113237,76.6741499995896,411,164590902,28715,29577055746192430000HMPOLPUOFFPOS0001,664,Nanjanagudu Rural PS,PS - 664
,12.1181222219017,76.6861472222113,412,164590901,28715,29577055746192430000HMPOLPUOFFPOS0002,665,Nanjanagudu Town PS,PS - 665
,12.3328861113612,76.8664222218755,413,164590906,28946,29577055756193270000HMPOLPUOFFPOS0001,666,Bannur PS,PS - 666
,13.555317508155,76.0117877802284,414,164480481,10359,29570055298031480000HMPOLPUOFFPOS0001,688,Kadur PS,PS - 688
,13.5470429996333,76.3329329998881,415,164480483,10480,29570055296095800000HMPOLPUOFFPOS0001,689,Panchanahalli PS,PS - 689
,13.43594899995,75.9174889999256,416,164480482,10436,29570055296096050000HMPOLPUOFFPOS0001,690,Sakkaraya Patna PS,PS - 690
,13.5517830001316,76.1747570001965,417,164480479,10499,29570055296094930000HMPOLPUOFFPOS0001,691,Singatagere PS,PS - 691
,13.756626000254,75.999862000049,418,164480474,10948,29570055286092780000HMPOLPUOFFPOS0001,692,Ajjampura PS,PS - 692
,13.7014104337312,75.6534188935602,419,164481750,11047,29570055286091140000HMPOLPUOFFPOS0001,693,Lakkavalli PS,PS - 693
,13.6041459999855,75.8400519997675,420,164480473,11073,29570055286093360000HMPOLPUOFFPOS0001,694,Lingadahalli PS,PS - 694
,13.4244709997979,75.4828499998096,421,164480468,10832,29570055276090950000HMPOLPUOFFPOS0001,695,Tarikere Town PS,PS - 695
,12.8907833327236,75.0404499999249,422,164631073,25963,29575055628031830000HMPOLPUOFFPOS0001,696,Bantwala Rural PS,PS - 696
,12.8813960002963,75.0313750000531,423,164631072,25996,29575055628031830000HMPOLPUOFFPOS0002,697,Bantwala Town PS,PS - 697
,12.763360000292,75.1016099998576,424,164631074,26042,29575055626176050000HMPOLPUOFFPOS0001,698,Vitla PS,PS - 698
,12.9899590000929,75.2827340000247,425,164631070,25878,29575055638031840000HMPOLPUOFFPOS0001,699,Belthangadi PS,PS - 699
,12.9529425848431,75.384191922713,426,164632142,25907,29575055636176740000HMPOLPUOFFPOS0001,700,Dharmasthala PS,PS - 700
,12.9505758882037,75.1680902435035,427,164631926,25983,29575055626175450000HMPOLPUOFFPOS0001,701,Punjalkatte PS,PS - 701
,13.012608000149,75.1391849997653,428,164631672,25958,29575055636176180000HMPOLPUOFFPOS0001,702,VenoorPS,PS - 702
,12.7299336542509,75.2206207288605,429,164631063,26215,29575055646177320000HMPOLPUOFFPOS0001,703,Puttur Rural PS,PS - 703
,12.8394549998839,75.2482300003386,430,164631064,26258,29575055646177520000HMPOLPUOFFPOS0001,704,Uppinangadi PS,PS - 704
,12.6640612816479,75.3708391857439,431,164632158,26289,29575055656177560000HMPOLPUOFFPOS0001,705,Bellare PS,PS - 705
,12.5564220000149,75.3928840000462,432,164631061,26314,29575055658031860000HMPOLPUOFFPOS0001,706,Sullia PS,PS - 706
,13.2284669997503,74.7482400004314,433,164691202,14923,29569055236088320000HMPOLPUOFFPOS0001,707,Kapu PS,PS - 707
,13.1408309998147,74.7701429996373,434,164691203,14919,29569055236088580000HMPOLPUOFFPOS0001,708,Padubidri PS,PS - 708
,13.2111169997885,74.832211999612,435,164691206,14928,29569055236088250000HMPOLPUOFFPOS0001,709,Shirva PS,PS - 709
,13.3190330000313,74.999538000391,436,164691628,14719,29569055246088790000HMPOLPUOFFPOS0001,710,Ajekar PS,PS - 710
,13.458648000026,74.9899239999226,437,164691225,14723,29569055246088680000HMPOLPUOFFPOS0001,711,Hebri PS,PS - 711
,13.2227949998185,74.9811789996669,438,164691221,14754,29569055248031420000HMPOLPUOFFPOS0001,712,Karkala Rural PS,PS - 712
,13.2227949998185,74.9811789996669,439,164691224,14754,29569055248031420000HMPOLPUOFFPOS0002,713,Karkala Town PS,PS - 713
,13.8670959995934,74.6265130000824,440,164691212,14796,29569055226086610000HMPOLPUOFFPOS0001,714,Byndoor PS,PS - 714
,13.6867200001321,74.6603749995651,441,164691217,14848,29569055226086870000HMPOLPUOFFPOS0001,715,Gangolli PS,PS - 715
,13.8633549996085,74.8135260002853,442,164691215,14785,29569055226086810000HMPOLPUOFFPOS0001,716,Kollur PS,PS - 716
,13.6030689995903,74.9485879999256,443,164691200,14799,29569055226087560000HMPOLPUOFFPOS0001,718,Amasebailu PS,PS - 718
,13.636995999572,74.6895069997589,444,164691216,14824,29569055228031390000HMPOLPUOFFPOS0001,719,Kundapura PS,PS - 719
,13.6376749999857,74.7724929995498,445,164692170,14855,29569055226087130000HMPOLPUOFFPOS0001,720,Kundapura Rural PS,PS - 720
,13.6045059998908,74.8624549995882,446,164691219,14864,29569055226087160000HMPOLPUOFFPOS0001,721,Shankaranarayana PS,PS - 721
,13.4382470001217,74.7441369998107,447,164691208,14900,29569055236088450000HMPOLPUOFFPOS0001,722,Brahmavar PS,PS - 722
,13.3492432912263,74.8561909434317,448,164691210,14964,29569055236088140000HMPOLPUOFFPOS0001,723,Hiriadka PS,PS - 723
,13.5282609996582,74.7039730000519,449,164691211,14938,29569055236087610000HMPOLPUOFFPOS0001,724,Kota PS,PS - 724
,13.3491519997911,74.7860859999478,450,164691201,14983,29569055238031410000HMPOLPUOFFPOS0002,725,Manipal PS,PS - 725
,13.3606109997091,74.7033830001599,451,164691198,14974,29569055238031410000HMPOLPUOFFPOS0003,726,Malpe PS,PS - 726
,13.3306670002013,74.7481680002445,452,164691197,32583,29569055238031410000HMPOLPUOFFPOS0004,727,Udupi Town PS,PS - 727
,13.3306670002013,74.7481680002445,453,164691220,32583,29569055238031410000HMPOLPUOFFPOS0005,728,Udupi Women PS,PS - 728
,12.8400089995489,77.6630639999462,454,164431799,15514,29572055436130580000HMPOLPUOFFPOS0001,150,Electronic City PS,PS - 150
,12.8773138893884,77.6673555559925,455,164431800,15531,29572055428031620000HMPOLPUOFFPOS0065,151,Parappana Agrahara PS,PS - 151
,12.941430999878,77.6115419998195,456,164431382,15500,29572055428031620000HMPOLPUOFFPOS0066,152,Adugodi PS,PS - 152
,12.9201510003798,77.6513889997284,457,164431796,15501,29572055428031620000HMPOLPUOFFPOS0067,153,H.S.R.Layout PS,PS - 153
,12.9412138887662,77.6213416671002,458,164431383,15530,29572055428031620000HMPOLPUOFFPOS0068,154,Koramangala PS,PS - 154
,13.9984983574694,74.5385116612427,459,164600950,8795,29563054886038780000HMPOLPUOFFPOS0001,729,Bhatkal Rural PS,PS - 729
,13.9899128338417,74.5521247779463,460,164600949,8816,29563054888030990000HMPOLPUOFFPOS0001,730,Bhatkal Town PS,PS - 730
,14.0952149997076,74.4885348002787,461,164600951,31836,29563054886038190000HMPOLPUOFFPOS0001,731,Murudeshwar PS,PS - 731
,14.2818950002046,74.4510629998072,462,164601680,8956,29563054878030980000HMPOLPUOFFPOS0001,732,Honnavara PS,PS - 732
,14.1862219997564,74.4864420001738,463,164601681,31858,29563054876037580000HMPOLPUOFFPOS0001,733,Manki PS,PS - 733
,14.5396930000536,74.3222760003263,464,164600954,31880,29563054856034190000HMPOLPUOFFPOS0001,734,Gokarna PS,PS - 734
,14.4293099997957,74.4201783004088,465,164600953,9204,29563054858030960000HMPOLPUOFFPOS0001,735,Kumta PS,PS - 735
,15.2575050002759,74.6211739995369,466,164600932,8838,29563054808030890000HMPOLPUOFFPOS0001,736,Dandeli Rural PS,PS - 736
,15.2574919997879,74.6211109997959,467,164600931,8838,29563054808030890000HMPOLPUOFFPOS0002,737,Dandeli Town PS,PS - 737
,15.1239950003451,74.659325999899,468,164601676,8860,29563054806027890000HMPOLPUOFFPOS0001,738,Ambikanagar PS,PS - 738
,15.3294970004142,74.7671360001228,469,164601675,8877,29563054808030910000HMPOLPUOFFPOS0001,739,Haliyal PS,PS - 739
,15.1629819996032,74.4898160003991,470,164601370,9805,29563054796027260000HMPOLPUOFFPOS0001,740,Joida PS,PS - 740
,15.4238626449358,74.488624811945,471,164600936,9772,29563054796026500000HMPOLPUOFFPOS0001,741,Ramnagar PS,PS - 741
,14.6598159995517,74.3054620003402,472,164601674,8679,29563054848030950000HMPOLPUOFFPOS0001,742,Ankola PS,PS - 742
,14.4692230002346,75.9184260000763,473,164380097,11760,29567055128031270000HMPOLPUOFFPOS0006,302,Basavanagara PS,PS - 302
,14.4763269999813,75.9203209997948,474,164380099,11760,29567055128031270000HMPOLPUOFFPOS0007,303,Gandhi Nagar PS,PS - 303
,14.4597660003841,75.9358709999474,475,164381519,11759,29567055128031270000HMPOLPUOFFPOS0008,304,Davanagere RMC Yard PS,PS - 304
,14.2062850000917,75.8171230001795,476,164381524,11479,29567055146068930000HMPOLPUOFFPOS0001,306,Basavapatna PS,PS - 306
,14.0230850000163,75.928854000104,477,164381522,11533,29567055148031290000HMPOLPUOFFPOS0001,307,Channagiri PS,PS - 307
,14.1731752998334,76.0068530003997,478,164381523,11623,29567055146069600000HMPOLPUOFFPOS0001,308,Santhebennur PS,PS - 308
,14.4507960001913,75.9206479996524,479,164380106,11791,29567055128031270000HMPOLPUOFFPOS0010,309,Davanagere Rural PS,PS - 309
,14.3699169995911,75.8944169997106,480,164380107,11765,29567055126065710000HMPOLPUOFFPOS0001,310,Hadadi PS,PS - 310
,14.282960000102,76.0805829997114,481,164380108,11829,29567055126066770000HMPOLPUOFFPOS0001,311,Mayakonda PS,PS - 311
,14.5355449996388,75.812918000103,482,164380111,11961,29567055098031240000HMPOLPUOFFPOS0001,312,Harihara Rural PS,PS - 312
,14.5147499995849,75.8068689999274,483,164380110,11962,29567055098031240000HMPOLPUOFFPOS0002,313,Harihara Town PS,PS - 313
,14.3517080004335,75.7385599999078,484,164380112,12014,29567055096062380000HMPOLPUOFFPOS0001,314,Malebennur PS,PS - 314
,14.2341700000317,75.6573340002608,485,164381526,12096,29567055136068240000HMPOLPUOFFPOS0001,315,Honnali PS,PS - 315
,14.1477459996429,75.5628510002063,486,164381527,12068,29567055136067360000HMPOLPUOFFPOS0001,316,Nyamathi PS,PS - 316
,14.6702829996762,76.0743689998887,487,169860117,11858,29567055106063550000HMPOLPUOFFPOS0001,317,Arasikere PS,PS - 317
,14.7922849999844,76.0746450002932,488,169861885,11898,29567055106063190000HMPOLPUOFFPOS0001,318,Chigateri PS,PS - 318
,14.7102760001283,75.7805800000363,489,169860116,11929,29567055106063350000HMPOLPUOFFPOS0001,319,Halavagilu PS,PS - 319
,14.7891170004191,75.9866429998442,490,169860115,11908,29567055108031250000HMPOLPUOFFPOS0001,320,Harapanahalli PS,PS - 320
,14.5045829995527,76.1603009998662,491,164380120,12202,29567055116064690000HMPOLPUOFFPOS0001,321,Bilichodu PS,PS - 321
,14.5133499999051,76.3374900000845,492,164380119,12281,29567055116064930000HMPOLPUOFFPOS0001,322,Jagalur PS,PS - 322
,14.6801820003097,75.4948080001569,493,164390140,7265,29564054938031050000HMPOLPUOFFPOS0001,323,Byadagi PS,PS - 323
,14.6914570001779,75.3579259998295,494,164390141,7306,29564054936042810000HMPOLPUOFFPOS0001,324,Kaginele PS,PS - 324
,14.8398809998005,75.630240999627,495,164390138,7479,29564054926042690000HMPOLPUOFFPOS0001,325,Guttal PS,PS - 325
,14.7839199996476,75.3881609995463,496,164390137,7510,29564054928031040000HMPOLPUOFFPOS0001,326,Haveri Rural PS,PS - 326
,14.7840319996163,75.3887480001682,497,164392143,7510,29564054928031040000HMPOLPUOFFPOS0002,327,Haveri Women PS,PS - 327
,17.0584611109419,76.6083583329395,498,164541573,3253,29579055866207320000HMPOLPUOFFPOS0001,412,Nelogi PS,PS - 412
,16.8552912999066,76.5317876998124,499,164541571,3290,29579055866207880000HMPOLPUOFFPOS0001,413,Yedrami PS,PS - 413
,17.1715072995919,76.7933388003142,500,169850690,3339,29579055826203130000HMPOLPUOFFPOS0001,414,Ferhatabad PS,PS - 414
,17.3098989996219,76.8765780003229,501,169850705,3363,29579055826202660000HMPOLPUOFFPOS0001,415,University PS,PS - 415
,17.1194793002674,77.0835502003528,502,164541577,2994,29579055858032100000HMPOLPUOFFPOS0001,416,Chittapura PS,PS - 416
,17.0575416670462,76.9918611109854,503,164541578,3117,29579055858032130000HMPOLPUOFFPOS0001,417,Wadi PS,PS - 417
,17.2855989998415,77.0037409996222,504,164540717,3048,29579055856206330000HMPOLPUOFFPOS0001,419,Madbool PS,PS - 419
,17.1304400002252,76.934600000352,505,164540713,3134,29579055856206540000HMPOLPUOFFPOS0001,420,Shahabad Town PS,PS - 420
,16.7206390000315,76.8038080001843,506,169781597,32157,29580055888032160000HMPOLPUOFFPOS0001,421,Bheemarayanagudi PS,PS - 421
,16.7330159996719,76.7461249996775,507,169781595,32066,29580055886210920000HMPOLPUOFFPOS0001,422,Gogi PS,PS - 422
,14.8543229998097,74.1330780000296,508,164600922,9114,29563054786026290000HMPOLPUOFFPOS0001,743,Chittakula PS,PS - 743
,14.9056865004334,74.3455279000391,509,164600923,9082,29563054786026050000HMPOLPUOFFPOS0001,744,Kadra PS,PS - 744
,14.900378799733,74.3321005003005,510,164600924,9091,29563054786026040000HMPOLPUOFFPOS0001,745,Mallapura PS,PS - 745
,14.8085980001772,74.1289719996781,511,164600927,9058,29563054788030900000HMPOLPUOFFPOS0001,746,Karwar Rural PS,PS - 746
,14.8083933997968,74.1282251996878,512,164600926,9058,29563054788030900000HMPOLPUOFFPOS0002,747,Karwar Town PS,PS - 747
,14.8083459997684,74.1270229996152,513,164602154,9058,29563054788030900000HMPOLPUOFFPOS0003,748,UK CEN CrimePS,PS - 748
,14.9697090000839,75.0384309996159,514,164600944,9272,29563054828030930000HMPOLPUOFFPOS0001,749,Mundgod PS,PS - 749
,14.3451316895803,74.8937417509806,515,164601678,9430,29563054868030970000HMPOLPUOFFPOS0001,750,Siddapura PS,PS - 750
,14.540638491595,75.0212390561594,516,164601677,9522,29563054836033180000HMPOLPUOFFPOS0001,751,Banavasi PS,PS - 751
,14.6210509997589,74.8412389998704,517,164600942,9715,29563054838030940000HMPOLPUOFFPOS0001,752,New Market PS,PS - 752
,14.6255219999821,74.8377429997599,518,164600941,9715,29563054838030940000HMPOLPUOFFPOS0002,753,Sirsi Rural PS,PS - 753
,14.62419731329,74.8252575379737,519,164600940,9715,29563054838030940000HMPOLPUOFFPOS0003,754,Sirsi Town PS,PS - 754
,13.9305049996446,75.56659799993,520,164621000,13451,29568055208031370000HMPOLPUOFFPOS0001,755,Doddapete PS,PS - 755
,13.9237559999042,75.5544790004202,521,164621815,13457,29568055208031370000HMPOLPUOFFPOS0002,756,Tunganagara PS,PS - 756
,13.9303599998032,75.582763999689,522,164621005,13459,29568055208031370000HMPOLPUOFFPOS0003,757,Kote PS,PS - 757
,13.9384369996585,75.5757700004611,523,164621006,13459,29568055208031370000HMPOLPUOFFPOS0004,758,Jayanagar PS,PS - 758
,13.9325780002476,75.5643560002636,524,164621002,13451,29568055208031370000HMPOLPUOFFPOS0005,759,Shimogga Rural PS,PS - 759
,13.9323990000847,75.5645280003879,525,164621009,13451,29568055208031370000HMPOLPUOFFPOS0006,760,Shivamogga Women PS,PS - 760
,13.950526999747,75.560111000249,526,164621887,13448,29568055208031370000HMPOLPUOFFPOS0007,761,Vibanagara PS,PS - 761
,13.8210649999034,75.7020419995586,527,164621020,12369,29568055218031380000HMPOLPUOFFPOS0001,762,Paper Town PS,PS - 762
,13.8377760002767,75.6910479997434,528,164621014,12394,29568055218031380000HMPOLPUOFFPOS0002,763,Bhadravathi New Town PS,PS - 763
,13.8468979997847,75.702880000197,529,164621013,12402,29568055218031380000HMPOLPUOFFPOS0003,764,Bhadravathi Old Town PS,PS - 764
,13.8520249998223,75.7037940002304,530,164621933,12402,29568055218031380000HMPOLPUOFFPOS0004,765,Hosamane PS,PS - 765
,13.9887709998518,75.6856030002738,531,164621019,12453,29568055216085400000HMPOLPUOFFPOS0001,766,Holehonnur PS,PS - 766
,14.0609200004199,75.3912050004169,532,164621004,13360,29568055206083120000HMPOLPUOFFPOS0001,767,Kumsi PS,PS - 767
,14.2733759998883,75.3488620001581,533,164621886,13124,29568055178031340000HMPOLPUOFFPOS0001,768,Shikaripura Rural PS,PS - 768
,14.2603160004474,75.3606960004107,534,164621031,13125,29568055178031340000HMPOLPUOFFPOS0002,769,Shikaripura Town PS,PS - 769
,14.381316999614,75.249846999886,535,164621032,13218,29568055178031330000HMPOLPUOFFPOS0001,770,Shiralakoppa PS,PS - 770
,14.5627749999232,75.1506170001106,536,164621664,13468,29568055166074250000HMPOLPUOFFPOS0001,771,Anavatti PS,PS - 771
,14.3810810003052,75.0994299999271,537,164621033,13689,29568055166075640000HMPOLPUOFFPOS0001,772,Soraba PS,PS - 772
,14.1900539997174,74.8148469996487,538,164621024,12897,29568055158031300000HMPOLPUOFFPOS0001,773,Kargal PS,PS - 773
,14.2094619996891,74.8146309997162,539,164621027,12910,29568055158031300000HMPOLPUOFFPOS0002,774,Joga PS,PS - 774
,14.1677760000143,75.0231890002776,540,164621022,12992,29568055158031310000HMPOLPUOFFPOS0001,775,Sagara Town PS,PS - 775
,13.8183299998455,75.029620999564,541,164621900,12746,29568055186080320000HMPOLPUOFFPOS0001,776,Nagara PS,PS - 776
,14.1676749995936,75.0320689999283,542,164621023,12992,29568055158031310000HMPOLPUOFFPOS0002,777,Sagara Rural PS,PS - 777
,13.5109009998969,75.097434000409,543,164621823,13902,29568055196082860000HMPOLPUOFFPOS0001,778,Agumbe PS,PS - 778
,13.9932010003917,75.2597910002094,544,164621749,12684,29568055186079410000HMPOLPUOFFPOS0001,779,Rippanpete PS,PS - 779
,13.9158099997433,75.0657980001672,545,164621745,12565,29568055186078800000HMPOLPUOFFPOS0001,780,Hosanagara PS,PS - 780
,13.6982170001031,75.2461389997448,546,164621010,14065,29568055196082110000HMPOLPUOFFPOS0001,781,Thirthahalli PS,PS - 781
,12.9191619996926,77.6678679998158,547,164432198,21436,29572055428031620000HMPOLPUOFFPOS0091,783,Bellanduru PS,PS - 783
,12.9550059996707,77.6828550001031,548,164431416,21433,29572055428031620000HMPOLPUOFFPOS0092,784,H.A.L. PS,PS - 784
,12.9456189996246,77.6980390002911,549,164432199,21442,29572055428031620000HMPOLPUOFFPOS0093,785,Marathahalli PS,PS - 785
,12.9380340003015,77.7469200001009,550,164430259,21491,29572055428031620000HMPOLPUOFFPOS0094,786,Varthur PS,PS - 786
,13.0090160001236,77.693286999959,551,164431405,21420,29572055428031620000HMPOLPUOFFPOS0095,787,K.R. Puram PS,PS - 787
,12.9954149997581,77.7578210000384,552,164430257,21356,29572055428031620000HMPOLPUOFFPOS0096,788,Kadugodi PS,PS - 788
,12.9966939998372,77.6928279998912,553,164431414,21394,29572055428031620000HMPOLPUOFFPOS0097,789,Mahadevapura PS,PS - 789
,12.9753560004434,77.7510760001927,554,164430258,21434,29572055428031620000HMPOLPUOFFPOS0098,790,Whitefield PS,PS - 790
,12.7101184001285,77.692886400445,555,164421330,21159,29572055458031630000HMPOLPUOFFPOS0001,791,Anekal PS,PS - 791
,12.8135433004012,77.5792525001605,556,164421331,15031,29572055456131320000HMPOLPUOFFPOS0001,792,Bannerghatta PS,PS - 792
,12.7824606995826,77.6392150996301,557,164422000,15056,29572055456133600000HMPOLPUOFFPOS0001,793,Jigani PS,PS - 793
,12.8263711001822,77.6799321002329,558,164421333,15006,29572055456133550000HMPOLPUOFFPOS0001,794,Hebbagodi PS,PS - 794
,12.8607281002345,77.7812827002306,559,164421334,21296,29572055456133580000HMPOLPUOFFPOS0001,795,Sarjapura PS,PS - 795
,13.070119099763,77.7804413997902,560,164420253,20638,29583056048032360000HMPOLPUOFFPOS0001,796,Hosakote PS,PS - 796
,13.042326000046,77.7457209996652,561,164421916,21334,29572055446131070000HMPOLPUOFFPOS0001,797,Avalahally PS,PS - 797
,12.9747649611325,77.8213556279946,562,164421812,20577,29583056046257230000HMPOLPUOFFPOS0001,798,Anugondanahalli PS,PS - 798
,12.9887798996233,77.7801432000071,563,164421811,20641,29583056046257130000HMPOLPUOFFPOS0001,799,Thirumalashettahalli PS,PS - 799
,13.2033729004414,77.9009028996525,564,164420254,20794,29583056046255500000HMPOLPUOFFPOS0001,800,Nandagudi PS,PS - 800
,13.1844353001785,77.7887017004602,565,164421816,20869,29583056046254910000HMPOLPUOFFPOS0001,801,Sulibele PS,PS - 801
,13.2790430000011,77.6227640002983,566,164421878,20122,29583056036252730000HMPOLPUOFFPOS0001,802,Vishwanathapura PS,PS - 802
,13.2942836995663,77.800527800269,567,164420267,20222,29583056038032340000HMPOLPUOFFPOS0001,803,Vijayapura PS,PS - 803
,13.2882285996995,77.4228263001837,568,164420264,20373,29583056026251800000HMPOLPUOFFPOS0001,804,Doddabelavangala PS,PS - 804
,13.1739705001471,77.5624243997917,569,164421336,15277,29572055426128340000HMPOLPUOFFPOS0001,805,Rajanukunte PS,PS - 805
,13.0870719002239,77.3883896998318,570,164420271,20944,29583056016248860000HMPOLPUOFFPOS0001,806,Nelamangala Town PS,PS - 806
,13.0870741001406,77.3883867004328,571,164421913,20944,29583056016248860000HMPOLPUOFFPOS0002,807,Nelamangala Rural PS,PS - 807
,12.9525550002621,74.8168989996135,572,169801050,26164,29575055618031810000HMPOLPUOFFPOS0001,808,Panambur PS,PS - 808
,12.9242290000163,74.8493489999597,573,169801052,26173,29575055618031810000HMPOLPUOFFPOS0002,809,Kavoor PS,PS - 809
,12.9881750003396,74.8011130002436,574,169801054,26167,29575055618031810000HMPOLPUOFFPOS0003,811,Surathkal PS,PS - 811
,13.0942629999292,74.7892839997271,575,169801068,26134,29575055618031790000HMPOLPUOFFPOS0001,812,Mulki PS,PS - 812
,13.0664510000359,74.9999340001929,576,169801069,26123,29575055618031800000HMPOLPUOFFPOS0001,813,Moodabidre PS,PS - 813
,12.8642720003151,74.8335019997197,577,169801041,31454,29575055618031810000HMPOLPUOFFPOS0004,814,Mangaluru North PS,PS - 814
,12.8903029995572,74.8526099996943,578,169801043,26082,29575055618031810000HMPOLPUOFFPOS0006,816,Mangaluru East PS,PS - 816
,12.8992229999857,74.828781000387,579,169801046,26076,29575055618031810000HMPOLPUOFFPOS0007,817,Urva PS,PS - 817
,12.8568916003367,74.8382127998191,580,169801047,31454,29575055618031810000HMPOLPUOFFPOS0008,818,Mangaluru Women PS,PS - 818
,12.8549829999593,74.8399299998815,581,169801042,31454,29575055618031810000HMPOLPUOFFPOS0009,819,Mangaluru South PS,PS - 819
,12.88219929994,74.8776419998545,582,169801056,26096,29575055618031810000HMPOLPUOFFPOS0010,820,Mangaluru Rural PS,PS - 820
,12.8698300002255,74.8726400000404,583,169802171,26083,29575055618031810000HMPOLPUOFFPOS0011,821,Kankanady Town PS,PS - 821
,12.8094969995511,74.9154199996671,584,169801055,26090,29575055616175140000HMPOLPUOFFPOS0001,822,Konaje PS,PS - 822
,12.8195060004003,74.8415710000816,585,169801059,26101,29575055618031820000HMPOLPUOFFPOS0001,823,Ullal PS,PS - 823
,15.1202848551357,75.4735646873454,586,164401563,7196,29579055828032070000HMPOLPUOFFPOS0010,826,Lakshmeshwar PS,PS - 826
,16.1172363103006,75.6557194457004,587,164701236,153,29579055828032070000HMPOLPUOFFPOS0011,827,Bagalkot Town PS,PS - 827
,14.095090000349,76.5342669999315,588,164490511,11282,29566055086060600000HMPOLPUOFFPOS0001,829,Imangala PS,PS - 829
,14.7180229999007,76.7457030000174,589,164490507,6409,29566055038031180000HMPOLPUOFFPOS0001,830,Molakalmuru PS,PS - 830
,14.2240100001111,76.4036630002954,590,164490489,5879,29566055056056000000HMPOLPUOFFPOS0001,831,Chitradurga Town PS,PS - 831
,14.0417150000132,76.7515920003006,591,164490512,11183,29566055086060970000HMPOLPUOFFPOS0001,832,Abbinahole PS,PS - 832
,16.0278369999957,74.6932490004634,592,164440324,30061,29555054365974930000HMPOLPUOFFPOS0001,833,Ankalgi PS,PS - 833
,16.7266850002997,75.06000800015,593,164441485,666,29555054348030240000HMPOLPUOFFPOS0001,834,Athani PS,PS - 834
,17.8756991860418,76.962817525583,594,164460403,2090,29558054548030570000HMPOLPUOFFPOS0002,835,Basava Kalyana Rural PS,PS - 835
,12.0187571021511,75.9898819125936,595,164511632,27537,29576055686180740000HMPOLPUOFFPOS0001,836,Srimangala PS,PS - 836
,15.566830999975,76.1709389998177,596,164681167,8509,29560054646013180000HMPOLPUOFFPOS0001,837,Bevoor PS,PS - 837
,17.3269999998699,76.8674950000699,597,169850704,3347,29579055828032070000HMPOLPUOFFPOS0008,838,MB Nagar PS,PS - 838
,17.3379090000034,76.8374040001368,598,169850695,3347,29579055828032070000HMPOLPUOFFPOS0009,839,Chowka PS,PS - 839
,13.0454269998852,75.8018299998595,599,164550753,22408,29574055546151440000HMPOLPUOFFPOS0001,840,Arehalli PS,PS - 840
,13.1509749997908,77.0317710000826,600,164641636,19452,29571055376115320000HMPOLPUOFFPOS0001,842,HebburuPS,PS - 842
,14.9652695811726,74.7120525119919,601,164601679,9988,29563054818030920000HMPOLPUOFFPOS0001,890,YellapuraPS,PS - 890
,12.7789360000593,77.7716710001049,602,164421332,14990,29572055456133590000HMPOLPUOFFPOS0001,843,Attibele PS,PS - 843
,13.4392470002062,77.4610749998091,603,164421335,20457,29583056026249610000HMPOLPUOFFPOS0001,845,Hosahalli PS,PS - 845
,13.2307609999756,77.2422319998178,604,164420272,21044,29583056016247440000HMPOLPUOFFPOS0001,846,Dobbespet PS,PS - 846
,13.2160730002358,77.3005339996233,605,164420273,21120,29583056016248230000HMPOLPUOFFPOS0001,847,Thyamagondlu PS,PS - 847
,13.0622470002623,77.4623099998741,606,164421914,15229,29572055426129510000HMPOLPUOFFPOS0001,848,Madhanayakanahally PS,PS - 848
,12.7928960000553,77.7049370001704,607,164422144,15009,29572055456132650000HMPOLPUOFFPOS0001,849,Suryanagar PS,PS - 849
,12.9716320001726,77.6101850003906,608,164431389,30092,29572055428031620000HMPOLPUOFFPOS0100,850,Ashoknagar PS,PS - 850
,14.8081974519154,74.1287643155449,609,164602218,9058,29563054788030900000HMPOLPUOFFPOS0004,844,UK Women PS,PS - 844
,12.9609289995745,77.5831449995862,610,164431392,15089,29572055428031620000HMPOLPUOFFPOS0101,851,S.J. Park PS,PS - 851
,13.1400419997494,77.6704359997402,611,164431822,15317,29572055426129150000HMPOLPUOFFPOS0001,852,Bagalur PS,PS - 852
,12.9362359996876,77.5614549998024,612,164431366,15158,29572055428031620000HMPOLPUOFFPOS0102,853,Hanumathanagar PS,PS - 853
,12.8782620001631,77.6243380001586,613,164432194,15505,29572055428031620000HMPOLPUOFFPOS0103,854,Begur PS,PS - 854
,12.8766460003129,77.6000710004058,614,164431798,15520,29572055428031620000HMPOLPUOFFPOS0104,855,Hulimavu PS,PS - 855
,12.9086119998238,77.610659000147,615,164431381,15536,29572055428031620000HMPOLPUOFFPOS0105,856,Mico Layout PS,PS - 856
,15.1200727097952,76.9119893355174,616,164451920,5007,29565055008031140000HMPOLPUOFFPOS0005,870,Ballari APMC Yard PS,PS - 870
,15.2613173836515,76.378147810104,617,169860352,5247,29565054988031090000HMPOLPUOFFPOS0003,872,Hospete extension PS,PS - 872
,15.2634830508049,76.3410900196889,618,169860353,5242,29565054988031090000HMPOLPUOFFPOS0004,873,T.B. Dam PS,PS - 873
,15.1528987201765,76.9198003222493,619,164452205,5007,29565055008031140000HMPOLPUOFFPOS0006,874,Ballari Women PS,PS - 874
,13.0839867258753,77.5643861813388,620,164430015,15436,29572055428031620000HMPOLPUOFFPOS0106,857,Vidyaranyapura PS,PS - 857
,13.4375669966888,77.0615165780437,621,164641091,19555,29571055376113380000HMPOLPUOFFPOS0001,865,Kora PS,PS - 865
,13.3174263965002,77.1198497923468,622,164642119,19643,29571055378031570000HMPOLPUOFFPOS0005,864,Jayanagara PS,PS - 864
,13.3653069798512,77.309849152736,623,164642122,18232,29571055366112320000HMPOLPUOFFPOS0001,861,Kolala PS,PS - 861
,13.3481368136203,77.1054696603324,624,164642120,19649,29571055378031570000HMPOLPUOFFPOS0006,867,Tumkur Women PS,PS - 867
,13.0040625565255,77.9378744423732,625,164570811,16659,29581055928032220000HMPOLPUOFFPOS0001,858,Malur PS,PS - 858
,13.1328199952886,78.1335376050286,626,164572151,16282,29581055918032210000HMPOLPUOFFPOS0007,869,Kolar Women PS,PS - 869
,13.3086500744019,77.5446304954841,627,164420262,20301,29583056026252470000HMPOLPUOFFPOS0001,877,Doddaballapura Town PS,PS - 877
,13.4009020896407,78.05344842821,628,169760824,30707,29582056008032310000HMPOLPUOFFPOS0002,878,Chinthamani Rural PS,PS - 878
,13.8257444363277,75.6869140239428,629,164621018,12377,29568055218031380000HMPOLPUOFFPOS0005,859,Bhadravathi Rural PS,PS - 859
,14.4681222415151,76.5455972595296,630,164490502,5665,29566055046052490000HMPOLPUOFFPOS0001,866,Nayakanahatti PS,PS - 866
,14.0840889883304,77.0413860804016,631,164641659,14608,29571055346106250000HMPOLPUOFFPOS0001,862,Arsikere PS,PS - 862
,13.1512179863433,76.8819304300341,632,164641095,17711,29571055386119400000HMPOLPUOFFPOS0001,863,Chandrashekarpura PS,PS - 863
,17.5807971223409,76.9877231125126,633,164540710,3392,29579055826201980000HMPOLPUOFFPOS0001,879,Kamalapur PS,PS - 879
,15.3485979843193,76.1509590040027,634,164682207,8238,29560054678030730000HMPOLPUOFFPOS0004,880,Koppal Women PS,PS - 880
,16.7732241213106,77.1160595497585,635,169782236,32561,29580055898032190000HMPOLPUOFFPOS0004,881,Yadgir CEN Crime PS,PS - 881
,12.9209999998742,77.620667999617,636,164431380,15536,29572055428031620000HMPOLPUOFFPOS0069,155,Madiwala PS,PS - 155
,12.9106199997205,77.6249800003253,637,164432141,15509,29572055428031620000HMPOLPUOFFPOS0070,156,Bommanahalli PS,PS - 156
,12.8247299995681,77.0346219997046,638,164641099,18407,29571055416127280000HMPOLPUOFFPOS0001,266,Huliyurdurga PS,PS - 266
,13.1639000002822,76.6686000000028,639,164641102,19936,29571055408031600000HMPOLPUOFFPOS0001,267,Turuvkere PS,PS - 267
,13.2538000002059,76.711799999877,640,164641103,19815,29571055406122740000HMPOLPUOFFPOS0001,268,Dandinashivara PS,PS - 268
,13.3082620001205,77.1486830002103,641,164641635,19688,29571055378031570000HMPOLPUOFFPOS0001,269,Kyathasadra PS,PS - 269
,13.3449009996581,77.1034480004008,642,164641080,19646,29571055378031570000HMPOLPUOFFPOS0002,270,Tumakur Town PS,PS - 270
,13.3422429999316,77.1059380002592,643,164641089,19646,29571055378031570000HMPOLPUOFFPOS0003,271,Tumakur Rural PS,PS - 271
,13.4146458720677,77.0175909370316,644,164641090,19292,29571055376112720000HMPOLPUOFFPOS0001,272,Bellavi PS,PS - 272
,13.3422609995482,77.0904960003251,645,164641084,19646,29571055378031570000HMPOLPUOFFPOS0004,273,Thilak Park PS,PS - 273
,13.8876099997928,76.9212900004214,646,164641645,14420,29571055336103340000HMPOLPUOFFPOS0001,274,Patanayakanahalli PS,PS - 274
,13.7964590002689,76.8039480001678,647,164641646,14427,29571055336103240000HMPOLPUOFFPOS0001,275,Tavarekere PS,PS - 275
,13.3328300003482,76.3882049997656,648,164641113,19037,29571055396119940000HMPOLPUOFFPOS0001,251,Honnavalli PS,PS - 251
,13.3089089997333,76.6400769999736,649,164641934,19100,29571055396120380000HMPOLPUOFFPOS0001,252,K.B. Cross PS,PS - 252
,13.1655345000612,76.555435600315,650,164641112,19155,29571055396121440000HMPOLPUOFFPOS0001,253,Nonavinakere PS,PS - 253
,13.2610541549328,76.46446055803,651,164641111,19236,29571055396120970000HMPOLPUOFFPOS0001,254,Tiptur Rural PS,PS - 254
,13.2612110002443,76.460899000126,652,164641107,19236,29571055396120970000HMPOLPUOFFPOS0002,255,Tiptur Town PS,PS - 255
,13.7173100002827,77.3855400004463,653,164641656,18815,29571055356109230000HMPOLPUOFFPOS0001,256,Kodigenahalli PS,PS - 256
,13.6624799996144,77.2090279998617,654,164641655,18872,29571055356108500000HMPOLPUOFFPOS0001,257,Madhugiri PS,PS - 257
,13.8326204889191,77.20529848099,655,164641657,18939,29571055356106850000HMPOLPUOFFPOS0001,258,Medigeshi PS,PS - 258
,13.5270469997859,77.2413650999194,656,164641643,18320,29571055366110740000HMPOLPUOFFPOS0001,259,Koratagere PS,PS - 259
,14.2793770003388,77.1739219999071,657,164641660,19979,29571055346105270000HMPOLPUOFFPOS0001,260,Y. N. Hosakote PS,PS - 260
,14.2410352493768,77.4404805405636,658,164641661,14602,29571055346105840000HMPOLPUOFFPOS0001,261,Thirumani PS,PS - 261
,13.6756610003453,77.0648799999065,659,164641806,18670,29571055356107550000HMPOLPUOFFPOS0001,262,Badavanahalli PS,PS - 262
,14.1008379999369,77.2837199995753,660,164641658,14676,29571055348031540000HMPOLPUOFFPOS0001,263,Pavagada PS,PS - 263
,13.0210000002689,77.0191666667406,661,164641098,18570,29571055418031610000HMPOLPUOFFPOS0001,264,kunigal PS,PS - 264
,12.9145999999895,76.9346000003283,662,164641100,18364,29571055416126600000HMPOLPUOFFPOS0001,265,Amruthur PS,PS - 265
,12.3471340004536,76.6303839996796,663,169730042,28459,29577055728031940000HMPOLPUOFFPOS0014,451,Metagalli PS,PS - 451
,15.9854119995746,75.136056000175,664,164441473,1739,29555054425983610000HMPOLPUOFFPOS0001,499,Katkol PS,PS - 499
,15.9493149998041,75.2948579999534,665,164441472,1807,29555054425983760000HMPOLPUOFFPOS0001,500,Ramadurga PS,PS - 500
,15.8866790002661,74.9269049995994,666,164441470,1871,29555054415982050000HMPOLPUOFFPOS0001,501,Murgod PS,PS - 501
,15.763274000294,75.1080159996343,667,164441468,30087,29555054418030370000HMPOLPUOFFPOS0001,502,Soundatti PS,PS - 502
,15.4316689998837,74.7400280000106,668,164520610,6437,29562054738030840000HMPOLPUOFFPOS0001,503,Alnavar PS,PS - 503
,15.4718184459285,74.9879009494425,669,164520608,6550,29562054738030830000HMPOLPUOFFPOS0004,504,Dharwad Rural PS,PS - 504
,15.5701110004214,74.9293330000009,670,164520609,6590,29562054736022150000HMPOLPUOFFPOS0001,505,Garag PS,PS - 505
,15.1214899997718,75.3628449997187,671,164521929,6837,29562054776025690000HMPOLPUOFFPOS0001,506,Gudageri PS,PS - 506
,15.471329473365,74.9920058908383,672,164522184,6551,29562054738030830000HMPOLPUOFFPOS0005,507,Dharwad Women PS,PS - 507
,15.3508059998508,75.1596939999173,673,164521538,6682,29562054758030830000HMPOLPUOFFPOS0013,508,Hubballi Rural PS,PS - 508
,15.1748239995643,74.9689389997879,674,164521535,6749,29562054768030870000HMPOLPUOFFPOS0001,509,Kalaghatagi PS,PS - 509
,15.2597499999868,75.2401110000923,675,164521540,6821,29562054776025190000HMPOLPUOFFPOS0001,510,Kundagol PS,PS - 510
,15.5569720004049,75.3583599997987,676,164520612,6909,29562054748030850000HMPOLPUOFFPOS0001,513,Navalgund PS,PS - 513
,15.4293889996275,75.4335279997175,677,164520613,6860,29562054748030860000HMPOLPUOFFPOS0001,515,Annigeri PS,PS - 515
,15.4452623455419,75.6468818515471,678,164401558,6920,29561054708030780000HMPOLPUOFFPOS0001,516,Betageri PS,PS - 516
,15.4276390003914,75.6522139996588,679,164401559,6920,29561054708030780000HMPOLPUOFFPOS0002,517,Betageri Extention PS,PS - 517
,15.4344020000632,75.635170000408,680,164400179,6954,29561054708030780000HMPOLPUOFFPOS0003,518,Gadag Rural PS,PS - 518
,15.2822060001572,75.5181200000679,681,164400180,6969,29561054706020470000HMPOLPUOFFPOS0001,519,Mulagund PS,PS - 519
,15.4297675788183,75.6327235381656,682,164400175,6954,29561054708030780000HMPOLPUOFFPOS0004,520,Gadag Town PS,PS - 520
,15.4297675788183,75.6327235381656,683,164402186,6954,29561054708030780000HMPOLPUOFFPOS0005,521,Gadag Women PS,PS - 521
,15.2372777778357,75.5831111113781,684,164401562,7249,29561054716020950000HMPOLPUOFFPOS0001,522,Shirahatti PS,PS - 522
,15.2110000000128,75.8838055556117,685,164401567,7020,29561054726021580000HMPOLPUOFFPOS0001,523,Mundargi PS,PS - 523
,13.6398120002565,76.9370479998021,686,164641644,14491,29571055336104690000HMPOLPUOFFPOS0001,276,Kallambella PS,PS - 276
,13.4416666667111,76.906944444205,687,164641094,17735,29571055386117040000HMPOLPUOFFPOS0001,277,Chelur PS,PS - 277
,13.3093888890137,76.9485350002891,688,164641093,17836,29571055388031580000HMPOLPUOFFPOS0001,278,Gubbi PS,PS - 278
,13.7441666671294,76.9033333326313,689,164641642,14549,29571055336103860000HMPOLPUOFFPOS0001,279,Sira PS,PS - 279
,14.3146999999861,76.6485999996673,690,164490500,5621,29566055048031190000HMPOLPUOFFPOS0001,280,Challakere PS,PS - 280
,14.2551999995606,76.883600000337,691,164490504,5743,29566055046053960000HMPOLPUOFFPOS0001,281,Parasurampura PS,PS - 281
,14.4481999997834,76.6735000000248,692,164490503,5788,29566055046053030000HMPOLPUOFFPOS0001,282,Thalak PS,PS - 282
,14.8848000002066,76.7842000004404,693,164490508,6376,29566055036051640000HMPOLPUOFFPOS0001,283,Rampura PS,PS - 283
,14.3697000003646,76.1922999999702,694,164490494,5823,29566055056054560000HMPOLPUOFFPOS0001,284,Bharamasagara PS,PS - 284
,14.2360000003353,76.4038999998647,695,164490493,5903,29566055058031200000HMPOLPUOFFPOS0001,285,Chitradurga Rural PS,PS - 285
,14.403752185026,76.4385542413628,696,164490495,5989,29566055056054960000HMPOLPUOFFPOS0001,286,Turuvanur (Jogi) PS,PS - 286
,14.217500000258,76.3874000004641,697,164490490,5916,29566055058031200000HMPOLPUOFFPOS0002,287,Chitradurga Kote PS,PS - 287
,14.2284400003598,76.4132099997115,698,164492212,5903,29566055058031200000HMPOLPUOFFPOS0003,288,Chitradurga Extension PS,PS - 288
,14.2284400003598,76.4132099997115,699,164492118,5903,29566055058031200000HMPOLPUOFFPOS0004,289,Chitradurga Women PS,PS - 289
,14.1275000000201,76.1397000001606,700,164490499,6010,29566055066058200000HMPOLPUOFFPOS0001,290,Chikkajajur PS,PS - 290
,14.0958519999375,76.2724089996065,701,164492135,6148,29566055066057680000HMPOLPUOFFPOS0001,291,Chitrahalli Gate PS,PS - 291
,14.0412599996055,76.1847129998134,702,164490498,6077,29566055066057400000HMPOLPUOFFPOS0001,292,Holalkere PS,PS - 292
,13.9593267003771,76.6109350001849,703,164491925,11238,29566055088031230000HMPOLPUOFFPOS0001,293,Hiriyur Rural PS,PS - 293
,13.9447000004285,76.6145000001013,704,164490509,11238,29566055088031230000HMPOLPUOFFPOS0002,294,Hiriyur Town PS,PS - 294
,13.7979500003097,76.2822600001276,705,164490513,6226,29566055078031220000HMPOLPUOFFPOS0001,295,Hosadurga PS,PS - 295
,13.6191000004381,76.4205000000863,706,164490516,11423,29566055076059990000HMPOLPUOFFPOS0001,296,Srirampura PS,PS - 296
,14.4648180001195,75.9198360004108,707,164380101,11760,29567055128031270000HMPOLPUOFFPOS0001,297,Davanagere Extention PS,PS - 297
,14.4540969997243,75.9246790004481,708,164380102,11791,29567055128031270000HMPOLPUOFFPOS0002,298,K.T.J Nagar PS,PS - 298
,14.4346749996828,75.9160730001771,709,164380103,11796,29567055128031270000HMPOLPUOFFPOS0003,299,Vidyanagar PS,PS - 299
,14.4651259995522,75.9201730004233,710,164381520,11760,29567055128031270000HMPOLPUOFFPOS0004,300,Davangere Women PS,PS - 300
,14.4808990000607,75.9253489998062,711,164380098,11745,29567055128031270000HMPOLPUOFFPOS0005,301,Azad Nagar PS,PS - 301
,16.8655020004296,77.3894290002896,712,169780691,32429,29580055896212640000HMPOLPUOFFPOS0001,423,Gurmitkal PS,PS - 423
,16.4563410002557,76.5285199997087,713,169781615,32209,29580055876209450000HMPOLPUOFFPOS0001,424,Hunsagi PS,PS - 424
,16.3539170000801,76.4065669999787,714,169781603,32336,29580055876209710000HMPOLPUOFFPOS0001,425,Kodekal PS,PS - 425
,16.647738999663,76.5323860003148,715,169781599,32298,29580055876208890000HMPOLPUOFFPOS0001,426,Kembhavi PS,PS - 426
,16.2556789997452,76.3686909995406,716,169781601,32346,29580055876209910000HMPOLPUOFFPOS0001,427,Narayanpur PS,PS - 427
,16.5748039999117,77.2522740000659,717,169780692,32536,29580055896213880000HMPOLPUOFFPOS0001,428,Saidapur PS,PS - 428
,16.6994799996544,76.8417829999687,718,169780699,32130,29580055888032170000HMPOLPUOFFPOS0001,429,Shahapur PS,PS - 429
,16.5258959998599,76.7594650000373,719,169781598,32395,29580055878032150000HMPOLPUOFFPOS0001,430,Shorapur PS,PS - 430
,16.5930719996412,77.1005489996263,720,169781596,32190,29580055886211920000HMPOLPUOFFPOS0001,431,Wadagera PS,PS - 431
,16.7716039996392,77.1378460000837,721,169781589,32561,29580055898032190000HMPOLPUOFFPOS0001,432,Yadgir Town PS,PS - 432
,16.7627640003998,77.1323480002489,722,169781590,32561,29580055898032190000HMPOLPUOFFPOS0002,433,Yadgir Rural PS,PS - 433
,16.7627640003998,77.1323480002489,723,169782183,32561,29580055898032190000HMPOLPUOFFPOS0003,434,Yadgir Women PS,PS - 434
,12.3071192100217,76.7037689004229,724,169732174,28426,29577055726188360000HMPOLPUOFFPOS0001,436,Alanahally PS,PS - 436
,12.3128230003215,76.6494189999812,725,169730052,28460,29577055728031940000HMPOLPUOFFPOS0002,437,Devaraja PS,PS - 437
,12.3144027908781,76.6567916603507,726,169730053,28460,29577055728031940000HMPOLPUOFFPOS0003,438,Lashkar PS,PS - 438
,12.3082760001403,76.6673269999795,727,169730054,28460,29577055728031940000HMPOLPUOFFPOS0004,439,Nazarbad PS,PS - 439
,12.3267900003402,76.6809440001246,728,169730055,28453,29577055728031940000HMPOLPUOFFPOS0005,440,Udayagiri PS,PS - 440
,12.3014316000704,76.6568210000169,729,169730056,28460,29577055728031940000HMPOLPUOFFPOS0006,441,Women PS Mysuru City,PS - 441
,12.2893060002719,76.6312979999431,730,169730048,28456,29577055728031940000HMPOLPUOFFPOS0007,442,Ashokpuram PS,PS - 442
,12.2979102314074,76.6502959366214,731,169730046,28460,29577055728031940000HMPOLPUOFFPOS0008,443,Krishnaraja PS,PS - 443
,12.2860780003566,76.627722000175,732,169730051,28456,29577055728031940000HMPOLPUOFFPOS0009,444,Kuvempunagar PS,PS - 444
,12.2977360003455,76.6428379996766,733,169730049,28460,29577055728031940000HMPOLPUOFFPOS0010,445,Laxmipuram PS,PS - 445
,12.3017490003132,76.6239630001804,734,169730050,28450,29577055728031940000HMPOLPUOFFPOS0011,446,Saraswathipuram PS,PS - 446
,12.2632986768268,76.6446324746981,735,169730047,28465,29577055728031940000HMPOLPUOFFPOS0012,447,Vidyaranyarpuram PS,PS - 447
,12.3532704229885,76.6161044153904,736,169732177,28443,29577055726188330000HMPOLPUOFFPOS0001,448,Hebbal PS,PS - 448
,12.3236901559182,76.6129925631637,737,169730043,28444,29577055726188290000HMPOLPUOFFPOS0001,449,Jayalakshmipuram PS,PS - 449
,12.3163369997298,76.6541940000986,738,169730040,28460,29577055728031940000HMPOLPUOFFPOS0013,450,Mandi PS,PS - 450
,15.7212902142725,75.3883261174758,739,164401568,7058,29561054686018720000HMPOLPUOFFPOS0001,524,Naragund PS,PS - 524
,15.7359199997003,75.967010000407,740,164401566,31514,29561054698030760000HMPOLPUOFFPOS0001,525,Gajendragad PS,PS - 525
,15.5702531290992,75.8055689290355,741,164401565,7105,29561054698030770000HMPOLPUOFFPOS0001,526,Naregal PS,PS - 526
,15.6921271180652,75.735676376687,742,164401564,7157,29561054698030750000HMPOLPUOFFPOS0001,527,Ron PS,PS - 527
,16.343020000317,75.8977699998408,743,164471924,4418,29557054525994910000HMPOLPUOFFPOS0001,528,Alamatti PS,PS - 528
,16.5720999995958,75.9689999997507,744,164470429,4343,29557054528030540000HMPOLPUOFFPOS0001,529,Basavan Bagewadi PS,PS - 529
,16.4869407384441,75.6862534277492,745,164470430,4433,29557054525994530000HMPOLPUOFFPOS0001,530,Kolhar PS,PS - 530
,16.6486500003095,75.8168800003536,746,164470431,4355,29557054525994950000HMPOLPUOFFPOS0001,531,Managoli PS,PS - 531
,16.3641799997462,75.927640000163,747,164471923,4430,29557054525994920000HMPOLPUOFFPOS0001,532,Nidagundi PS,PS - 532
,16.3490999999067,76.1287700003332,748,164470433,4593,29557054535995790000HMPOLPUOFFPOS0001,533,Muddebihal PS,PS - 533
,16.4798100002562,76.3105600000852,749,164470434,4736,29557054535997040000HMPOLPUOFFPOS0001,534,Talikot PS,PS - 534
,16.6658299997346,75.5803200004047,750,164470416,4886,29557054495991180000HMPOLPUOFFPOS0001,535,Babaleshwar PS,PS - 535
,16.8264999999675,75.7386899996538,751,164470415,4989,29557054498030510000HMPOLPUOFFPOS0001,536,Bijapur Rural PS,PS - 536
,16.8444980002682,75.5179299999643,752,164470417,4969,29557054495990560000HMPOLPUOFFPOS0001,537,Tikota PS,PS - 537
,16.8288199998895,75.7150299995963,753,164470411,4989,29557054498030510000HMPOLPUOFFPOS0002,538,Gandhi Chowk PS,PS - 538
,16.8502199998858,75.7107099999683,754,164471497,4989,29557054498030510000HMPOLPUOFFPOS0003,539,Adarsh Nagar PS,PS - 539
,16.8355999996793,75.7216500001421,755,164471496,4989,29557054498030510000HMPOLPUOFFPOS0004,540,Vijayapura APMC PS,PS - 540
,16.8263799996802,75.7387199997101,756,164471495,4989,29557054498030510000HMPOLPUOFFPOS0005,541,Golgumbaz PS,PS - 541
,16.8068000003312,75.7265999997033,757,164472008,4989,29557054498030510000HMPOLPUOFFPOS0006,542,Jalanagar PS,PS - 542
,17.3112060003243,75.6683199996572,758,164470424,4512,29557054505991710000HMPOLPUOFFPOS0001,543,Chadachan PS,PS - 543
,17.2514870003377,75.8012740004346,759,164470425,4509,29557054505992050000HMPOLPUOFFPOS0001,544,Zalaki PS,PS - 544
,17.1179000003296,75.7849000003357,760,164470421,4489,29557054505992250000HMPOLPUOFFPOS0001,545,Hortti PS,PS - 545
,17.1769099999228,75.9542200001002,761,164470420,4562,29557054508030520000HMPOLPUOFFPOS0001,546,Indi PS,PS - 546
,17.0900830003164,76.2187820003435,762,164471511,4741,29557054515993040000HMPOLPUOFFPOS0001,547,Almel PS,PS - 547
,16.817805000211,76.0631700000159,763,164471512,4795,29557054515994010000HMPOLPUOFFPOS0001,548,Devara Hipparagi PS,PS - 548
,16.671079999701,76.3080699995779,764,164471513,4810,29557054515994330000HMPOLPUOFFPOS0001,549,Kalkeri PS,PS - 549
,16.9218240000456,76.2316169996446,765,164471510,4878,29557054515993460000HMPOLPUOFFPOS0001,550,Sindagi PS,PS - 550
,11.9350219996238,76.9627490003615,766,164671121,25009,29578055776196740000HMPOLPUOFFPOS0001,552,Chamarajanagar East PS,PS - 552
,11.9260970003251,76.9298200003305,767,164671120,24983,29578055778032010000HMPOLPUOFFPOS0002,553,Chamarajanagar Rural PS,PS - 553
,11.9362010002533,76.9629229997826,768,164672173,25009,29578055776196740000HMPOLPUOFFPOS0002,554,Chamarajanagar Women PS,PS - 554
,12.0457089996651,76.9392100000856,769,164671125,25167,29578055776196130000HMPOLPUOFFPOS0001,555,Kuderu PS,PS - 555
,12.0434799997649,76.9779480002166,770,164671134,25142,29578055776196160000HMPOLPUOFFPOS0001,556,Santemaralli PS,PS - 556
,11.9271530000275,76.9366230000653,771,164671119,24983,29578055778032010000HMPOLPUOFFPOS0003,557,Chamarajanagar Town PS,PS - 557
,11.9345929999969,76.671146000347,772,164672009,25189,29578055766194540000HMPOLPUOFFPOS0001,558,Begur PS,PS - 558
,11.8110330003526,76.6847459996543,773,164671123,25259,29578055768032000000HMPOLPUOFFPOS0001,559,Gundlupete PS,PS - 559
,11.8181490003167,76.7926329998518,774,164671124,25294,29578055766195320000HMPOLPUOFFPOS0001,560,Terakanambi PS,PS - 560
,12.0883450002992,77.3007600002552,775,164671137,25361,29578055798032040000HMPOLPUOFFPOS0001,561,Hanur PS,PS - 561
,12.1579919998403,77.1125919999562,776,164671129,25382,29578055798032030000HMPOLPUOFFPOS0001,562,Kollegala Rural PS,PS - 562
,12.1574049997747,77.1094150001112,777,164671128,25382,29578055798032030000HMPOLPUOFFPOS0002,563,Kollegala Town PS,PS - 563
,12.030713999633,77.5914000000772,778,164671138,25458,29578055796198870000HMPOLPUOFFPOS0001,564,M.M. Hills PS,PS - 564
,12.0037180003747,77.3978629998976,779,164671130,25447,29578055796198970000HMPOLPUOFFPOS0001,565,Ramapura PS,PS - 565
,12.1184679998276,77.0740040000731,780,164671133,25462,29578055786197890000HMPOLPUOFFPOS0001,566,Mambali PS,PS - 566
,12.0531669997504,77.0314530002178,781,164671132,25484,29578055786198020000HMPOLPUOFFPOS0001,567,Yelandur PS,PS - 567
,13.3126749996872,76.2569929998741,782,164550738,21959,29574055558031730000HMPOLPUOFFPOS0001,568,Arasikere Rural PS,PS - 568
,13.4047820003321,76.1628809997244,783,164550739,22038,29574055556158400000HMPOLPUOFFPOS0001,569,Banavara PS,PS - 569
,13.1557859996249,76.3046730001944,784,164550740,22176,29574055556157990000HMPOLPUOFFPOS0001,570,Gandasi PS,PS - 570
,13.3020599997157,76.0567989997259,785,164551930,22246,29574055556154520000HMPOLPUOFFPOS0001,571,Javagal PS,PS - 571
,13.3122830000798,76.2568810000522,786,164551819,21959,29574055558031730000HMPOLPUOFFPOS0002,572,Arasikere Town PS,PS - 572
,13.1741919998648,75.8754489997066,787,164550752,22477,29574055546152250000HMPOLPUOFFPOS0001,573,Belur PS,PS - 573
,13.2173030000005,75.9937850001458,788,164550754,22665,29574055546152730000HMPOLPUOFFPOS0001,574,Halebeedu PS,PS - 574
,13.0030179998449,76.1005729998768,789,164551741,22882,29574055568031740000HMPOLPUOFFPOS0001,575,Hassan City PS,PS - 575
,13.0069439995986,76.1135919995414,790,164551743,22847,29574055568031740000HMPOLPUOFFPOS0002,576,Hassan Extention PS,PS - 576
,13.002819999748,76.1076099996677,791,164552127,22882,29574055568031740000HMPOLPUOFFPOS0003,577,Hassan Women PS,PS - 577
,13.0089080003961,76.0954520004157,792,164551744,22882,29574055568031740000HMPOLPUOFFPOS0004,578,Pension Mohalla PS,PS - 578
,13.0862719996496,76.2048329998239,793,164550726,22778,29574055566159510000HMPOLPUOFFPOS0001,579,Dudda PS,PS - 579
,12.8184319997021,76.0616409997433,794,164550725,22948,29574055566161080000HMPOLPUOFFPOS0001,580,Goruru PS,PS - 580
,13.0109769997524,76.1062630001699,795,164551748,22853,29574055568031740000HMPOLPUOFFPOS0005,581,Hassan Rural PS,PS - 581
,12.9851579997913,76.2177209997494,796,164551824,23173,29574055566161940000HMPOLPUOFFPOS0001,582,Shanthigrama PS,PS - 582
,12.7658860002264,76.0569999998787,797,164550749,21771,29574055586165730000HMPOLPUOFFPOS0001,583,Arakalagud PS,PS - 583
,12.6290279996277,76.0545599996873,798,164550748,21869,29574055586167230000HMPOLPUOFFPOS0001,584,Konanur PS,PS - 584
,12.9000000004353,76.3900000001754,799,164551621,26536,29574055608031780000HMPOLPUOFFPOS0001,585,Channarayapatna Rural PS,PS - 585
,12.9033170000014,76.389544999876,800,164551620,26536,29574055608031780000HMPOLPUOFFPOS0002,586,Channarayapatna Town PS,PS - 586
,12.9439070001803,76.5511509995422,801,164551624,26688,29574055606173300000HMPOLPUOFFPOS0001,587,Hirisave PS,PS - 587
,13.0086170002442,76.4765299996529,802,164551622,26781,29574055606172690000HMPOLPUOFFPOS0001,588,Nuggehalli PS,PS - 588
,12.8597839999403,76.4838759998275,803,164551623,26854,29574055606174220000HMPOLPUOFFPOS0001,589,Shravanabelagola PS,PS - 589
,12.6584609997983,76.2580410001234,804,164552187,27003,29574055596169940000HMPOLPUOFFPOS0001,590,Hallymysore PS,PS - 590
,12.780772999597,76.2474069995406,805,164550744,27106,29574055598031770000HMPOLPUOFFPOS0001,591,Holenarasipura Rural PS,PS - 591
,12.7832569995883,76.2464179997268,806,164550745,27106,29574055598031770000HMPOLPUOFFPOS0002,592,Holenarasipura Town PS,PS - 592
,12.9773529999543,75.9899900002442,807,164550727,21516,29574055576163970000HMPOLPUOFFPOS0001,593,Alur PS,PS - 593
,12.9462899999688,75.7871130002743,808,164550757,23340,29574055538031710000HMPOLPUOFFPOS0001,594,Sakaleshpura Rural PS,PS - 594
,12.945902000403,75.7879910000822,809,164550756,23340,29574055538031710000HMPOLPUOFFPOS0002,595,Sakaleshpura Town PS,PS - 595
,12.7810399998105,75.8586640002783,810,164550758,23398,29574055536150660000HMPOLPUOFFPOS0001,596,Yeslur PS,PS - 596
,12.4209299997027,75.7404800003983,811,164512185,27181,29576055668031870000HMPOLPUOFFPOS0001,597,Kodagu Women PS,PS - 597
,12.3870889082204,75.5349388616035,812,164510574,27165,29576055666177970000HMPOLPUOFFPOS0001,598,Bhagamandala PS,PS - 598
,12.4296567000529,75.7255048998641,813,164510575,27181,29576055668031870000HMPOLPUOFFPOS0002,599,Madikeri Rural PS,PS - 599
,12.3102080002056,75.6893609995645,814,164510573,31580,29576055666178500000HMPOLPUOFFPOS0001,600,Napoklu PS,PS - 600
,12.4209299997027,75.7404800003983,815,164510569,27181,29576055668031870000HMPOLPUOFFPOS0003,601,Madikeri Town PS,PS - 601
,12.2981012015236,75.8756274411448,816,164510570,27480,29576055686180240000HMPOLPUOFFPOS0001,602,Siddapura PS,PS - 602
,12.4845269998253,75.9565649999831,817,164512138,27322,29576055676179810000HMPOLPUOFFPOS0001,603,Kushalanagar Rural PS,PS - 603
,12.4602770000849,75.9622959999472,818,164510587,27329,29576055678031890000HMPOLPUOFFPOS0001,604,Kushalnagar Town PS,PS - 604
,12.4524999999285,75.8288999998116,819,164510588,27465,29576055676179570000HMPOLPUOFFPOS0001,605,Sunticoppa PS,PS - 605
,12.208266667416,76.8983166671656,820,164590905,29043,29577055758031990000HMPOLPUOFFPOS0001,667,T. Narasipura PS,PS - 667
,12.1897277777648,77.0295277776976,821,164590907,29089,29577055756194370000HMPOLPUOFFPOS0001,668,Talakadu PS,PS - 668
,12.3126777783268,76.6646749996175,822,164592210,28460,29577055728031940000HMPOLPUOFFPOS0018,669,Mysuru Women PS,PS - 669
,13.2432469998633,75.6518199996951,823,164480455,10001,29570055306098550000HMPOLPUOFFPOS0001,670,Aldur PS,PS - 670
,13.3260769997201,75.7974440002195,824,164480454,10076,29570055308031490000HMPOLPUOFFPOS0002,671,Chickmagalur Rural PS,PS - 671
,13.3664724950951,75.6590242917493,825,164481891,10043,29570055306097010000HMPOLPUOFFPOS0001,672,Mallanduru PS,PS - 672
,13.3281699998605,75.7735859998332,826,164480451,10060,29570055308031490000HMPOLPUOFFPOS0003,673,Basavanahalli PS,PS - 673
,13.3205419999874,75.7754240002408,827,164480450,10060,29570055308031490000HMPOLPUOFFPOS0004,674,Chickmagalur Town PS,PS - 674
,13.1533940000468,75.5031459998877,828,164480456,10667,29570055316099260000HMPOLPUOFFPOS0001,675,Balur PS,PS - 675
,13.1374259998632,75.5544860001022,829,164480460,10704,29570055316099340000HMPOLPUOFFPOS0001,676,Banakal PS,PS - 676
,13.0999209996949,75.7080730000623,830,164480461,10743,29570055316100070000HMPOLPUOFFPOS0001,677,Gonibeedu PS,PS - 677
,13.133920000105,75.6417939997681,831,164480459,10794,29570055316099760000HMPOLPUOFFPOS0001,678,Mudigere PS,PS - 678
,13.5195112306431,75.2992001700748,832,164480465,10575,29570055266089820000HMPOLPUOFFPOS0001,679,Hariharapura PS,PS - 679
,13.4033030000002,75.3737359999141,833,164481890,10647,29570055266090240000HMPOLPUOFFPOS0001,680,Jayapura PS,PS - 680
,13.5511210001179,75.3637680001523,834,164480464,10604,29570055266089930000HMPOLPUOFFPOS0001,681,Koppa PS,PS - 681
,13.2414499995656,75.3589819998389,835,164481525,10764,29570055316098980000HMPOLPUOFFPOS0001,682,Kalasa PS,PS - 682
,13.2139549999748,75.2524469997459,836,164481528,10765,29570055318031510000HMPOLPUOFFPOS0001,683,Kuduremukh PS,PS - 683
,13.3511840001246,75.4657970001967,837,164480463,31436,29570055276090970000HMPOLPUOFFPOS0001,684,Balehonnur PS,PS - 684
,13.6148710002436,75.5041660003897,838,164480470,10861,29570055276090610000HMPOLPUOFFPOS0001,685,N.R. Pura PS,PS - 685
,13.4188599996039,75.2530619998582,839,164480232,10920,29570055256089500000HMPOLPUOFFPOS0001,686,Sringeri PS,PS - 686
,13.5990249995542,75.9724069998958,840,164480477,10264,29570055298031470000HMPOLPUOFFPOS0001,687,Birur PS,PS - 687
,15.4643876456711,74.9978657782474,841,169710075,31496,29562054738030830000HMPOLPUOFFPOS0006,884,Hubballi-Dharwad Women PS,PS - 884
,12.7422581894222,75.4680383741898,842,164631065,26197,29575055646177270000HMPOLPUOFFPOS0001,885,Kadaba PS,PS - 885
,12.7621093917564,75.2001889323347,843,164631060,26236,29575055648031850000HMPOLPUOFFPOS0001,886,Puttur Town PS,PS - 886
,12.6676029537295,75.6127789975958,844,164631669,26281,29575055656177870000HMPOLPUOFFPOS0001,887,Subramanya PS,PS - 887
,12.7645569812923,75.1980541157694,845,164632209,26236,29575055648031850000HMPOLPUOFFPOS0002,888,DK Women PS,PS - 888
,13.3084134580554,77.5379453294057,846,164420263,20301,29583056026252470000HMPOLPUOFFPOS0002,889,Doddaballapura Rural PS,PS - 889
,17.3264374109789,76.8362764857443,847,169852257,3351,29579055828032070000HMPOLPUOFFPOS0010,891,Kalaburagi City Women PS,PS - 891
,17.3273591040282,76.8369449553139,848,169852256,3351,29579055828032070000HMPOLPUOFFPOS0011,892,Kalaburagi City CENCrime PS,PS - 892
,13.2897686543849,77.7997076304884,849,164421814,,,,Chennarayapatana PS,
,13.0027389161188,77.5473078440129,850,164431359,,,,Mahalakshmipuram PS,
,12.9536079559543,77.5699948247066,851,164431369,,,,Shankarpura PS,
,12.9257789780078,77.6077477934414,852,164432197,,,,Suddaguntepalya PS,
,15.8577905302319,74.5057104184437,853,164442243,,,,Belagavi Women PS,
,15.3349669694131,76.4613787637174,854,169861883,,,,Hampi Tourism PS,
,17.1768954104201,75.9542191929938,855,164472216,,,,Indi Rural PS,
,16.4888547157901,75.8340963843144,856,164472250,,,,Kudagi PS,
,16.8287857067055,75.7150293950894,857,164472239,,,,Vijayapura Women PS,
,17.0159155376829,76.7757984979955,858,164541570,,,,Jewargi PS,
,17.2165353575444,77.0924482299356,859,164540718,,,,Kalagi PS,
,13.3386696505166,77.1091452154164,860,164641085,,,,New Extention PS,
,16.1172398101555,75.6557204456551,861,164702217,,,,Bagalkot Women PS,
,16.4771160054384,75.1233098953845,862,164701259,,,,Banahatti PS,
,15.9656754371462,76.1117070594767,863,164702189,,,,Ilakal Rural PS,
,15.3506249609285,75.1392598818917,864,169712238,,,,E and N Crime PS HD city,
,12.9584988881744,78.2710272297441,865,169720223,,,,Champion Reefs  PS,
,12.7296991615656,77.2854280659009,866,169772153,,,,Ramanagar CEN Crime PS,
,12.854969078674,74.8399301349626,867,169802164,,,,E and N Crime PS Mangaluru City,
,15.8735545169828,74.5296183982557,868,169822240,,,,Belagavi City CEN Crime PS,
,12.9693319402999,77.6167567858431,869,169842021,,,,ISD PS,
,14.4594077166055,75.9153792255745,870,164382136,,,,Davanagere CEN Crime PS,
,14.7839074419488,75.3881606715202,871,164392230,,,,Haveri CEN Crime PS,
,15.4292156934593,75.632629365079,872,164402229,,,,Gadag CEN Crime PS,
,12.9898319905977,77.5916650107377,873,164422222,,,,Bengaluru CEN Crime PS,
,12.9667990246362,77.5871719906891,874,164432146,,,,Central CEN Crime PS,
,12.9878455956193,77.603634427068,875,164432147,,,,East CEN Crime PS,
,13.0180495928218,77.5584169553286,876,164432149,,,,North CEN Crime PS,
,13.0568918670573,77.5985408010627,877,164432260,,,,NorthEast CEN Crime PS,
,12.9364239699816,77.5792168169108,878,164432258,,,,South CEN Crime PS,
,12.9411769638892,77.6214107811294,879,164432259,,,,SouthEast CEN Crime PS,
,12.9854783207063,77.5425355880706,880,164432148,,,,West CEN Crime PS,
,12.9754099257775,77.7511256717663,881,164432261,,,,Whitefield CEN Crime PS,
,15.8735545169828,74.5296183982557,882,164442223,,,,Belagavi CEN Crime PS,
,15.1505743862449,76.9292423775722,883,164452221,,,,Ballari CEN Crime PS,
,17.9090410248171,77.5333457264266,884,164462224,,,,Bidar CEN Crime PS,
,16.8335777022513,75.7073684015082,885,164472225,,,,Vijayapur CEN Crime PS,
,12.4296954395428,75.7256203860507,886,164512232,,,,Kodagu CEN Crime PS,
,15.4682768609115,74.9864200113471,887,164522228,,,,Dharwad CEN Crime PS,
,17.3278652715699,76.8379184451935,888,164542231,,,,Kalaburagi CEN Crime PS,
,13.3126636879993,76.2569919371536,889,164552219,,,,Hassan CEN Crime PS,
,13.1416587476339,78.1369173440493,890,164572131,,,,Kolar CEN Crime PS,
,12.5266833463339,76.8907204007774,891,164582233,,,,Mandya CEN Crime PS,
,12.3146485308351,76.6674675899338,892,164592234,,,,Mysuru CEN Crime PS,
,16.2212924894834,77.3552540075505,893,164612235,,,,Raichur CEN Crime PS,
,13.9323871647588,75.5645275226788,894,164622175,,,,Shivamogga CEN Crime PS,
,12.8604330742856,74.8386011362567,895,164632227,,,,DK CEN Crime PS,
,13.345218144915,77.1031930205604,896,164642140,,,,Tumkur CEN Crime PS,
,11.936190847096,76.962921339632,897,164672178,,,,Chamarajanagar CEN Crime PS,
,15.3524469576686,76.1509290260441,898,164682145,,,,Koppal CEN Crime PS,
,13.3326286740182,74.7483302132314,899,164692156,,,,Udupi CEN Crime PS,
,16.1585712753245,75.6649694372304,900,164702220,,,,Bagalkot CEN Crime PS,
,12.9560988908901,78.2721182286388,901,169722137,,,,KGF CEN Crime PS,
,12.3200155271879,76.6578655976532,902,169732215,,,,E and N Crime PS Mysuru City,
,13.5890866022714,77.7842732268517,903,169762299,,,,Peresandra PS,
,14.2346479633815,76.4056733624879,904,164492226,,,,Chitradurga CEN Crime PS,
,13.3201287915827,75.7710397409279,905,164482211,,,,Chickmagalur CEN Crime PS,
,12.9811816289356,74.8924245227155,906,169801051,,,,Bajpe PS,
,12.8868150880246,74.8319797451042,907,169801045,,,,Barke PS,
,12.9065014488086,78.1296873030093,908,169722295,,,,Budikote PS,
,12.9525186432882,78.3593565880979,909,169722296,,,,Kyasamballi PS,
,12.3118222974901,76.6630697811009,910,169732214,,,,CEN Crime PS Mysuru City,
,14.9259629905524,76.5292060094503,911,164452306,,,,Choranuru PS,
,13.0344587360155,77.619463595785,912,164432268,,,,Govindapura PS,
,12.972337140279,77.5292191043584,913,164432303,,,,Govindaraja Nagar PS,
,12.9821582373495,77.5862511278321,914,164432200,,,,Cyber Crime Police Station,
,12.9010999770487,74.8358900129765,915,169802297,,,,CEN Crime PS Mangaluru City,
,13.3077638921711,77.5378638070062,916,164422247,,,,Bengaluru Dist Women PS,
,12.8641549805642,74.8335050095911,917,169802163,,,,Cyber Crime PS Mangaluru City,
,12.9869611703651,77.4913220422091,918,164432123,,,,Byadarahalli PS,
,15.3506489938958,75.1392940195207,919,169712237,,,,CEN Crime PS Hubballi Dharwad City,
,12.9880379848679,77.6037380166751,920,164431387,,,,East Zone Women PS,
,14.0749302438979,75.2327578423306,921,164622338,12754,,,Anandapura PS,
