district,crime_type,latitude,longitude,date,time
Banashankari,murder,12.93297,77.58381,2016-07-29 00:00:00.000,21:00:00
Banashankari,murder,12.930433,77.549761,2016-11-13 00:00:00.000,23:45:00
Banashankari,murder,12.923736,77.58182,2017-10-05 00:00:00.000,21:00:00
Banashankari,murder,12.924123,77.576913,2017-07-19 00:00:00.000,19:30:00
Banashankari,murder,12.924377,77.582729,2018-06-21 00:00:00.000,23:30:00
Banashankari,murder,12.920604,77.520557,2018-07-17 00:00:00.000,21:15:00
Banashankari,murder,12.940662,77.574095,2015-08-27 00:00:00.000,09:30:00
Banashankari,murder,12.93878218,77.57956109,2016-06-18 00:00:00.000,21:00:00
Banashankari,murder,12.9399013,77.57337112,2017-02-07 00:00:00.000,18:30:00
Banashankari,murder,12.944557,77.57758,2019-07-29 00:00:00.000,18:00:00
Banashankari,murder,12.9076508,77.5951967,2015-07-01 00:00:00.000,06:00:00
Banashankari,murder,12.9076508,77.5951967,2015-01-26 00:00:00.000,04:10:00
Banashankari,murder,12.9030543,77.5813948,2015-08-11 00:00:00.000,08:00:00
Banashankari,murder,12.9036647,77.5785439,2016-05-16 00:00:00.000,07:30:00
Banashankari,murder,12.9004589,77.5684636,2016-06-09 00:00:00.000,09:15:00
Banashankari,murder,12.909427,77.5706543,2016-11-09 00:00:00.000,02:50:00
Banashankari,murder,12.9039655,77.5804308,2016-11-21 00:00:00.000,02:20:00
Banashankari,murder,12.9039653,77.5738647,2018-01-01 00:00:00.000,02:00:00
Banashankari,murder,12.9124543,77.5737283,2018-01-01 00:00:00.000,02:15:00
Banashankari,murder,12.9108342,77.5866704,2019-08-25 00:00:00.000,01:30:00
Banashankari,murder,12.9071236,77.583816,2019-08-25 00:00:00.000,02:30:00
Banashankari,murder,12.91986,77.56931,2016-02-12 00:00:00.000,22:30:00
Banashankari,murder,12.958864,77.638363,2017-11-27 00:00:00.000,11:00:00
Banashankari,murder,12.946595,77.59197,2015-07-23 00:00:00.000,16:00:00
Banashankari,murder,12.945264,77.59271,2015-12-23 00:00:00.000,16:30:00
Banashankari,murder,12.946042,77.593699,2016-10-04 00:00:00.000,22:00:00
Banashankari,murder,12.946042,77.593699,2016-05-16 00:00:00.000,21:30:00
Banashankari,murder,12.944408,77.593165,2019-06-22 00:00:00.000,02:00:00
Banashankari,murder,12.89050892,77.57361002,2015-05-02 00:00:00.000,06:30:00
Banashankari,murder,12.90976685,77.55679873,2015-09-02 00:00:00.000,15:00:00
Banashankari,murder,12.901082,77.54753806,2015-03-15 00:00:00.000,16:45:00
Banashankari,murder,12.86854765,77.5801126,2015-03-26 00:00:00.000,21:45:00
Banashankari,murder,12.90958449,77.55159728,2015-05-20 00:00:00.000,09:45:00
Banashankari,murder,12.88328789,77.58130555,2016-01-01 00:00:00.000,
Banashankari,murder,12.8776868,77.58071703,2016-01-09 00:00:00.000,
Banashankari,murder,12.8887116,77.57377343,2016-04-10 00:00:00.000,
Banashankari,murder,12.89537161,77.55032355,2016-08-12 00:00:00.000,
Banashankari,murder,12.90932828,77.5437415,2016-08-16 00:00:00.000,
Banashankari,murder,12.87932828,77.5737415,2016-10-23 00:00:00.000,
Banashankari,murder,12.90714279,77.53486998,2016-11-16 00:00:00.000,
Banashankari,murder,12.90245473,77.54181407,2017-02-26 00:00:00.000,20:10:00
Banashankari,murder,12.88563257,77.5482591,2017-12-03 00:00:00.000,21:00:00
Banashankari,murder,12.88948381,77.56232091,2017-04-26 00:00:00.000,23:50:00
Banashankari,murder,12.90108207,77.54753806,2017-10-13 00:00:00.000,03:00:00
Banashankari,murder,12.9057223,77.53558126,2018-12-01 00:00:00.000,22:30:00
Banashankari,murder,12.88289563,77.56647782,2018-10-06 00:00:00.000,03:00:00
Banashankari,murder,12.8967726,77.5445644,2018-09-28 00:00:00.000,10:30:00
Banashankari,murder,12.91082367,77.54398174,2019-08-05 00:00:00.000,13:00:00
Banashankari,murder,12.913512,77.554144,2019-07-14 00:00:00.000,21:45:00
Banashankari,murder,12.91084893,77.53745649,2019-05-10 00:00:00.000,17:30:00
Banashankari,murder,12.87583,77.511157,2015-02-22 00:00:00.000,15:00:00
Banashankari,murder,12.894725,77.542178,2015-03-17 00:00:00.000,05:00:00
Banashankari,murder,12.874853,77.554205,2015-03-29 00:00:00.000,16:00:00
Banashankari,murder,12.860873,77.520947,2016-01-14 00:00:00.000,14:45:00
Banashankari,murder,12.864755,77.528047,2017-01-17 00:00:00.000,12:30:00
Banashankari,murder,12.871198,77.536856,2017-04-13 00:00:00.000,12:15:00
Banashankari,murder,12.853954,77.553705,2017-04-24 00:00:00.000,10:00:00
Banashankari,murder,12.870574,77.571346,2017-05-08 00:00:00.000,04:00:00
Banashankari,murder,12879498.0,77.542792,2017-08-17 00:00:00.000,05:00:00
Banashankari,murder,12.87548,77.535128,2017-08-22 00:00:00.000,04:00:00
Banashankari,murder,12.870129,77.556345,2018-01-17 00:00:00.000,22:00:00
Banashankari,murder,12.878193,77.535515,2018-07-14 00:00:00.000,21:00:00
Banashankari,murder,12.848726,77.572816,2018-09-19 00:00:00.000,18:00:00
Banashankari,murder,12.872393,77.557753,2018-10-16 00:00:00.000,19:00:00
Banashankari,murder,12.871255,77.56033,2018-10-27 00:00:00.000,10:10:00
Banashankari,murder,12.879671,77.54543,2018-03-11 00:00:00.000,20:00:00
Banashankari,murder,12.859739,77.562719,2019-08-19 00:00:00.000,14:00:00
Banashankari,murder,12.862041,77.563487,2019-10-14 00:00:00.000,01:00:00
Banashankari,murder,12.893051,77.543007,2019-11-17 00:00:00.000,20:30:00
Banashankari,murder,12.879223,77.567169,2017-01-13 00:00:00.000,
Banashankari,murder,12.882152,77.565325,2017-04-03 00:00:00.000,01:30:00
Banashankari,murder,12.84488,77.583729,2017-07-29 00:00:00.000,08:45:00
Banashankari,murder,12.890277,77.57144,2017-01-11 00:00:00.000,15:00:00
Banashankari,murder,12.885583,77.57054,2017-11-18 00:00:00.000,00:00:00
Banashankari,murder,12.889932,77.57465,2018-07-09 00:00:00.000,04:30:00
Banashankari,murder,12.861345,77.579767,2018-01-10 00:00:00.000,00:00:00
Banashankari,murder,12.845887,77.583885,2018-11-21 00:00:00.000,23:50:00
Banashankari,murder,12.873733,77.579546,2019-06-13 00:00:00.000,16:10:00
Banashankari,murder,12.875176,77.57889,2017-07-05 00:00:00.000,16:00:00
Banashankari,murder,12.898898,77.576405,2017-08-27 00:00:00.000,16:15:00
Banashankari,murder,12.906331,77.59179,2017-08-10 00:00:00.000,08:00:00
Banashankari,murder,12.90903,77.58764,2017-11-25 00:00:00.000,04:00:00
Banashankari,murder,12.906448,77.587569,2018-02-05 00:00:00.000,17:30:00
Banashankari,murder,12.89643,77.578607,2019-05-08 00:00:00.000,18:45:00
Banashankari,murder,12.901612,77.586583,2019-11-26 00:00:00.000,10:30:00
Banashankari,murder,12.8966729945995,77.5607513795297,2015-02-01 00:00:00.000,21:00
Banashankari,murder,12.9050964485764,77.571337000055,2015-04-30 00:00:00.000,6:00
Banashankari,murder,12.9076945341477,77.5719852228203,2015-11-06 00:00:00.000,5:00
Banashankari,murder,12.9008927627643,77.5698813716385,2016-11-01 00:00:00.000,11:00
Banashankari,murder,12.9023385605328,77.5653252772123,2016-07-05 00:00:00.000,13:45
Banashankari,murder,12.9144905944493,77.5721064816148,2016-07-31 00:00:00.000,21:30
Banashankari,murder,12.9105468600267,77.5607455338601,2017-04-26 00:00:00.000,15:00
Banashankari,murder,12.8993985560933,77.572584947246,2017-08-27 00:00:00.000,15:00
Banashankari,murder,12.902333328087,77.56892819667,2018-05-02 00:00:00.000,18:30
Banashankari,murder,12.9143691111693,77.5733106370572,2018-04-30 00:00:00.000,16:30
Banashankari,murder,12.9155359324014,77.5616258170776,2018-08-25 00:00:00.000,1:30
Banashankari,murder,12.9142072407114,77.5618648043771,2019-03-24 00:00:00.000,5:30
Banashankari,murder,12.9061712471247,77.5698458437946,2019-08-06 00:00:00.000,00:30
Banashankari,murder,12.8964515698276,77.5602433120194,2019-12-11 00:00:00.000,7:30
Banashankari,murder,12.937792,77.537268,2016-06-23 00:00:00.000,17:00:00
Banashankari,murder,12.939585,77.544317,2017-08-01 00:00:00.000,08:30:00
Banashankari,murder,12.937792,77.537268,2017-04-21 00:00:00.000,09:10:00
Banashankari,murder,12.93586,77.54388,2018-07-19 00:00:00.000,13:00:00
Banashankari,murder,12.946026,77.544111,2018-08-04 00:00:00.000,03:00:00
Banashankari,murder,12.940271,77.542692,2018-09-07 00:00:00.000,15:00:00
Banashankari,murder,12.94865677,77.56227641,2016-04-15 00:00:00.000,04:00:00
Banashankari,murder,12.94953,77.56316,2017-07-07 00:00:00.000,22:00:00
Banashankari,murder,12.94953,77.56316,2017-07-14 00:00:00.000,17:00:00
Banashankari,murder,12.96053995,77.57161726,,18:30:00
Banashankari,murder,12.9560843652345,77.5756127337875,2016-05-05 00:00:00.000,17:45:00
Banashankari,murder,12.94870298,77.5787416,,
Banashankari,murder,12.948633011769,77.5758665718,,
Banashankari,murder,12.564056,77.333036,2015-03-15 00:00:00.000,22:00:00
Banashankari,murder,12.941281,77.55467,2016-12-20 00:00:00.000,23:45:00
Banashankari,murder,12.94725,77.55428,2017-08-27 00:00:00.000,21:30:00
Banashankari,murder,12.945897,77.567461,2018-11-23 00:00:00.000,07:45:00
Banashankari,murder,12.94885,77.55255,2019-04-12 00:00:00.000,23:00:00
Banashankari,murder,12.928925,77.56106,2015-04-14 00:00:00.000,
Banashankari,murder,12.929754,77.551246,2015-12-05 00:00:00.000,
Banashankari,murder,12.930313,77.554418,2016-09-04 00:00:00.000,01:00:00
Banashankari,murder,12.926431,77.544097,,05:00:00
Banashankari,murder,12.9289,77.554688,2016-06-26 00:00:00.000,04:00:00
Banashankari,murder,12.930848,77.562656,2018-10-03 00:00:00.000,11:30:00
Banashankari,murder,12.920708,77.545062,2018-04-23 00:00:00.000,06:15:00
Banashankari,murder,12.921084,77.540512,2018-09-30 00:00:00.000,01:00:00
Banashankari,murder,12.931413,77.566018,2019-04-29 00:00:00.000,04:00:00
Banashankari,murder,12.920844,77.543006,2019-11-09 00:00:00.000,09:45:00
Banashankari,murder,12.923045,77.541396,2019-09-23 00:00:00.000,04:30:00
Banashankari,murder,12.93336,77.550661,2019-11-13 00:00:00.000,01:00:00
Banashankari,attempted murder,12.971599,77.594563,2016-10-02 00:00:00.000,07:00:00
Banashankari,attempted murder,12.80642,77.52537,2016-09-11 00:00:00.000,13:30:00
Banashankari,attempted murder,12.88605,77.494843,2017-01-15 00:00:00.000,10:15PM
Banashankari,attempted murder,12.921755,77.588346,2017-01-21 00:00:00.000,23:50:00
Banashankari,attempted murder,12.922076,77.5589539,2017-12-06 00:00:00.000,07:35:00
Banashankari,attempted murder,12.835635,77.653354,2018-05-22 00:00:00.000,18:00:00
Banashankari,attempted murder,12.925635,77.583354,2018-08-13 00:00:00.000,16:45:00
Banashankari,attempted murder,12.28784,76.63313,2018-11-30 00:00:00.000,20:00:00
Banashankari,attempted murder,12.79642,77.50537,2018-02-12 00:00:00.000,16:25:00
Banashankari,attempted murder,12.93443,77.592697,2019-04-28 00:00:00.000,19:30:00
Banashankari,attempted murder,12.943773,77.573418,2015-01-02 00:00:00.000,23:15:00
Banashankari,attempted murder,12.941212,77.57344,2015-10-08 00:00:00.000,10:30:00
Banashankari,attempted murder,12.941716,77.573891,2017-03-05 00:00:00.000,11:00:00
Banashankari,attempted murder,12.94452287,77.5788835,2017-09-05 00:00:00.000,13:45AM
Banashankari,attempted murder,12.941946,77.574073,2017-11-09 00:00:00.000,11:30:00
Banashankari,attempted murder,12.935305,77.572075,2017-09-11 00:00:00.000,00:15:00
Banashankari,attempted murder,12.93699,77.566649,2018-12-02 00:00:00.000,21:15AM
Banashankari,attempted murder,12.944247,77.572678,2018-02-14 00:00:00.000,21:15AM
Banashankari,attempted murder,12.938602,77.575583,2018-05-17 00:00:00.000,11:30:00
Banashankari,attempted murder,12.946432,77.578244,2019-07-07 00:00:00.000,19:12AM
Banashankari,attempted murder,12.942962,77.568212,2019-11-19 00:00:00.000,14:30PM
Banashankari,attempted murder,12.9071234,77.5772499,2015-04-29 00:00:00.000,04:05:00
Banashankari,attempted murder,12.9021964,77.5472,2015-11-05 00:00:00.000,23:46:00
Banashankari,attempted murder,12.9047055,77.5868222,2015-02-09 00:00:00.000,22:50:00
Banashankari,attempted murder,12.8996863,77.5719224,2015-10-13 00:00:00.000,23:01:00
Banashankari,attempted murder,12.91655,77.5945793,2015-10-29 00:00:00.000,08:35:00
Banashankari,attempted murder,12.9165477,77.5617482,2015-12-25 00:00:00.000,21:45:00
Banashankari,attempted murder,12.9111818,77.5739301,2016-04-03 00:00:00.000,22:01:00
Banashankari,attempted murder,12.8896959,77.543055,2016-03-31 00:00:00.000,15:35:00
Banashankari,attempted murder,12.9036647,77.5785439,2016-08-29 00:00:00.000,17:01:00
Banashankari,attempted murder,12.9423522,77.5027961,2016-05-09 00:00:00.000,11:30:00
Banashankari,attempted murder,12.909427,77.5706543,2016-10-20 00:00:00.000,13:15:00
Banashankari,attempted murder,12.9093248,77.5591563,2016-10-22 00:00:00.000,22:45:00
Banashankari,attempted murder,12.8879049,77.5774295,2016-09-12 00:00:00.000,00:00:00
Banashankari,attempted murder,12.8879043,77.5621085,2017-08-05 00:00:00.000,22:01:00
Banashankari,attempted murder,12.8879031,77.5621085,2018-03-27 00:00:00.000,18:20:00
Banashankari,attempted murder,12.9105665,77.571023,2018-12-06 00:00:00.000,18:30:00
Banashankari,attempted murder,12.9125802,77.5731949,2018-08-28 00:00:00.000,11:20:00
Banashankari,attempted murder,12.9125802,77.5731949,2019-01-26 00:00:00.000,18:40:00
Banashankari,attempted murder,12.9263748,77.5664358,2019-03-28 00:00:00.000,03:00:00
Banashankari,attempted murder,12.9122435,77.5829634,2019-04-14 00:00:00.000,01:00:00
Banashankari,attempted murder,12.9204433,77.5663689,2019-04-20 00:00:00.000,17:00:00
Banashankari,attempted murder,12.87974,77.50031,2017-03-05 00:00:00.000,17:00:00
Banashankari,attempted murder,12.92957,77.57276,2017-01-10 00:00:00.000,06:00:00
Banashankari,attempted murder,12.91851,77.58122,2017-08-11 00:00:00.000,23:45:00
Banashankari,attempted murder,12.87974,77.50031,2017-09-11 00:00:00.000,05:00:00
Banashankari,attempted murder,12.89066,77.575524,2018-01-15 00:00:00.000,18:15:00
Banashankari,attempted murder,13.01965,77.60673,2019-11-03 00:00:00.000,13:15:00
Banashankari,attempted murder,12.944814,77.587996,2015-03-22 00:00:00.000,14:30:00
Banashankari,attempted murder,12.942789,77.596405,2015-11-04 00:00:00.000,14:00:00
Banashankari,attempted murder,12.946042,77.593699,2015-07-22 00:00:00.000,18:30:00
Banashankari,attempted murder,12.93481,77.591525,2015-06-08 00:00:00.000,21:00:00
Banashankari,attempted murder,12.945283,77.58671,2015-11-08 00:00:00.000,00:15:00
Banashankari,attempted murder,12.942789,77.596405,2015-08-16 00:00:00.000,20:30:00
Banashankari,attempted murder,12.934073,77.592244,2015-03-09 00:00:00.000,20:00:00
Banashankari,attempted murder,12.944485,77.591988,2015-06-09 00:00:00.000,20:00:00
Banashankari,attempted murder,12.945602,77.588022,2015-03-10 00:00:00.000,09:15:00
Banashankari,attempted murder,12.946595,77.59197,2015-11-17 00:00:00.000,21:00:00
Banashankari,attempted murder,12.944814,77.587996,2016-08-03 00:00:00.000,13:15:00
Banashankari,attempted murder,12.944814,77.587996,2016-03-20 00:00:00.000,13:00:00
Banashankari,attempted murder,12.942707,77.585262,2016-04-26 00:00:00.000,04:00:00
Banashankari,attempted murder,12.935847,77.593125,2017-06-14 00:00:00.000,04:30:00
Banashankari,attempted murder,12.944265,77.593685,2017-06-07 00:00:00.000,20:45:00
Banashankari,attempted murder,12.945058,77.591578,2017-12-19 00:00:00.000,14:00:00
Banashankari,attempted murder,12.9446676,77.592128,2018-10-25 00:00:00.000,10:45:00
Banashankari,attempted murder,12.941015,77.580237,2018-11-28 00:00:00.000,17:00:00
Banashankari,attempted murder,12.9446676,77.592128,2018-12-24 00:00:00.000,20:00:00
Banashankari,attempted murder,12.938585,77.58509,2019-06-01 00:00:00.000,15:00:00
Banashankari,attempted murder,12.946428,77.591183,2019-02-18 00:00:00.000,09:45:00
Banashankari,attempted murder,12.951431,77.590558,2019-02-27 00:00:00.000,13:30:00
Banashankari,attempted murder,12.945058,77.591578,2019-08-04 00:00:00.000,12:00:00
Banashankari,attempted murder,12.946042,77.593699,2019-07-08 00:00:00.000,12:00:00
Banashankari,attempted murder,12.942008,77.593672,2019-09-12 00:00:00.000,21:00:00
Banashankari,attempted murder,12.936049,77.592597,2019-10-12 00:00:00.000,21:30:00
Banashankari,attempted murder,12.943814,77.59715,2019-12-22 00:00:00.000,16:30:00
Banashankari,attempted murder,12.89062558,77.56405571,2015-01-21 00:00:00.000,12:30:00
Banashankari,attempted murder,12.89117067,77.5699034,2015-04-30 00:00:00.000,15:00PM
Banashankari,attempted murder,12.88290759,77.56690606,2015-05-22 00:00:00.000,19:45PM
Banashankari,attempted murder,12.917986,77.553778,2016-11-01 00:00:00.000,21:15PM
Banashankari,attempted murder,12.90759817,77.53481056,2016-01-31 00:00:00.000,10:00:00
Banashankari,attempted murder,12.91273921,77.54878858,2016-02-22 00:00:00.000,08:15:00
Banashankari,attempted murder,12.90944142,77.55721452,2016-02-24 00:00:00.000,
Banashankari,attempted murder,12.90913455,77.55325268,2016-02-29 00:00:00.000,17:40PM
Banashankari,attempted murder,12.90862205,77.55531561,2016-07-03 00:00:00.000,22:45PM
Banashankari,attempted murder,12.88867402,77.57312221,2016-03-30 00:00:00.000,12:15:00
Banashankari,attempted murder,12.88867402,77.57312221,2016-07-04 00:00:00.000,14:35PM
Banashankari,attempted murder,12.9046755,77.53001756,2016-06-25 00:00:00.000,20:00PM
Banashankari,attempted murder,12.89572496,77.5719447,2016-07-08 00:00:00.000,20:45PM
Banashankari,attempted murder,12.88812763,77.58114661,2016-09-10 00:00:00.000,
Banashankari,attempted murder,12.91134545,77.53812371,2016-11-17 00:00:00.000,
Banashankari,attempted murder,12.89246857,77.57540769,2016-11-21 00:00:00.000,
Banashankari,attempted murder,12.91102435,77.53917778,2017-06-06 00:00:00.000,23:45PM
Banashankari,attempted murder,12.89900112,77.544042,2017-09-15 00:00:00.000,10:00:00
Banashankari,attempted murder,12.90827601,77.55022679,2017-04-10 00:00:00.000,22:15PM
Banashankari,attempted murder,12.91422266,77.53929427,2017-08-10 00:00:00.000,21:30PM
Banashankari,attempted murder,12.8997408,77.54951691,2017-08-12 00:00:00.000,07:30:00
Banashankari,attempted murder,12.91739661,77.54533797,2018-04-02 00:00:00.000,18:15PM
Banashankari,attempted murder,12.91022894,77.5481594,2018-02-28 00:00:00.000,18:02PM
Banashankari,attempted murder,12.90471042,77.54488816,2018-04-14 00:00:00.000,13:45:00
Banashankari,attempted murder,12.90988782,77.557636075,2018-08-12 00:00:00.000,21:00PM
Banashankari,attempted murder,12.9057223,77.53558126,2019-01-14 00:00:00.000,12:15:00
Banashankari,attempted murder,12.88520621,77.56866459,2019-02-18 00:00:00.000,10:30:00
Banashankari,attempted murder,12.904425,77.528388,2019-03-13 00:00:00.000,08:00:00
Banashankari,attempted murder,12.89062558,77.56405571,2019-03-04 00:00:00.000,21:00PM
Banashankari,attempted murder,12.9144943,77.55021425,2019-08-03 00:00:00.000,
Banashankari,attempted murder,12.9057223,77.53558126,2019-10-25 00:00:00.000,00:45:00
Banashankari,attempted murder,12.885536,77.542507,2015-02-01 00:00:00.000,13:15:00
Banashankari,attempted murder,12.870927,77.536764,2015-03-20 00:00:00.000,21:00:00
Banashankari,attempted murder,12.891626,77.496854,2015-05-04 00:00:00.000,21:00:00
Banashankari,attempted murder,12.862772,77.531239,2015-05-14 00:00:00.000,14:00:00
Banashankari,attempted murder,12.876155,77.53255,2015-09-17 00:00:00.000,20:30:00
Banashankari,attempted murder,12.872936,77.528647,2015-10-15 00:00:00.000,09:30:00
Banashankari,attempted murder,12.874927,77.542694,2016-03-30 00:00:00.000,17:00:00
Banashankari,attempted murder,12.870315,77.5375,2019-06-29 00:00:00.000,11:00:00
Banashankari,attempted murder,12.872491,77.5607410,2016-08-08 00:00:00.000,15:00:00
Banashankari,attempted murder,12.872491,77.5607410,2016-08-08 00:00:00.000,15:30:00
Banashankari,attempted murder,12.876095,77.546538,2016-09-28 00:00:00.000,13:00:00
Banashankari,attempted murder,12.879245,77.512528,2016-11-25 00:00:00.000,00:15:00
Banashankari,attempted murder,12.891048,77.542411,2016-11-28 00:00:00.000,17:00:00
Banashankari,attempted murder,12.88374,77.501315,2016-03-12 00:00:00.000,07:00:00
Banashankari,attempted murder,12.856318,77.559623,2017-01-02 00:00:00.000,22:30:00
Banashankari,attempted murder,12.895099,77.542102,2017-02-27 00:00:00.000,23:15:00
Banashankari,attempted murder,12.869881,77.525669,2017-11-04 00:00:00.000,01:00:00
Banashankari,attempted murder,12.868478,77.521805,2017-05-17 00:00:00.000,13:30:00
Banashankari,attempted murder,12.877804,77.533739,2017-10-06 00:00:00.000,14:45:00
Banashankari,attempted murder,12.863084,77.526325,2017-08-16 00:00:00.000,10:30:00
Banashankari,attempted murder,12.880893,77.543751,2017-11-19 00:00:00.000,12:10:00
Banashankari,attempted murder,12.874507,77.529564,2017-11-26 00:00:00.000,22:00:00
Banashankari,attempted murder,12.853218,77.553667,2018-11-02 00:00:00.000,12:00:00
Banashankari,attempted murder,12.881532,77.511282,2018-01-04 00:00:00.000,08:30:00
Banashankari,attempted murder,12.877385,77.534077,2018-06-18 00:00:00.000,21:15:00
Banashankari,attempted murder,12.867237,77.535278,2018-11-09 00:00:00.000,23:30:00
Banashankari,attempted murder,12.878813,77.482329,2018-10-26 00:00:00.000,13:00:00
Banashankari,attempted murder,12.85092,77.557048,2018-11-22 00:00:00.000,18:30:00
Banashankari,attempted murder,12.880754,77.549448,2019-07-04 00:00:00.000,03:45:00
Banashankari,attempted murder,12.895797,77.536992,2019-04-09 00:00:00.000,18:30:00
Banashankari,attempted murder,12.865399,77.520688,2019-05-09 00:00:00.000,06:30:00
Banashankari,attempted murder,12.865652,77.516896,2019-09-17 00:00:00.000,14:00:00
Banashankari,attempted murder,12.881457,77.573157,2017-05-31 00:00:00.000,09:00:00
Banashankari,attempted murder,12.85708,77.577065,2017-02-07 00:00:00.000,12:30:00
Banashankari,attempted murder,12.899251,77.576456,2017-12-10 00:00:00.000,22:30:00
Banashankari,attempted murder,12.88967,77.571871,2017-02-12 00:00:00.000,23:00:00
Banashankari,attempted murder,12.871945,77.57484,2017-03-12 00:00:00.000,00:10:00
Banashankari,attempted murder,12.855507,77.587458,2019-05-02 00:00:00.000,15:20:00
Banashankari,attempted murder,12.888075,77.570911,2019-03-30 00:00:00.000,04:15:00
Banashankari,attempted murder,12.88245,77.575277,2018-11-04 00:00:00.000,09:40:00
Banashankari,attempted murder,12.871945,77.57484,2018-05-26 00:00:00.000,19:00:00
Banashankari,attempted murder,12.881966,77.566281,2018-02-07 00:00:00.000,20:54:00
Banashankari,attempted murder,12.84856,77.58442,2018-07-31 00:00:00.000,13:10:00
Banashankari,attempted murder,12.870638,77.583264,2018-08-25 00:00:00.000,05:30:00
Banashankari,attempted murder,12.881012,77.57636,2018-04-26 00:00:00.000,17:00:00
Banashankari,attempted murder,12.88967,77.571871,2019-05-02 00:00:00.000,21:00:00
Banashankari,attempted murder,12.878993,77.557886,2019-03-30 00:00:00.000,07:00:00
Banashankari,attempted murder,12.880183,77.567401,2019-03-31 00:00:00.000,07:15:00
Banashankari,attempted murder,12.896392,77.570185,2019-03-04 00:00:00.000,21:10:00
Banashankari,attempted murder,12.89639,77.570185,2019-04-04 00:00:00.000,07:00:00
Banashankari,attempted murder,12.840624,77.580569,2019-05-30 00:00:00.000,23:15:00
Banashankari,attempted murder,12.88818,77.570987,2019-11-20 00:00:00.000,16:30:00
Banashankari,attempted murder,12.843536,77.5836,2019-11-25 00:00:00.000,12:30:00
Banashankari,attempted murder,12.885931,77.585941,2017-11-26 00:00:00.000,03:00:00
Banashankari,attempted murder,12.90903,77.58764,2018-11-04 00:00:00.000,11:30:00
Banashankari,attempted murder,12.902358,77.589837,2018-07-12 00:00:00.000,21:00:00
Banashankari,attempted murder,12.881791,77.588689,2019-11-13 00:00:00.000,19:00:00
Banashankari,attempted murder,12.9124182556892,77.5641048370764,2015-10-02 00:00:00.000,19:00:00
Banashankari,attempted murder,12.8999136414243,77.5724909471076,2015-06-03 00:00:00.000,22:00:00
Banashankari,attempted murder,12.9026072787272,77.5614887435773,2015-07-07 00:00:00.000,17:00:00
Banashankari,attempted murder,12.9021874622456,77.5726241709647,2015-07-29 00:00:00.000,18:30:00
Banashankari,attempted murder,12.9021874622456,77.5726241709647,2015-07-29 00:00:00.000,12:00:00
Banashankari,attempted murder,12.9085203452405,77.5725265251381,2015-03-12 00:00:00.000,16:30:00
Banashankari,attempted murder,12.9141256400484,77.5633354568206,2015-12-13 00:00:00.000,21:00:00
Banashankari,attempted murder,12.9021874622456,77.5726241709647,2015-12-19 00:00:00.000,12:00:00
Banashankari,attempted murder,12.9071512442452,77.5706532660885,2016-07-01 00:00:00.000,21:00:00
Banashankari,attempted murder,12.9105468600267,77.5607455338601,2016-09-01 00:00:00.000,22:30:00
Banashankari,attempted murder,12.9156668834348,77.5615653226641,2016-01-27 00:00:00.000,15:15:00
Banashankari,attempted murder,12.9036664359072,77.567460870869,2016-03-05 00:00:00.000,22:00:00
Banashankari,attempted murder,12.892719430893,77.5668159621641,2016-04-06 00:00:00.000,11:00:00
Banashankari,attempted murder,12.9144905944493,77.5721064816148,2016-07-07 00:00:00.000,15:30:00
Banashankari,attempted murder,12.9144905944493,77.5721064816148,2016-07-31 00:00:00.000,20:40:00
Banashankari,attempted murder,12.9073405371661,77.5726119249203,2016-07-08 00:00:00.000,00:30:00
Banashankari,attempted murder,12.9043309015663,77.5684681501214,2016-08-16 00:00:00.000,23:01:00
Banashankari,attempted murder,12.9008927627643,77.5698813716385,2016-05-09 00:00:00.000,17:00:00
Banashankari,attempted murder,12.9162974053303,77.5707956209262,2016-03-09 00:00:00.000,15:30:00
Banashankari,attempted murder,12.895284445528,77.5662128659953,2016-10-19 00:00:00.000,18:15:00
Banashankari,attempted murder,12.8985485830136,77.5696633326515,2016-10-22 00:00:00.000,09:30:00
Banashankari,attempted murder,12.8981950397319,77.5693753268396,2016-01-11 00:00:00.000,11:55:00
Banashankari,attempted murder,12.8988074924041,77.5722900133757,2016-12-21 00:00:00.000,00:20:00
Banashankari,attempted murder,12.9124941271334,77.5724056559576,2017-04-02 00:00:00.000,21:00:00
Banashankari,attempted murder,12.9036664359072,77.567460870869,2017-03-24 00:00:00.000,21:00:00
Banashankari,attempted murder,12.8964515698276,77.5602433120194,2017-09-06 00:00:00.000,23:00:00
Banashankari,attempted murder,12.9026072787272,77.5614887435773,2017-08-23 00:00:00.000,21:00:00
Banashankari,attempted murder,12.9079509684668,77.5709835206621,2017-09-21 00:00:00.000,"1 day, 0:00:00"
Banashankari,attempted murder,12.9007131600848,77.5651239475589,2017-11-22 00:00:00.000,22:30:00
Banashankari,attempted murder,12.9079107980595,77.5667368067783,2017-11-27 00:00:00.000,21:00:00
Banashankari,attempted murder,12.9135166186977,77.5670477005948,2018-03-13 00:00:00.000,18:00:00
Banashankari,attempted murder,12.9008927627643,77.5698813716385,2018-05-29 00:00:00.000,19:00:00
Banashankari,attempted murder,12.9043309015663,77.5684681501214,,21:00:00
Banashankari,attempted murder,12.9043309015663,77.5684681501214,2018-06-18 00:00:00.000,14:00:00
Banashankari,attempted murder,12.9151436819703,77.5694191266274,2018-06-26 00:00:00.000,15:00:00
Banashankari,attempted murder,12.9023385605328,77.5653252772123,2018-09-07 00:00:00.000,14:00:00
Banashankari,attempted murder,12.8982364488419,77.5694762090069,2018-07-18 00:00:00.000,23:00:00
Banashankari,attempted murder,12.9050964485764,77.571337000055,2020-05-09 00:00:00.000,21:00:00
Banashankari,attempted murder,12.9061712471247,77.5698458437946,2018-03-11 00:00:00.000,18:00:00
Banashankari,attempted murder,12.9135166186977,77.5670477005948,2018-07-12 00:00:00.000,23:30:00
Banashankari,attempted murder,12.896847554625,77.5674809920983,2019-01-29 00:00:00.000,22:30:00
Banashankari,attempted murder,12.8979064683143,77.5594980995282,2019-08-17 00:00:00.000,22:30:00
Banashankari,attempted murder,12.8914388215753,77.5645044225484,2019-08-09 00:00:00.000,13:30:00
Banashankari,attempted murder,12.931754,77.539058,2015-09-09 00:00:00.000,05:00:00
Banashankari,attempted murder,12.936892,77.551396,2015-09-18 00:00:00.000,02:00:00
Banashankari,attempted murder,12.936135,77.545152,2015-10-28 00:00:00.000,23:55:00
Banashankari,attempted murder,12.937792,77.537268,2016-02-06 00:00:00.000,08:00:00
Banashankari,attempted murder,12.939647,77.552168,2016-01-01 00:00:00.000,11:30:00
Banashankari,attempted murder,12.943851,77.548762,2016-12-03 00:00:00.000,16:00:00
Banashankari,attempted murder,12.939585,77.544317,2016-03-11 00:00:00.000,22:30:00
Banashankari,attempted murder,12.933474,77.543107,2016-10-11 00:00:00.000,22:15:00
Banashankari,attempted murder,12.937343,77.537022,2016-04-27 00:00:00.000,21:30:00
Banashankari,attempted murder,12.930897,77.53865,2016-12-05 00:00:00.000,11:30:00
Banashankari,attempted murder,12.555886,77.321119,2016-11-30 00:00:00.000,22:15:00
Banashankari,attempted murder,12.939647,77.552168,2017-05-03 00:00:00.000,19:00:00
Banashankari,attempted murder,12.930897,77.53865,2017-10-10 00:00:00.000,
Banashankari,attempted murder,12.936892,77.551396,2017-07-12 00:00:00.000,20:30:00
Banashankari,attempted murder,12.93586,77.54388,2018-01-12 00:00:00.000,22:00:00
Banashankari,attempted murder,12.941898,77.55148,2018-11-13 00:00:00.000,13:40:00
Banashankari,attempted murder,12.934084,77.544929,2018-12-30 00:00:00.000,02:00:00
Banashankari,attempted murder,12.916346,77.536052,2019-03-14 00:00:00.000,16:50:00
Banashankari,attempted murder,12.931403,77.53854,2019-05-29 00:00:00.000,14:30:00
Banashankari,attempted murder,12.926366,77.548363,2019-09-29 00:00:00.000,20:40:00
Banashankari,attempted murder,12.940715,77.545315,2019-10-12 00:00:00.000,22:00:00
Banashankari,attempted murder,12.941898,77.55148,2019-10-22 00:00:00.000,21:45:00
Banashankari,attempted murder,12.94948,77.5643001,2015-04-12 00:00:00.000,
Banashankari,attempted murder,12.94953,77.56316,2016-05-30 00:00:00.000,01:30:00
Banashankari,attempted murder,12.94953,77.56316,2017-03-20 00:00:00.000,09:00:00
Banashankari,attempted murder,12.951433,77.567242,2018-12-03 00:00:00.000,21:30:00
Banashankari,attempted murder,12.953511,77.559792,2018-03-16 00:00:00.000,15:00:00
Banashankari,attempted murder,12.95046684,77.5643001,2018-10-04 00:00:00.000,10:30:00
Banashankari,attempted murder,12.948701,77.559813,2018-06-06 00:00:00.000,19:00:00
Banashankari,attempted murder,12.95014,77.5604,2019-06-18 00:00:00.000,11:30:00
Banashankari,attempted murder,12.94968,77.56202,2019-07-17 00:00:00.000,21:30:00
Banashankari,attempted murder,12.94827,77.55944,2019-09-20 00:00:00.000,02:40:00
Banashankari,attempted murder,12.94951,77.56312,2019-11-14 00:00:00.000,22:30:00
Banashankari,attempted murder,12.94953,77.56316,2019-11-22 00:00:00.000,12:30:00
Banashankari,attempted murder,12.94953,77.56316,2019-02-12 00:00:00.000,23:00:00
Banashankari,attempted murder,12.9533,77.57242,2017-08-24 00:00:00.000,16:00:00
Banashankari,attempted murder,12.948775,77.572542,2019-09-29 00:00:00.000,19:00:00
Banashankari,attempted murder,12.951456020309,77.5799156304629,2017-10-09 00:00:00.000,4:3
Banashankari,attempted murder,12.9537220810801,77.5757708482381,2017-03-11 00:00:00.000,19:3
Banashankari,attempted murder,12.9562784518029,77.5765665270044,,17:3
Banashankari,attempted murder,12.9394,77.5543,2015-04-01 00:00:00.000,15:15:00
Banashankari,attempted murder,12.9365,77.556,2015-01-16 00:00:00.000,12:15:00
Banashankari,attempted murder,12.5614,77.3305,2015-02-02 00:00:00.000,17:00:00
Banashankari,attempted murder,12.5638,77.3316,2015-03-25 00:00:00.000,18:00:00
Banashankari,attempted murder,12.565,77.3633,2015-04-28 00:00:00.000,02:30:00
Banashankari,attempted murder,12.5648,77.3348,2015-02-06 00:00:00.000,21:00:00
Banashankari,attempted murder,12.5629,77.3313,2015-09-19 00:00:00.000,18:30:00
Banashankari,attempted murder,12.5653,77.3319,2016-07-18 00:00:00.000,12:15:00
Banashankari,attempted murder,12.561,77.3317,2016-09-09 00:00:00.000,09:50:00
Banashankari,attempted murder,12.5626,77.3327,2016-10-27 00:00:00.000,13:30:00
Banashankari,attempted murder,12.9324412,77.564925,2017-10-02 00:00:00.000,08:45:00
Banashankari,attempted murder,12.5641,77.3316,2017-01-05 00:00:00.000,21:30:00
Banashankari,attempted murder,12.5658,77.334,2017-06-07 00:00:00.000,11:15:00
Banashankari,attempted murder,12.5631,77.3315,2017-07-18 00:00:00.000,18:30:00
Banashankari,attempted murder,12.5546,77.3403,2017-05-02 00:00:00.000,22:00:00
Banashankari,attempted murder,12.5643,77.3331,2018-07-14 00:00:00.000,23:40:00
Banashankari,attempted murder,12.5629,77.3454,2019-04-02 00:00:00.000,12:30:00
Banashankari,attempted murder,12.5649,77.3492,2019-04-04 00:00:00.000,21:15:00
Banashankari,attempted murder,12.5668,77.3323,2019-04-30 00:00:00.000,12:30:00
Banashankari,attempted murder,12.5654,77.3309,2019-12-31 00:00:00.000,12:15:00
Banashankari,attempted murder,12.933307,77.555896,2015-01-01 00:00:00.000,02:00:00
Banashankari,attempted murder,12.932948,77.555739,2015-03-11 00:00:00.000,22:40:00
Banashankari,attempted murder,12.925628,77.558118,,11:40:00
Banashankari,attempted murder,12.92281,77.549459,2016-08-28 00:00:00.000,19:00:00
Banashankari,attempted murder,12.930583,77.553237,2016-12-09 00:00:00.000,19:00:00
Banashankari,attempted murder,12.933015,77.550397,2016-11-10 00:00:00.000,23:45:00
Banashankari,attempted murder,12.922987,77.549027,2016-10-13 00:00:00.000,15:00:00
Banashankari,attempted murder,12.929347,77.553496,2016-11-27 00:00:00.000,11:00:00
Banashankari,attempted murder,12.923302,77.547439,2017-01-14 00:00:00.000,00:30:00
Banashankari,attempted murder,12.923588,77.546773,2017-01-19 00:00:00.000,10:00:00
Banashankari,attempted murder,12.930065,77.552782,2017-01-24 00:00:00.000,21:00:00
Banashankari,attempted murder,12.92428,77.559714,2017-01-30 00:00:00.000,17:45:00
Banashankari,attempted murder,12.919563,77.542178,,22:30:00
Banashankari,attempted murder,12.927776,77.560628,2017-08-13 00:00:00.000,19:30:00
Banashankari,attempted murder,12.922983,77.548966,2017-07-10 00:00:00.000,19:30:00
Banashankari,attempted murder,12.921282,77.552124,2017-01-09 00:00:00.000,19:30:00
Banashankari,attempted murder,12.924888,77.54409,2018-04-19 00:00:00.000,22:00:00
Banashankari,attempted murder,12.91959,77.541964,2018-09-23 00:00:00.000,23:15:00
Banashankari,attempted murder,12.920267,77.542058,2019-01-02 00:00:00.000,18:30:00
Banashankari,attempted murder,12.932401,77.564047,2019-09-15 00:00:00.000,10:30:00
Banashankari,attempted murder,12.923094,77.549019,2019-12-15 00:00:00.000,09:15:00
Banashankari,robbery,12.914562,77.58467,2015-09-01 00:00:00.000,15:15:00
Banashankari,robbery,12.912566,77.58986,2015-02-18 00:00:00.000,13:00:00
Banashankari,robbery,12.91802,77.58833,2015-02-25 00:00:00.000,13:30:00
Banashankari,robbery,12.554512,77.35043,2015-05-14 00:00:00.000,00:05:00
Banashankari,robbery,12.932946,77.58386,2015-05-07 00:00:00.000,03:40:00
Banashankari,robbery,12.915644,77.56456,2015-02-11 00:00:00.000,09:45:00
Banashankari,robbery,12.97194,77.59369,2016-07-02 00:00:00.000,20:45:00
Banashankari,robbery,12.932554,77.589451,2016-02-29 00:00:00.000,11:00:00
Banashankari,robbery,12.933705,77.5787847,2016-07-04 00:00:00.000,20:15:00
Banashankari,robbery,12.96557,77.60625,2016-09-09 00:00:00.000,20:15:00
Banashankari,robbery,12.916148,77.58543,2016-09-19 00:00:00.000,23:30:00
Banashankari,robbery,12.922512,77.588537,2016-09-10 00:00:00.000,22:00:00
Banashankari,robbery,12.97194,77.59369,2016-10-26 00:00:00.000,21:00:00
Banashankari,robbery,12.97194,77.59369,2016-10-26 00:00:00.000,16:30:00
Banashankari,robbery,12.922517,77.58415,2016-11-22 00:00:00.000,09:15:00
Banashankari,robbery,12.929273,77.582423,2016-11-29 00:00:00.000,21:35:00
Banashankari,robbery,12.922918,77.58598,2016-02-12 00:00:00.000,00:30:00
Banashankari,robbery,12.96557,77.60625,2016-09-12 00:00:00.000,20:00:00
Banashankari,robbery,12.929273,77.58242,2016-12-18 00:00:00.000,14:00:00
Banashankari,robbery,12.929273,77.58242,2016-12-26 00:00:00.000,10:30:00
Banashankari,robbery,12.924709,77.589568,2017-03-27 00:00:00.000,12:30:00
Banashankari,robbery,12.920751,77.574677,2017-04-21 00:00:00.000,10:40:00
Banashankari,robbery,12.91113,77.572982,2017-04-21 00:00:00.000,16:30:00
Banashankari,robbery,12.920042,77.583575,2017-07-25 00:00:00.000,09:00:00
Banashankari,robbery,12.933466,77.584554,2017-07-28 00:00:00.000,23:30:00
Banashankari,robbery,12.923436,77.583712,2017-08-28 00:00:00.000,14:30:00
Banashankari,robbery,12.921507,77.580242,2017-12-09 00:00:00.000,12:10:00
Banashankari,robbery,12.929507,77.580123,2017-09-20 00:00:00.000,11:30:00
Banashankari,robbery,12.933196,77.583949,2017-10-30 00:00:00.000,22:30:00
Banashankari,robbery,12.937057,77.579642,2017-08-11 00:00:00.000,13:15:00
Banashankari,robbery,12.926539,77.580657,2017-11-14 00:00:00.000,20:45:00
Banashankari,robbery,12.927594,77.587401,2017-11-14 00:00:00.000,21:15:00
Banashankari,robbery,12.924444,77.58544,2017-11-16 00:00:00.000,10:00:00
Banashankari,robbery,12.919213,77.589206,2017-11-17 00:00:00.000,03:15:00
Banashankari,robbery,12.917612,77.57555,2017-01-12 00:00:00.000,20:45:00
Banashankari,robbery,12.926114,77.584636,2018-02-20 00:00:00.000,23:10:00
Banashankari,robbery,12.91996,77.577755,2018-02-03 00:00:00.000,19:50:00
Banashankari,robbery,12.932965,77.583821,2018-06-04 00:00:00.000,20:00:00
Banashankari,robbery,12.922168,77.575662,2018-07-04 00:00:00.000,00:10:00
Banashankari,robbery,12.936028,77.581004,2018-04-14 00:00:00.000,01:15:00
Banashankari,robbery,12.91802,77.588333,2018-04-16 00:00:00.000,09:30:00
Banashankari,robbery,12.918903,77.579729,2018-04-23 00:00:00.000,00:15:00
Banashankari,robbery,12.926314,7.579646,2018-04-26 00:00:00.000,22:30:00
Banashankari,robbery,12.936564,77.579101,2018-08-06 00:00:00.000,22:00:00
Banashankari,robbery,12.919622,77.576159,2018-06-27 00:00:00.000,00:30:00
Banashankari,robbery,12.922461,77.589067,2018-03-08 00:00:00.000,12:00:00
Banashankari,robbery,12.919946,77.580174,2018-08-19 00:00:00.000,14:15:00
Banashankari,robbery,12.91795,77.588783,2018-10-24 00:00:00.000,02:00:00
Banashankari,robbery,12.917777,77.58849,2018-11-11 00:00:00.000,16:30:00
Banashankari,robbery,12.91691,77.5857,2018-06-12 00:00:00.000,14:00:00
Banashankari,robbery,12.94391,77.5656,2018-07-12 00:00:00.000,20:10:00
Banashankari,robbery,12.91925,77.57409,2019-09-01 00:00:00.000,11:45:00
Banashankari,robbery,12.920789,77.584152,2019-10-01 00:00:00.000,13:45:00
Banashankari,robbery,12.9218,77.58027,2019-02-22 00:00:00.000,14:15:00
Banashankari,robbery,12.89658,77.58865,2019-10-06 00:00:00.000,12:30:00
Banashankari,robbery,12.937897,77.589756,2019-06-15 00:00:00.000,12:10:00
Banashankari,robbery,12.935478,77.586977,2019-06-22 00:00:00.000,20:45:00
Banashankari,robbery,12.913208,77.646289,2019-06-24 00:00:00.000,20:45:00
Banashankari,robbery,12.91984,77.57982,2019-10-08 00:00:00.000,22:30:00
Banashankari,robbery,12.88411,77.49496,2019-09-09 00:00:00.000,14:45:00
Banashankari,robbery,13.12876,80.23122,2019-04-10 00:00:00.000,14:00:00
Banashankari,robbery,12.93131,77.55262,2019-10-10 00:00:00.000,00:45:00
Banashankari,robbery,12.28657,76.63203,2019-12-30 00:00:00.000,13:00:00
Banashankari,robbery,12.562385,77.342557,2015-12-06 00:00:00.000,
Banashankari,robbery,12.944364,77.570389,2015-09-21 00:00:00.000,
Banashankari,robbery,12.941264,77.580945,2016-06-18 00:00:00.000,
Banashankari,robbery,12.940014,77.573508,2016-10-21 00:00:00.000,
Banashankari,robbery,12.948533,77.576886,2016-10-21 00:00:00.000,
Banashankari,robbery,12.939203,77.574648,2016-12-01 00:00:00.000,
Banashankari,robbery,12.939203,77.574648,2016-12-22 00:00:00.000,
Banashankari,robbery,12.933631,77.567751,2017-01-04 00:00:00.000,
Banashankari,robbery,12.938711,77.576996,2017-02-21 00:00:00.000,
Banashankari,robbery,12.94605,77.575394,2017-03-19 00:00:00.000,
Banashankari,robbery,12.938967,77.578236,2017-06-10 00:00:00.000,
Banashankari,robbery,12.940152,77.566791,2017-07-15 00:00:00.000,
Banashankari,robbery,12.937975,77.56561,2017-07-26 00:00:00.000,
Banashankari,robbery,12.940152,77.566791,2017-08-07 00:00:00.000,
Banashankari,robbery,12.947732,77.580382,2017-10-16 00:00:00.000,
Banashankari,robbery,12.936013,77.574015,2017-10-18 00:00:00.000,
Banashankari,robbery,12.947732,77.580382,2017-10-22 00:00:00.000,
Banashankari,robbery,12.789441,77.789841,2018-01-27 00:00:00.000,
Banashankari,robbery,12.94138,77.579918,2018-03-22 00:00:00.000,
Banashankari,robbery,12.947809,77.574315,2018-03-23 00:00:00.000,
Banashankari,robbery,12.943653,77.578494,2018-05-02 00:00:00.000,
Banashankari,robbery,12.93841,77.57319,2018-05-07 00:00:00.000,
Banashankari,robbery,12.849751,77.8954621,2018-06-07 00:00:00.000,
Banashankari,robbery,12.943878,77.575749,2018-07-09 00:00:00.000,
Banashankari,robbery,12.7865741,77.8754201,2018-04-09 00:00:00.000,
Banashankari,robbery,12.943671,77.574675,2018-10-10 00:00:00.000,
Banashankari,robbery,12.94546,77.57132,2018-10-24 00:00:00.000,
Banashankari,robbery,12.948101,77.579533,2018-10-24 00:00:00.000,
Banashankari,robbery,12.86541,77.68521,2018-12-21 00:00:00.000,
Banashankari,robbery,12.948101,77.579533,2019-09-08 00:00:00.000,
Banashankari,robbery,12.849751,77.8954621,2019-08-13 00:00:00.000,
Banashankari,robbery,12.9164781,77.5877546,2015-03-20 00:00:00.000,22:30:00
Banashankari,robbery,12.9113469,77.5934304,2015-06-22 00:00:00.000,15:20:00
Banashankari,robbery,12.8136962,77.587486,2015-06-07 00:00:00.000,16:20:00
Banashankari,robbery,12.9155917,77.5770282,2015-07-07 00:00:00.000,09:10:00
Banashankari,robbery,12.8893536,77.5463813,2015-10-07 00:00:00.000,16:30:00
Banashankari,robbery,12.911969,77.5861441,2015-11-08 00:00:00.000,02:30:00
Banashankari,robbery,12.9163635,77.5902451,2015-08-14 00:00:00.000,20:00:00
Banashankari,robbery,12.9081752,77.5982283,2015-09-29 00:00:00.000,16:00:00
Banashankari,robbery,12.9048333,77.5789134,2016-02-01 00:00:00.000,09:15:00
Banashankari,robbery,12.9126892,77.5892209,2016-02-27 00:00:00.000,11:30:00
Banashankari,robbery,12.9016312,77.5710152,2016-03-31 00:00:00.000,15:00:00
Banashankari,robbery,12.9164782,77.5901863,2016-11-04 00:00:00.000,02:15:00
Banashankari,robbery,12.9165042,77.5836202,2016-02-05 00:00:00.000,22:35:00
Banashankari,robbery,12.9160929,77.5835311,2016-08-05 00:00:00.000,03:30:00
Banashankari,robbery,12.9064281,77.5923107,2016-02-06 00:00:00.000,17:35:00
Banashankari,robbery,12.9138583,77.5843258,2016-09-06 00:00:00.000,19:30:00
Banashankari,robbery,12.9164782,77.5901863,2016-06-23 00:00:00.000,12:45:00
Banashankari,robbery,12.9105691,77.5737605,2016-07-15 00:00:00.000,19:30:00
Banashankari,robbery,12.9152662,77.5844226,2016-07-18 00:00:00.000,16:35:00
Banashankari,robbery,12.9116237,77.5965099,2016-07-30 00:00:00.000,06:15:00
Banashankari,robbery,12.9116497,77.5899438,2016-08-24 00:00:00.000,12:30:00
Banashankari,robbery,12.9169843,77.5836119,2016-01-09 00:00:00.000,:15:00
Banashankari,robbery,12.9170307,77.5682909,2016-01-09 00:00:00.000,12:30:00
Banashankari,robbery,12.9117957,77.5826913,2016-10-09 00:00:00.000,02:05:00
Banashankari,robbery,12.9047516,77.5859256,2016-10-13 00:00:00.000,14:30:00
Banashankari,robbery,12.9080001,77.5989745,2016-10-18 00:00:00.000,07:45:00
Banashankari,robbery,12.9134896,77.5767334,2016-10-19 00:00:00.000,21:00:00
Banashankari,robbery,12.9087019,77.5877553,2016-10-19 00:00:00.000,21:00:00
Banashankari,robbery,12.9151204,77.5837865,2016-10-20 00:00:00.000,03:10:00
Banashankari,robbery,12.9166068,77.5773499,2016-12-22 00:00:00.000,00:30:00
Banashankari,robbery,12.9094322,77.5706543,2017-10-02 00:00:00.000,11:40:00
Banashankari,robbery,12.9168638,77.5832552,2017-03-28 00:00:00.000,13:32:00
Banashankari,robbery,12.906925,77.5842211,2017-05-06 00:00:00.000,13:00:00
Banashankari,robbery,12.9174342,77.5735833,2017-07-30 00:00:00.000,17:00:00
Banashankari,robbery,12.9174602,77.5670172,2017-04-09 00:00:00.000,09:30:00
Banashankari,robbery,12.9064191,77.5945086,2017-09-20 00:00:00.000,14:00:00
Banashankari,robbery,12.9142916,77.5909833,2017-02-10 00:00:00.000,10:30:00
Banashankari,robbery,12.9103454,77.5902119,2018-01-21 00:00:00.000,09:00:00
Banashankari,chain snatching,12.95601,77.56426,2015-09-11 00:00:00.000,14:30hrs
Banashankari,chain snatching,12.95222,77.5568,,20:35hrs
Banashankari,chain snatching,12.94682,77.560151,2017-10-04 00:00:00.000,08:30hours
Banashankari,chain snatching,12.9506,77.56736,2017-02-05 00:00:00.000,16:30hrs
Banashankari,chain snatching,12.957,77.5624,2017-07-16 00:00:00.000,21:30hrs
Banashankari,chain snatching,12.95334,77.5617,2017-12-08 00:00:00.000,14:00hrs
Banashankari,chain snatching,12.955191,77.56419,2018-03-20 00:00:00.000,21:00hrs
Banashankari,chain snatching,12.950078,77.556696,2019-07-02 00:00:00.000,17:00hrs
Banashankari,chain snatching,12.956273,77.564378,2019-08-02 00:00:00.000,10:45hrs
Banashankari,chain snatching,12.95319,77.55794,2019-01-05 00:00:00.000,22:30hrs
Banashankari,chain snatching,12.94898752,77.56995676,2017-09-15 00:00:00.000,20:30:00
Banashankari,chain snatching,12.9556,77.56883,2018-04-05 00:00:00.000,22:00:00
Banashankari,chain snatching,12.9486433,77.57586657,2015-06-01 00:00:00.000,15:30:00
Banashankari,chain snatching,12.9594654,77.57113375,,09:15:00
Banashankari,chain snatching,12.95154815,77.57555399,,06:30:00
Banashankari,chain snatching,12.94870298,77.5787416,,18:30:00
Banashankari,chain snatching,12.96020902,77.57035056,2016-08-07 00:00:00.000,10:30:00
Banashankari,chain snatching,12.9527423802776,77.5763878294634,2017-11-06 00:00:00.000,09:15:00
Banashankari,chain snatching,12.9586241689999,77.5744841058239,,16:30:00
Banashankari,chain snatching,12.9520673910033,77.5792810234382,,23:00:00
Banashankari,chain snatching,12.95673846,77.57548011,,10:30:00
Banashankari,chain snatching,12.9579316,77.56937036,2019-12-03 00:00:00.000,17:30:00
Banashankari,chain snatching,12.564415,77.333533,2015-01-06 00:00:00.000,15:30:00
Banashankari,chain snatching,12.563386,77.331944,2015-02-22 00:00:00.000,11:50:00
Banashankari,chain snatching,12.94599,77.56601,2015-05-20 00:00:00.000,13:45:00
Banashankari,chain snatching,12.93506,77.56309,2015-05-28 00:00:00.000,08:55:00
Banashankari,chain snatching,12.93888,77.55925,2015-07-29 00:00:00.000,18:20:00
Banashankari,chain snatching,12.564184,77.33259,2015-09-21 00:00:00.000,12:30:00
Banashankari,chain snatching,12.93965,77.55687,2015-10-01 00:00:00.000,12:30:00
Banashankari,chain snatching,12.94464,77.56029,2015-10-02 00:00:00.000,20:45:00
Banashankari,chain snatching,12.94305,77.5541,2015-11-04 00:00:00.000,11:30:00
Banashankari,chain snatching,12.942041,77.561018,2016-01-08 00:00:00.000,21:30:00
Banashankari,chain snatching,12.935563,77.633307,2016-03-24 00:00:00.000,07:30:00
Banashankari,chain snatching,12.940906,77.557557,2016-05-19 00:00:00.000,08:45:00
Banashankari,chain snatching,12.944244,77.560414,2016-12-21 00:00:00.000,07:30:00
Banashankari,chain snatching,12.943552,77.550541,2017-01-08 00:00:00.000,15:00:00
Banashankari,chain snatching,12.946262,77.549017,2017-01-28 00:00:00.000,13:25:00
Banashankari,chain snatching,12.935795,77.656466,2017-04-01 00:00:00.000,11:00:00
Banashankari,chain snatching,12.929073,77.570739,2017-05-02 00:00:00.000,15:30:00
Banashankari,chain snatching,12.942216,77.554679,2017-07-10 00:00:00.000,23:00:00
Banashankari,chain snatching,12.944505,77.561971,2017-09-13 00:00:00.000,07:15:00
Banashankari,chain snatching,12.944505,77.561971,2017-12-11 00:00:00.000,22:30:00
Banashankari,chain snatching,12.937041,77.552855,2017-12-14 00:00:00.000,18:30:00
Banashankari,chain snatching,12.94051,77.55416,2018-05-18 00:00:00.000,10:20:00
Banashankari,chain snatching,12.94619,77.55094,2018-07-09 00:00:00.000,06:30:00
Banashankari,chain snatching,12.94354,77.56295,2018-09-05 00:00:00.000,19:40:00
Banashankari,chain snatching,12.942063,77.559585,2018-09-09 00:00:00.000,22:00:00
Banashankari,chain snatching,12.942372,77.557356,2018-09-25 00:00:00.000,18:10:00
Banashankari,chain snatching,12.94285,77.56216,2019-01-10 00:00:00.000,21:45:00
Banashankari,chain snatching,12.94519,77.55699,2019-01-10 00:00:00.000,23:30:00
Banashankari,chain snatching,12.935247,77.554545,2019-02-03 00:00:00.000,20:15:00
Banashankari,chain snatching,12.94218,77.55857,2019-02-26 00:00:00.000,08:15:00
Banashankari,chain snatching,12.93562,77.55478,2019-03-19 00:00:00.000,19:30:00
Banashankari,chain snatching,12.9352,77.56323,2019-04-24 00:00:00.000,20:15:00
Banashankari,chain snatching,12.94382,77.5612,2019-04-24 00:00:00.000,22:00:00
Banashankari,chain snatching,12.94236,77.55585,2019-05-27 00:00:00.000,18:00:00
Banashankari,chain snatching,12.9468,77.3563627,2019-08-25 00:00:00.000,22:00:00
Banashankari,chain snatching,12.94551,7756466.0,2019-09-10 00:00:00.000,16:00:00
Banashankari,chain snatching,12.944193,77.556826,2019-12-03 00:00:00.000,18:30:00
Banashankari,chain snatching,12.93912,77.55505,2019-12-09 00:00:00.000,12:00:00
Banashankari,chain snatching,12.93444,77.5661,2019-12-18 00:00:00.000,20:30:00
Banashankari,chain snatching,12.930874,77.545487,2015-06-21 00:00:00.000,20:45PM
Banashankari,chain snatching,12.926381,77.55534,2015-08-25 00:00:00.000,12:15:00
Banashankari,chain snatching,12.925038,77.546948,2015-09-21 00:00:00.000,11:45:00
Banashankari,chain snatching,12.930957,77.552192,2015-09-22 00:00:00.000,16:00PM
Banashankari,chain snatching,12.922066,77.550921,2015-02-12 00:00:00.000,18:45PM
Basavanagudi,robbery,12.9217529,77.5825697,2018-01-28 00:00:00.000,17:10:00
Basavanagudi,robbery,12.9116237,77.5965099,2018-01-29 00:00:00.000,22:00:00
Basavanagudi,robbery,12.9105119,77.5928196,2018-02-24 00:00:00.000,09:30:00
Basavanagudi,robbery,12.9074749,77.5904753,2018-07-03 00:00:00.000,12:00:00
Basavanagudi,robbery,12.9296592,77.5521606,2018-03-24 00:00:00.000,16:00:00
Basavanagudi,robbery,12.9094322,77.5706543,2018-11-05 00:00:00.000,22:00:00
Basavanagudi,robbery,12.9159395,77.5922482,2018-12-07 00:00:00.000,21:10:00
Basavanagudi,robbery,12.9106658,77.5759798,2018-07-29 00:00:00.000,05:30:00
Basavanagudi,robbery,12.9169723,77.5901235,2018-09-08 00:00:00.000,16:00:00
Basavanagudi,robbery,12.9075378,77.5842326,2019-01-02 00:00:00.000,22:55:00
Basavanagudi,robbery,12.9162687,77.5893259,2019-12-03 00:00:00.000,16:30:00
Basavanagudi,robbery,12.9142916,77.5909833,2019-06-04 00:00:00.000,04:15:00
Basavanagudi,robbery,12.9069002,77.592889,2019-05-17 00:00:00.000,15:30:00
Basavanagudi,robbery,12.9146676,77.5876323,2019-06-13 00:00:00.000,19:00:00
Basavanagudi,robbery,12.9166559,77.5836937,2019-11-14 00:00:00.000,18:30:00
Basavanagudi,robbery,12.967071,77.670484,2018-06-27 00:00:00.000,12:00:00
Basavanagudi,robbery,12.94355,77.60976,2018-10-25 00:00:00.000,11:30:00
Basavanagudi,robbery,12.91166,77.5572,2019-06-06 00:00:00.000,12:30:00
Basavanagudi,robbery,12.92013,77.56925,2019-12-09 00:00:00.000,20:45:00
Basavanagudi,robbery,12.94046,77.597527,2015-09-10 00:00:00.000,00:35:00
Basavanagudi,robbery,12.943567,77.580167,2016-07-17 00:00:00.000,13:00:00
Basavanagudi,robbery,12.939297,77.585205,2016-09-15 00:00:00.000,10:00:00
Basavanagudi,robbery,12.937969,77.580158,2016-09-28 00:00:00.000,09:00:00
Basavanagudi,robbery,12.943814,77.59715,2017-09-01 00:00:00.000,05:30:00
Basavanagudi,robbery,12.947515,77.593908,2017-01-02 00:00:00.000,20:15:00
Basavanagudi,robbery,12.942503,77.580992,2017-02-23 00:00:00.000,01:00:00
Basavanagudi,robbery,12.947859,77.592105,2017-05-27 00:00:00.000,14:45:00
Basavanagudi,robbery,12.947859,77.592105,2017-08-28 00:00:00.000,11:00:00
Basavanagudi,robbery,12.943814,77.59715,2018-06-01 00:00:00.000,20:00:00
Basavanagudi,robbery,12.938436,77.583998,2018-09-01 00:00:00.000,21:00:00
Basavanagudi,robbery,12.942646,77.581997,2018-01-17 00:00:00.000,20:00:00
Basavanagudi,robbery,12.951453,77.590628,2018-01-27 00:00:00.000,16:00:00
Basavanagudi,robbery,12.943639,77.58514,2018-03-20 00:00:00.000,11:00:00
Basavanagudi,robbery,12.936762,77.585131,2018-03-22 00:00:00.000,16:00:00
Basavanagudi,robbery,12.937108,77.601273,2018-03-28 00:00:00.000,23:00:00
Basavanagudi,robbery,12.938445,77.58516,2018-03-28 00:00:00.000,11:00:00
Basavanagudi,robbery,12.936003,77.58669,2018-03-28 00:00:00.000,21:00:00
Basavanagudi,robbery,12.941563,77.582748,2018-04-27 00:00:00.000,21:00:00
Basavanagudi,robbery,12.939297,77.585205,2018-04-07 00:00:00.000,22:00:00
Basavanagudi,robbery,12.936003,77.58669,2019-08-02 00:00:00.000,09:00:00
Basavanagudi,robbery,12.942646,77.581997,2019-02-22 00:00:00.000,12:10:00
Basavanagudi,robbery,12.936049,77.592597,2019-03-13 00:00:00.000,12:30:00
Basavanagudi,robbery,12.945058,77.591578,2019-03-25 00:00:00.000,20:35:00
Basavanagudi,robbery,12.94576,77.587228,2019-07-04 00:00:00.000,12:00:00
Basavanagudi,robbery,12.947913,77.580038,2019-05-18 00:00:00.000,11:00:00
Basavanagudi,robbery,12.937956,77.598712,2019-06-27 00:00:00.000,01:00:00
Basavanagudi,robbery,12.943814,77.59715,2019-10-07 00:00:00.000,15:00:00
Basavanagudi,robbery,12.942884,77.585104,2019-12-18 00:00:00.000,16:30:00
Basavanagudi,robbery,12.91386713,77.54283946,2015-05-25 00:00:00.000,00:20:00
Basavanagudi,robbery,12.88563257,77.5482591,2015-07-23 00:00:00.000,23:00:00
Basavanagudi,robbery,12.90953512,77.55714236,2015-07-23 00:00:00.000,21:00:00
Basavanagudi,robbery,12.88168725,77.56585586,2015-09-13 00:00:00.000,21:00:00
Basavanagudi,robbery,12.88496438,77.55767556,2015-10-29 00:00:00.000,12:50:00
Basavanagudi,robbery,12.91242457,77.53558039,2016-04-20 00:00:00.000,10:30:00
Basavanagudi,robbery,12.88211726,77.55729374,2016-04-29 00:00:00.000,10:40:00
Basavanagudi,robbery,12.87915064,77.57683666,2016-09-06 00:00:00.000,19:45:00
Basavanagudi,robbery,12.90711393,77.5439924,2016-12-15 00:00:00.000,22:15:00
Basavanagudi,robbery,12.91590055,77.54746898,2016-12-15 00:00:00.000,22:45:00
Basavanagudi,robbery,12.88255509,77.5563552,2017-01-08 00:00:00.000,11:45:00
Basavanagudi,robbery,12.9057223,77.53558126,2017-09-18 00:00:00.000,23:40PM
Basavanagudi,robbery,12.89108917,77.55497675,2017-09-27 00:00:00.000,21:30:00
Basavanagudi,robbery,12.91132338,77.55697184,2017-05-10 00:00:00.000,17:30:00
Basavanagudi,robbery,12.9066004,77.53756529,2018-04-18 00:00:00.000,06:20:00
Basavanagudi,robbery,12.88056739,77.56692379,2019-05-31 00:00:00.000,23:50PM
Basavanagudi,robbery,12.859828,77.56893,2015-10-02 00:00:00.000,22:00:00
Basavanagudi,robbery,12.859653,77.569358,2015-10-02 00:00:00.000,22:30:00
Basavanagudi,robbery,12.873803,77.561605,2015-05-25 00:00:00.000,03:00:00
Basavanagudi,robbery,12.870523,77.569048,2015-06-06 00:00:00.000,09:00:00
Basavanagudi,robbery,12.857031,77.530484,2015-12-19 00:00:00.000,23:00:00
Basavanagudi,robbery,12.885917,77.545639,2015-12-23 00:00:00.000,23:00:00
Basavanagudi,robbery,12.875936,77.53409,2016-03-18 00:00:00.000,21:00:00
Basavanagudi,robbery,12.856699,77.562385,2016-03-20 00:00:00.000,09:00:00
Basavanagudi,robbery,12.887446,77.502459,2016-04-19 00:00:00.000,21:00:00
Basavanagudi,robbery,12.88599,77.502802,2016-10-19 00:00:00.000,12:15:00
Basavanagudi,robbery,12.878482,77.495114,2016-05-11 00:00:00.000,12:30:00
Basavanagudi,robbery,12.857638,77.527322,2016-11-11 00:00:00.000,12:30:00
Basavanagudi,robbery,12.865732,77.523058,2017-04-30 00:00:00.000,23:30:00
Basavanagudi,robbery,12.892692,77.536615,2017-06-14 00:00:00.000,03:30:00
Basavanagudi,robbery,12.745859,77.487815,2017-04-11 00:00:00.000,09:45:00
Basavanagudi,robbery,12.859938,77.56061,2017-12-07 00:00:00.000,12:30:00
Basavanagudi,robbery,12.878854,77.529878,2017-12-21 00:00:00.000,22:00:00
Basavanagudi,robbery,12.874399,77.560296,2018-03-23 00:00:00.000,09:00:00
Basavanagudi,robbery,12.901526,77.513039,2018-09-04 00:00:00.000,08:30:00
Basavanagudi,robbery,12.876377,77.53243,2018-05-27 00:00:00.000,01:00:00
Basavanagudi,robbery,12.892718,77.52418,2018-05-27 00:00:00.000,01:00:00
Basavanagudi,robbery,12.858318,77.525526,2018-08-27 00:00:00.000,04:20:00
Basavanagudi,robbery,12.876729,77.553495,2019-01-06 00:00:00.000,17:30:00
Basavanagudi,robbery,12.85398,77.576174,2019-12-07 00:00:00.000,21:25:00
Basavanagudi,robbery,12.857882,77.527602,2019-11-29 00:00:00.000,18:00:00
Basavanagudi,robbery,12.861208,77.579595,2017-07-01 00:00:00.000,
Basavanagudi,robbery,12.889521,77.577839,2017-01-23 00:00:00.000,15:00:00
Basavanagudi,robbery,12.885756,77.579713,2017-02-24 00:00:00.000,19:35:00
Basavanagudi,robbery,12.888655,77.571018,2017-06-03 00:00:00.000,05:15:00
Basavanagudi,robbery,12.866076,77.580846,2017-06-03 00:00:00.000,
Basavanagudi,robbery,12.87848,77.569592,2017-08-03 00:00:00.000,15:30:00
Basavanagudi,robbery,12.889521,77.577839,2017-03-08 00:00:00.000,
Basavanagudi,robbery,12.882357,77.77573462,2017-05-16 00:00:00.000,07:14:00
Basavanagudi,robbery,12.891752,77.575516,2017-05-16 00:00:00.000,17:14:00
Basavanagudi,robbery,12.885163,77.570415,2017-05-31 00:00:00.000,21:00:00
Basavanagudi,robbery,12.875421,77.579941,2017-06-21 00:00:00.000,22:15:00
Basavanagudi,robbery,12.860251,77.580196,2017-10-09 00:00:00.000,15:30:00
Basavanagudi,robbery,12.850571,77.586299,2018-01-03 00:00:00.000,03:30:00
Basavanagudi,robbery,12.8619,77.58093,2018-10-04 00:00:00.000,21:00:00
Basavanagudi,robbery,12.866076,77.580691,2018-12-10 00:00:00.000,19:00:00
Basavanagudi,robbery,12.850571,77.586299,2018-10-20 00:00:00.000,01:00:00
Basavanagudi,robbery,12.882334,77.576126,2019-02-26 00:00:00.000,17:30:00
Basavanagudi,robbery,12.897698,77.585786,2019-05-20 00:00:00.000,05:00:00
Basavanagudi,robbery,12.882496,77.56783,2019-08-22 00:00:00.000,16:30:00
Basavanagudi,robbery,12.858499,77.592674,2019-12-20 00:00:00.000,23:45:00
Basavanagudi,robbery,12.88087,77.5855,2019-05-27 00:00:00.000,22:10:00
Basavanagudi,robbery,12.9061712471247,77.5698458437946,2015-05-02 00:00:00.000,23:15:00
Basavanagudi,robbery,12.9028808337357,77.5721867734704,2015-11-02 00:00:00.000,17:00:00
Basavanagudi,robbery,12.8928133912158,77.5666300513369,2015-02-05 00:00:00.000,15:00:00
Basavanagudi,robbery,12.9135877680617,77.5722179865643,2016-12-05 00:00:00.000,07:00:00
Basavanagudi,robbery,12.9080860118657,77.5629920799456,2016-05-31 00:00:00.000,20:10:00
Basavanagudi,robbery,12.8903442323649,77.5642779498096,2016-07-28 00:00:00.000,23:45:00
Basavanagudi,robbery,12.9155719870194,77.5732155912695,2016-11-13 00:00:00.000,11:45:00
Basavanagudi,robbery,12.9155359324014,77.5616258170776,2016-01-12 00:00:00.000,18:30:00
Basavanagudi,robbery,12.8957622003642,77.5599416215927,2016-12-12 00:00:00.000,14:30:00
Basavanagudi,robbery,12.892719430893,77.5668159621641,2017-05-01 00:00:00.000,11:35:00
Basavanagudi,robbery,12.9118926466343,77.5668833550517,2017-06-03 00:00:00.000,23:50:00
Basavanagudi,robbery,12.9084421818488,77.5636739766668,2017-07-21 00:00:00.000,21:00:00
Basavanagudi,robbery,12.9136600912658,77.5652671305881,2017-08-29 00:00:00.000,23:00:00
Basavanagudi,robbery,12.9133048035839,77.5680350394204,2017-01-09 00:00:00.000,18:00:00
Basavanagudi,robbery,12.904336,77.559845,2017-11-02 00:00:00.000,01:30:00
Basavanagudi,robbery,12.915784,77.567908,2017-11-28 00:00:00.000,21:00:00
Basavanagudi,robbery,12.9143691111693,77.5733106370572,2018-01-01 00:00:00.000,17:15:00
Basavanagudi,robbery,12.9011494733062,77.5706465675149,2018-02-15 00:00:00.000,13:00:00
Basavanagudi,robbery,12.8987338627581,77.5582034663051,2018-07-27 00:00:00.000,15:30:00
Basavanagudi,robbery,12.9061712471247,77.5698458437946,2018-07-28 00:00:00.000,13:00:00
Basavanagudi,robbery,12.892719430893,77.5668159621641,2018-06-10 00:00:00.000,18:00:00
Basavanagudi,robbery,12.9028808337357,77.5721867734704,2018-11-16 00:00:00.000,16:15:00
Basavanagudi,robbery,12.9028808337357,77.5721867734704,2018-11-18 00:00:00.000,09:30:00
Basavanagudi,robbery,12.9155359324014,77.5616258170776,2018-04-12 00:00:00.000,15:00:00
Basavanagudi,robbery,12.897974662761,77.5627143420956,2019-02-28 00:00:00.000,14:30:00
Basavanagudi,robbery,12.9026072787272,77.5614887435773,2019-03-30 00:00:00.000,11:50:00
Basavanagudi,robbery,12.8928133912158,77.5666300513369,2019-06-06 00:00:00.000,19:15:00
Basavanagudi,robbery,12.8996965673904,77.5716115576741,2019-06-24 00:00:00.000,23:00:00
Basavanagudi,robbery,12.8957622003642,77.5599416215927,2019-10-07 00:00:00.000,13:45:00
Basavanagudi,robbery,12.930897,77.53865,2015-10-14 00:00:00.000,12:30:00
Basavanagudi,robbery,12.933404,77.543486,2015-11-26 00:00:00.000,17:00:00
Basavanagudi,robbery,12.939522,77.544467,2016-05-01 00:00:00.000,20:30:00
Basavanagudi,robbery,12.939585,77.441454,2016-02-06 00:00:00.000,21:30:00
Basavanagudi,robbery,12.938629,77.544029,2016-11-08 00:00:00.000,09:30:00
Basavanagudi,robbery,12.92227,77.532128,2016-05-17 00:00:00.000,11:50:00
Basavanagudi,robbery,12.969606,77.504592,2016-12-31 00:00:00.000,12:30:00
Basavanagudi,robbery,12.943601,77.544829,2017-01-04 00:00:00.000,02:35:00
Basavanagudi,robbery,12.935359,77.53956,2017-10-04 00:00:00.000,18:10:00
Basavanagudi,robbery,12.935359,77.53956,2017-12-09 00:00:00.000,14:10:00
Basavanagudi,robbery,12.93875477,77.526116,2018-02-08 00:00:00.000,21:30:00
Basavanagudi,robbery,12.930612,77.547209,2018-03-28 00:00:00.000,23:15:00
Basavanagudi,robbery,12.5644,77.3255,2018-11-18 00:00:00.000,10:20:00
Basavanagudi,robbery,12.940701,77.545438,2018-04-07 00:00:00.000,09:00:00
Basavanagudi,robbery,12.95501377,77.5702211,2015-06-28 00:00:00.000,06:30:00
Basavanagudi,robbery,12.95641368,77.57027585,2016-08-26 00:00:00.000,05:30:00
Basavanagudi,robbery,12.94898752,77.56995676,2017-02-22 00:00:00.000,05:30:00
Basavanagudi,robbery,12.95416,77.56679,2017-12-08 00:00:00.000,13:00:00
Basavanagudi,robbery,12.95533,77.56768,2018-01-13 00:00:00.000,04:15:00
Basavanagudi,robbery,12.95722,77.57187,2018-01-13 00:00:00.000,05:00:00
Basavanagudi,robbery,12.94946,77.5713,2018-05-14 00:00:00.000,21:50:00
Basavanagudi,robbery,12.94898752,77.56995676,2018-10-22 00:00:00.000,07:10:00
Basavanagudi,robbery,12.95135,77.56877,2019-05-18 00:00:00.000,21:25:00
Basavanagudi,robbery,12.57118,77.34096,2019-12-09 00:00:00.000,16:00:00
Basavanagudi,robbery,12.95585076,77.57559967,,17:45:00
Basavanagudi,robbery,12.95072643,77.57692629,2016-10-01 00:00:00.000,21:30:00
Basavanagudi,robbery,12.95274238,77.57638783,2016-03-02 00:00:00.000,14:20:00
Basavanagudi,robbery,12.95274238,77.57638782,,19:30:00
Basavanagudi,robbery,12.9512664,77.5774393,,01:30:00
Basavanagudi,robbery,12.95154815,77.57555399,2016-06-08 00:00:00.000,22:00:00
Basavanagudi,robbery,12.95204802,77.57714548,,17:30:00
Basavanagudi,robbery,12.94996288,77.57666378,,14:00:00
Basavanagudi,robbery,12.9515481541998,77.5755539944864,,02:45:00
Basavanagudi,robbery,12.9485565287727,77.576365790557,,18:30:00
Basavanagudi,robbery,12.9525616837651,77.5764151430082,,01:30:00
Basavanagudi,robbery,12.9527423802776,77.5763878294634,2017-04-05 00:00:00.000,20:30:00
Basavanagudi,robbery,12.9507852945604,77.5768374741789,,21:10:00
Basavanagudi,robbery,12.9525086362044,77.5762103671186,2017-11-09 00:00:00.000,22:00:00
Basavanagudi,robbery,12.95683284,77.57444924,,11:00:00
Basavanagudi,robbery,12.95225434,77.5770338,,13:30:00
Basavanagudi,robbery,12.9562784515092,77.5765665270044,2018-06-30 00:00:00.000,11:30:00
Basavanagudi,robbery,12.95515912,77.57389864,2018-10-07 00:00:00.000,15:40:00
Basavanagudi,robbery,12.9545420434098,77.5747897516931,,10:50:00
Basavanagudi,robbery,12.9534180059278,77.5792773731584,2018-07-08 00:00:00.000,20:15:00
Basavanagudi,robbery,12.9551591176542,77.573938439161,2019-05-07 00:00:00.000,00:30:00
Basavanagudi,robbery,12.96350804,77.57371142,2019-09-07 00:00:00.000,22:45:00
Basavanagudi,robbery,12.9513201,77.5787223,,17:30:00
Basavanagudi,robbery,12.94729,77.55066,2015-06-13 00:00:00.000,12:10:00
Basavanagudi,robbery,12.93598,77.56005,2015-07-14 00:00:00.000,21:30:00
Basavanagudi,robbery,12.94227,77.56256,2015-08-10 00:00:00.000,13:30:00
Basavanagudi,robbery,12.94267,77.56511,2015-12-30 00:00:00.000,14:30:00
Basavanagudi,robbery,12.940936,77.556692,2016-02-10 00:00:00.000,22:00:00
Basavanagudi,robbery,12.94069,77.55437,2016-03-16 00:00:00.000,12:15:00
Basavanagudi,robbery,12.94022,7755353.0,2016-05-26 00:00:00.000,11:00:00
Basavanagudi,robbery,12.93624,77.56143,2016-05-31 00:00:00.000,20:45:00
Basavanagudi,robbery,12.93471,77.55667,2016-06-15 00:00:00.000,22:15:00
Basavanagudi,robbery,12.94022,77.55353,2016-08-09 00:00:00.000,20:15:00
Basavanagudi,robbery,12.940936,77.556692,2016-08-26 00:00:00.000,18:05:00
Basavanagudi,robbery,12.93625,77.56158,2016-11-14 00:00:00.000,21:50:00
Basavanagudi,robbery,12.937009,77.557041,2017-01-08 00:00:00.000,02:45:00
Basavanagudi,robbery,12.951925,77.546285,2017-02-22 00:00:00.000,10:15:00
Basavanagudi,robbery,12.940983,77.556662,2017-03-03 00:00:00.000,01:15:00
Basavanagudi,robbery,12.942452,77.556337,2017-04-08 00:00:00.000,02:15:00
Basavanagudi,robbery,12.948965,77.553134,2017-04-20 00:00:00.000,09:45:00
Basavanagudi,robbery,12.935558,77.55582,2017-04-23 00:00:00.000,11:30:00
Basavanagudi,robbery,12.941919,77.554372,2017-06-15 00:00:00.000,20:15:00
Basavanagudi,robbery,12.950179,77.553136,2017-10-15 00:00:00.000,20:45:00
Basavanagudi,robbery,12.9435,77.56586,2018-02-13 00:00:00.000,18:15:00
Basavanagudi,robbery,12.94777,77.55072,2018-10-14 00:00:00.000,01:10:00
Basavanagudi,robbery,12.9472,77.56554,2019-07-02 00:00:00.000,16:00:00
Basavanagudi,robbery,12.93925,77.5647,2019-07-14 00:00:00.000,16:00:00
Basavanagudi,robbery,12.94267,77.56511,2019-10-17 00:00:00.000,14:30:00
Basavanagudi,robbery,12.955074,77.562575,2015-12-16 00:00:00.000,17:00:00
Basavanagudi,robbery,12.94395418,77.57535514,2016-04-05 00:00:00.000,16:15:00
Basavanagudi,robbery,12.94949,77.56316,2016-11-23 00:00:00.000,20:00:00
Basavanagudi,robbery,12.94731,77.56425,2017-04-01 00:00:00.000,05:30:00
Basavanagudi,robbery,12.95627,77.56175,,13:00:00
Basavanagudi,robbery,12.950097,77.556479,2018-05-27 00:00:00.000,20:45:00
Basavanagudi,robbery,12.95322,77.561991,2019-03-15 00:00:00.000,18:30:00
Basavanagudi,robbery,12.94808,77.56789,2019-08-10 00:00:00.000,09:30:00
Basavanagudi,robbery,12.920677,77542981.0,2015-03-15 00:00:00.000,01:00:00
Basavanagudi,robbery,12.923728,77.554157,2015-03-18 00:00:00.000,03:40:00
Basavanagudi,robbery,12.926327,77.548414,2015-12-20 00:00:00.000,03:45:00
Basavanagudi,robbery,12.93181516,77.55018602,2016-01-30 00:00:00.000,20:30PM
Basavanagudi,robbery,12.92186055,77.5521785,2016-05-03 00:00:00.000,12:30:00
Basavanagudi,robbery,12.9260417,77.55505414,2016-06-19 00:00:00.000,19:30PM
Basavanagudi,robbery,12.92398766,77.54764376,2016-06-07 00:00:00.000,11:30:00
Basavanagudi,robbery,12.92259245,77.5507623,2016-07-23 00:00:00.000,15:15PM
Basavanagudi,robbery,12.92246955,77.55308643,2016-09-08 00:00:00.000,09:50:00
Basavanagudi,robbery,12.9264147,77.55353724,2016-12-12 00:00:00.000,16:20PM
Basavanagudi,robbery,12.93347322,77.55432306,2017-03-03 00:00:00.000,16:30:00
Basavanagudi,robbery,12.552341,77.325721,2017-02-09 00:00:00.000,23:00:00
Basavanagudi,robbery,12.554905,77335970.0,2018-06-04 00:00:00.000,08:45:00
Basavanagudi,robbery,12.553432,77.325119,2018-09-04 00:00:00.000,22:20PM
Basavanagudi,robbery,12.555802,77.334942,2018-04-17 00:00:00.000,21:35PM
Basavanagudi,robbery,12.555104,77.335841,2018-10-30 00:00:00.000,11:15:00
Basavanagudi,robbery,12.9242,77.553256,2018-07-12 00:00:00.000,20:15PM
Basavanagudi,robbery,12.930883,77.564694,2018-09-12 00:00:00.000,22:00PM
Basavanagudi,robbery,12.9258837,77.554762,2019-11-03 00:00:00.000,14:00PM
Basavanagudi,robbery,12.923208,77.549238,2019-08-04 00:00:00.000,03:00:00
Basavanagudi,chain snatching,12.92043,77.5819,2015-02-03 00:00:00.000,15:40:00
Basavanagudi,chain snatching,12.921652,77.57928,2015-03-13 00:00:00.000,17:30:00
Basavanagudi,chain snatching,12.920838,77.58481,2015-03-31 00:00:00.000,20:15:00
Basavanagudi,chain snatching,12.918973,77.57598,2015-01-04 00:00:00.000,19:45:00
Basavanagudi,chain snatching,12.932486,77.58962,2015-08-05 00:00:00.000,11:30:00
Basavanagudi,chain snatching,12.971599,77.59456,2015-09-06 00:00:00.000,20:15:00
Basavanagudi,chain snatching,12.92337,77.58371,2015-08-12 00:00:00.000,20:20:00
Basavanagudi,chain snatching,12.91872,77.57955,2015-12-30 00:00:00.000,07:40:00
Basavanagudi,chain snatching,12.918907,77.577896,2016-03-20 00:00:00.000,08:00:00
Basavanagudi,chain snatching,12.91933,77.57601,2016-05-20 00:00:00.000,22:00:00
Basavanagudi,chain snatching,12.930433,77.549761,2016-08-31 00:00:00.000,20:00:00
Basavanagudi,chain snatching,12.94462,77.617742,2016-09-29 00:00:00.000,20:45:00
Basavanagudi,chain snatching,12.92204,77.58221,2016-10-25 00:00:00.000,07:30:00
Basavanagudi,chain snatching,12.932946,77.583869,2016-11-29 00:00:00.000,10:00:00
Basavanagudi,chain snatching,12.932946,77.583869,2016-01-12 00:00:00.000,07:30:00
Basavanagudi,chain snatching,12.923396,77.581194,2017-03-28 00:00:00.000,20:00:00
Basavanagudi,chain snatching,12.921999,77.587034,2017-07-27 00:00:00.000,10:40:00
Basavanagudi,chain snatching,12.93398,77.57991,2017-09-18 00:00:00.000,09:45:00
Basavanagudi,chain snatching,12.918899,77.577344,2017-09-21 00:00:00.000,14:00:00
Basavanagudi,chain snatching,12.923412,77.564778,2017-01-10 00:00:00.000,08:45:00
Basavanagudi,chain snatching,12.920834,77.584314,2017-10-30 00:00:00.000,07:30:00
Basavanagudi,chain snatching,12.935706,77.582025,2017-07-12 00:00:00.000,23:00:00
Basavanagudi,chain snatching,12.870884,77.655244,2017-12-25 00:00:00.000,16:15:00
Basavanagudi,chain snatching,12.918859,77.579763,2018-02-24 00:00:00.000,20:45:00
Basavanagudi,chain snatching,12.919916,77.581878,2018-06-18 00:00:00.000,22:30:00
Basavanagudi,chain snatching,12.92617,77.587036,2018-06-19 00:00:00.000,17:00:00
Basavanagudi,chain snatching,12.922168,77.575662,2018-10-07 00:00:00.000,10:00:00
Basavanagudi,chain snatching,12.92594,77.583042,2018-12-07 00:00:00.000,21:15:00
Basavanagudi,chain snatching,12.91714,77.58078,2018-10-20 00:00:00.000,19:30:00
Basavanagudi,chain snatching,12.92585,77.5872,2019-08-03 00:00:00.000,07:30:00
Basavanagudi,chain snatching,12.92246,77.59624,2019-03-26 00:00:00.000,14:00:00
Basavanagudi,chain snatching,12.28784,76.633133,2019-04-16 00:00:00.000,11:00:00
Basavanagudi,chain snatching,12.28784,76.633133,2019-04-24 00:00:00.000,19:00:00
Basavanagudi,chain snatching,12.94158,77.584159,2019-05-17 00:00:00.000,18:30:00
Basavanagudi,chain snatching,13.11539,77.565361,2019-02-07 00:00:00.000,15:30:00
Basavanagudi,chain snatching,12.562499,77.342241,2015-01-24 00:00:00.000,
Basavanagudi,chain snatching,12.937839,77.571175,2015-02-03 00:00:00.000,
Basavanagudi,chain snatching,12.56207,77.343549,2015-05-08 00:00:00.000,
Basavanagudi,chain snatching,12.948697,77.57689,2016-09-10 00:00:00.000,
Basavanagudi,chain snatching,12.78941,77.78984,2016-10-27 00:00:00.000,
Basavanagudi,chain snatching,12.93706,77.57964,2016-12-09 00:00:00.000,
Basavanagudi,chain snatching,12.789456,77.7895461,2017-10-24 00:00:00.000,
Basavanagudi,chain snatching,12.943653,77.578494,2017-03-28 00:00:00.000,
Basavanagudi,chain snatching,12.942401,77.571924,2018-01-03 00:00:00.000,
Basavanagudi,chain snatching,12.849751,77.895421,2018-03-29 00:00:00.000,
Basavanagudi,chain snatching,12.89546,77.598465,2018-09-07 00:00:00.000,
Basavanagudi,chain snatching,12.7865741,77.8754201,2018-07-17 00:00:00.000,
Basavanagudi,chain snatching,12.943671,77.574675,2018-08-24 00:00:00.000,
Basavanagudi,chain snatching,12.948179,77.571832,2018-11-11 00:00:00.000,
Basavanagudi,chain snatching,12.948143,77.579527,2018-11-30 00:00:00.000,
Basavanagudi,chain snatching,12.94212,77.57536,2019-06-01 00:00:00.000,
Basavanagudi,chain snatching,12.896541,77.896251,2019-06-01 00:00:00.000,
Basavanagudi,chain snatching,12.93538715,77.56755224,2019-01-19 00:00:00.000,
Basavanagudi,chain snatching,12.78941,77.78984,2019-08-13 00:00:00.000,
Basavanagudi,chain snatching,12.9097051,77.5811038,2015-02-05 00:00:00.000,23:00:00
Basavanagudi,chain snatching,12.9147063,77.5880828,2015-05-18 00:00:00.000,14:50:00
Basavanagudi,chain snatching,12.9045684,77.5909483,2015-05-27 00:00:00.000,14:00:00
Basavanagudi,chain snatching,12.9122625,77.578695,2015-02-06 00:00:00.000,14:10:00
Basavanagudi,chain snatching,12.9075172,77.5850448,2015-12-06 00:00:00.000,15:00:00
Basavanagudi,chain snatching,12.8931843,77.582965,2015-08-27 00:00:00.000,18:15:00
Basavanagudi,chain snatching,12.7413241,77.2429893,2015-08-28 00:00:00.000,12:30:00
Basavanagudi,chain snatching,12.9030608,77.5867775,2015-09-09 00:00:00.000,20:20:00
Basavanagudi,chain snatching,12.9168548,77.5954424,2015-09-30 00:00:00.000,07:30:00
Basavanagudi,chain snatching,12.9119355,77.5866992,2015-09-30 00:00:00.000,12:30:00
Basavanagudi,chain snatching,12.9045277,77.5896538,2015-10-30 00:00:00.000,16:30:00
Basavanagudi,chain snatching,12.9082084,77.5712403,2016-02-01 00:00:00.000,07:30:00
Basavanagudi,chain snatching,12.8961435,77.5974439,2016-05-14 00:00:00.000,21:30:00
Basavanagudi,chain snatching,12.9088745,77.5929109,2016-06-20 00:00:00.000,21:35:00
Basavanagudi,chain snatching,12.9192124,77.585885,2016-08-18 00:00:00.000,21:35:00
Basavanagudi,chain snatching,12.9081165,77.5808039,2016-09-27 00:00:00.000,17:30:00
Basavanagudi,chain snatching,12.9217529,77.5825697,2016-11-26 00:00:00.000,15:30:00
Basavanagudi,chain snatching,12.9133944,77.5859906,2017-03-02 00:00:00.000,22:15:00
Basavanagudi,chain snatching,12.9173404,77.5683769,2017-02-26 00:00:00.000,20:45:00
Basavanagudi,chain snatching,12.9360128,77.6282734,2017-06-03 00:00:00.000,21:00:00
Basavanagudi,chain snatching,12.9151844,77.5877742,2017-04-30 00:00:00.000,18:05:00
Basavanagudi,chain snatching,12.8940952,77.581622,2017-05-06 00:00:00.000,08:45:00
Basavanagudi,chain snatching,12.9101358,77.5832282,2017-06-22 00:00:00.000,08:00:00
Basavanagudi,chain snatching,12.9102224,77.5503972,2017-07-15 00:00:00.000,15:30:00
Basavanagudi,chain snatching,12.908417,77.592364,2017-08-20 00:00:00.000,14:30:00
Basavanagudi,chain snatching,12.9089146,77.5786233,2017-09-15 00:00:00.000,08:40:00
Basavanagudi,chain snatching,12.9127003,77.5876934,2017-10-31 00:00:00.000,08:00:00
Basavanagudi,chain snatching,12.9134518,77.5883934,2017-10-31 00:00:00.000,08:30:00
Basavanagudi,chain snatching,12.9217529,77.5825697,2017-11-25 00:00:00.000,14:10:00
Basavanagudi,chain snatching,12.9070414,77.5897256,2017-10-12 00:00:00.000,08:45:00
Basavanagudi,chain snatching,12.9078012,77.5915234,2018-02-23 00:00:00.000,07:15:00
Basavanagudi,chain snatching,12.9146922,77.5944367,2018-03-19 00:00:00.000,07:00:00
Basavanagudi,chain snatching,12.9158154,77.5930411,2018-04-24 00:00:00.000,07:50:00
Basavanagudi,chain snatching,12.9093911,77.5883412,2018-08-26 00:00:00.000,10:30:00
Basavanagudi,chain snatching,12.9080505,77.5867443,2018-08-31 00:00:00.000,20:00:00
Basavanagudi,chain snatching,12.9160925,77.5882166,2018-10-12 00:00:00.000,20:00:00
Basavanagudi,chain snatching,12.9075608,77.5952252,2019-02-22 00:00:00.000,14:25:00
Basavanagudi,chain snatching,12.926924,77.56646,2018-01-28 00:00:00.000,16:30Hrs
Basavanagudi,chain snatching,12.921469,77.565493,2018-02-14 00:00:00.000,19:00Hrs
Basavanagudi,chain snatching,12.929333,77.567733,2018-03-15 00:00:00.000,17:15Hrs
Basavanagudi,chain snatching,12.928292,77.562947,2018-01-05 00:00:00.000,18:45Hrs
Basavanagudi,chain snatching,12.921559,77.557963,2018-05-27 00:00:00.000,06:30Hrs
Basavanagudi,chain snatching,12.91994,77.56863,2018-09-30 00:00:00.000,09:30Hrs
Basavanagudi,chain snatching,12.918253,77.557676,2019-03-26 00:00:00.000,17:15Hrs
Basavanagudi,chain snatching,12.91484,77.56742,2019-03-29 00:00:00.000,16:30Hrs
Basavanagudi,chain snatching,12.91464,77.56768,2019-11-05 00:00:00.000,12:30Hrs
Basavanagudi,chain snatching,12.91961,77.56911,2019-12-16 00:00:00.000,21:30Hrs
Basavanagudi,chain snatching,12.936003,77.58669,2015-09-04 00:00:00.000,18:00:00
Basavanagudi,chain snatching,12.93314,77.592321,2015-04-06 00:00:00.000,07:15:00
Basavanagudi,chain snatching,12.943346,77.585274,2015-07-21 00:00:00.000,19:45:00
Basavanagudi,chain snatching,12.943346,77.585274,2015-04-11 00:00:00.000,04:30:00
Basavanagudi,chain snatching,12.933437,77.591016,2016-10-25 00:00:00.000,08:45:00
Basavanagudi,chain snatching,12.942483,77.581006,2016-02-11 00:00:00.000,14:00:00
Basavanagudi,chain snatching,12.938548,77.585899,2016-02-11 00:00:00.000,15:15:00
Basavanagudi,chain snatching,12.941202,77.586684,2016-12-11 00:00:00.000,20:00:00
Basavanagudi,chain snatching,12.941528,77.585997,2016-11-16 00:00:00.000,16:45:00
Basavanagudi,chain snatching,12.936003,77.58669,2017-06-23 00:00:00.000,12:30:00
Basavanagudi,chain snatching,12.940991,77.584108,2017-03-11 00:00:00.000,20:30:00
Basavanagudi,chain snatching,12.943683,77.584406,2018-10-05 00:00:00.000,13:30:00
Basavanagudi,chain snatching,12.942375,77.58673,2018-06-14 00:00:00.000,20:30:00
Basavanagudi,chain snatching,12.943814,77.59715,2018-06-19 00:00:00.000,07:30:00
Basavanagudi,chain snatching,12.939261,77.585214,2018-06-25 00:00:00.000,20:30:00
Basavanagudi,chain snatching,12.938365,77.582962,2018-02-07 00:00:00.000,20:50:00
Basavanagudi,chain snatching,12.935534,77.587228,2018-05-09 00:00:00.000,09:00:00
Basavanagudi,chain snatching,12.948109,77.581263,2019-11-04 00:00:00.000,12:30:00
Basavanagudi,chain snatching,12.942375,77.58673,2019-05-21 00:00:00.000,19:15:00
Basavanagudi,chain snatching,12.948222,77.580132,2019-05-22 00:00:00.000,08:00:00
Basavanagudi,chain snatching,12.937003,77.601464,2019-01-11 00:00:00.000,17:35:00
Basavanagudi,chain snatching,12.941563,77.582748,2019-03-11 00:00:00.000,08:45:00
Basavanagudi,chain snatching,12.948109,77.581263,2019-12-25 00:00:00.000,12:00:00
Basavanagudi,chain snatching,12.88287492,77.5704189,2015-06-05 00:00:00.000,05:15:00
Basavanagudi,chain snatching,12.86938358,77.58391056,2015-10-06 00:00:00.000,16:30:00
Basavanagudi,chain snatching,12.87732329,77.56721483,2015-11-06 00:00:00.000,09:00:00
Basavanagudi,chain snatching,12.89280005,77.55501449,2015-11-06 00:00:00.000,11:40:00
Basavanagudi,chain snatching,12.89038894,77.57899331,2015-06-25 00:00:00.000,15:45:00
Basavanagudi,chain snatching,12.91900624,77.5453977,2015-06-17 00:00:00.000,18:00:00
Basavanagudi,chain snatching,12.90759817,77.53481056,2015-09-09 00:00:00.000,17:45:00
Basavanagudi,chain snatching,12.90657077,77.55256667,2015-01-10 00:00:00.000,13:20:00
Basavanagudi,chain snatching,12.87284621,77.58266707,2015-10-29 00:00:00.000,14:30:00
Basavanagudi,chain snatching,12.8746929,77.58203506,2015-01-12 00:00:00.000,20:20:00
Basavanagudi,chain snatching,12.90944142,77.55721452,2015-12-18 00:00:00.000,16:05:00
Basavanagudi,chain snatching,12.89047086,77.57081006,2016-03-21 00:00:00.000,09:45:00
Basavanagudi,chain snatching,12.8754426,77.5829255,2016-06-04 00:00:00.000,11:50:00
Basavanagudi,chain snatching,13.00748497,77.56788031,2016-05-28 00:00:00.000,06:00:00
Basavanagudi,chain snatching,12.88293147,77.56708988,2016-05-28 00:00:00.000,07:30:00
Basavanagudi,chain snatching,12.87284621,77.58266707,2016-06-09 00:00:00.000,07:25:00
Basavanagudi,chain snatching,12.89574123,77.54796687,2016-09-14 00:00:00.000,12:40:00
Basavanagudi,chain snatching,12.86977032,77.57576426,2016-09-29 00:00:00.000,19:30:00
Basavanagudi,chain snatching,12.88259022,77.55804118,2016-05-10 00:00:00.000,07:10:00
Basavanagudi,chain snatching,12.90108207,77.54753806,2016-12-11 00:00:00.000,12:15:00
Basavanagudi,chain snatching,12.88962293,77.57213196,2016-11-20 00:00:00.000,01:00:00
Basavanagudi,chain snatching,12.8754426,77.5829255,2016-11-27 00:00:00.000,19:45:00
Basavanagudi,chain snatching,12.89110885,77.56991103,2016-11-27 00:00:00.000,20:35:00
Basavanagudi,chain snatching,12.88298531,77.55735737,2016-12-20 00:00:00.000,13:45:00
Basavanagudi,chain snatching,12.89110885,77.56991103,2016-12-26 00:00:00.000,19:00:00
Basavanagudi,chain snatching,12.88962293,77.57213196,2017-01-27 00:00:00.000,17:00:00
Basavanagudi,chain snatching,12.90519495,77.54491162,2017-02-13 00:00:00.000,12:45:00
Basavanagudi,chain snatching,12.8997408,77.54951691,2017-03-03 00:00:00.000,15:30:00
Basavanagudi,chain snatching,12.88563257,77.5482591,2017-03-22 00:00:00.000,23:30:00
Basavanagudi,chain snatching,12.90989234,77.55673516,2017-05-16 00:00:00.000,13:10:00
Basavanagudi,chain snatching,12.9057223,77.53558126,2017-05-19 00:00:00.000,13:20:00
Basavanagudi,chain snatching,12.90976472,77.55400321,2017-05-21 00:00:00.000,05:00:00
Basavanagudi,chain snatching,12.91555088,77.53947694,2017-02-06 00:00:00.000,15:30:00
Basavanagudi,chain snatching,12.88293147,77.56708988,2017-06-17 00:00:00.000,15:00:00
Basavanagudi,chain snatching,12.88255509,77.5563552,2017-06-09 00:00:00.000,06:00:00
Basavanagudi,chain snatching,12.90519495,77.54491162,2017-07-09 00:00:00.000,06:10:00
Basavanagudi,chain snatching,12.88010332,77.57426142,2017-09-28 00:00:00.000,07:15:00
Basavanagudi,chain snatching,12.905759,77.542703,2017-09-28 00:00:00.000,20:30:00
Basavanagudi,chain snatching,12.88376625,77.56842522,2017-10-31 00:00:00.000,11:15:00
Basavanagudi,chain snatching,12.904705,77.53011,2017-11-25 00:00:00.000,17:30:00
Basavanagudi,chain snatching,12.88948381,77.56232091,2018-09-04 00:00:00.000,16:00:00
Basavanagudi,chain snatching,12.89995332,77.54987045,2018-07-05 00:00:00.000,06:20:00
Basavanagudi,chain snatching,12.89021991,77.56305833,2018-01-11 00:00:00.000,06:10:00
Basavanagudi,chain snatching,12.91465669,77.55090808,2018-12-14 00:00:00.000,19:30PM
Basavanagudi,chain snatching,12.90512329,77.54375125,2019-02-22 00:00:00.000,18:30:00
Basavanagudi,chain snatching,12.90920029,77.54773374,2019-03-14 00:00:00.000,11:00:00
Basavanagudi,chain snatching,12.90505271,77.54189573,2019-08-23 00:00:00.000,13:00:00
Basavanagudi,chain snatching,12.88293147,77.56708988,2019-10-11 00:00:00.000,18:45:00
Basavanagudi,chain snatching,12.877998,77.550186,2015-10-31 00:00:00.000,17:00:00
Basavanagudi,chain snatching,12.897553,77.539272,2016-05-14 00:00:00.000,21:55:00
Basavanagudi,chain snatching,12.898151,77.538374,2016-01-08 00:00:00.000,15:00:00
Basavanagudi,chain snatching,12.866923,77.564722,2018-10-10 00:00:00.000,21:30:00
Basavanagudi,chain snatching,12.86607,77.541929,2018-01-11 00:00:00.000,07:30:00
Basavanagudi,chain snatching,12.851503,77.552592,2019-07-03 00:00:00.000,10:30:00
Basavanagudi,chain snatching,12.873184,77.535641,2019-11-04 00:00:00.000,08:00:00
Basavanagudi,chain snatching,12.892912,77.527128,2019-12-07 00:00:00.000,08:00:00
Basavanagudi,chain snatching,12.888051,77.5805,2017-01-23 00:00:00.000,15:10:00
Basavanagudi,chain snatching,12.886996,77.5797,2017-02-24 00:00:00.000,19:35:00
Basavanagudi,chain snatching,12.888051,77.5805,2017-03-08 00:00:00.000,
Basavanagudi,chain snatching,12.882084,77.5744,2017-05-16 00:00:00.000,14:00:00
Basavanagudi,chain snatching,12.886347,77.566189,2017-05-16 00:00:00.000,14:30:00
Basavanagudi,chain snatching,12.868679,77.5794,2017-06-21 00:00:00.000,22:15:00
Basavanagudi,chain snatching,12.881587,77.5762,2018-11-04 00:00:00.000,11:00:00
Basavanagudi,chain snatching,12.891846,77.5766,2018-04-13 00:00:00.000,18:45:00
Basavanagudi,chain snatching,12.862015,77.58549,2018-05-26 00:00:00.000,20:00:00
Basavanagudi,chain snatching,12.88169,77.5791,2018-06-06 00:00:00.000,21:30:00
Basavanagudi,chain snatching,12.892977,77.57807,2018-06-13 00:00:00.000,18:30:00
Basavanagudi,chain snatching,12.868153,77.57441,2018-06-24 00:00:00.000,15:10:00
Basavanagudi,chain snatching,12.881898,77.57622,2018-08-07 00:00:00.000,09:00:00
Basavanagudi,chain snatching,12.871359,77.57279,2018-07-19 00:00:00.000,18:00:00
Basavanagudi,chain snatching,12.88176,77.575947,2019-02-26 00:00:00.000,17:30:00
Basavanagudi,chain snatching,12.858493,77.592695,2019-12-20 00:00:00.000,23:45:00
Basavanagudi,chain snatching,12.8937594596734,77.5615194330341,2015-01-16 00:00:00.000,17:15:00
Basavanagudi,chain snatching,12.8974156120756,77.5551514198462,2015-01-02 00:00:00.000,21:20:00
Basavanagudi,chain snatching,12.8965230402704,77.5582735553316,2015-11-06 00:00:00.000,17:45:00
Basavanagudi,chain snatching,12.9109359450741,77.5646696875901,2015-08-24 00:00:00.000,19:00:00
Basavanagudi,chain snatching,12.9042104353826,77.5686183140161,2016-02-16 00:00:00.000,16:15:00
Basavanagudi,chain snatching,12.8974156120756,77.5551514198462,2016-11-05 00:00:00.000,22:15:00
Basavanagudi,chain snatching,12.8974156120756,77.5551514198462,2016-08-12 00:00:00.000,16:00:00
Basavanagudi,chain snatching,12.8957622003642,77.5599416215927,2016-12-16 00:00:00.000,17:30:00
Basavanagudi,chain snatching,12.9080332769306,77.5632487037232,2017-05-09 00:00:00.000,15:00:00
Basavanagudi,chain snatching,12.9080332769306,77.5632487037232,2017-09-29 00:00:00.000,23:00:00
Basavanagudi,chain snatching,12.8964474718431,77.5667368067783,2017-01-10 00:00:00.000,18:00:00
Basavanagudi,chain snatching,12.904336,77.559845,2017-10-01 00:00:00.000,07:15:00
Basavanagudi,chain snatching,12.907846,77.558291,2017-10-04 00:00:00.000,20:00:00
Basavanagudi,chain snatching,12.904811,77.552829,2017-10-07 00:00:00.000,12:30:00
Basavanagudi,chain snatching,12.8987338627581,77.5582034663051,2018-09-01 00:00:00.000,15:00:00
Basavanagudi,chain snatching,12.8974156120756,77.5551514198462,2018-07-21 00:00:00.000,18:00:00
Basavanagudi,chain snatching,12.9050607614656,77.5611611061094,2018-07-26 00:00:00.000,23:00:00
Basavanagudi,chain snatching,12.8979064683143,77.5594980995282,2018-09-09 00:00:00.000,16:00:00
Basavanagudi,chain snatching,12.9099852303812,77.562617357785,2019-02-16 00:00:00.000,16:00:00
Basavanagudi,chain snatching,12.555522,77.324131,2015-03-22 00:00:00.000,20:50:00
Basavanagudi,chain snatching,12.555485,77.325253,2015-05-22 00:00:00.000,21:45:00
Basavanagudi,chain snatching,12.555468,77.325223,2015-11-06 00:00:00.000,09:30:00
Basavanagudi,chain snatching,12.93586,77.5523,2015-08-07 00:00:00.000,12:30:00
Basavanagudi,chain snatching,12.94155,77.550038,2015-07-27 00:00:00.000,15:30:00
Basavanagudi,chain snatching,12.94369,77.53744,2015-08-16 00:00:00.000,12:00:00
Basavanagudi,chain snatching,12.941471,77.543027,2015-08-09 00:00:00.000,14:15:00
Basavanagudi,chain snatching,12.939979,77.558802,2015-01-10 00:00:00.000,13:30:00
Basavanagudi,chain snatching,12.939648,77.544295,2015-12-25 00:00:00.000,17:00:00
Basavanagudi,chain snatching,12.938734,77.538767,2016-03-29 00:00:00.000,20:00:00
Basavanagudi,chain snatching,12.933817,77.543315,2017-02-13 00:00:00.000,
Basavanagudi,chain snatching,12.93586,77.5523,2017-10-04 00:00:00.000,19:10:00
Basavanagudi,chain snatching,12.555886,77.321119,2017-12-04 21:30:00.000,
Basavanagudi,chain snatching,12.939397,77.541785,2017-03-05 00:00:00.000,17:15:00
Basavanagudi,chain snatching,12.940679,77.559242,2017-02-08 00:00:00.000,18:35:00
Basavanagudi,chain snatching,12.938936,77.543658,2017-08-21 00:00:00.000,17:30:00
Basavanagudi,chain snatching,12.941142,77.545571,2017-03-09 00:00:00.000,21:30:00
Basavanagudi,chain snatching,12.938936,77.543658,2017-09-30 00:00:00.000,14:10:00
Basavanagudi,chain snatching,12.936114,77.545066,2017-01-10 00:00:00.000,07:20:00
Basavanagudi,chain snatching,12.941142,77.545571,2017-05-12 17:30:00.000,
Basavanagudi,chain snatching,12.932622,77.542129,2018-01-28 00:00:00.000,15:30:00
Basavanagudi,chain snatching,12.930845,77.539064,2018-03-11 00:00:00.000,20:30:00
Basavanagudi,chain snatching,12.929961,77.538526,2018-04-11 00:00:00.000,23:00:00
Basavanagudi,chain snatching,12.933411,77.543161,2018-05-27 00:00:00.000,07:10:00
Basavanagudi,chain snatching,12.938936,77.543658,2018-11-13 00:00:00.000,11:30:00
Basavanagudi,chain snatching,9.964648,76.298362,2019-06-03 00:00:00.000,12:00:00
C K Achuktu,chain snatching,12.931199,77.555906,2015-12-28 00:00:00.000,19:45PM
C K Achuktu,chain snatching,12.93181516,77.55018602,2016-05-02 00:00:00.000,20:30PM
C K Achuktu,chain snatching,12.92186055,77.5521785,2016-05-26 00:00:00.000,12:30:00
C K Achuktu,chain snatching,12.9260417,77.55505414,2016-01-07 00:00:00.000,19:30PM
C K Achuktu,chain snatching,12.92398766,77.54764376,2016-07-14 00:00:00.000,11:30:00
C K Achuktu,chain snatching,12.92259245,77.5507623,2016-07-15 00:00:00.000,15:10PM
C K Achuktu,chain snatching,12.92246955,77.55308643,2016-08-26 00:00:00.000,09:45:00
C K Achuktu,chain snatching,12.9264147,77.55353724,2016-09-25 00:00:00.000,16:15PM
C K Achuktu,chain snatching,12.93181516,77.55018602,2016-02-15 00:00:00.000,14:30PM
C K Achuktu,chain snatching,12.92186055,77.5521785,2016-02-12 00:00:00.000,17:00PM
C K Achuktu,chain snatching,12.92377397,77.55600207,2017-04-26 00:00:00.000,13:45PM
C K Achuktu,chain snatching,12.930082,77.549042,2017-09-17 00:00:00.000,15:00PM
C K Achuktu,chain snatching,12.555075,77325708.0,2017-11-25 00:00:00.000,17:50PM
C K Achuktu,chain snatching,12.55421,770325591.0,2018-02-26 00:00:00.000,16:35PM
C K Achuktu,chain snatching,12.554525,77.325492,2018-06-14 00:00:00.000,21:35PM
C K Achuktu,chain snatching,12.554174,77.334047,2018-08-18 00:00:00.000,21:05PM
C K Achuktu,chain snatching,12.553644,77.331466,2018-04-10 00:00:00.000,18:41PM
C K Achuktu,chain snatching,12.925884,77.547995,2018-11-13 00:00:00.000,12:10:00
C K Achuktu,chain snatching,12.930885,77564770.0,2018-12-19 00:00:00.000,19:55PM
C K Achuktu,chain snatching,12.930873,77.565708,2019-02-16 00:00:00.000,19:30:00
C K Achuktu,chain snatching,12.930682,77.560448,,20:00:00
C K Achuktu,chain snatching,12.926585,77.551648,2019-11-26 00:00:00.000,23:00:00
C K Achuktu,2 wheeler theft,12.88605,77.494843,2015-02-01 00:00:00.000,16:45:00
C K Achuktu,2 wheeler theft,12.915668,77.589662,2015-03-01 00:00:00.000,20:00:00
C K Achuktu,2 wheeler theft,12.926896,77.5896545,2015-04-01 00:00:00.000,17:30:00
C K Achuktu,2 wheeler theft,12.9184,77.58268,2015-05-01 00:00:00.000,19:45:00
C K Achuktu,2 wheeler theft,12.923665,77.589668,2015-06-01 00:00:00.000,19:45:00
C K Achuktu,2 wheeler theft,12.91699,77.58934,2015-07-01 00:00:00.000,19:15:00
C K Achuktu,2 wheeler theft,12.919414,77.585452,2015-08-01 00:00:00.000,19:30:00
C K Achuktu,2 wheeler theft,12.92877,77.57807,2015-09-01 00:00:00.000,12:30:00
C K Achuktu,2 wheeler theft,12.915668,77.569861,2015-10-01 00:00:00.000,16:30:00
C K Achuktu,2 wheeler theft,12.92397,77.57968,2015-11-01 00:00:00.000,15:00:00
C K Achuktu,2 wheeler theft,12.88605,77.494843,2015-12-01 00:00:00.000,18:15:00
C K Achuktu,2 wheeler theft,12.88605,77.494843,2015-01-13 00:00:00.000,16:00:00
C K Achuktu,2 wheeler theft,12.92875,77.5801,2015-01-14 00:00:00.000,18:50:00
C K Achuktu,2 wheeler theft,12.971599,77.594563,2015-01-15 00:00:00.000,19:00:00
C K Achuktu,2 wheeler theft,12.919817,77.58481,2015-01-16 00:00:00.000,14:00:00
C K Achuktu,2 wheeler theft,12.926384,77.578007,2015-01-17 00:00:00.000,17:30:00
C K Achuktu,2 wheeler theft,12.926254,77.584896,2015-01-18 00:00:00.000,18:00:00
C K Achuktu,2 wheeler theft,12.550228,77.350844,2015-01-19 00:00:00.000,10:35:00
C K Achuktu,2 wheeler theft,12.9373,77.584642,2015-01-20 00:00:00.000,10:35:00
C K Achuktu,2 wheeler theft,12.926254,77.584896,2015-01-21 00:00:00.000,12:45:00
C K Achuktu,2 wheeler theft,12.927258,77.585571,2015-01-22 00:00:00.000,10:30:00
C K Achuktu,2 wheeler theft,12.922537,77.616736,2015-01-23 00:00:00.000,14:10:00
C K Achuktu,2 wheeler theft,12.919691,77.561583,2015-01-24 00:00:00.000,13:30:00
C K Achuktu,2 wheeler theft,12.920121,77.571397,2015-01-25 00:00:00.000,12:00:00
C K Achuktu,2 wheeler theft,12.971599,77.594563,2015-01-26 00:00:00.000,17:00:00
C K Achuktu,2 wheeler theft,12.9298,77.621739,2015-01-27 00:00:00.000,17:45:00
C K Achuktu,2 wheeler theft,12.919774,77.577703,2015-01-28 00:00:00.000,19:00:00
C K Achuktu,2 wheeler theft,12.930901,77.579527,2015-01-29 00:00:00.000,19:00:00
C K Achuktu,2 wheeler theft,12.942117,77.575361,2015-01-30 00:00:00.000,12:40:00
C K Achuktu,2 wheeler theft,12.971599,77.594563,2015-01-31 00:00:00.000,12:00:00
C K Achuktu,2 wheeler theft,12.92594,77.583042,2015-01-02 00:00:00.000,14:00:00
C K Achuktu,2 wheeler theft,12.928807,77.58585,2015-02-02 00:00:00.000,19:30:00
C K Achuktu,2 wheeler theft,12.930877,77.57673,2015-03-02 00:00:00.000,22:00:00
C K Achuktu,2 wheeler theft,12.544272,77.342621,2015-04-02 00:00:00.000,18:30:00
C K Achuktu,2 wheeler theft,12.92367,77.58014,2015-05-02 00:00:00.000,16:00:00
C K Achuktu,2 wheeler theft,12.35554,77.345587,2015-06-02 00:00:00.000,18:00:00
C K Achuktu,2 wheeler theft,12.926793,77.588426,2015-07-02 00:00:00.000,14:00:00
C K Achuktu,2 wheeler theft,12.582316,77.362914,2015-08-02 00:00:00.000,19:40:00
C K Achuktu,2 wheeler theft,12.94518,77.58715,2015-09-02 00:00:00.000,11:00:00
C K Achuktu,2 wheeler theft,12.554571,77.351017,2015-10-02 00:00:00.000,15:00:00
C K Achuktu,2 wheeler theft,12.971599,77.594563,2015-11-02 00:00:00.000,11:00:00
C K Achuktu,2 wheeler theft,12.971599,77.594563,2015-12-02 00:00:00.000,16:00:00
C K Achuktu,2 wheeler theft,12.971599,77.594563,2015-02-13 00:00:00.000,13:30:00
C K Achuktu,2 wheeler theft,12.88605,77.494843,2015-02-14 00:00:00.000,18:15:00
C K Achuktu,2 wheeler theft,12.92634,77.57802,2015-02-15 00:00:00.000,14:00:00
C K Achuktu,2 wheeler theft,12.91945,77.58825,2015-02-16 00:00:00.000,10:00:00
C K Achuktu,2 wheeler theft,12.91945,77.58825,2015-02-17 00:00:00.000,11:00:00
C K Achuktu,2 wheeler theft,12.91756,77.58832,2015-02-18 00:00:00.000,16:30:00
C K Achuktu,2 wheeler theft,12.92723,77.58548,2015-02-19 00:00:00.000,17:30:00
C K Achuktu,2 wheeler theft,12.92208,77.58953,2015-02-20 00:00:00.000,12:00:00
C K Achuktu,2 wheeler theft,12.92367,77.58014,2015-02-21 00:00:00.000,13:00:00
C K Achuktu,2 wheeler theft,12.925668,77.592755,2015-02-22 00:00:00.000,17:45:00
C K Achuktu,2 wheeler theft,12.921556,77.589475,2015-02-23 00:00:00.000,13:50:00
C K Achuktu,2 wheeler theft,12.9248566,77.576998,2015-02-24 00:00:00.000,13:30:00
C K Achuktu,2 wheeler theft,12.92485,77.5868,2015-02-25 00:00:00.000,10:30:00
C K Achuktu,2 wheeler theft,12.921752,77.586995,2015-02-26 00:00:00.000,12:30:00
C K Achuktu,2 wheeler theft,12.92208,77.58953,2015-02-27 00:00:00.000,10:10:00
C K Achuktu,2 wheeler theft,12.920536,77.5827886,2015-02-28 00:00:00.000,10:30:00
C K Achuktu,2 wheeler theft,12.9237563,77.586952,2015-01-03 00:00:00.000,17:30:00
C K Achuktu,2 wheeler theft,12.924178,77.590603,2016-03-01 00:00:00.000,18:30:00
C K Achuktu,2 wheeler theft,12.92938,77.586042,2016-04-04 00:00:00.000,00:00:00
C K Achuktu,2 wheeler theft,12.26607,76.58227,2016-01-18 00:00:00.000,21:40:00
C K Achuktu,2 wheeler theft,12.560022,77.344577,2016-01-17 00:00:00.000,10:00:00
C K Achuktu,2 wheeler theft,12.553641,77.350641,2016-01-21 00:00:00.000,11:45:00
C K Achuktu,2 wheeler theft,56.09397,3.9313,2016-01-20 00:00:00.000,21:30:00
C K Achuktu,2 wheeler theft,12.555585,77.35006,2016-01-22 00:00:00.000,13:30:00
C K Achuktu,2 wheeler theft,12.554511,77.350073,2016-01-24 00:00:00.000,20:15:00
C K Achuktu,2 wheeler theft,12.545464,77.342616,2016-01-29 00:00:00.000,13:00:00
C K Achuktu,2 wheeler theft,42.16216,70.70683,2016-05-02 00:00:00.000,13:00:00
C K Achuktu,2 wheeler theft,12.926745,77.579258,2016-08-02 00:00:00.000,12:15:00
C K Achuktu,2 wheeler theft,12.555288,77.350521,2016-08-02 00:00:00.000,14:10:00
C K Achuktu,2 wheeler theft,12.92753,77576600.0,2016-10-02 00:00:00.000,19:00:00
C K Achuktu,2 wheeler theft,12.922517,77.587116,2016-02-14 00:00:00.000,11:30:00
C K Achuktu,2 wheeler theft,12.930749,77.582961,2016-02-14 00:00:00.000,13:30:00
C K Achuktu,2 wheeler theft,12.551592,77.351339,2016-02-16 00:00:00.000,13:00:00
C K Achuktu,2 wheeler theft,12.931904,77.585883,2016-02-18 00:00:00.000,12:00:00
C K Achuktu,2 wheeler theft,12.929561,77.575507,2016-02-19 00:00:00.000,16:00:00
C K Achuktu,2 wheeler theft,12.922517,77.587116,2016-02-21 00:00:00.000,11:15:00
C K Achuktu,2 wheeler theft,12.945182,77.597825,2016-02-26 00:00:00.000,12:0
C K Achuktu,2 wheeler theft,12.931566,77.584634,2016-02-03 00:00:00.000,17:40:00
C K Achuktu,2 wheeler theft,12.32331,76.61077,2016-05-03 00:00:00.000,14:10:00
C K Achuktu,2 wheeler theft,12.92626,77585980.0,2016-10-03 00:00:00.000,14:30:00
C K Achuktu,2 wheeler theft,12.555156,77.350063,2016-03-13 00:00:00.000,12:30:00
C K Achuktu,2 wheeler theft,12.55474,77.350605,2016-03-14 00:00:00.000,17:30:00
C K Achuktu,2 wheeler theft,12.93087,77.58145,2016-03-17 00:00:00.000,10:30:00
C K Achuktu,2 wheeler theft,12.920789,77.58415,2016-03-17 00:00:00.000,15:10:00
C K Achuktu,2 wheeler theft,12.971599,77.594563,2016-03-18 00:00:00.000,11:30:00
C K Achuktu,2 wheeler theft,12.91795,77.58878,2016-03-24 00:00:00.000,13:30:00
C K Achuktu,2 wheeler theft,12.241653,77.363421,2016-03-26 00:00:00.000,14:00:00
C K Achuktu,2 wheeler theft,12.92938,77.582961,2016-09-04 00:00:00.000,17:45:00
C K Achuktu,2 wheeler theft,12.361236,77.396512,2015-04-05 00:00:00.000,16:30:00
C K Achuktu,2 wheeler theft,12.241653,77.349614,2016-04-14 00:00:00.000,12:30:00
C K Achuktu,2 wheeler theft,12.241652,77.363942,2016-04-13 00:00:00.000,13:30:00
C K Achuktu,2 wheeler theft,12.91796,77.600883,2016-04-29 00:00:00.000,13:30:00
C K Achuktu,2 wheeler theft,12.91886,77.58746,2016-05-13 00:00:00.000,21:30:00
C K Achuktu,2 wheeler theft,12.953481,77.563564,2016-05-24 00:00:00.000,16:00:00
C K Achuktu,2 wheeler theft,12.946084,77.616321,2016-05-27 00:00:00.000,16:00:00
C K Achuktu,2 wheeler theft,12.931566,77.585883,2016-05-21 00:00:00.000,13:00:00
C K Achuktu,2 wheeler theft,12.921114,77.553,2016-05-26 00:00:00.000,14:30:00
C K Achuktu,2 wheeler theft,12.924988,77.569673,2016-03-06 00:00:00.000,15:00:00
C K Achuktu,2 wheeler theft,12.93164,77.58114,2016-05-06 00:00:00.000,11:15:00
C K Achuktu,2 wheeler theft,12.9321,77.57465,2016-06-06 00:00:00.000,15:00:00
C K Achuktu,2 wheeler theft,12.26436,76.64675,2016-06-06 00:00:00.000,13:15:00
C K Achuktu,2 wheeler theft,12.9273,77.57806,2016-06-24 00:00:00.000,18:55:00
C K Achuktu,2 wheeler theft,12.92547,77.58377,2016-06-27 00:00:00.000,12:45:00
C K Achuktu,2 wheeler theft,12.296531,77.142562,2016-04-07 00:00:00.000,13:20:00
C K Achuktu,2 wheeler theft,12.92285,77.5807,2016-10-07 00:00:00.000,11:30:00
C K Achuktu,2 wheeler theft,12.92802,77.58112,2016-12-07 00:00:00.000,11:00:00
C K Achuktu,2 wheeler theft,12.93201,77.57455,2016-07-17 00:00:00.000,11:30:00
C K Achuktu,2 wheeler theft,12.93426,77.59269,2016-10-03 00:00:00.000,14:30:00
C K Achuktu,2 wheeler theft,12.93426,77.59269,2016-07-18 00:00:00.000,14:45:00
C K Achuktu,2 wheeler theft,12.93297,77.58395,2016-07-23 00:00:00.000,21:30:00
C K Achuktu,2 wheeler theft,12.92753,77.5766,2016-07-24 00:00:00.000,16:00:00
C K Achuktu,2 wheeler theft,12.926839,77.584634,2016-07-24 00:00:00.000,17:30:00
C K Achuktu,2 wheeler theft,12934260.0,77.59269,2016-12-08 00:00:00.000,10:30:00
C K Achuktu,2 wheeler theft,12.930792,77.584982,2016-09-08 00:00:00.000,13:30:00
C K Achuktu,2 wheeler theft,12.93426,77.59269,2016-08-15 00:00:00.000,18:15:00
C K Achuktu,2 wheeler theft,12.926673,77.552554,2016-09-08 00:00:00.000,16:00:00
C K Achuktu,2 wheeler theft,12.930083,77.582571,2016-08-17 00:00:00.000,18:30:00
C K Achuktu,2 wheeler theft,12.929858,77.587006,2016-08-22 00:00:00.000,12:15:00
C K Achuktu,2 wheeler theft,12.930226,77.583196,2016-08-22 00:00:00.000,17:30:00
C K Achuktu,2 wheeler theft,12.930749,77.584919,2016-08-30 00:00:00.000,11:45:00
C K Achuktu,2 wheeler theft,12.926093,77.58603600000001,2016-03-09 00:00:00.000,09:20:00
C K Achuktu,2 wheeler theft,12.968045,77.522814,2016-08-26 00:00:00.000,11:30:00
C K Achuktu,2 wheeler theft,12.930051,77.578083,2016-06-09 00:00:00.000,13:00:00
C K Achuktu,2 wheeler theft,12.931613,77.578443,2016-06-09 00:00:00.000,15:30:00
C K Achuktu,2 wheeler theft,12.932946,77.563869,2016-05-09 00:00:00.000,11:30:00
C K Achuktu,2 wheeler theft,12.924463,77.576192,2016-12-09 00:00:00.000,18:00:00
C K Achuktu,2 wheeler theft,12.933661,77.583939,2016-09-14 00:00:00.000,07:35:00
C K Achuktu,2 wheeler theft,12.918664,77.579765,2016-01-09 00:00:00.000,10:00:00
C K Achuktu,2 wheeler theft,30.234375,89.451163,2016-09-23 00:00:00.000,18:00:00
C K Achuktu,2 wheeler theft,12.928102,77.577885,2016-09-29 00:00:00.000,17:15:00
C K Achuktu,2 wheeler theft,12.930775,77.582116,2016-05-10 00:00:00.000,13:30:00
C K Achuktu,2 wheeler theft,12.92542,77.591849,2016-10-22 00:00:00.000,18:00:00
C K Achuktu,2 wheeler theft,12.926974,77.576626,2016-10-30 00:00:00.000,11:00:00
C K Achuktu,2 wheeler theft,12.927593,77.575673,2016-10-29 00:00:00.000,15:30:00
C K Achuktu,2 wheeler theft,12.92594,77.583042,2016-10-29 00:00:00.000,14:00:00
C K Achuktu,2 wheeler theft,12.911569,77.575912,2016-11-14 00:00:00.000,19:40:00
C K Achuktu,2 wheeler theft,12.921165,77.58072,2016-11-14 00:00:00.000,13:20:00
C K Achuktu,2 wheeler theft,12.911569,77.575912,2016-11-18 00:00:00.000,14:00:00
C K Achuktu,2 wheeler theft,12.921169,77.581201,2016-11-18 00:00:00.000,14:30:00
C K Achuktu,2 wheeler theft,12.932946,77.583869,2016-11-19 00:00:00.000,17:00:00
C K Achuktu,2 wheeler theft,12.911569,77.575912,2016-11-23 00:00:00.000,11:00:00
C K Achuktu,2 wheeler theft,12.942523,77.581374,2016-10-18 00:00:00.000,11:30:00
C K Achuktu,2 wheeler theft,12.955216,77.619961,2016-11-14 00:00:00.000,18:30:00
C K Achuktu,2 wheeler theft,12.92594,77.583042,2016-11-21 00:00:00.000,15:00:00
C K Achuktu,2 wheeler theft,12.9199,77.583599,2016-11-14 00:00:00.000,17:30:00
C K Achuktu,2 wheeler theft,12.922918,77.58598,2016-02-12 00:00:00.000,17:30:00
C K Achuktu,2 wheeler theft,12.918838,77.583583,2016-08-12 00:00:00.000,16:00:00
C K Achuktu,2 wheeler theft,12.916267,77.584133,2016-07-12 00:00:00.000,11:45:00
C K Achuktu,2 wheeler theft,12.919266,72.587295,2016-07-12 00:00:00.000,13:00:00
C K Achuktu,2 wheeler theft,12.928556,77.585366,2016-08-12 00:00:00.000,11:30:00
C K Achuktu,2 wheeler theft,12.919774,77.577703,2016-08-12 00:00:00.000,13:00:00
C K Achuktu,2 wheeler theft,12.918471,77.572424,2016-12-20 00:00:00.000,14:00:00
C K Achuktu,2 wheeler theft,12.924377,77.582729,2016-12-20 00:00:00.000,19:30:00
C K Achuktu,2 wheeler theft,12.916267,77.584133,2016-12-22 00:00:00.000,14:30:00
C K Achuktu,2 wheeler theft,12.926349,77.578827,2017-01-01 00:00:00.000,10:45:00
C K Achuktu,2 wheeler theft,12.920922,77.574935,2016-12-26 00:00:00.000,16:30:00
C K Achuktu,2 wheeler theft,12.917411,77.58366,2017-07-01 00:00:00.000,13:00:00
C K Achuktu,2 wheeler theft,12.92773,77.57806,2017-11-01 00:00:00.000,17:00:00
C K Achuktu,2 wheeler theft,12.933583,77.582258,2017-01-17 00:00:00.000,15:00:00
C K Achuktu,2 wheeler theft,12.92594,77.583042,2017-01-15 00:00:00.000,18:45:00
C K Achuktu,2 wheeler theft,12.921546,77.584269,2017-01-25 00:00:00.000,12:45:00
C K Achuktu,2 wheeler theft,12.930899,77.583933,2017-01-31 00:00:00.000,11:00:00
C K Achuktu,2 wheeler theft,12.924321,77.5881,2017-02-02 00:00:00.000,13:00:00
C K Achuktu,2 wheeler theft,12.932047,77.57969,2017-05-02 00:00:00.000,13:15:00
C K Achuktu,2 wheeler theft,12.895112,77.562972,2017-02-16 00:00:00.000,17:00:00
C K Achuktu,2 wheeler theft,12.93158,77.57961,2017-02-28 00:00:00.000,13:00:00
C K Achuktu,2 wheeler theft,12.918899,77.577344,2017-03-15 00:00:00.000,23:15:00
C K Achuktu,2 wheeler theft,12.922461,77.589557,2017-03-21 00:00:00.000,12:20:00
C K Achuktu,2 wheeler theft,12.931849,77.578343,2017-03-24 00:00:00.000,18:30:00
C K Achuktu,2 wheeler theft,12.936469,77.577151,2017-03-25 00:00:00.000,15:40:00
C K Achuktu,2 wheeler theft,12.922403,77.586243,2017-03-04 00:00:00.000,13:30:00
C K Achuktu,2 wheeler theft,12.922527,77.587116,2017-06-04 00:00:00.000,16:00:00
C K Achuktu,2 wheeler theft,12.929909,77.584375,2017-08-04 00:00:00.000,16:00:00
C K Achuktu,2 wheeler theft,12.932216,77.581826,2017-10-04 00:00:00.000,13:30:00
C K Achuktu,2 wheeler theft,12.932836,77.583766,2017-05-04 00:00:00.000,16:00:00
C K Achuktu,2 wheeler theft,12.969573,77.529824,2017-04-19 00:00:00.000,13:00:00
C K Achuktu,2 wheeler theft,12.92017,77.577721,2017-04-26 00:00:00.000,19:20:00
C K Achuktu,2 wheeler theft,12.91802,77.58833,2017-04-23 00:00:00.000,15:00:00
C K Achuktu,2 wheeler theft,12.911569,77.575912,2017-04-30 00:00:00.000,16:30:00
C K Achuktu,2 wheeler theft,12.92594,77.583042,2017-04-05 00:00:00.000,14:00:00
C K Achuktu,2 wheeler theft,12.94675,77.55572,2017-05-16 00:00:00.000,15:15:00
C K Achuktu,2 wheeler theft,12.932018,77.586094,2017-07-05 00:00:00.000,18:15:00
C K Achuktu,2 wheeler theft,12.92542,77.591849,2017-11-05 00:00:00.000,10:30:00
C K Achuktu,2 wheeler theft,12.936462,77.584375,2017-05-15 00:00:00.000,13:00:00
C K Achuktu,2 wheeler theft,12.919247,77.587355,2017-05-16 00:00:00.000,15:00:00
C K Achuktu,2 wheeler theft,12.926015,77.583641,2017-05-27 00:00:00.000,12:30:00
C K Achuktu,2 wheeler theft,12.93056,77.58884,2017-05-30 00:00:00.000,18:15:00
C K Achuktu,2 wheeler theft,12.932965,77.583821,2017-05-06 00:00:00.000,16:20:00
C K Achuktu,2 wheeler theft,12.928554,77.585366,2017-11-06 00:00:00.000,10:30:00
C K Achuktu,2 wheeler theft,12.911335,77.595161,2017-06-15 00:00:00.000,15:00:00
C K Achuktu,2 wheeler theft,12.928554,77.585366,2017-06-13 00:00:00.000,08:45:00
C K Achuktu,2 wheeler theft,12.940944,77.581298,2017-06-19 00:00:00.000,12:45:00
C K Achuktu,2 wheeler theft,12.917411,77.58366,2017-06-21 00:00:00.000,21:15:00
C K Achuktu,2 wheeler theft,12.930044,77.586152,2017-06-27 00:00:00.000,13:15:00
C K Achuktu,2 wheeler theft,12.921835,77.58575,2017-03-07 00:00:00.000,12:00:00
C K Achuktu,2 wheeler theft,12.92204,77.58221,2017-03-07 00:00:00.000,10:30:00
C K Achuktu,2 wheeler theft,12.92815,77.58127,2017-06-30 00:00:00.000,15:00:00
C K Achuktu,2 wheeler theft,12.92204,77.58221,2017-06-27 00:00:00.000,11:15:00
C K Achuktu,2 wheeler theft,12.92304,77.58214,2017-06-30 00:00:00.000,14:15:00
C K Achuktu,2 wheeler theft,12.9399,77.5836,,20:07:00
C K Achuktu,2 wheeler theft,12.92389,77.58584,2017-12-07 00:00:00.000,16:30:00
C K Achuktu,2 wheeler theft,12.9273,77.57806,2017-04-07 00:00:00.000,21:00:00
C K Achuktu,2 wheeler theft,12.93443,77.5927,2017-09-07 00:00:00.000,10:00:00
C K Achuktu,2 wheeler theft,12.92802,77.581123,2017-11-07 00:00:00.000,16:30:00
C K Achuktu,2 wheeler theft,12.92239,77.58076,2017-07-19 00:00:00.000,14:30:00
C K Achuktu,2 wheeler theft,12.922417,77.585972,2017-07-22 00:00:00.000,15:00:00
C K Achuktu,2 wheeler theft,12.92204,77.582201,2017-07-26 00:00:00.000,16:00:00
C K Achuktu,2 wheeler theft,12.922044,77.582211,2017-07-27 00:00:00.000,17:00:00
C K Achuktu,2 wheeler theft,12.922242,77.584252,2017-08-17 00:00:00.000,17:00:00
C K Achuktu,2 wheeler theft,12.930231,77.586001,2017-08-19 00:00:00.000,15:15:00
C K Achuktu,2 wheeler theft,12.922547,77.58636,2017-02-08 00:00:00.000,15:35:00
C K Achuktu,2 wheeler theft,12.920794,77.587563,2017-08-17 00:00:00.000,09:00:00
C K Achuktu,2 wheeler theft,12.93047,77.57957,2017-08-24 00:00:00.000,12:40:00
C K Achuktu,2 wheeler theft,12.9399,77.5835,2017-08-28 00:00:00.000,14:15:00
C K Achuktu,2 wheeler theft,12.9302,77.58894,2017-08-25 00:00:00.000,12:30:00
C K Achuktu,2 wheeler theft,12.93442,77.58949,2017-03-09 00:00:00.000,14:15:00
C K Achuktu,2 wheeler theft,12.928501,77.585793,2017-05-09 00:00:00.000,13:30:00
C K Achuktu,2 wheeler theft,12.92554,77.57619,2017-03-09 00:00:00.000,10:00:00
C K Achuktu,2 wheeler theft,12.92204,77.58221,2017-08-20 00:00:00.000,11:50:00
C K Achuktu,2 wheeler theft,12.93541,77.577226,2017-09-16 00:00:00.000,10:00:00
C K Achuktu,2 wheeler theft,12.91802,77.58833,2017-09-24 00:00:00.000,11:00:00
C K Achuktu,2 wheeler theft,12.91713,77.58361,2017-03-10 00:00:00.000,19:30:00
C K Achuktu,2 wheeler theft,12.92204,77.58221,2017-11-10 00:00:00.000,13:30:00
C K Achuktu,2 wheeler theft,12.92747,77.576196,2017-10-17 00:00:00.000,11:10:00
C K Achuktu,2 wheeler theft,12.93138,77.58565,2017-10-23 00:00:00.000,19:30:00
C K Achuktu,2 wheeler theft,12.917511,77.5787,2017-07-08 00:00:00.000,20:50:00
C K Achuktu,2 wheeler theft,12.91802,77.57665,2017-08-27 00:00:00.000,11:00:00
C K Achuktu,2 wheeler theft,12.930848,77.577231,2017-02-11 00:00:00.000,13:30:00
C K Achuktu,2 wheeler theft,12.932881,77.587767,2017-10-31 00:00:00.000,13:00:00
C K Achuktu,2 wheeler theft,12.9224,77.576465,2017-03-11 00:00:00.000,11:00:00
C K Achuktu,2 wheeler theft,12.946444,77.579988,2017-04-11 00:00:00.000,11:00:00
C K Achuktu,2 wheeler theft,12.935338,77.58132,2017-12-11 00:00:00.000,09:45:00
C K Achuktu,2 wheeler theft,12.917411,77.58366,2017-11-14 00:00:00.000,09:00:00
C K Achuktu,2 wheeler theft,12.933033,77.584363,2017-03-08 00:00:00.000,
C K Achuktu,2 wheeler theft,12.928208,77.58693,2017-11-24 00:00:00.000,19:30:00
C K Achuktu,2 wheeler theft,12.921813,77.580773,2017-11-25 00:00:00.000,12:40:00
C K Achuktu,2 wheeler theft,12.923265,77.58289,2017-11-27 00:00:00.000,09:30:00
C K Achuktu,2 wheeler theft,12.929728,77.579147,2017-11-27 00:00:00.000,10:30:00
C K Achuktu,2 wheeler theft,12.929033,77.583584,2017-11-28 00:00:00.000,18:00:00
C K Achuktu,2 wheeler theft,12.916792,77.586598,2017-04-12 00:00:00.000,07:00:00
C K Achuktu,2 wheeler theft,12.930758,77.582757,2017-06-12 00:00:00.000,10:30:00
C K Achuktu,2 wheeler theft,12.996659,77.530421,2017-12-18 00:00:00.000,16:00:00
C K Achuktu,2 wheeler theft,12.92204,77.58221,2017-12-22 00:00:00.000,13:00:00
C K Achuktu,2 wheeler theft,12.931196,77.578691,2017-12-29 00:00:00.000,
C K Achuktu,2 wheeler theft,12.946444,77.579988,2018-01-15 00:00:00.000,18:00:00
C K Achuktu,2 wheeler theft,12.921195,77.586304,2018-01-16 00:00:00.000,19:00:00
C K Achuktu,2 wheeler theft,12.925461,77.584888,2018-01-16 00:00:00.000,18:00:00
C K Achuktu,2 wheeler theft,12.932813,77.585742,2018-01-20 00:00:00.000,11:40:00
C K Achuktu,2 wheeler theft,12.930925,77.583059,2018-01-20 00:00:00.000,18:00:00
C K Achuktu,2 wheeler theft,12.921772,77.589419,2018-01-21 00:00:00.000,11:00:00
C K Achuktu,2 wheeler theft,12.927417,77.585359,2018-01-23 00:00:00.000,12:00:00
C K Achuktu,2 wheeler theft,12.930947,77.583038,2018-01-24 00:00:00.000,13:00:00
C K Achuktu,2 wheeler theft,12.936577,77.584113,2018-01-31 00:00:00.000,16:00:00
C K Achuktu,2 wheeler theft,12.946444,77.579988,2018-01-02 00:00:00.000,10:30:00
C K Achuktu,2 wheeler theft,12.916312,77.583637,2018-03-02 00:00:00.000,11:00:00
C K Achuktu,2 wheeler theft,12.92856,77.581586,2018-09-02 00:00:00.000,11:30:00
C K Achuktu,2 wheeler theft,12.929594,77.585943,2018-02-15 00:00:00.000,12:00:00
C K Achuktu,2 wheeler theft,12.918629,77.575662,2018-02-22 00:00:00.000,13:00:00
C K Achuktu,2 wheeler theft,12.925813,77.588181,2018-04-03 00:00:00.000,11:30:00
C K Achuktu,2 wheeler theft,12.912983,77.606277,2018-05-03 00:00:00.000,12:00:00
C K Achuktu,2 wheeler theft,12.925902,77.588181,2018-06-03 00:00:00.000,10:40:00
C K Achuktu,2 wheeler theft,12.931011,77.585877,2018-06-03 00:00:00.000,18:00:00
C K Achuktu,2 wheeler theft,12.920853,77.580239,2018-07-03 00:00:00.000,19:00:00
C K Achuktu,2 wheeler theft,12.936861,77.582072,2018-07-03 00:00:00.000,18:00:00
C K Achuktu,2 wheeler theft,12.91719,77.583363,2018-08-03 00:00:00.000,20:00:00
C K Achuktu,2 wheeler theft,12.922614,77.585644,2018-08-03 00:00:00.000,21:00:00
C K Achuktu,2 wheeler theft,12.928809,77.585899,2018-12-03 00:00:00.000,10:30:00
C K Achuktu,2 wheeler theft,12.929533,77.580159,2018-03-14 00:00:00.000,11:15:00
C K Achuktu,2 wheeler theft,12.924858,77.584389,2018-03-15 00:00:00.000,12:00:00
C K Achuktu,2 wheeler theft,12.921507,77.580242,2018-03-22 00:00:00.000,18:00:00
C K Achuktu,2 wheeler theft,12.919739,77.581034,2018-03-22 00:00:00.000,19:00:00
C K Achuktu,2 wheeler theft,12.927612,77.522561,2018-03-30 00:00:00.000,20:00:00
C K Achuktu,2 wheeler theft,12.92856,77.581586,2018-03-04 00:00:00.000,18:00:00
C K Achuktu,2 wheeler theft,12.931847,77.584405,2018-04-04 00:00:00.000,19:00:00
C K Achuktu,2 wheeler theft,12.928809,77.585899,2018-04-04 00:00:00.000,20:00:00
C K Achuktu,2 wheeler theft,12.932946,77.583869,2018-05-04 00:00:00.000,10:50:00
C K Achuktu,2 wheeler theft,12.929566,77.583829,2018-04-20 00:00:00.000,00:00:00
C K Achuktu,2 wheeler theft,12.918945,77.586992,2018-04-25 00:00:00.000,14:00:00
C K Achuktu,2 wheeler theft,12.930644,77.579462,2018-04-26 00:00:00.000,12:00:00
C K Achuktu,2 wheeler theft,12.919939,77.580716,2018-04-26 00:00:00.000,18:00:00
C K Achuktu,2 wheeler theft,12.928212,77.585363,2018-08-05 00:00:00.000,19:00:00
C K Achuktu,2 wheeler theft,12.929533,77.580159,2018-10-05 00:00:00.000,20:00:00
C K Achuktu,2 wheeler theft,12.929911,77.58435,2018-05-21 00:00:00.000,19:00:00
C K Achuktu,2 wheeler theft,12.921507,77.580242,2018-05-21 00:00:00.000,20:00:00
C K Achuktu,2 wheeler theft,12.927588,77.575691,2018-05-27 00:00:00.000,21:00:00
C K Achuktu,2 wheeler theft,12.929533,77.580159,2018-02-06 00:00:00.000,11:00:00
C K Achuktu,2 wheeler theft,12.919267,77.576078,2018-03-06 00:00:00.000,13:00:00
C K Achuktu,2 wheeler theft,12.932946,77.583869,2018-06-14 00:00:00.000,12:00:00
C K Achuktu,2 wheeler theft,12.932946,77.583869,2018-06-19 00:00:00.000,11:00:00
C K Achuktu,2 wheeler theft,12.921743,77.585882,2018-06-24 00:00:00.000,11:45:00
C K Achuktu,2 wheeler theft,12.929686,77.580177,2018-06-29 00:00:00.000,14:00:00
C K Achuktu,2 wheeler theft,12.946444,77.579988,2018-03-07 00:00:00.000,15:00:00
C K Achuktu,2 wheeler theft,12.911569,77.575912,2018-05-07 00:00:00.000,16:00:00
C K Achuktu,2 wheeler theft,12.92542,77.591849,2018-05-07 00:00:00.000,20:00:00
C K Achuktu,2 wheeler theft,12.91695,77.586775,2018-07-13 00:00:00.000,11:00:00
C K Achuktu,2 wheeler theft,12.920789,77.58415,2018-07-20 00:00:00.000,11:30:00
C K Achuktu,2 wheeler theft,12.920789,77.58415,2018-07-21 00:00:00.000,18:00:00
C K Achuktu,2 wheeler theft,12.936137,77.619401,2018-07-23 00:00:00.000,19:00:00
C K Achuktu,2 wheeler theft,12.928794,77.581785,2018-07-25 00:00:00.000,20:00:00
C K Achuktu,2 wheeler theft,12.919774,77.577703,2018-07-30 00:00:00.000,21:00:00
C K Achuktu,2 wheeler theft,12.932946,77.583869,2018-07-31 00:00:00.000,21:30:00
C K Achuktu,2 wheeler theft,12.920789,77.58415,2018-01-08 00:00:00.000,11:00:00
C K Achuktu,2 wheeler theft,12.921572,77.580237,2018-03-08 00:00:00.000,11:30:00
C K Achuktu,2 wheeler theft,12.96158,77.59678,2018-05-08 00:00:00.000,12:00:00
C K Achuktu,2 wheeler theft,12.919774,77.577703,2018-06-08 00:00:00.000,13:00:00
C K Achuktu,2 wheeler theft,12.92594,77.583042,2018-06-08 00:00:00.000,13:30:00
C K Achuktu,2 wheeler theft,12.923311,77.580864,2018-08-08 00:00:00.000,12:00:00
C K Achuktu,2 wheeler theft,12.918756,77.578796,2018-08-17 00:00:00.000,11:30:00
C K Achuktu,2 wheeler theft,12.920789,77.58415,2018-08-18 00:00:00.000,11:45:00
C K Achuktu,2 wheeler theft,12.28645,77.63327,2018-08-20 00:00:00.000,00:00:00
C K Achuktu,2 wheeler theft,12.931849,77.578346,2018-08-21 00:00:00.000,10:40:00
C K Achuktu,2 wheeler theft,12.92733,77.57398,2018-08-22 00:00:00.000,11:40:00
C K Achuktu,2 wheeler theft,12.28657,77.63203,2018-08-28 00:00:00.000,00:00:00
C K Achuktu,2 wheeler theft,12.929507,77.580123,2018-08-30 00:00:00.000,13:00:00
C K Achuktu,2 wheeler theft,12.92204,77.58221,2018-01-09 00:00:00.000,18:00:00
C K Achuktu,2 wheeler theft,12.92204,77.58221,2018-04-09 00:00:00.000,19:00:00
C K Achuktu,2 wheeler theft,12.91802,77.58833,2018-07-09 00:00:00.000,11:00:00
C K Achuktu,2 wheeler theft,12.91802,77.58833,2018-10-09 00:00:00.000,11:30:00
C K Achuktu,2 wheeler theft,12.92753,77.5766,2018-09-17 00:00:00.000,00:00:00
C K Achuktu,2 wheeler theft,12.91802,77.58833,2018-09-18 00:00:00.000,14:00:00
C K Achuktu,2 wheeler theft,12.91802,77.588333,2018-09-28 00:00:00.000,16:00:00
C K Achuktu,2 wheeler theft,12.91691,77.5857,2018-02-10 00:00:00.000,18:00:00
C K Achuktu,2 wheeler theft,12.88452,77.49324,2018-03-10 00:00:00.000,19:30:00
C K Achuktu,2 wheeler theft,12.91802,77.588333,2018-05-10 00:00:00.000,20:30:00
C K Achuktu,2 wheeler theft,12.91777,77.58849,2018-07-10 00:00:00.000,19:45:00
C K Achuktu,2 wheeler theft,12.91795,77.58878,2018-08-10 00:00:00.000,10:30:00
C K Achuktu,2 wheeler theft,12.92546,77.58813,2018-10-16 00:00:00.000,11:45:00
C K Achuktu,2 wheeler theft,12.89434,77.58244,2018-10-17 00:00:00.000,20:00:00
C K Achuktu,2 wheeler theft,12.92367,77.58014,2018-10-20 00:00:00.000,22:00:00
C K Achuktu,2 wheeler theft,12.92547,77.583771,2018-10-24 00:00:00.000,11:00:00
C K Achuktu,2 wheeler theft,12.91691,77.585701,2018-10-24 00:00:00.000,00:00:00
C K Achuktu,2 wheeler theft,12.91777,77.588493,2018-10-25 00:00:00.000,18:00:00
C K Achuktu,2 wheeler theft,12.92204,77.588221,2018-10-26 00:00:00.000,19:00:00
C K Achuktu,2 wheeler theft,12.9167,77.59763,2018-10-27 00:00:00.000,20:00:00
C K Achuktu,2 wheeler theft,12.92253,77.58589,2018-10-11 00:00:00.000,18:00:00
C K Achuktu,2 wheeler theft,13.06381,77.44239,2018-11-16 00:00:00.000,19:00:00
C K Achuktu,2 wheeler theft,13.06381,77.44239,2018-11-16 00:00:00.000,22:00:00
C K Achuktu,2 wheeler theft,12.92209,77.58384,2018-11-22 00:00:00.000,10:30:00
C K Achuktu,2 wheeler theft,12.91885,77.57808,2018-11-24 00:00:00.000,11:00:00
C K Achuktu,2 wheeler theft,12.92556,77.57561,2018-11-27 00:00:00.000,12:00:00
C K Achuktu,2 wheeler theft,12.88456,77.49395,2018-11-27 00:00:00.000,18:00:00
C K Achuktu,2 wheeler theft,12.91945,77.58582,2018-11-29 00:00:00.000,19:00:00
C K Achuktu,2 wheeler theft,12.928475,77.583478,2018-05-12 00:00:00.000,18:00:00
C K Achuktu,2 wheeler theft,13.06381,77.44239,2018-06-12 00:00:00.000,16:00:00
C K Achuktu,2 wheeler theft,12.91945,77.58582,2018-07-12 00:00:00.000,17:00:00
C K Achuktu,2 wheeler theft,12.91945,77.583485,2018-12-24 00:00:00.000,18:00:00
C K Achuktu,2 wheeler theft,12.924585,77.587586,2018-12-31 00:00:00.000,11:00:00
C K Achuktu,2 wheeler theft,12.92458,77.5867411,2018-12-31 00:00:00.000,16:00:00
C K Achuktu,2 wheeler theft,12.91965,77.5924,2019-01-11 00:00:00.000,
C K Achuktu,2 wheeler theft,12.91995,77.57607,2019-01-14 00:00:00.000,
C K Achuktu,2 wheeler theft,12.92382,77.580742,2019-02-07 00:00:00.000,
C K Achuktu,2 wheeler theft,12.9167,77.59763,2019-02-04 00:00:00.000,
C K Achuktu,2 wheeler theft,12.91851,77.58122,2019-02-26 00:00:00.000,
C K Achuktu,2 wheeler theft,12.91953,77.57458,2019-03-04 00:00:00.000,
C K Achuktu,2 wheeler theft,12.9167,77.59763,2019-02-28 00:00:00.000,
C K Achuktu,2 wheeler theft,12.91902,77.58741,2019-03-08 00:00:00.000,
C K Achuktu,2 wheeler theft,12.93192,77.58016,2019-03-06 00:00:00.000,
C K Achuktu,2 wheeler theft,12.92216,77.58076,2019-03-10 00:00:00.000,
C K Achuktu,2 wheeler theft,12.93192,77.58016,2019-02-11 00:00:00.000,
C K Achuktu,2 wheeler theft,12.93192,77.58016,2019-03-15 00:00:00.000,
C K Achuktu,2 wheeler theft,12.93486,77.58008,2019-09-04 00:00:00.000,23:20:00
C K Achuktu,2 wheeler theft,12.92367,77.58374,2019-04-22 00:00:00.000,09:45:00
C K Achuktu,2 wheeler theft,12.91802,77.588333,2019-04-29 00:00:00.000,11:00:00
C K Achuktu,2 wheeler theft,12.921652,77.57928,2019-12-05 00:00:00.000,11:30:00
C K Achuktu,2 wheeler theft,12.935478,77.589654,2019-05-19 00:00:00.000,11:45:00
C K Achuktu,2 wheeler theft,12.93454,77.58694,2019-05-20 00:00:00.000,11:30:00
C K Achuktu,2 wheeler theft,12.92253,77.58589,2019-05-24 00:00:00.000,12:30:00
C K Achuktu,2 wheeler theft,12.932457,77.589864,2019-03-06 00:00:00.000,20:00:00
C K Achuktu,2 wheeler theft,12.91691,77.585701,2019-03-06 00:00:00.000,09:00:00
C K Achuktu,2 wheeler theft,12.92253,77.58589,2019-12-06 00:00:00.000,09:45:00
C K Achuktu,2 wheeler theft,12.922657,77.589563,2019-06-13 00:00:00.000,21:00:00
C K Achuktu,2 wheeler theft,12.91953,77.57458,2019-06-14 00:00:00.000,09:10:00
C K Achuktu,2 wheeler theft,12.28784,76.63313,2019-09-14 00:00:00.000,18:00:00
C K Achuktu,2 wheeler theft,12.92367,77.58374,2019-06-14 00:00:00.000,19:00:00
C K Achuktu,2 wheeler theft,12.91955,77.57458,2019-06-14 00:00:00.000,21:00:00
C K Achuktu,2 wheeler theft,12.91953,77.57458,2019-06-20 00:00:00.000,22:45:00
C K Achuktu,2 wheeler theft,12.28784,76.63313,2019-04-07 00:00:00.000,17:30:00
C K Achuktu,2 wheeler theft,12.91953,77.57458,2019-05-07 00:00:00.000,21:00:00
C K Achuktu,2 wheeler theft,12.921652,77.57928,2019-12-07 00:00:00.000,16:00:00
C K Achuktu,2 wheeler theft,12.921652,77.57928,2019-12-07 00:00:00.000,18:00:00
C K Achuktu,2 wheeler theft,12.92367,77.58374,2019-07-20 00:00:00.000,18:00:00
C K Achuktu,2 wheeler theft,12.922657,77.589563,2019-07-26 00:00:00.000,20:00:00
C K Achuktu,2 wheeler theft,12.922657,77.589563,2019-07-27 00:00:00.000,19:45:00
C K Achuktu,2 wheeler theft,12.92556,77.57561,2019-08-16 00:00:00.000,10:45:00
C K Achuktu,2 wheeler theft,12.92556,77.57561,2019-08-23 00:00:00.000,12:00:00
C K Achuktu,2 wheeler theft,12.92253,77.58589,2019-08-30 00:00:00.000,00:45:00
C K Achuktu,2 wheeler theft,12.91953,77.57458,2019-09-09 00:00:00.000,10:00:00
C K Achuktu,2 wheeler theft,12.922657,77.589563,2019-09-16 00:00:00.000,11:00:00
C K Achuktu,2 wheeler theft,12.92334,77.58484,2019-09-18 00:00:00.000,11:30:00
C K Achuktu,2 wheeler theft,12.92253,77.58589,2019-09-22 00:00:00.000,00:00:00
C K Achuktu,2 wheeler theft,12.92334,77.58484,2019-09-23 00:00:00.000,18:00:00
C K Achuktu,2 wheeler theft,12.931037,77.585842,2019-09-27 00:00:00.000,12:00:00
C K Achuktu,2 wheeler theft,12.922657,77.589563,2019-09-10 00:00:00.000,11:00:00
C K Achuktu,2 wheeler theft,12.917125,77.578344,2019-10-17 00:00:00.000,18:00:00
C K Achuktu,2 wheeler theft,12.922461,77.589557,2019-10-19 00:00:00.000,19:00:00
C K Achuktu,2 wheeler theft,12.891917,77.589229,2019-10-23 00:00:00.000,19:00:00
C K Achuktu,2 wheeler theft,12.93744,77.56426,2019-10-27 00:00:00.000,20:00:00
C K Achuktu,2 wheeler theft,12.919182,77.57765,2019-05-11 00:00:00.000,16:00:00
C K Achuktu,2 wheeler theft,12.92819,77.62512,2019-11-18 00:00:00.000,16:00:00
C K Achuktu,2 wheeler theft,12.92819,77.62512,2019-11-19 00:00:00.000,09:45:00
C K Achuktu,2 wheeler theft,12.91753,77.58358,2019-11-28 00:00:00.000,11:00:00
C K Achuktu,2 wheeler theft,12.92819,77.62512,2019-12-12 00:00:00.000,11:50:00
C K Achuktu,2 wheeler theft,12.93819,77.63512,2019-12-18 00:00:00.000,15:00:00
C K Achuktu,2 wheeler theft,12.92556,77.57561,2019-12-21 00:00:00.000,16:00:00
C K Achuktu,2 wheeler theft,12.92819,77.62512,2019-12-31 00:00:00.000,11:00:00
C K Achuktu,2 wheeler theft,12.94742039,77.57992022,2016-01-25 00:00:00.000,
C K Achuktu,2 wheeler theft,12.94749498,77.5799164,2016-01-25 00:00:00.000,
C K Achuktu,2 wheeler theft,12.94691818,77.56872328,2016-01-29 00:00:00.000,
C K Achuktu,2 wheeler theft,12.9466329,77.5704523,2016-02-02 00:00:00.000,
C K Achuktu,2 wheeler theft,12.94289924,77.5718275,2016-04-02 00:00:00.000,
C K Achuktu,2 wheeler theft,12.94064,77.57925,2016-01-03 00:00:00.000,
C K Achuktu,2 wheeler theft,12.9458785,77.5694501,2016-09-03 00:00:00.000,
C K Achuktu,2 wheeler theft,12.9458785,77.5694501,2016-03-28 00:00:00.000,
C K Achuktu,2 wheeler theft,12.94289924,77.5718275,2016-02-04 00:00:00.000,
C K Achuktu,2 wheeler theft,12.94497395,77.5701988,2016-02-04 00:00:00.000,
C K Achuktu,2 wheeler theft,12.93813157,77.57880259,2016-04-04 00:00:00.000,
C K Achuktu,2 wheeler theft,12.94089386,77.57356118,2016-09-04 00:00:00.000,
C K Achuktu,2 wheeler theft,12.94702672,77.57150161,2016-04-14 00:00:00.000,
C K Achuktu,2 wheeler theft,12.93938076,77.57932286,2016-04-17 00:00:00.000,
C K Achuktu,2 wheeler theft,12.93905703,77.57461228,2016-04-17 00:00:00.000,
C K Achuktu,2 wheeler theft,12.94117404,77.56672569,2016-04-18 00:00:00.000,
C K Achuktu,2 wheeler theft,12.94245447,77.57123614,2016-04-25 00:00:00.000,
C K Achuktu,2 wheeler theft,12.94721515,77.56788874,2016-04-27 00:00:00.000,
C K Achuktu,2 wheeler theft,12.94117404,77.56672569,2016-03-05 00:00:00.000,
C K Achuktu,2 wheeler theft,12.93105803,77.57561528,2016-05-13 00:00:00.000,
C K Achuktu,2 wheeler theft,12.94134592,77.57827763,2016-09-06 00:00:00.000,
C K Achuktu,2 wheeler theft,12.94749498,77.57991641,2016-06-14 00:00:00.000,
C K Achuktu,2 wheeler theft,12.9433273,77.5771331,2016-06-16 00:00:00.000,
C K Achuktu,2 wheeler theft,12.94021298,77.54303077,2016-06-16 00:00:00.000,
C K Achuktu,2 wheeler theft,12.94360359,77.57998208,2016-06-17 00:00:00.000,
C K Achuktu,2 wheeler theft,12.94211658,77.5753609,2016-06-30 00:00:00.000,
C K Achuktu,2 wheeler theft,12.94475422,77.57193734,2016-07-28 00:00:00.000,
C K Achuktu,2 wheeler theft,12.94557432,77.57694777,2016-07-28 00:00:00.000,
C K Achuktu,2 wheeler theft,12.94040291,77.57918326,2016-06-08 00:00:00.000,
C K Achuktu,2 wheeler theft,12.94422077,77.57953844,2016-07-08 00:00:00.000,
C K Achuktu,2 wheeler theft,12.94774335,77.56842954,2016-09-08 00:00:00.000,
C K Achuktu,2 wheeler theft,12.94711584,77.56867384,2016-09-08 00:00:00.000,
C K Achuktu,2 wheeler theft,12.94116455,77.58002619,2016-09-15 00:00:00.000,
C K Achuktu,2 wheeler theft,12.93538127,77.57388091,2016-09-19 00:00:00.000,
C K Achuktu,2 wheeler theft,12.94337313,77.5711472,2016-09-20 00:00:00.000,
C K Achuktu,2 wheeler theft,12.94414972,77.57340122,2016-09-23 00:00:00.000,
C K Achuktu,2 wheeler theft,12.94722441,77.567886,2016-09-26 00:00:00.000,
C K Achuktu,2 wheeler theft,12.94295334,77.56789075,2016-09-29 00:00:00.000,
C K Achuktu,2 wheeler theft,12.94694907,77.56942152,2016-10-16 00:00:00.000,
C K Achuktu,2 wheeler theft,12.94808633,77.56924018,2016-10-22 00:00:00.000,
C K Achuktu,2 wheeler theft,12.94200588,77.57119229,2016-11-14 00:00:00.000,
C K Achuktu,2 wheeler theft,12.93969417,77.5792886,2016-11-17 00:00:00.000,
C K Achuktu,2 wheeler theft,12.94204588,77.57838853,2016-11-21 00:00:00.000,
C K Achuktu,2 wheeler theft,12.94767811,77.5797538,2016-11-22 00:00:00.000,
C K Achuktu,2 wheeler theft,12.93547971,77.57388046,2016-11-24 00:00:00.000,
C K Achuktu,2 wheeler theft,12.9419142,77.5691334,2016-11-28 00:00:00.000,
C K Achuktu,2 wheeler theft,12.93997012,77.5798894,2016-02-12 00:00:00.000,
C K Achuktu,2 wheeler theft,12.94815936,77.57922207,2016-03-12 00:00:00.000,
C K Achuktu,2 wheeler theft,12.94783457,77.57961291,2016-05-12 00:00:00.000,
C K Achuktu,2 wheeler theft,12.94428775,77.57091219,2016-11-12 00:00:00.000,
C K Achuktu,2 wheeler theft,12.93784824,77.57893695,2016-12-12 00:00:00.000,
C K Achuktu,2 wheeler theft,12.94042227,77.57639175,2016-12-13 00:00:00.000,
C K Achuktu,2 wheeler theft,12.9461098,77.57665842,2016-12-21 00:00:00.000,
C K Achuktu,2 wheeler theft,12.94299146,77.56790231,2016-12-26 00:00:00.000,
C K Achuktu,2 wheeler theft,12.94439272,77.56876954,2016-12-31 00:00:00.000,
C K Achuktu,2 wheeler theft,12.9415621,77.658451,2017-02-21 00:00:00.000,
C K Achuktu,2 wheeler theft,12.94063527,77.57507349,2017-02-27 00:00:00.000,
C K Achuktu,2 wheeler theft,12.94220278,77.57074764,2017-09-03 00:00:00.000,
C K Achuktu,2 wheeler theft,12.9466975,77.57914794,2017-03-25 00:00:00.000,
C K Achuktu,2 wheeler theft,12.94766375,77.57152519,2017-03-27 00:00:00.000,
C K Achuktu,2 wheeler theft,12.94005543,77.57204828,2017-04-27 00:00:00.000,
C K Achuktu,2 wheeler theft,12.94044526,77.56920181,2017-01-05 00:00:00.000,
C K Achuktu,2 wheeler theft,12.94736973,77.57304077,2017-05-15 00:00:00.000,
C K Achuktu,2 wheeler theft,12.94660127,77.57238676,2017-05-19 00:00:00.000,
C K Achuktu,2 wheeler theft,12.93758508,77.5783525,2017-05-25 00:00:00.000,
C K Achuktu,2 wheeler theft,12.94299245,77.56750231,2017-05-27 00:00:00.000,
C K Achuktu,2 wheeler theft,12.94261677,77.57041507,2017-05-30 00:00:00.000,
C K Achuktu,2 wheeler theft,12.9483756,77.57940139,2017-08-06 00:00:00.000,
C K Achuktu,2 wheeler theft,12.93819241,77.57643118,2017-09-06 00:00:00.000,
C K Achuktu,2 wheeler theft,12.94651574,77.57033565,2017-06-14 00:00:00.000,
C K Achuktu,2 wheeler theft,12.94651574,77.57033565,2017-06-18 00:00:00.000,
C K Achuktu,2 wheeler theft,12.94362743,77.57526239,2017-06-21 00:00:00.000,
C K Achuktu,2 wheeler theft,12.94651438,77.57323175,2017-06-24 00:00:00.000,
C K Achuktu,2 wheeler theft,12.94727837,77.57062827,2017-03-07 00:00:00.000,
C K Achuktu,2 wheeler theft,12.94702672,77.57150163,2017-04-07 00:00:00.000,
C K Achuktu,2 wheeler theft,12.94428324,77.57289723,2017-07-17 00:00:00.000,
C K Achuktu,2 wheeler theft,12.94241762,77.57142709,2017-07-17 00:00:00.000,
C K Achuktu,2 wheeler theft,12.94792414,77.58004556,2017-07-24 00:00:00.000,
C K Achuktu,2 wheeler theft,12.91066516,77.51555405,2017-04-08 00:00:00.000,
C K Achuktu,2 wheeler theft,12.92594305,77.5253617,2017-08-08 00:00:00.000,
C K Achuktu,2 wheeler theft,12.94651574,77.57033565,2017-11-08 00:00:00.000,
C K Achuktu,2 wheeler theft,12.9380001,77.578919,2017-08-14 00:00:00.000,
C K Achuktu,2 wheeler theft,12.94402345,77.57286838,2017-08-20 00:00:00.000,
C K Achuktu,2 wheeler theft,12.942641,77.570531,2017-08-23 00:00:00.000,
C K Achuktu,2 wheeler theft,12.94430716,77.57292859,2017-09-22 00:00:00.000,
C K Achuktu,2 wheeler theft,12.94519457,77.57023743,2017-04-10 00:00:00.000,
C K Achuktu,2 wheeler theft,12.94871698,77.57498618,2017-06-10 00:00:00.000,
C K Achuktu,2 wheeler theft,12.945823,77.570773,2017-07-10 00:00:00.000,
C K Achuktu,2 wheeler theft,12.94195,77.571907,2017-10-21 00:00:00.000,
C K Achuktu,2 wheeler theft,12.94624,77.57939,2017-10-28 00:00:00.000,
C K Achuktu,2 wheeler theft,12.94747,77.57395,2017-06-11 00:00:00.000,
C K Achuktu,2 wheeler theft,12.94441,77.57108,2017-11-20 00:00:00.000,
C K Achuktu,2 wheeler theft,12.94214,77.57775,2017-11-21 00:00:00.000,
C K Achuktu,2 wheeler theft,12.94543,77.5713232,2017-04-12 00:00:00.000,
C K Achuktu,2 wheeler theft,12.93735,77.566771,2017-12-16 00:00:00.000,
C K Achuktu,2 wheeler theft,12.94152134,77.57553209,2017-12-20 00:00:00.000,
C K Achuktu,2 wheeler theft,12.94046511,77.5719939,2018-01-21 00:00:00.000,
C K Achuktu,2 wheeler theft,12.94346511,77.5739939,2018-02-02 00:00:00.000,
C K Achuktu,2 wheeler theft,12.9482348,77.5738872,2018-02-02 00:00:00.000,
C K Achuktu,2 wheeler theft,12.922641,77.5213232,2018-05-02 00:00:00.000,
C K Achuktu,2 wheeler theft,12.922641,77.5213232,2018-08-02 00:00:00.000,
C K Achuktu,2 wheeler theft,12.943673,77.5734918,2018-12-02 00:00:00.000,
C K Achuktu,2 wheeler theft,12.922645,77.52750255,2018-02-21 00:00:00.000,
C K Achuktu,2 wheeler theft,12.944745,77.571795,2018-02-28 00:00:00.000,
C K Achuktu,2 wheeler theft,12.9123673,77.5123683,2018-04-03 00:00:00.000,
C K Achuktu,2 wheeler theft,12.9484,77.57898,2018-06-03 00:00:00.000,
C K Achuktu,2 wheeler theft,12.93078,77.5734534,2018-03-17 00:00:00.000,
C K Achuktu,2 wheeler theft,12.9400982,77.5712964,2018-03-19 00:00:00.000,
C K Achuktu,2 wheeler theft,12.944189,77.572671,2018-03-20 00:00:00.000,
C K Achuktu,2 wheeler theft,12.945335,77.572617,2018-03-28 00:00:00.000,
C K Achuktu,2 wheeler theft,12.939442,77.579235,2018-10-04 00:00:00.000,
C K Achuktu,2 wheeler theft,12.946994,77.59228,2018-12-04 00:00:00.000,
C K Achuktu,2 wheeler theft,12.94212,77.57536,2018-12-04 00:00:00.000,
C K Achuktu,2 wheeler theft,12.94883,77.57998,2018-04-13 00:00:00.000,
Girinagar,2 wheeler theft,12.94452964,77.57658159,2018-04-23 00:00:00.000,
Girinagar,2 wheeler theft,12.966618,77.588783,2018-05-05 00:00:00.000,
Girinagar,2 wheeler theft,12.93781,77.56373,2018-05-05 00:00:00.000,
Girinagar,2 wheeler theft,12.939667,77.57714,2018-07-05 00:00:00.000,
Girinagar,2 wheeler theft,12.938525,77.580169,2018-05-18 00:00:00.000,
Girinagar,2 wheeler theft,12.938525,77.580169,2018-02-06 00:00:00.000,
Girinagar,2 wheeler theft,12.947016,77.570719,2018-06-20 00:00:00.000,
Girinagar,2 wheeler theft,12.942839,77.577971,2018-06-20 00:00:00.000,
Girinagar,2 wheeler theft,12.9466,77.57467,2018-06-24 00:00:00.000,
Girinagar,2 wheeler theft,12.32157,77.63187,2018-07-18 00:00:00.000,
Girinagar,2 wheeler theft,12.94286,77.57239,2018-07-27 00:00:00.000,
Girinagar,2 wheeler theft,12.93824,77.57874,2018-02-08 00:00:00.000,
Girinagar,2 wheeler theft,12.944744,77.573426,2018-04-08 00:00:00.000,
Girinagar,2 wheeler theft,12.78941,77.79845,2018-10-08 00:00:00.000,
Girinagar,2 wheeler theft,12.94969,77.57991,2018-08-23 00:00:00.000,
Girinagar,2 wheeler theft,12.94162,77.57109,2018-08-23 00:00:00.000,
Girinagar,2 wheeler theft,12.93849,77.57692,2018-04-09 00:00:00.000,
Girinagar,2 wheeler theft,12.9468,77.5699,2018-06-09 00:00:00.000,
Girinagar,2 wheeler theft,12.789456,77.984756,2018-11-09 00:00:00.000,
Girinagar,2 wheeler theft,12.94212,77.57536,2018-09-14 00:00:00.000,
Girinagar,2 wheeler theft,12.94364,77.57373,2018-09-15 00:00:00.000,
Girinagar,2 wheeler theft,12.582079,77.345031,2018-09-17 00:00:00.000,
Girinagar,2 wheeler theft,12.941895,77.577913,2018-09-18 00:00:00.000,
Girinagar,2 wheeler theft,12.936938,77.57275,2018-09-20 00:00:00.000,
Girinagar,2 wheeler theft,12.942114,77.577386,2018-09-22 00:00:00.000,
Girinagar,2 wheeler theft,12.58207912,77.34503148,2018-09-27 00:00:00.000,
Girinagar,2 wheeler theft,12.948916,77.579766,,
Girinagar,2 wheeler theft,12.971404,77.578549,2018-05-10 00:00:00.000,
Girinagar,2 wheeler theft,12.939454,77.579251,2018-10-14 00:00:00.000,
Girinagar,2 wheeler theft,12.947745,77.567733,2018-10-30 00:00:00.000,
Girinagar,2 wheeler theft,12.935241,77.566645,2018-11-11 00:00:00.000,
Girinagar,2 wheeler theft,12.94003,77.57052,2018-06-12 00:00:00.000,
Girinagar,2 wheeler theft,12.56713,77.363415,2018-08-12 00:00:00.000,
Girinagar,2 wheeler theft,12.573426,77.364512,2018-12-20 00:00:00.000,
Girinagar,2 wheeler theft,12.86451,77.41652,2018-12-27 00:00:00.000,
Girinagar,2 wheeler theft,12.93781,77.56373,2019-01-02 00:00:00.000,
Girinagar,2 wheeler theft,12.974561,77.576241,2019-02-20 00:00:00.000,
Girinagar,2 wheeler theft,12.946241,77.579991,2019-02-21 00:00:00.000,
Girinagar,2 wheeler theft,12.94578,77.57144,2019-03-23 00:00:00.000,
Girinagar,2 wheeler theft,12.946552,77.571637,2019-09-04 00:00:00.000,
Girinagar,2 wheeler theft,12.942401,77.571924,2019-10-04 00:00:00.000,
Girinagar,2 wheeler theft,12.941848,77.579851,2019-01-05 00:00:00.000,
Girinagar,2 wheeler theft,12.941,77.56553,2019-05-17 00:00:00.000,
Girinagar,2 wheeler theft,12.943386,77.571188,2019-05-17 00:00:00.000,
Girinagar,2 wheeler theft,12.93481,77.57184,2019-05-31 00:00:00.000,
Girinagar,2 wheeler theft,12.94962,77.57991,2019-03-06 00:00:00.000,
Girinagar,2 wheeler theft,12.87645,77.89564,2019-04-06 00:00:00.000,
Girinagar,2 wheeler theft,12.89451,77.89574,,
Girinagar,2 wheeler theft,12.945934,77.570814,2019-06-14 00:00:00.000,
Girinagar,2 wheeler theft,12.58201,77.345031,2019-06-26 00:00:00.000,
Girinagar,2 wheeler theft,12.582079,77.345314,2019-07-13 00:00:00.000,
Girinagar,2 wheeler theft,12.93759703,77.57384277,2019-07-20 00:00:00.000,
Girinagar,2 wheeler theft,12.931645,77.567136,,
Girinagar,2 wheeler theft,12.936433,77.56611,2019-05-08 00:00:00.000,
Girinagar,2 wheeler theft,12.56156,77.341553,2019-08-29 00:00:00.000,
Girinagar,2 wheeler theft,12.931291,77.567242,2019-03-09 00:00:00.000,
Girinagar,2 wheeler theft,12.786541,77.56611,2019-06-09 00:00:00.000,
Girinagar,2 wheeler theft,12.94598,77.57058,2019-10-09 00:00:00.000,
Girinagar,2 wheeler theft,12.85651,77.856421,2019-12-09 00:00:00.000,
Girinagar,2 wheeler theft,12.94561,77.57034,2019-10-16 00:00:00.000,
Girinagar,2 wheeler theft,12.895621,77.659851,2019-10-21 00:00:00.000,
Girinagar,2 wheeler theft,12.785951,77.895461,2019-10-30 00:00:00.000,
Girinagar,2 wheeler theft,12.94588,77.57526,2019-10-31 00:00:00.000,
Girinagar,2 wheeler theft,12.92967,77.57649,2019-05-11 00:00:00.000,
Girinagar,2 wheeler theft,12.9455949,77.5686997,2019-11-20 00:00:00.000,
Girinagar,2 wheeler theft,12.985461,77.985461,2019-11-23 00:00:00.000,
Girinagar,2 wheeler theft,12.940919,77.573481,2019-11-28 00:00:00.000,
Girinagar,2 wheeler theft,12.940631,77.577855,2019-11-29 00:00:00.000,
Girinagar,2 wheeler theft,12.93982,77.7757,2019-12-18 00:00:00.000,
Girinagar,2 wheeler theft,12.85641,77.86521,2019-12-18 00:00:00.000,
Girinagar,2 wheeler theft,12.94629,77.58006,2019-12-20 00:00:00.000,
Girinagar,2 wheeler theft,12.9155368,77.5558355,2015-03-01 00:00:00.000,13:15:00
Girinagar,2 wheeler theft,12.9155368,77.5558355,2015-12-01 00:00:00.000,14:10:00
Girinagar,2 wheeler theft,12.9115954,77.5849247,2015-01-13 00:00:00.000,17:20:00
Girinagar,2 wheeler theft,12.879478,77.548839,2015-01-15 00:00:00.000,14:20:00
Girinagar,2 wheeler theft,12.9016695,77.5859681,2015-01-16 00:00:00.000,11:00:00
Girinagar,2 wheeler theft,12.9171572,77.5811823,2015-01-16 00:00:00.000,15:15:00
Girinagar,2 wheeler theft,12.9166719,77.5892002,2015-01-17 00:00:00.000,14:15:00
Girinagar,2 wheeler theft,12.9166979,77.5826341,2015-01-19 00:00:00.000,13:10:00
Girinagar,2 wheeler theft,12.8784077,77.5572069,2015-01-20 00:00:00.000,16:00:00
Girinagar,2 wheeler theft,12.9313776,77.6225849,2015-01-28 00:00:00.000,12:10:00
Girinagar,2 wheeler theft,12.9314241,77.6072639,2015-01-31 00:00:00.000,14:20:00
Girinagar,2 wheeler theft,12.9034662,77.579759,2015-03-02 00:00:00.000,21:50:00
Girinagar,2 wheeler theft,12.8953192,77.5789612,2015-06-02 00:00:00.000,17:45:00
Girinagar,2 wheeler theft,12.8953297,77.5789612,2015-09-02 00:00:00.000,18:15:00
Girinagar,2 wheeler theft,12.9143145,77.597372,2015-10-02 00:00:00.000,19:15:00
Girinagar,2 wheeler theft,12.9144777,77.5295196,2015-12-02 00:00:00.000,10:30:00
Girinagar,2 wheeler theft,12.9147937,77.5295194,2015-02-16 00:00:00.000,13:15:00
Girinagar,2 wheeler theft,12.8978565,77.5944308,2015-02-16 00:00:00.000,14:00:00
Girinagar,2 wheeler theft,12.9108572,77.5764323,2015-02-18 00:00:00.000,13:50:00
Girinagar,2 wheeler theft,12.9159341,77.5834543,2015-02-20 00:00:00.000,00:00:00
Girinagar,2 wheeler theft,12.9159806,77.5681333,2015-02-24 00:00:00.000,15:15:00
Girinagar,2 wheeler theft,12.8934268,77.5638784,2015-02-24 00:00:00.000,19:30:00
Girinagar,2 wheeler theft,12.9062162,77.5954373,2015-02-25 00:00:00.000,17:40:00
Girinagar,2 wheeler theft,12.9014666,77.5889394,2015-02-28 00:00:00.000,13:00:00
Girinagar,2 wheeler theft,12.9119148,77.597496,2015-03-03 00:00:00.000,21:50:00
Girinagar,2 wheeler theft,12.8998217,77.5663605,2015-04-03 00:00:00.000,12:20:00
Girinagar,2 wheeler theft,12.9158958,77.5973937,2015-06-03 00:00:00.000,16:00:00
Girinagar,2 wheeler theft,12.8999994,77.5850921,2015-03-14 00:00:00.000,12:00:00
Girinagar,2 wheeler theft,12.9112055,77.5935164,2015-03-25 00:00:00.000,12:30:00
Girinagar,2 wheeler theft,12.9043076,77.5783411,2015-03-26 00:00:00.000,07:15:00
Girinagar,2 wheeler theft,12.916582,77.5950877,2015-03-26 00:00:00.000,17:00:00
Girinagar,2 wheeler theft,12.9230991,77.5786912,2015-03-26 00:00:00.000,21:30:00
Girinagar,2 wheeler theft,12.9106388,77.5792415,2015-03-28 00:00:00.000,15:00:00
Girinagar,2 wheeler theft,12.9108381,77.5267101,2015-03-30 00:00:00.000,17:45:00
Girinagar,2 wheeler theft,12.912451,77.5764631,2015-03-31 00:00:00.000,10:45:00
Girinagar,2 wheeler theft,12.9053286,77.5937894,2015-01-04 00:00:00.000,12:00:00
Girinagar,2 wheeler theft,12.9077254,77.5978325,2015-06-04 00:00:00.000,16:00:00
Girinagar,2 wheeler theft,12.9077514,77.5912664,2015-09-04 00:00:00.000,19:00:00
Girinagar,2 wheeler theft,12.9080696,77.4599325,2015-04-15 00:00:00.000,11:50:00
Girinagar,2 wheeler theft,12.9077705,77.5815606,2015-04-17 00:00:00.000,19:15:00
Girinagar,2 wheeler theft,12.9958855,77.5171967,2015-04-21 00:00:00.000,19:30:00
Girinagar,2 wheeler theft,12.9093151,77.5731743,2015-04-21 00:00:00.000,22:10:00
Girinagar,2 wheeler theft,12.8911779,77.579489,2015-04-24 00:00:00.000,21:30:00
Girinagar,2 wheeler theft,12.9136898,77.583736,2015-04-27 00:00:00.000,10:10:00
Girinagar,2 wheeler theft,12.9072388,77.5713789,2015-04-28 00:00:00.000,10:30:00
Girinagar,2 wheeler theft,12.9183568,77.6028079,2015-04-28 00:00:00.000,23:15:00
Girinagar,2 wheeler theft,12.8950958,77.5852983,2015-04-29 00:00:00.000,11:15:00
Girinagar,2 wheeler theft,12.8951218,77.5787322,2015-01-05 00:00:00.000,18:10:00
Girinagar,2 wheeler theft,12.9031786,77.5849079,2015-01-05 00:00:00.000,19:00:00
Girinagar,2 wheeler theft,12.9008018,77.5816468,2015-02-05 00:00:00.000,10:15:00
Girinagar,2 wheeler theft,12.9008278,77.5750807,2015-08-05 00:00:00.000,18:05:00
Girinagar,2 wheeler theft,12.9077602,77.5760421,2015-05-13 00:00:00.000,11:00:00
Girinagar,2 wheeler theft,12.9077862,77.569476,2015-05-16 00:00:00.000,13:10:00
Girinagar,2 wheeler theft,12.89145,77.5656028,2015-05-17 00:00:00.000,12:00:00
Girinagar,2 wheeler theft,12.9133357,77.5824947,2015-05-17 00:00:00.000,16:30:00
Girinagar,2 wheeler theft,12.9090896,77.5842335,2015-05-18 00:00:00.000,18:15:00
Girinagar,2 wheeler theft,12.861,77.5798343,2015-05-25 00:00:00.000,14:10:00
Girinagar,2 wheeler theft,12.9055733,77.5737403,2015-05-27 00:00:00.000,11:00:00
Girinagar,2 wheeler theft,12.9043378,77.5805354,2015-05-28 00:00:00.000,10:15:00
Girinagar,2 wheeler theft,12.9043378,77.5805354,2015-05-29 00:00:00.000,11:15:00
Girinagar,2 wheeler theft,12.9089063,77.5978035,2015-05-29 00:00:00.000,17:30:00
Girinagar,2 wheeler theft,12.8807651,77.5499705,2015-05-06 00:00:00.000,11:30:00
Girinagar,2 wheeler theft,12.8918733,77.5760625,2015-06-06 00:00:00.000,15:30:00
Girinagar,2 wheeler theft,12.9053555,77.577754,2015-07-06 00:00:00.000,10:30:00
Girinagar,2 wheeler theft,12.8929625,77.575637,2015-07-06 00:00:00.000,12:10:00
Girinagar,2 wheeler theft,12.9060197,77.5820522,2015-09-06 00:00:00.000,13:00:00
Girinagar,2 wheeler theft,12.9061063,77.5492212,2015-06-17 00:00:00.000,17:00:00
Girinagar,2 wheeler theft,12.894285,77.5813033,2015-06-19 00:00:00.000,13:00:00
Girinagar,2 wheeler theft,12.9085246,77.5796617,2015-06-19 00:00:00.000,14:30:00
Girinagar,2 wheeler theft,12.9164782,77.5901863,2015-06-19 00:00:00.000,22:10:00
Girinagar,2 wheeler theft,12.9119429,77.5749591,2015-06-22 00:00:00.000,10:30:00
Girinagar,2 wheeler theft,12.9122711,77.5855913,2015-06-22 00:00:00.000,12:00:00
Girinagar,2 wheeler theft,12.9029352,77.5708923,2015-06-27 00:00:00.000,21:35:00
Girinagar,2 wheeler theft,12.9637533,77.5168826,2015-06-29 00:00:00.000,16:15:00
Girinagar,2 wheeler theft,12.8969174,77.5941004,2015-01-07 00:00:00.000,12:30:00
Girinagar,2 wheeler theft,12.8972962,77.4890314,2015-09-07 00:00:00.000,10:40:00
Girinagar,2 wheeler theft,12.9088289,77.590309,2015-10-07 00:00:00.000,15:10:00
Girinagar,2 wheeler theft,12.8896097,77.5799274,2015-11-07 00:00:00.000,10:30:00
Girinagar,2 wheeler theft,12.9116619,77.5714176,2015-07-16 00:00:00.000,21:30:00
Girinagar,2 wheeler theft,12.9042766,77.5860081,2015-07-24 00:00:00.000,14:10:00
Girinagar,2 wheeler theft,12.9056417,77.587171,2015-07-26 00:00:00.000,12:20:00
Girinagar,2 wheeler theft,12.908332,77.5883169,2015-07-28 00:00:00.000,10:10:00
Girinagar,2 wheeler theft,12.891874,77.5722678,2015-04-08 00:00:00.000,21:00:00
Girinagar,2 wheeler theft,12.9147013,77.5901702,2015-05-08 00:00:00.000,11:00:00
Girinagar,2 wheeler theft,12.9164294,77.5928205,2015-06-08 00:00:00.000,16:30:00
Girinagar,2 wheeler theft,12.9122956,77.5871272,2015-07-08 00:00:00.000,15:30:00
Girinagar,2 wheeler theft,12.9117755,77.5978418,2015-09-08 00:00:00.000,11:45:00
Girinagar,2 wheeler theft,12.9065529,77.5840374,2015-08-15 00:00:00.000,12:00:00
Girinagar,2 wheeler theft,12.9188508,77.5920109,2015-08-19 00:00:00.000,16:20:00
Girinagar,2 wheeler theft,12.9607566,77.5045435,2015-08-20 00:00:00.000,12:10:00
Girinagar,2 wheeler theft,12.9226108,77.5504603,2015-08-23 00:00:00.000,08:25:00
Girinagar,2 wheeler theft,12.9079595,77.5796007,2015-08-26 00:00:00.000,11:30:00
Girinagar,2 wheeler theft,12.9123367,77.5753893,2015-08-26 00:00:00.000,15:00:00
Girinagar,2 wheeler theft,12.9070668,77.5824862,2015-08-28 00:00:00.000,12:00:00
Girinagar,2 wheeler theft,12.9103962,77.5881939,2015-03-09 00:00:00.000,14:35:00
Girinagar,2 wheeler theft,12.9047516,77.5859256,2015-08-09 00:00:00.000,12:20:00
Girinagar,2 wheeler theft,12.9113134,77.5778436,2015-08-09 00:00:00.000,19:20:00
Girinagar,2 wheeler theft,12.9016613,77.591716,2015-09-09 00:00:00.000,19:00:00
Girinagar,2 wheeler theft,12.9102266,77.573465,2015-11-09 00:00:00.000,10:15:00
Girinagar,2 wheeler theft,12.9095272,77.5724722,2015-11-09 00:00:00.000,16:15:00
Girinagar,2 wheeler theft,12.8897795,77.5430398,2015-12-09 00:00:00.000,23:20:00
Girinagar,2 wheeler theft,12.8986844,77.5701467,2015-09-16 00:00:00.000,11:30:00
Girinagar,2 wheeler theft,12.9114052,77.5806481,2015-09-16 00:00:00.000,19:00:00
Girinagar,2 wheeler theft,12.916317,77.5814483,2015-09-18 00:00:00.000,18:30:00
Girinagar,2 wheeler theft,12.9120932,77.5776531,2015-01-10 00:00:00.000,14:40:00
Girinagar,2 wheeler theft,12.9112862,77.5902845,2015-02-10 00:00:00.000,16:30:00
Girinagar,2 wheeler theft,12.9182129,77.5874986,2015-05-10 00:00:00.000,11:30:00
Girinagar,2 wheeler theft,12.9015916,77.5830689,2015-05-10 00:00:00.000,23:00:00
Girinagar,2 wheeler theft,12.9063735,77.5945017,2015-07-10 00:00:00.000,11:55:00
Girinagar,2 wheeler theft,12.9012851,77.586504,2015-09-10 00:00:00.000,12:15:00
Girinagar,2 wheeler theft,12.9080514,77.5758748,2015-10-10 00:00:00.000,11:00:00
Girinagar,2 wheeler theft,12.9125541,77.578243,2015-11-10 00:00:00.000,11:30:00
Girinagar,2 wheeler theft,12.8969955,77.569931,2015-12-10 00:00:00.000,09:30:00
Girinagar,2 wheeler theft,12.9164782,77.5901863,2015-12-10 00:00:00.000,11:00:00
Girinagar,2 wheeler theft,12.911867,77.5723821,2015-10-16 00:00:00.000,18:10:00
Girinagar,2 wheeler theft,12.9118205,77.5877031,2015-10-20 00:00:00.000,14:30:00
Girinagar,2 wheeler theft,12.8916715,77.5121741,2015-10-22 00:00:00.000,09:45:00
Girinagar,2 wheeler theft,12.9084829,77.5864992,2015-10-27 00:00:00.000,12:15:00
Girinagar,2 wheeler theft,12.9115792,77.5790908,2015-10-27 00:00:00.000,17:30:00
Girinagar,2 wheeler theft,12.9105151,77.5796778,2015-10-27 00:00:00.000,19:45:00
Girinagar,2 wheeler theft,12.9133796,77.5875121,2015-10-30 00:00:00.000,11:30:00
Girinagar,2 wheeler theft,12.9010783,77.5869911,2015-06-11 00:00:00.000,11:00:00
Girinagar,2 wheeler theft,12.9148274,77.5862183,2015-06-11 00:00:00.000,15:45:00
Girinagar,2 wheeler theft,12.9148169,77.5862183,2015-08-11 00:00:00.000,08:45:00
Girinagar,2 wheeler theft,12.9054817,77.5836763,2015-11-11 00:00:00.000,10:30:00
Girinagar,2 wheeler theft,12.8953489,77.5826563,2015-11-17 00:00:00.000,18:10:00
Girinagar,2 wheeler theft,12.9009907,77.5858522,2015-11-21 00:00:00.000,10:35:00
Girinagar,2 wheeler theft,12.9052128,77.5860968,2015-11-21 00:00:00.000,12:15:00
Girinagar,2 wheeler theft,12.9067819,77.5820718,2015-11-24 00:00:00.000,16:30:00
Girinagar,2 wheeler theft,12.9067559,77.5886379,2015-11-30 00:00:00.000,19:35:00
Girinagar,2 wheeler theft,12.898687,77.5709177,2015-02-12 00:00:00.000,13:15:00
Girinagar,2 wheeler theft,12.914057,77.5922226,2015-03-12 00:00:00.000,11:40:00
Girinagar,2 wheeler theft,12.9094322,77.5706543,2015-03-12 00:00:00.000,20:25:00
Girinagar,2 wheeler theft,12.9150401,77.5848676,2015-08-12 00:00:00.000,12:10:00
Girinagar,2 wheeler theft,12.904056,77.5807885,2015-09-12 00:00:00.000,16:10:00
Girinagar,2 wheeler theft,12.9217529,77.5825697,2015-12-13 00:00:00.000,10:15:00
Girinagar,2 wheeler theft,12.9036392,77.5806814,2015-12-15 00:00:00.000,19:05:00
Girinagar,2 wheeler theft,13.8751537,76.2407174,2015-12-16 00:00:00.000,16:05:00
Girinagar,2 wheeler theft,12.9070991,77.5854734,2015-12-22 00:00:00.000,20:00:00
Girinagar,2 wheeler theft,12.9143909,77.5965978,2015-12-24 00:00:00.000,11:10:00
Girinagar,2 wheeler theft,12.9011152,77.5860979,2015-12-24 00:00:00.000,12:00:00
Girinagar,2 wheeler theft,12.9050495,77.5732506,2015-12-24 00:00:00.000,12:40:00
Girinagar,2 wheeler theft,12.8953428,77.5796813,2015-12-25 00:00:00.000,17:15:00
Girinagar,2 wheeler theft,12.9087903,77.5718047,2016-04-01 00:00:00.000,15:15:00
Girinagar,2 wheeler theft,12.9095172,77.5910063,2016-04-01 00:00:00.000,16:30:00
Girinagar,2 wheeler theft,12.9057454,77.5871944,2016-06-01 00:00:00.000,12:15:00
Girinagar,2 wheeler theft,12.8989851,77.5715475,2016-06-01 00:00:00.000,15:30:00
Girinagar,2 wheeler theft,12.7694063,77.6201729,2016-09-01 00:00:00.000,10:15:00
Girinagar,2 wheeler theft,12.9032961,77.5795281,2016-12-01 00:00:00.000,11:15:00
Girinagar,2 wheeler theft,12.9001909,77.5834218,2016-12-01 00:00:00.000,13:30:00
Girinagar,2 wheeler theft,12.9164782,77.5901863,2016-01-13 00:00:00.000,16:30:00
Girinagar,2 wheeler theft,12.9054915,77.5781472,2016-01-16 00:00:00.000,12:00:00
Girinagar,2 wheeler theft,12.9135052,77.5744027,2016-01-18 00:00:00.000,08:40:00
Girinagar,2 wheeler theft,12.7942903,77.6186244,2016-01-18 00:00:00.000,13:30:00
Girinagar,2 wheeler theft,12.9103962,77.5881939,2016-01-20 00:00:00.000,12:15:00
Girinagar,2 wheeler theft,12.9064936,77.586014,2016-01-20 00:00:00.000,13:00:00
Girinagar,2 wheeler theft,12.9071806,77.5903186,2016-01-22 00:00:00.000,09:15:00
Girinagar,2 wheeler theft,12.9143145,77.597372,2016-01-22 00:00:00.000,20:15:00
Girinagar,2 wheeler theft,12.9035518,77.5809121,2016-01-25 00:00:00.000,14:30:00
Girinagar,2 wheeler theft,12.9023916,77.5896382,2016-01-27 00:00:00.000,17:30:00
Girinagar,2 wheeler theft,12.9080387,77.5745688,2016-01-28 00:00:00.000,11:10:00
Girinagar,2 wheeler theft,12.9133702,77.5947384,2016-01-29 00:00:00.000,12:05:00
Girinagar,2 wheeler theft,12.9117821,77.5957892,2016-01-29 00:00:00.000,12:45:00
Girinagar,2 wheeler theft,12.9156223,77.5844122,2016-01-29 00:00:00.000,13:20:00
Girinagar,2 wheeler theft,12.9078016,77.5765677,2016-01-29 00:00:00.000,21:35:00
Girinagar,2 wheeler theft,12.9123816,77.5746445,2016-01-29 00:00:00.000,21:50:00
Girinagar,2 wheeler theft,12.9065012,77.5978687,2016-01-30 00:00:00.000,13:00:00
Girinagar,2 wheeler theft,12.9065272,77.5913026,2016-01-30 00:00:00.000,20:25:00
Girinagar,2 wheeler theft,12.9456796,77.6145995,2016-08-02 00:00:00.000,08:45:00
Girinagar,2 wheeler theft,12.911058,77.5851285,2016-08-02 00:00:00.000,13:41:00
Girinagar,2 wheeler theft,12.9085246,77.5796617,2016-09-02 00:00:00.000,15:00:00
Girinagar,2 wheeler theft,12.8988216,77.5770057,2016-09-02 00:00:00.000,17:15:00
Girinagar,2 wheeler theft,12.9164782,77.5901863,2016-02-15 00:00:00.000,18:30:00
Girinagar,2 wheeler theft,12.9165247,77.5748653,2016-02-17 00:00:00.000,20:05:00
Girinagar,2 wheeler theft,12.9070223,77.5948755,2016-02-23 00:00:00.000,14:40:00
Girinagar,2 wheeler theft,12.8982839,77.5689839,2016-02-23 00:00:00.000,14:40:00
Girinagar,2 wheeler theft,12.9042879,77.5884535,2016-02-24 00:00:00.000,16:45:00
Girinagar,2 wheeler theft,12.9043344,77.5731325,2016-02-28 00:00:00.000,11:40:00
Girinagar,2 wheeler theft,12.9099209,77.5862602,2016-02-03 00:00:00.000,20:45:00
Girinagar,2 wheeler theft,12.9108911,77.5766733,2016-04-03 00:00:00.000,16:10:00
Girinagar,2 wheeler theft,12.9020645,77.5712393,,
Girinagar,2 wheeler theft,12.9147085,77.5919691,2016-10-03 00:00:00.000,11:30:00
Girinagar,2 wheeler theft,12.8971647,77.5697233,2016-03-14 00:00:00.000,18:45:00
Girinagar,2 wheeler theft,12.8949759,77.5791437,2016-03-18 00:00:00.000,12:05:00
Girinagar,2 wheeler theft,12.9737491,77.5396984,2016-03-19 00:00:00.000,16:40:00
Girinagar,2 wheeler theft,12.9737491,77.5374201,2016-03-19 00:00:00.000,20:15:00
Girinagar,2 wheeler theft,12.8904427,77.5652102,2016-03-22 00:00:00.000,12:00:00
Girinagar,2 wheeler theft,12.9166719,77.5892002,2016-03-24 00:00:00.000,17:40:00
Girinagar,2 wheeler theft,12.9239112,77.599978,2016-03-25 00:00:00.000,11:45:00
Girinagar,2 wheeler theft,12.9050036,77.5874776,2016-03-28 00:00:00.000,11:20:00
Girinagar,2 wheeler theft,12.9049452,77.5781382,2016-02-04 00:00:00.000,13:10:00
Girinagar,2 wheeler theft,12.8965995,77.558537,2016-03-04 00:00:00.000,12:00:00
Girinagar,2 wheeler theft,12.9221119,77.5837002,2016-04-04 00:00:00.000,20:25:00
Girinagar,2 wheeler theft,12.9119875,77.5812725,2016-06-04 00:00:00.000,21:10:00
Girinagar,2 wheeler theft,12.8989033,77.5864483,2016-11-04 00:00:00.000,19:35:00
Girinagar,2 wheeler theft,12.8136777,77.4655359,2016-04-18 00:00:00.000,23:15:00
Girinagar,2 wheeler theft,12.9124103,77.5870629,2016-04-20 00:00:00.000,17:15:00
Girinagar,2 wheeler theft,12.9050036,77.5874776,2016-04-21 00:00:00.000,12:45:00
Girinagar,2 wheeler theft,12.9117027,77.591605,2016-04-24 00:00:00.000,10:40:00
Girinagar,2 wheeler theft,12.9062135,77.5959424,2016-04-26 00:00:00.000,21:30:00
Girinagar,2 wheeler theft,12.8807651,77.5499705,2016-04-29 00:00:00.000,17:10:00
Girinagar,2 wheeler theft,12.8808476,77.5499705,2016-04-30 00:00:00.000,20:15:00
Girinagar,2 wheeler theft,12.9108921,77.576662,2016-06-05 00:00:00.000,13:30:00
Girinagar,2 wheeler theft,12.9080219,77.5764137,2016-06-05 00:00:00.000,17:30:00
Girinagar,2 wheeler theft,12.900138,77.5833296,2016-09-05 00:00:00.000,21:05:00
Girinagar,2 wheeler theft,12.9124841,77.5910353,2016-05-13 00:00:00.000,15:30:00
Girinagar,2 wheeler theft,12.9091476,77.5748646,2016-05-13 00:00:00.000,21:30:00
Girinagar,2 wheeler theft,12.9129868,77.5804996,2016-05-19 00:00:00.000,11:35:00
Girinagar,2 wheeler theft,12.9104654,77.5890738,2016-05-24 00:00:00.000,13:45:00
Girinagar,2 wheeler theft,12.9164972,77.5939278,2016-05-25 00:00:00.000,20:15:00
Girinagar,2 wheeler theft,12.9104155,77.583716,2016-05-30 00:00:00.000,20:10:00
Girinagar,2 wheeler theft,12.9104155,77.583716,2016-05-30 00:00:00.000,20:25:00
Girinagar,2 wheeler theft,12.8922868,77.5773142,2016-05-31 00:00:00.000,21:00:00
Girinagar,2 wheeler theft,12.8879846,77.5927732,2016-01-06 00:00:00.000,08:15:00
Girinagar,2 wheeler theft,12.9084907,77.5728394,2016-02-06 00:00:00.000,15:30:00
Girinagar,2 wheeler theft,12.897694,77.580906,2016-03-06 00:00:00.000,19:30:00
Girinagar,2 wheeler theft,12.9120932,77.5776531,2016-06-06 00:00:00.000,18:30:00
Girinagar,2 wheeler theft,12.9113496,77.5752264,2016-08-06 00:00:00.000,20:15:00
Girinagar,2 wheeler theft,26.7248041,1.8002004,2016-09-06 00:00:00.000,10:30:00
Girinagar,2 wheeler theft,12.8973154,77.5672237,2016-06-14 00:00:00.000,11:45:00
Girinagar,2 wheeler theft,12.9141413,77.5834073,2016-06-16 00:00:00.000,10:15:00
Girinagar,2 wheeler theft,12.8986844,77.570347,2016-06-17 00:00:00.000,20:00:00
Girinagar,2 wheeler theft,12.8921884,77.5963849,2016-06-21 00:00:00.000,16:00:00
Girinagar,2 wheeler theft,12.9158154,77.5930411,2016-06-22 00:00:00.000,12:15:00
Girinagar,2 wheeler theft,12.9056668,77.5892894,2016-06-23 00:00:00.000,14:30:00
Girinagar,2 wheeler theft,12.910647,77.5731035,2016-06-28 00:00:00.000,20:05:00
Girinagar,2 wheeler theft,12.9088669,77.5950873,2016-06-29 00:00:00.000,15:35:00
Girinagar,2 wheeler theft,12.9077754,77.5751496,2016-01-07 00:00:00.000,20:05:00
Girinagar,2 wheeler theft,12.9077859,77.5751496,2016-08-07 00:00:00.000,17:00:00
Girinagar,2 wheeler theft,12.9251077,77.5988194,2016-09-07 00:00:00.000,16:35:00
Girinagar,2 wheeler theft,12.9134518,77.5883934,2016-09-07 00:00:00.000,17:45:00
Girinagar,2 wheeler theft,12.9134752,77.580733,2016-11-07 00:00:00.000,11:20:00
Girinagar,2 wheeler theft,12.9109933,77.577546,2016-11-07 00:00:00.000,16:00:00
Girinagar,2 wheeler theft,12.9105916,77.5788548,2016-07-13 00:00:00.000,11:00:00
Girinagar,2 wheeler theft,12.8995955,77.5699612,2016-07-14 00:00:00.000,16:45:00
Girinagar,2 wheeler theft,12.9080514,77.5758748,2016-07-15 00:00:00.000,20:00:00
Girinagar,2 wheeler theft,12.9076947,77.5717929,2016-07-16 00:00:00.000,11:15:00
Girinagar,2 wheeler theft,12.9069991,77.5720367,2016-07-16 00:00:00.000,20:10:00
Girinagar,2 wheeler theft,12.9116607,77.5860521,2016-07-19 00:00:00.000,16:00:00
Girinagar,2 wheeler theft,12.9059209,77.595293,2016-07-26 00:00:00.000,18:10:00
Girinagar,2 wheeler theft,12.9067854,77.5770718,2016-07-28 00:00:00.000,17:50:00
Girinagar,2 wheeler theft,12.9121036,77.5733551,2016-07-28 00:00:00.000,19:15:00
Girinagar,2 wheeler theft,12.905118,77.5895652,2016-03-08 00:00:00.000,07:00:00
Girinagar,2 wheeler theft,12.9103798,77.5725853,2016-04-08 00:00:00.000,08:15:00
Girinagar,2 wheeler theft,12.905732,77.5874371,2016-04-08 00:00:00.000,17:00:00
Girinagar,2 wheeler theft,12.9116102,77.5909028,2016-05-08 00:00:00.000,10:30:00
Girinagar,2 wheeler theft,12.9099209,77.5862602,2016-07-08 00:00:00.000,11:00:00
Girinagar,2 wheeler theft,12.9099469,77.5796941,2016-08-08 00:00:00.000,11:45:00
Girinagar,2 wheeler theft,12.9085038,77.5927965,2016-08-13 00:00:00.000,19:00:00
Girinagar,2 wheeler theft,12.9129359,77.5765529,2016-08-13 00:00:00.000,19:30:00
Girinagar,2 wheeler theft,12.9203297,77.5814445,2016-08-13 00:00:00.000,20:45:00
Girinagar,2 wheeler theft,12.9203762,77.5661235,2016-08-13 00:00:00.000,21:00:00
Girinagar,2 wheeler theft,12.9396724,77.5050632,2016-08-13 00:00:00.000,21:30:00
Girinagar,2 wheeler theft,12.8983412,77.5867776,2016-08-16 00:00:00.000,16:00:00
Girinagar,2 wheeler theft,12.9054003,77.5836808,2016-08-18 00:00:00.000,11:30:00
Girinagar,2 wheeler theft,12.9151942,77.5927357,2016-08-20 00:00:00.000,18:50:00
Girinagar,2 wheeler theft,12.9152808,77.5599047,2016-08-21 00:00:00.000,17:15:00
Girinagar,2 wheeler theft,12.9084498,77.5742016,2016-08-22 00:00:00.000,23:10:00
Girinagar,2 wheeler theft,12.9113496,77.5752264,2016-08-25 00:00:00.000,17:30:00
Girinagar,2 wheeler theft,12.8977777,77.5705204,2016-08-25 00:00:00.000,20:15:00
Girinagar,2 wheeler theft,12.9126336,77.5803178,2016-08-30 00:00:00.000,17:30:00
Girinagar,2 wheeler theft,12.8986844,77.5701467,2016-01-09 00:00:00.000,18:30:00
Girinagar,2 wheeler theft,12.8987282,77.5537313,2016-01-09 00:00:00.000,19:20:00
Girinagar,2 wheeler theft,12.9217529,77.5825697,2016-01-09 00:00:00.000,19:30:00
Girinagar,2 wheeler theft,12.9136978,77.5755933,2016-02-09 00:00:00.000,22:45:00
Girinagar,2 wheeler theft,12.9129342,77.5852723,2016-03-09 00:00:00.000,19:00:00
Girinagar,2 wheeler theft,12.9109337,77.5768905,2016-06-09 00:00:00.000,21:30:00
Girinagar,2 wheeler theft,12.905966,77.5794364,2016-07-09 00:00:00.000,18:20:00
Girinagar,2 wheeler theft,12.8946208,77.5726585,2016-08-09 00:00:00.000,14:30:00
Girinagar,2 wheeler theft,12.9069297,77.5839456,2016-10-09 00:00:00.000,13:35:00
Girinagar,2 wheeler theft,12.9049829,77.5964971,2016-10-09 00:00:00.000,18:20:00
Girinagar,2 wheeler theft,12.9088191,77.5911795,2016-10-09 00:00:00.000,19:30:00
Girinagar,2 wheeler theft,12.8823007,77.6421299,2016-11-09 00:00:00.000,13:30:00
Girinagar,2 wheeler theft,12.9055733,77.5737403,2016-09-16 00:00:00.000,15:40:00
Girinagar,2 wheeler theft,12.9091489,77.5749182,2016-09-22 00:00:00.000,16:30:00
Girinagar,2 wheeler theft,12.9061809,77.5761523,2016-09-22 00:00:00.000,20:15:00
Girinagar,2 wheeler theft,12.8994628,77.5879082,2016-09-27 00:00:00.000,13:20:00
Girinagar,2 wheeler theft,12.8949266,77.5797921,2016-09-27 00:00:00.000,19:45:00
Girinagar,2 wheeler theft,12.9204557,77.5927397,2016-09-29 00:00:00.000,08:15:00
Girinagar,2 wheeler theft,12.907227,77.5850279,2016-05-10 00:00:00.000,17:15:00
Girinagar,2 wheeler theft,12.9164703,77.5892631,2016-07-10 00:00:00.000,16:00:00
Girinagar,2 wheeler theft,12.9048306,77.5911549,2016-08-10 00:00:00.000,09:00:00
Girinagar,2 wheeler theft,12.9113677,77.5960245,2016-08-10 00:00:00.000,14:30:00
Girinagar,2 wheeler theft,12.9019915,77.5702781,2016-10-13 00:00:00.000,21:00:00
Girinagar,2 wheeler theft,12.7942903,77.6186244,2016-10-15 00:00:00.000,11:00:00
Girinagar,2 wheeler theft,12.9032684,77.5813839,2016-10-15 00:00:00.000,15:00:00
Girinagar,2 wheeler theft,12.9108373,77.5735857,2016-10-15 00:00:00.000,20:15:00
Girinagar,2 wheeler theft,12.9055162,77.57742,2016-10-16 00:00:00.000,08:40:00
Girinagar,2 wheeler theft,12.8656861,77.5190988,2016-10-16 00:00:00.000,09:15:00
Girinagar,2 wheeler theft,12.8843862,77.5612567,2016-10-16 00:00:00.000,10:15:00
Girinagar,2 wheeler theft,12.906408,77.5836806,2016-10-17 00:00:00.000,08:00:00
Girinagar,2 wheeler theft,12.9064946,77.5508496,2016-10-17 00:00:00.000,14:05:00
Girinagar,2 wheeler theft,12.9125009,77.5726922,2016-10-18 00:00:00.000,17:10:00
Girinagar,2 wheeler theft,12.8986844,77.5708546,2016-10-19 00:00:00.000,14:45:00
Girinagar,2 wheeler theft,12.9583931,77.6133147,2016-10-19 00:00:00.000,16:15:00
Girinagar,2 wheeler theft,12.9119971,77.580521,2016-10-24 00:00:00.000,11:15:00
Girinagar,2 wheeler theft,12.8929582,77.5641009,2016-01-11 00:00:00.000,10:30:00
Girinagar,2 wheeler theft,12.9056972,77.5761708,2016-02-11 00:00:00.000,12:45:00
Girinagar,2 wheeler theft,12.9154445,77.5843151,2016-04-11 00:00:00.000,13:15:00
Girinagar,2 wheeler theft,12.9155833,77.5892263,2016-05-11 00:00:00.000,16:45:00
Girinagar,2 wheeler theft,12.9106125,77.5911797,2016-05-11 00:00:00.000,22:45:00
Girinagar,2 wheeler theft,12.9108904,77.576682,2016-09-11 00:00:00.000,12:30:00
Girinagar,2 wheeler theft,12.9109369,77.561361,2016-09-11 00:00:00.000,15:10:00
Girinagar,2 wheeler theft,12.9071693,77.5739887,2016-12-11 00:00:00.000,10:40:00
Girinagar,2 wheeler theft,12.9067229,77.5735098,2016-12-11 00:00:00.000,12:30:00
Girinagar,2 wheeler theft,12.9114985,77.581973,2016-12-11 00:00:00.000,15:10:00
Girinagar,2 wheeler theft,12.9087798,77.5718047,2016-11-14 00:00:00.000,11:45:00
Girinagar,2 wheeler theft,12.8941861,77.5812776,2016-11-14 00:00:00.000,21:30:00
Girinagar,2 wheeler theft,12.9045672,77.5835518,2016-11-15 00:00:00.000,13:30:00
Girinagar,2 wheeler theft,12.9053529,77.5903186,2016-11-19 00:00:00.000,13:50:00
Girinagar,2 wheeler theft,12.8471471,77.5699785,2016-11-19 00:00:00.000,15:20:00
Girinagar,2 wheeler theft,12.9106291,77.5739464,2016-11-22 00:00:00.000,10:30:00
Girinagar,2 wheeler theft,12.9060236,77.5970624,2016-11-23 00:00:00.000,13:30:00
Girinagar,2 wheeler theft,12.8924623,77.5955068,2016-11-23 00:00:00.000,20:00:00
Girinagar,2 wheeler theft,12.9117148,77.5913008,2016-11-26 00:00:00.000,22:05:00
Girinagar,2 wheeler theft,12.9055791,77.5752691,2016-11-28 00:00:00.000,14:45:00
Girinagar,2 wheeler theft,12.9092846,77.5887198,2016-11-28 00:00:00.000,15:30:00
Girinagar,2 wheeler theft,12.9017543,77.5708348,2016-02-12 00:00:00.000,11:15:00
Girinagar,2 wheeler theft,12.8929065,77.5816106,2016-02-12 00:00:00.000,12:54:00
Girinagar,2 wheeler theft,12.9057021,77.5883601,2016-05-12 00:00:00.000,12:35:00
Girinagar,2 wheeler theft,12.9027279,77.5749579,2016-05-12 00:00:00.000,13:05:00
Girinagar,2 wheeler theft,12.898694,77.576426,2016-05-12 00:00:00.000,15:00:00
Girinagar,2 wheeler theft,12.9135229,77.5888862,2016-06-12 00:00:00.000,13:20:00
Girinagar,2 wheeler theft,12.9320639,77.5733541,2016-06-12 00:00:00.000,13:45:00
Girinagar,2 wheeler theft,12.9103798,77.5725853,2016-06-12 00:00:00.000,16:30:00
Girinagar,2 wheeler theft,12.8902592,77.5813993,2016-07-12 00:00:00.000,11:31:00
Girinagar,2 wheeler theft,12.8902592,77.5813993,2016-07-12 00:00:00.000,19:45:00
Girinagar,2 wheeler theft,12.9166667,77.5913889,2016-07-12 00:00:00.000,20:05:00
Girinagar,2 wheeler theft,12.912997,77.5764456,2016-08-12 00:00:00.000,11:30:00
Girinagar,2 wheeler theft,12.8986844,77.5701467,2016-09-12 00:00:00.000,16:10:00
Girinagar,2 wheeler theft,12.8939858,77.5696474,2016-09-12 00:00:00.000,19:15:00
Girinagar,2 wheeler theft,12.909427,77.572843,2016-10-12 00:00:00.000,12:20:00
Girinagar,2 wheeler theft,12.8217399,77.2253906,2016-10-12 00:00:00.000,12:45:00
Girinagar,2 wheeler theft,12.8889619,77.5874967,2016-10-12 00:00:00.000,19:10:00
Girinagar,2 wheeler theft,12.9129555,77.5764456,2016-12-12 00:00:00.000,16:45:00
Girinagar,2 wheeler theft,12.9087798,77.5718047,2016-12-12 00:00:00.000,17:15:00
Girinagar,2 wheeler theft,12.9030369,77.580521,2016-12-12 00:00:00.000,17:35:00
Girinagar,2 wheeler theft,12.893242,77.5765389,2016-12-12 00:00:00.000,18:00:00
Girinagar,2 wheeler theft,12.8988197,77.5784865,2016-12-14 00:00:00.000,20:45:00
Girinagar,2 wheeler theft,12.9050995,77.5896883,2016-12-17 00:00:00.000,09:30:00
Girinagar,2 wheeler theft,12.9703481,77.6419314,2016-12-19 00:00:00.000,09:00:00
Girinagar,2 wheeler theft,12.8988637,77.5577131,2016-12-20 00:00:00.000,15:45:00
Girinagar,2 wheeler theft,12.912386,77.5909992,2016-12-20 00:00:00.000,16:30:00
Girinagar,2 wheeler theft,12.9114576,77.5760498,2016-12-24 00:00:00.000,18:10:00
Girinagar,2 wheeler theft,12.9050134,77.5810344,2016-12-26 00:00:00.000,10:00:00
Girinagar,2 wheeler theft,12.912815,77.5950573,2016-12-26 00:00:00.000,12:15:00
Girinagar,2 wheeler theft,12.9049874,77.5876005,2016-12-26 00:00:00.000,16:05:00
Girinagar,2 wheeler theft,12.9217529,77.5825697,2016-12-27 00:00:00.000,17:10:00
Girinagar,2 wheeler theft,12.9049691,77.5873496,2016-12-28 00:00:00.000,20:15:00
Girinagar,2 wheeler theft,12.9203184,77.579691,2017-05-01 00:00:00.000,20:15:00
Girinagar,2 wheeler theft,12.9101695,77.5870192,2017-10-01 00:00:00.000,16:30:00
Girinagar,2 wheeler theft,12.910216,77.5716982,2017-01-13 00:00:00.000,13:05:00
Girinagar,2 wheeler theft,12.9104152,77.5191668,2017-01-16 00:00:00.000,13:30:00
Girinagar,2 wheeler theft,26.7248041,1.8002004,2017-01-18 00:00:00.000,20:25:00
Girinagar,2 wheeler theft,12.9164782,77.5901863,2017-01-23 00:00:00.000,16:00:00
Girinagar,2 wheeler theft,12.9143145,77.597372,2017-02-02 00:00:00.000,13:40:00
Girinagar,2 wheeler theft,12.908332,77.5883169,2017-08-02 00:00:00.000,12:10:00
Girinagar,2 wheeler theft,12.9128148,77.5756627,2017-08-02 00:00:00.000,12:30:00
Girinagar,2 wheeler theft,12.916473,77.592375,2017-12-02 00:00:00.000,08:50:00
Girinagar,2 wheeler theft,12.9086267,77.5910674,2017-02-20 00:00:00.000,12:00:00
Girinagar,2 wheeler theft,12.9217529,77.5825697,2017-02-23 00:00:00.000,16:00:00
Girinagar,2 wheeler theft,12.9217994,77.5672487,2017-02-23 00:00:00.000,18:15:00
Girinagar,2 wheeler theft,12.9087588,77.5913153,2017-02-25 00:00:00.000,17:00:00
Girinagar,2 wheeler theft,12.9152853,77.5889758,2017-02-26 00:00:00.000,20:45:00
Girinagar,2 wheeler theft,12.9125428,77.5900454,2017-01-03 00:00:00.000,13:50:00
Girinagar,2 wheeler theft,12.9103962,77.5881939,2017-03-15 00:00:00.000,21:15:00
Girinagar,2 wheeler theft,12.9163605,77.5841222,2017-03-21 00:00:00.000,09:15:00
Girinagar,2 wheeler theft,12.9048825,77.5877278,2017-03-21 00:00:00.000,13:30:00
Girinagar,2 wheeler theft,12.9085246,77.5796617,2017-03-24 00:00:00.000,13:30:00
Girinagar,2 wheeler theft,12.9127289,77.5955015,2017-02-04 00:00:00.000,13:45:00
Girinagar,2 wheeler theft,12.9159378,77.5855939,2017-04-13 00:00:00.000,11:30:00
Girinagar,2 wheeler theft,12.9112281,77.5777576,2017-04-17 00:00:00.000,10:00:00
Girinagar,2 wheeler theft,12.8978849,77.644838,2017-04-21 00:00:00.000,18:30:00
Girinagar,2 wheeler theft,12.9565601,77.5651606,2017-04-21 00:00:00.000,20:25:00
Girinagar,2 wheeler theft,12.908332,77.5883169,2017-04-25 00:00:00.000,14:10:00
Girinagar,2 wheeler theft,12.9083785,77.5729959,2017-04-28 00:00:00.000,09:45:00
Girinagar,2 wheeler theft,12.9085777,77.5204645,2017-04-28 00:00:00.000,13:30:00
Girinagar,2 wheeler theft,12.9078841,77.5761146,2017-04-05 00:00:00.000,12:00:00
Girinagar,2 wheeler theft,12.9128317,77.5820664,2017-05-13 00:00:00.000,15:30:00
Girinagar,2 wheeler theft,13.1114292,77.6021703,2017-05-16 00:00:00.000,16:15:00
Girinagar,2 wheeler theft,12.9165248,77.5905062,2017-05-17 00:00:00.000,17:00:00
Girinagar,2 wheeler theft,12.9163635,77.5902506,2017-05-18 00:00:00.000,18:30:00
Girinagar,2 wheeler theft,12.9065595,77.5955035,2017-05-19 00:00:00.000,13:30:00
Girinagar,2 wheeler theft,12.9154996,77.5929093,2017-05-20 00:00:00.000,17:45:00
Girinagar,2 wheeler theft,12.910304,77.5796597,2017-05-23 00:00:00.000,00:10:00
Girinagar,2 wheeler theft,12.91161,77.5761316,2017-05-23 00:00:00.000,13:30:00
Girinagar,2 wheeler theft,12.9116205,77.5761316,2017-05-24 00:00:00.000,12:15:00
Girinagar,2 wheeler theft,12.908332,77.5883169,2017-05-25 00:00:00.000,17:30:00
Girinagar,2 wheeler theft,12.9127807,77.5881329,2017-05-27 00:00:00.000,17:00:00
Girinagar,2 wheeler theft,12.9217529,77.5825697,2017-05-30 00:00:00.000,16:30:00
Girinagar,2 wheeler theft,12.9085952,77.5747557,2017-05-31 00:00:00.000,09:00:00
Girinagar,2 wheeler theft,12.9123249,77.592595,2017-01-06 00:00:00.000,18:20:00
Girinagar,2 wheeler theft,12.9072691,77.578509,2017-02-06 00:00:00.000,13:00:00
Girinagar,2 wheeler theft,12.9072951,77.5719429,2017-03-06 00:00:00.000,15:30:00
Girinagar,2 wheeler theft,12.9129181,77.5885869,2017-06-16 00:00:00.000,09:15:00
Girinagar,2 wheeler theft,12.9117884,77.5929617,2017-06-16 00:00:00.000,15:15:00
Girinagar,2 wheeler theft,12.9118349,77.5776407,2017-06-17 00:00:00.000,17:30:00
Girinagar,2 wheeler theft,12.9119174,77.5776407,2017-06-19 00:00:00.000,16:45:00
Girinagar,2 wheeler theft,12.9111173,77.5770481,2017-06-21 00:00:00.000,17:00:00
Girinagar,2 wheeler theft,12.9104784,77.5834944,2017-06-22 00:00:00.000,11:00:00
Girinagar,2 wheeler theft,12.8897795,77.5430551,2017-06-22 00:00:00.000,23:35:00
Girinagar,2 wheeler theft,12.9166719,77.5892002,2017-06-27 00:00:00.000,12:00:00
Girinagar,2 wheeler theft,12.908332,77.5883169,2017-06-27 00:00:00.000,12:30:00
Girinagar,2 wheeler theft,12.9031364,77.5749004,2017-06-28 00:00:00.000,19:15:00
Girinagar,2 wheeler theft,12.9217529,77.5825697,2017-06-29 00:00:00.000,13:30:00
Girinagar,2 wheeler theft,12.9217789,77.5760036,2017-06-30 00:00:00.000,16:25:00
Girinagar,2 wheeler theft,12.9123816,77.5746445,2017-02-07 00:00:00.000,15:30:00
Girinagar,2 wheeler theft,12.9068586,77.5836691,2017-12-07 00:00:00.000,20:00:00
Girinagar,2 wheeler theft,12.9217529,77.5825697,2017-07-13 00:00:00.000,13:30:00
Girinagar,2 wheeler theft,12.907653,77.5818448,2017-07-17 00:00:00.000,22:30:00
Girinagar,2 wheeler theft,12.9095383,77.5789476,2017-07-17 00:00:00.000,22:45:00
Girinagar,2 wheeler theft,12.9168337,77.5810239,2017-07-18 00:00:00.000,17:35:00
Girinagar,2 wheeler theft,12.9168802,77.5657029,2017-07-18 00:00:00.000,17:50:00
Girinagar,2 wheeler theft,12.9192124,77.585885,2017-07-24 00:00:00.000,12:20:00
Girinagar,2 wheeler theft,12.9117032,77.5903747,2017-07-24 00:00:00.000,13:40:00
Girinagar,2 wheeler theft,12.9116772,77.5969408,2017-07-27 00:00:00.000,11:45:00
Girinagar,2 wheeler theft,12.9164119,77.5224624,2017-07-08 00:00:00.000,12:10:00
Girinagar,2 wheeler theft,12.9162487,77.5903148,2017-08-08 00:00:00.000,15:30:00
Girinagar,2 wheeler theft,12.9084615,77.5808686,2017-08-14 00:00:00.000,16:30:00
Girinagar,2 wheeler theft,12.9149733,77.5878989,2017-08-19 00:00:00.000,10:45:00
Girinagar,2 wheeler theft,12.9164782,77.5901863,2017-08-22 00:00:00.000,11:50:00
Girinagar,2 wheeler theft,12.9208508,77.5666869,2017-08-25 00:00:00.000,09:00:00
Girinagar,2 wheeler theft,12.9070912,77.5711913,2017-08-26 00:00:00.000,16:00:00
Girinagar,2 wheeler theft,12.9096874,77.5791612,2017-10-09 00:00:00.000,09:00:00
Girinagar,2 wheeler theft,12.9098845,77.5803379,2017-12-09 00:00:00.000,11:00:00
Girinagar,2 wheeler theft,12.8697931,77.5948584,2017-09-13 00:00:00.000,20:45:00
Girinagar,2 wheeler theft,12.91563,77.5580547,2017-09-14 00:00:00.000,12:00:00
Girinagar,2 wheeler theft,12.9155434,77.5908858,2017-09-16 00:00:00.000,09:30:00
Girinagar,2 wheeler theft,12.9128808,77.598714,2017-09-18 00:00:00.000,15:00:00
Girinagar,2 wheeler theft,12.9078173,77.5779678,2017-09-26 00:00:00.000,09:30:00
Girinagar,2 wheeler theft,12.9156825,77.5740998,2017-09-26 00:00:00.000,
Girinagar,2 wheeler theft,12.915636,77.5894208,2017-09-26 00:00:00.000,13:30:00
Girinagar,2 wheeler theft,12.9147191,77.5902336,2017-09-27 00:00:00.000,10:00:00
Girinagar,2 wheeler theft,12.9124262,77.6008344,2017-01-10 00:00:00.000,09:00:00
Girinagar,2 wheeler theft,12.9082721,77.5565603,2017-04-10 00:00:00.000,10:20:00
Girinagar,2 wheeler theft,12.9082256,77.5718813,2017-04-10 00:00:00.000,12:20:00
Girinagar,2 wheeler theft,12.9109125,77.5865459,2017-12-10 00:00:00.000,09:30:00
Girinagar,2 wheeler theft,12.9142916,77.5909833,2017-10-16 00:00:00.000,17:30:00
Girinagar,2 wheeler theft,12.9130265,77.5847637,2017-10-17 00:00:00.000,11:40:00
Girinagar,2 wheeler theft,12.9191277,77.5914538,2017-10-20 00:00:00.000,15:30:00
Girinagar,2 wheeler theft,12.9109337,77.5768905,2017-10-24 00:00:00.000,16:15:00
Girinagar,2 wheeler theft,12.9117804,77.59249,2017-10-28 00:00:00.000,13:00:00
Girinagar,2 wheeler theft,12.9121036,77.5733551,2017-10-30 00:00:00.000,20:00:00
Girinagar,2 wheeler theft,12.908303,77.5899746,2017-01-11 00:00:00.000,16:30:00
Girinagar,2 wheeler theft,12.9079196,77.5751564,2017-05-11 00:00:00.000,16:15:00
Girinagar,2 wheeler theft,12.9087291,77.5734503,2017-08-11 00:00:00.000,09:30:00
Girinagar,2 wheeler theft,12.911238,77.575194,2017-08-11 00:00:00.000,12:30:00
Girinagar,2 wheeler theft,12.9085246,77.5796617,2017-11-15 00:00:00.000,12:00:00
Girinagar,2 wheeler theft,12.9084733,77.587459,2017-11-15 00:00:00.000,13:00:00
Girinagar,2 wheeler theft,12.9110252,77.5910139,2017-11-20 00:00:00.000,12:15:00
Girinagar,2 wheeler theft,12.910375,77.5885265,2017-11-20 00:00:00.000,14:30:00
Hanumantha Nagar,2 wheeler theft,12.910375,77.5885265,2017-11-26 00:00:00.000,12:00:00
Hanumantha Nagar,2 wheeler theft,12.9079648,77.5766412,2017-11-26 00:00:00.000,12:15:00
Hanumantha Nagar,2 wheeler theft,12.9103452,77.5913872,2017-11-28 00:00:00.000,09:00:00
Hanumantha Nagar,2 wheeler theft,12.9142916,77.5909833,2017-11-29 00:00:00.000,11:45:00
Hanumantha Nagar,2 wheeler theft,12.9116607,77.5860521,2017-11-29 00:00:00.000,12:15:00
Hanumantha Nagar,2 wheeler theft,12.9117313,77.5811908,2017-04-12 00:00:00.000,11:00:00
Hanumantha Nagar,2 wheeler theft,12.9085246,77.5796617,2017-04-12 00:00:00.000,11:20:00
Hanumantha Nagar,2 wheeler theft,12.9105818,77.5878644,2017-08-12 00:00:00.000,12:00:00
Hanumantha Nagar,2 wheeler theft,12.9115414,77.5779409,2017-12-13 00:00:00.000,11:15:00
Hanumantha Nagar,2 wheeler theft,12.9168346,77.5918358,2017-12-16 00:00:00.000,11:00:00
Hanumantha Nagar,2 wheeler theft,12.9217529,77.5825697,2017-12-20 00:00:00.000,17:45:00
Hanumantha Nagar,2 wheeler theft,12.9066661,77.5881806,2017-12-23 00:00:00.000,11:45:00
Hanumantha Nagar,2 wheeler theft,12.9116178,77.5717153,2017-12-29 00:00:00.000,13:00:00
Hanumantha Nagar,2 wheeler theft,12.9127412,77.5737093,2018-04-01 11:00:00.000,
Hanumantha Nagar,2 wheeler theft,12.9127877,77.5583883,2018-05-01 00:00:00.000,16:00:00
Hanumantha Nagar,2 wheeler theft,12.9088167,77.5950889,2018-06-01 00:00:00.000,14:07:00
Hanumantha Nagar,2 wheeler theft,12.9107522,77.5910287,2018-01-18 00:00:00.000,14:00:00
Hanumantha Nagar,2 wheeler theft,12.9107987,77.5757077,2018-01-28 00:00:00.000,19:00:00
Hanumantha Nagar,2 wheeler theft,12.9117957,77.5826913,2018-01-30 00:00:00.000,12:00:00
Hanumantha Nagar,2 wheeler theft,12.9120689,77.5937903,2018-05-02 00:00:00.000,14:00:00
Hanumantha Nagar,2 wheeler theft,12.917501,77.5780559,2018-12-02 00:00:00.000,17:00:00
Hanumantha Nagar,2 wheeler theft,12.9115751,77.5743223,2018-02-14 00:00:00.000,14:30:00
Hanumantha Nagar,2 wheeler theft,12.9200827,77.5796881,2018-10-03 00:00:00.000,15:00:00
Hanumantha Nagar,2 wheeler theft,12.908529,77.5822192,2018-10-03 00:00:00.000,17:00:00
Hanumantha Nagar,2 wheeler theft,12.8976867,77.5809436,2018-03-20 00:00:00.000,15:00:00
Hanumantha Nagar,2 wheeler theft,12.9135277,77.5767264,2018-03-22 00:00:00.000,09:30:00
Hanumantha Nagar,2 wheeler theft,12.9110682,77.5770827,2018-03-23 00:00:00.000,16:00:00
Hanumantha Nagar,2 wheeler theft,12.9094322,77.5706543,2018-03-29 00:00:00.000,11:30:00
Hanumantha Nagar,2 wheeler theft,12.9095188,77.5378233,2018-09-04 00:00:00.000,15:10:00
Hanumantha Nagar,2 wheeler theft,12.9124153,77.5892543,2018-09-04 00:00:00.000,17:00:00
Hanumantha Nagar,2 wheeler theft,12.9131644,77.591585,2018-09-04 00:00:00.000,17:20:00
Hanumantha Nagar,2 wheeler theft,12.9065942,77.5896108,2018-11-04 00:00:00.000,10:30:00
Hanumantha Nagar,2 wheeler theft,12.910852,77.578621,2018-12-04 00:00:00.000,09:20:00
Hanumantha Nagar,2 wheeler theft,12.9108952,77.5684907,2018-04-13 00:00:00.000,16:15:00
Hanumantha Nagar,2 wheeler theft,12.9108487,77.5838117,2018-04-14 00:00:00.000,23:15:00
Hanumantha Nagar,2 wheeler theft,12.9662285,77.6392596,2018-04-17 00:00:00.000,10:00:00
Hanumantha Nagar,2 wheeler theft,12.9078104,77.5760964,2018-04-23 00:00:00.000,11:00:00
Hanumantha Nagar,2 wheeler theft,12.9085038,77.5927965,2018-04-26 00:00:00.000,10:00:00
Hanumantha Nagar,2 wheeler theft,12.9110148,77.5732511,2018-04-26 00:00:00.000,13:30:00
Hanumantha Nagar,2 wheeler theft,12.9090149,77.5834522,2018-07-05 00:00:00.000,15:15:00
Hanumantha Nagar,2 wheeler theft,12.899262,77.5650223,2018-05-16 00:00:00.000,15:15:00
Hanumantha Nagar,2 wheeler theft,12.9070912,77.5711913,2018-05-17 00:00:00.000,11:30:00
Hanumantha Nagar,2 wheeler theft,12.9155096,77.5922788,,
Hanumantha Nagar,2 wheeler theft,12.9075615,77.5708723,2018-12-06 00:00:00.000,10:00:00
Hanumantha Nagar,2 wheeler theft,12.9062977,77.5943451,2018-06-15 00:00:00.000,17:00:00
Hanumantha Nagar,2 wheeler theft,12.9142916,77.5909833,2018-06-19 00:00:00.000,18:00:00
Hanumantha Nagar,2 wheeler theft,12.9098757,77.5806217,2018-06-20 00:00:00.000,10:45:00
Hanumantha Nagar,2 wheeler theft,12.9094853,77.574801,2018-06-21 00:00:00.000,11:30:00
Hanumantha Nagar,2 wheeler theft,12.908079,77.5938816,2018-06-29 00:00:00.000,15:30:00
Hanumantha Nagar,2 wheeler theft,12.9065595,77.5955035,2018-02-07 00:00:00.000,11:00:00
Hanumantha Nagar,2 wheeler theft,12.9164992,77.5966286,2018-04-07 00:00:00.000,16:00:00
Hanumantha Nagar,2 wheeler theft,12.9088423,77.592968,2018-05-07 00:00:00.000,17:00:00
Hanumantha Nagar,2 wheeler theft,12.9032415,77.5732529,2018-07-21 00:00:00.000,12:30:00
Hanumantha Nagar,2 wheeler theft,12.9071521,77.5730487,2018-10-08 00:00:00.000,06:15:00
Hanumantha Nagar,2 wheeler theft,12.9249597,77.5733253,2018-08-20 00:00:00.000,19:00:00
Hanumantha Nagar,2 wheeler theft,12.9066889,77.5867052,2018-05-09 00:00:00.000,14:30:00
Hanumantha Nagar,2 wheeler theft,12.9070945,77.5781946,2018-09-09 00:00:00.000,09:10:00
Hanumantha Nagar,2 wheeler theft,12.9084813,77.5881974,2018-09-14 00:00:00.000,11:30:00
Hanumantha Nagar,2 wheeler theft,12.9117172,77.5724407,2018-09-29 00:00:00.000,11:00:00
Hanumantha Nagar,2 wheeler theft,12.9135728,77.6437918,2018-09-30 00:00:00.000,10:15:00
Hanumantha Nagar,2 wheeler theft,12.9112689,77.5742133,2018-02-10 00:00:00.000,13:30:00
Hanumantha Nagar,2 wheeler theft,12.9066889,77.5867052,2018-05-10 00:00:00.000,11:30:00
Hanumantha Nagar,2 wheeler theft,12.9100432,77.5903,2018-10-15 00:00:00.000,15:00:00
Hanumantha Nagar,2 wheeler theft,12.9100046,77.5899285,2018-11-14 00:00:00.000,11:00:00
Hanumantha Nagar,2 wheeler theft,12.9085015,77.5801181,2018-11-16 00:00:00.000,11:00:00
Hanumantha Nagar,2 wheeler theft,12.962112,77.6033269,2018-11-16 00:00:00.000,16:30:00
Hanumantha Nagar,2 wheeler theft,12.9067229,77.5735098,2018-11-16 00:00:00.000,19:30:00
Hanumantha Nagar,2 wheeler theft,12.9083539,77.5989745,2018-11-20 00:00:00.000,12:00:00
Hanumantha Nagar,2 wheeler theft,12.8791483,77.5522352,2018-11-22 00:00:00.000,18:00:00
Hanumantha Nagar,2 wheeler theft,12.9135052,77.5744027,2018-11-23 00:00:00.000,13:00:00
Hanumantha Nagar,2 wheeler theft,12.9193608,77.5956138,2018-11-24 00:00:00.000,12:00:00
Hanumantha Nagar,2 wheeler theft,12.9109126,77.5701591,2018-02-12 00:00:00.000,11:00:00
Hanumantha Nagar,2 wheeler theft,12.9108866,77.5767252,2018-12-26 00:00:00.000,11:30:00
Hanumantha Nagar,2 wheeler theft,12.9076055,77.5759247,2019-12-01 00:00:00.000,10:00:00
Hanumantha Nagar,2 wheeler theft,12.907652,77.5606037,2019-01-14 00:00:00.000,12:00:00
Hanumantha Nagar,2 wheeler theft,12.9146818,77.5826099,2019-01-17 00:00:00.000,12:00:00
Hanumantha Nagar,2 wheeler theft,12.9150173,77.5845175,2019-01-18 00:00:00.000,10:45:00
Hanumantha Nagar,2 wheeler theft,12.9073505,77.5760548,2019-01-30 00:00:00.000,11:00:00
Hanumantha Nagar,2 wheeler theft,12.9111696,77.5913062,2019-02-14 00:00:00.000,11:50:00
Hanumantha Nagar,2 wheeler theft,12.9115751,77.5743223,2019-02-03 00:00:00.000,11:30:00
Hanumantha Nagar,2 wheeler theft,12.8071581,77.2941385,2019-12-03 00:00:00.000,15:45:00
Hanumantha Nagar,2 wheeler theft,12.9135496,77.5885392,2019-03-15 00:00:00.000,12:00:00
Hanumantha Nagar,2 wheeler theft,12.9119429,77.5749591,2019-03-18 00:00:00.000,13:30:00
Hanumantha Nagar,2 wheeler theft,12.908332,77.5883169,2019-01-04 00:00:00.000,10:00:00
Hanumantha Nagar,2 wheeler theft,12.9116754,77.6041743,2019-03-04 00:00:00.000,16:00:00
Hanumantha Nagar,2 wheeler theft,12.9092672,77.589316,2019-05-04 00:00:00.000,14:30:00
Hanumantha Nagar,2 wheeler theft,12.9774928,77.5718903,2019-08-04 00:00:00.000,13:30:00
Hanumantha Nagar,2 wheeler theft,12.9074525,77.5913079,2019-04-13 00:00:00.000,12:00:00
Hanumantha Nagar,2 wheeler theft,12.9082916,77.5897012,2019-04-15 00:00:00.000,10:30:00
Hanumantha Nagar,2 wheeler theft,12.9083539,77.5989745,2019-04-20 00:00:00.000,10:00:00
Hanumantha Nagar,2 wheeler theft,12.9083539,77.5989745,2019-04-20 00:00:00.000,10:00:00
Hanumantha Nagar,2 wheeler theft,12.9083934,77.5952422,2019-04-24 00:00:00.000,15:10:00
Hanumantha Nagar,2 wheeler theft,12.9088745,77.5929109,2019-06-05 00:00:00.000,11:00:00
Hanumantha Nagar,2 wheeler theft,12.9127423,77.5861278,2019-09-05 00:00:00.000,11:00:00
Hanumantha Nagar,2 wheeler theft,12.9151885,77.5941337,2019-05-15 00:00:00.000,17:00:00
Hanumantha Nagar,2 wheeler theft,12.9077254,77.5978325,2019-05-18 00:00:00.000,17:00:00
Hanumantha Nagar,2 wheeler theft,12.9165623,77.5870966,2019-05-22 00:00:00.000,15:00:00
Hanumantha Nagar,2 wheeler theft,12.9085041,77.5735867,2019-05-27 00:00:00.000,08:00:00
Hanumantha Nagar,2 wheeler theft,12.9113821,77.5957139,2019-05-29 00:00:00.000,13:00:00
Hanumantha Nagar,2 wheeler theft,12.9161507,77.5846836,2019-05-29 00:00:00.000,15:00:00
Hanumantha Nagar,2 wheeler theft,12.9147413,77.5874376,2019-05-30 00:00:00.000,15:00:00
Hanumantha Nagar,2 wheeler theft,12.9152626,77.5994055,2019-05-31 00:00:00.000,11:00:00
Hanumantha Nagar,2 wheeler theft,12.9124262,77.6008344,2019-01-06 00:00:00.000,10:30:00
Hanumantha Nagar,2 wheeler theft,12.9084329,77.5720747,2019-03-06 00:00:00.000,11:30:00
Hanumantha Nagar,2 wheeler theft,12.9103392,77.5804057,2019-06-14 00:00:00.000,12:00:00
Hanumantha Nagar,2 wheeler theft,12.9190179,77.5150998,2019-06-17 00:00:00.000,15:00:00
Hanumantha Nagar,2 wheeler theft,12.9147841,77.5778715,2019-06-23 00:00:00.000,15:00:00
Hanumantha Nagar,2 wheeler theft,12.9147581,77.5844376,2019-03-07 00:00:00.000,14:00:00
Hanumantha Nagar,2 wheeler theft,12.910319,77.5872771,2019-07-13 00:00:00.000,13:00:00
Hanumantha Nagar,2 wheeler theft,12.9083539,77.5989745,2019-07-25 00:00:00.000,14:00:00
Hanumantha Nagar,2 wheeler theft,12.9148942,77.5887273,2019-07-25 00:00:00.000,15:00:00
Hanumantha Nagar,2 wheeler theft,12.9133944,77.5859906,2019-01-08 00:00:00.000,12:00:00
Hanumantha Nagar,2 wheeler theft,12.9147697,77.584399,2019-06-08 00:00:00.000,13:00:00
Hanumantha Nagar,2 wheeler theft,12.9074673,77.5777489,2019-02-09 00:00:00.000,11:00:00
Hanumantha Nagar,2 wheeler theft,12.9061934,77.5768652,2019-03-09 00:00:00.000,10:30:00
Hanumantha Nagar,2 wheeler theft,12.9067229,77.5735098,2019-08-09 00:00:00.000,11:00:00
Hanumantha Nagar,2 wheeler theft,12.9066436,77.5461889,2019-09-09 00:00:00.000,10:30:00
Hanumantha Nagar,2 wheeler theft,12.906557,77.5790199,2019-09-27 00:00:00.000,11:30:00
Hanumantha Nagar,2 wheeler theft,12.9113841,77.5967984,2019-02-10 00:00:00.000,12:10:00
Hanumantha Nagar,2 wheeler theft,12.9104194,77.5928999,2019-11-10 00:00:00.000,15:00:00
Hanumantha Nagar,2 wheeler theft,12.89963,77.56877,2019-10-17 00:00:00.000,16:15:00
Hanumantha Nagar,2 wheeler theft,12.90896,77.58473,2019-10-21 00:00:00.000,13:00:00
Hanumantha Nagar,2 wheeler theft,12.96557,77.60625,2019-10-24 00:00:00.000,16:00:00
Hanumantha Nagar,2 wheeler theft,12.914668,77.593316,2019-10-26 00:00:00.000,12:40:00
Hanumantha Nagar,2 wheeler theft,12.909156,77.597556,2019-10-11 00:00:00.000,16:00:00
Hanumantha Nagar,2 wheeler theft,12.90891,77.59889,2019-11-27 00:00:00.000,09:00:00
Hanumantha Nagar,2 wheeler theft,12.914376,77.595004,2019-11-28 00:00:00.000,15:00:00
Hanumantha Nagar,2 wheeler theft,12.911348,77578907.0,2019-11-30 00:00:00.000,10:30:00
Hanumantha Nagar,2 wheeler theft,12.916958,77591343.0,2019-12-12 00:00:00.000,15:45:00
Hanumantha Nagar,2 wheeler theft,12.913056,77597104.0,2019-12-23 00:00:00.000,09:00:00
Hanumantha Nagar,2 wheeler theft,12.906946,77.57568,2019-12-25 00:00:00.000,10:00:00
Hanumantha Nagar,2 wheeler theft,12.909614,77.590259,2019-12-25 00:00:00.000,20:00:00
Hanumantha Nagar,2 wheeler theft,12.9082619,77.5709324,2019-12-28 00:00:00.000,10:00:00
Hanumantha Nagar,2 wheeler theft,13.019965,77.596145,2017-05-31 00:00:00.000,21:00:00
Hanumantha Nagar,2 wheeler theft,18.4516,73.81025,2017-06-30 00:00:00.000,18:00:00
Hanumantha Nagar,2 wheeler theft,33.26312,151.53749,2017-08-25 00:00:00.000,13:00:00
Hanumantha Nagar,2 wheeler theft,12.91595,77.554811,2017-08-28 00:00:00.000,14:00:00
Hanumantha Nagar,2 wheeler theft,12.91595,77.554811,2017-09-19 00:00:00.000,13:30:00
Hanumantha Nagar,2 wheeler theft,12.91595,77.554811,2017-09-21 00:00:00.000,19:00:00
Hanumantha Nagar,2 wheeler theft,12.91595,77.554811,2017-09-28 00:00:00.000,17:00:00
Hanumantha Nagar,2 wheeler theft,12.91595,77.554811,2017-11-10 00:00:00.000,09:30:00
Hanumantha Nagar,2 wheeler theft,13.019965,77.596145,2017-10-16 00:00:00.000,19:30:00
Hanumantha Nagar,2 wheeler theft,12.91595,77.554811,2017-10-24 00:00:00.000,10:00:00
Hanumantha Nagar,2 wheeler theft,12.927689,77.576758,2017-02-11 00:00:00.000,14:00:00
Hanumantha Nagar,2 wheeler theft,12.91595,77.554811,,10:00:00
Hanumantha Nagar,2 wheeler theft,13.00557,77.535655,2018-01-16 00:00:00.000,10:30:00
Hanumantha Nagar,2 wheeler theft,12.930033,77.569549,2018-01-28 00:00:00.000,15:00:00
Hanumantha Nagar,2 wheeler theft,12.930033,77.569549,2018-02-20 00:00:00.000,13:30:00
Hanumantha Nagar,2 wheeler theft,12.930033,77.569549,2018-02-27 00:00:00.000,18:00:00
Hanumantha Nagar,2 wheeler theft,12.930033,77.569549,2018-04-03 00:00:00.000,11:00:00
Hanumantha Nagar,2 wheeler theft,12.91842,77.619725,2018-07-03 00:00:00.000,11:00:00
Hanumantha Nagar,2 wheeler theft,12.929072,77.574329,2018-09-03 00:00:00.000,19:00:00
Hanumantha Nagar,2 wheeler theft,12.930033,77.569549,2018-12-03 00:00:00.000,15:30:00
Hanumantha Nagar,2 wheeler theft,12.929333,77.567733,2018-03-15 00:00:00.000,15:00:00
Hanumantha Nagar,2 wheeler theft,12.961351,77.526137,2018-03-17 00:00:00.000,10:00:00
Hanumantha Nagar,2 wheeler theft,12.930033,77.569549,2018-03-26 00:00:00.000,14:15:00
Hanumantha Nagar,2 wheeler theft,12.9138,77.5673,2018-04-23 00:00:00.000,18:10:00
Hanumantha Nagar,2 wheeler theft,12.9138,77.5673,2018-04-28 00:00:00.000,10:30:00
Hanumantha Nagar,2 wheeler theft,12.924493,77.565365,2018-07-05 00:00:00.000,11:45:00
Hanumantha Nagar,2 wheeler theft,12.924493,77.565365,2018-07-05 00:00:00.000,13:30:00
Hanumantha Nagar,2 wheeler theft,13.019965,77.596145,2018-05-14 00:00:00.000,11:00:00
Hanumantha Nagar,2 wheeler theft,12.931223,77.567147,2018-05-16 00:00:00.000,13:00:00
Hanumantha Nagar,2 wheeler theft,12.933331,77.57014,2018-05-19 00:00:00.000,11:15:00
Hanumantha Nagar,2 wheeler theft,12.9087719,77.576222,2018-05-21 00:00:00.000,14:15:00
Hanumantha Nagar,2 wheeler theft,12.921297,77.573257,2018-05-22 00:00:00.000,14:30:00
Hanumantha Nagar,2 wheeler theft,12.922906,77.555794,2018-05-24 00:00:00.000,14:40:00
Hanumantha Nagar,2 wheeler theft,12.929909,77.571062,2018-05-30 00:00:00.000,13:30:00
Hanumantha Nagar,2 wheeler theft,12.9087719,77.576222,2018-05-31 00:00:00.000,11:15:00
Hanumantha Nagar,2 wheeler theft,12.9087719,77.576222,2018-05-31 00:00:00.000,14:45:00
Hanumantha Nagar,2 wheeler theft,12.926717,77.571633,2018-05-06 00:00:00.000,12:30:00
Hanumantha Nagar,2 wheeler theft,12.914119,77.0567102,2018-06-13 00:00:00.000,13:00:00
Hanumantha Nagar,2 wheeler theft,12.917888,77.555785,2018-06-25 00:00:00.000,10:45:00
Hanumantha Nagar,2 wheeler theft,13.000578,77.544693,2018-06-26 00:00:00.000,10:30:00
Hanumantha Nagar,2 wheeler theft,13.000578,77.544693,2018-06-30 00:00:00.000,09:45:00
Hanumantha Nagar,2 wheeler theft,13.019965,77.596145,2018-06-07 00:00:00.000,13:30:00
Hanumantha Nagar,2 wheeler theft,12.924048,77.575334,2018-07-07 00:00:00.000,14:00:00
Hanumantha Nagar,2 wheeler theft,12.924048,77.575334,2018-12-07 00:00:00.000,11:40:00
Hanumantha Nagar,2 wheeler theft,12.5523,77.3431,2018-07-24 00:00:00.000,17:15:00
Hanumantha Nagar,2 wheeler theft,12.821709,77.572062,2018-07-08 00:00:00.000,12:30:00
Hanumantha Nagar,2 wheeler theft,12.923099,77.563107,2018-08-08 00:00:00.000,16:45:00
Hanumantha Nagar,2 wheeler theft,12.925182,77.564736,2018-08-19 00:00:00.000,11:45:00
Hanumantha Nagar,2 wheeler theft,12.93307,77.56703,2018-06-09 00:00:00.000,14:00:00
Hanumantha Nagar,2 wheeler theft,12.91986,77.56931,2018-02-10 00:00:00.000,10:00:00
Hanumantha Nagar,2 wheeler theft,12.91616,77.55915,2018-10-15 00:00:00.000,12:20:00
Hanumantha Nagar,2 wheeler theft,13.02049,77.615822,2018-10-24 00:00:00.000,10:30:00
Hanumantha Nagar,2 wheeler theft,12.91616,77.55915,2018-10-24 00:00:00.000,17:00:00
Hanumantha Nagar,2 wheeler theft,12.91616,77.55915,2018-10-29 00:00:00.000,16:30:00
Hanumantha Nagar,2 wheeler theft,12.98779,77.56357,2018-11-16 00:00:00.000,13:05:00
Hanumantha Nagar,2 wheeler theft,12.98779,77.56357,2018-11-27 00:00:00.000,19:00:00
Hanumantha Nagar,2 wheeler theft,12.91796,77.558434,2018-01-12 00:00:00.000,15:30:00
Hanumantha Nagar,2 wheeler theft,12.91796,77.558434,2018-12-31 00:00:00.000,17:00:00
Hanumantha Nagar,2 wheeler theft,12.92996,77.559454,2018-12-31 00:00:00.000,18:30:00
Hanumantha Nagar,2 wheeler theft,18.4516,73.81025,2018-05-30 00:00:00.000,07:00:00
Hanumantha Nagar,2 wheeler theft,12.92996,77.559454,2019-05-01 00:00:00.000,12:15:00
Hanumantha Nagar,2 wheeler theft,12.92209,77.57321,2019-10-01 00:00:00.000,18:15:00
Hanumantha Nagar,2 wheeler theft,12.92423,77.57196,2019-12-01 00:00:00.000,19:00:00
Hanumantha Nagar,2 wheeler theft,38.256579,85.630154,2019-01-29 00:00:00.000,18:00:00
Hanumantha Nagar,2 wheeler theft,12.92087,77.57401,2019-01-30 00:00:00.000,12:30:00
Hanumantha Nagar,2 wheeler theft,12.91429,77.56558,2019-08-02 00:00:00.000,16:40:00
Hanumantha Nagar,2 wheeler theft,12.91827,77.55868,2019-09-02 00:00:00.000,11:00:00
Hanumantha Nagar,2 wheeler theft,12.92574,77.56963,2019-02-14 00:00:00.000,19:30:00
Hanumantha Nagar,2 wheeler theft,13.085093,80.212396,2019-02-21 00:00:00.000,18:15:00
Hanumantha Nagar,2 wheeler theft,12.92889,77.57237,2019-02-25 00:00:00.000,10:30:00
Hanumantha Nagar,2 wheeler theft,12.91768,77.56777,2019-02-28 00:00:00.000,13:00:00
Hanumantha Nagar,2 wheeler theft,12.96557,77.60625,2019-09-03 00:00:00.000,12:00:00
Hanumantha Nagar,2 wheeler theft,12.96557,77.60625,2019-12-03 00:00:00.000,13:00:00
Hanumantha Nagar,2 wheeler theft,12.96557,77.60625,2019-03-14 00:00:00.000,13:45:00
Hanumantha Nagar,2 wheeler theft,12.96557,77.60625,2019-03-20 00:00:00.000,15:45:00
Hanumantha Nagar,2 wheeler theft,12.96557,77.60625,2019-03-20 00:00:00.000,18:30:00
Hanumantha Nagar,2 wheeler theft,12.92281,77.57143,2019-03-22 00:00:00.000,13:00:00
Hanumantha Nagar,2 wheeler theft,12.94302,77.547234,2019-03-23 00:00:00.000,10:45:00
Hanumantha Nagar,2 wheeler theft,13.01015,77.54377,2019-03-24 00:00:00.000,14:55:00
Hanumantha Nagar,2 wheeler theft,12.91613,77.56717,2019-03-26 00:00:00.000,13:00:00
Hanumantha Nagar,2 wheeler theft,12.91374,77.55816,2019-02-04 00:00:00.000,12:20:00
Hanumantha Nagar,2 wheeler theft,12.95588,77.53172,2019-04-15 00:00:00.000,11:45:00
Hanumantha Nagar,2 wheeler theft,12.97194,77.59369,2019-09-05 00:00:00.000,19:30:00
Hanumantha Nagar,2 wheeler theft,12.90525,77.56858,2019-10-05 00:00:00.000,11:45:00
Hanumantha Nagar,2 wheeler theft,12.91676,77.56088,2019-05-13 00:00:00.000,10:00:00
Hanumantha Nagar,2 wheeler theft,12.90054,77.5548,2019-02-06 00:00:00.000,11:00:00
Hanumantha Nagar,2 wheeler theft,17.37068,78.56181,2019-05-29 00:00:00.000,10:00:00
Hanumantha Nagar,2 wheeler theft,12.92444,77.57102,2019-05-31 00:00:00.000,12:00:00
Hanumantha Nagar,2 wheeler theft,12.91418,77.558197,2019-08-06 00:00:00.000,12:30:00
Hanumantha Nagar,2 wheeler theft,12.91961,77.56911,2019-12-06 00:00:00.000,11:40:00
Hanumantha Nagar,2 wheeler theft,12.92062,77.5693,2019-06-27 00:00:00.000,11:55:00
Hanumantha Nagar,2 wheeler theft,12.91389,77.55691,2019-03-07 00:00:00.000,11:00:00
Hanumantha Nagar,2 wheeler theft,12.92285,77.5698,2019-06-07 00:00:00.000,17:30:00
Hanumantha Nagar,2 wheeler theft,18.4516,73.81025,2019-07-20 00:00:00.000,13:30:00
Hanumantha Nagar,2 wheeler theft,13.0001841,77.708389,2019-07-08 00:00:00.000,10:40:00
Hanumantha Nagar,2 wheeler theft,12.92432,77.5656,2019-10-08 00:00:00.000,12:30:00
Hanumantha Nagar,2 wheeler theft,12.93467,77.57411,2019-08-13 00:00:00.000,17:15:00
Hanumantha Nagar,2 wheeler theft,18.62541,73.86646,2019-08-14 00:00:00.000,13:30:00
Hanumantha Nagar,2 wheeler theft,12.92534,77.56083,2019-08-17 00:00:00.000,11:30:00
Hanumantha Nagar,2 wheeler theft,13.03997,80.15908,2019-08-20 00:00:00.000,11:00:00
Hanumantha Nagar,2 wheeler theft,50.663757,10.673568,2019-08-22 00:00:00.000,10:15:00
Hanumantha Nagar,2 wheeler theft,12.99796,77.62866,2019-08-23 00:00:00.000,13:45:00
Hanumantha Nagar,2 wheeler theft,12.97609,80.18514,2019-08-24 00:00:00.000,11:30:00
Hanumantha Nagar,2 wheeler theft,13.15679,80.29615,2019-08-27 00:00:00.000,10:00:00
Hanumantha Nagar,2 wheeler theft,12.99796,77.62866,2019-08-27 00:00:00.000,14:00:00
Hanumantha Nagar,2 wheeler theft,12.93482,77.569601,2019-08-28 00:00:00.000,10:45:00
Hanumantha Nagar,2 wheeler theft,33.26312,151.53749,2019-09-10 00:00:00.000,17:00:00
Hanumantha Nagar,2 wheeler theft,53.026451,2.72429,2019-04-11 00:00:00.000,17:30:00
Hanumantha Nagar,2 wheeler theft,13.014,77.65938,2019-11-11 00:00:00.000,11:00:00
Hanumantha Nagar,2 wheeler theft,53.026451,2.72429,2019-11-13 00:00:00.000,10:30:00
Hanumantha Nagar,2 wheeler theft,12.91639,77.56013,2019-11-14 00:00:00.000,17:00:00
Hanumantha Nagar,2 wheeler theft,40.71973,111.83444,2019-11-18 00:00:00.000,16:30:00
Hanumantha Nagar,2 wheeler theft,12.92579,77.54982,2019-11-23 00:00:00.000,11:00:00
Hanumantha Nagar,2 wheeler theft,12.92285,77.5698,2019-11-20 00:00:00.000,18:00:00
Hanumantha Nagar,2 wheeler theft,12.92046,77.554802,2019-11-24 00:00:00.000,15:10:00
Hanumantha Nagar,2 wheeler theft,12.92142,77.56657,2019-11-25 00:00:00.000,13:30:00
Hanumantha Nagar,2 wheeler theft,53.87903,2.76644,2019-09-12 00:00:00.000,13:30:00
Hanumantha Nagar,2 wheeler theft,53.02638,2.72447,2019-12-16 00:00:00.000,12:15:00
Hanumantha Nagar,2 wheeler theft,12.34975,76.6163,2019-12-18 00:00:00.000,12:00:00
Hanumantha Nagar,2 wheeler theft,12.93377,77.57457,2019-12-19 00:00:00.000,13:00:00
Hanumantha Nagar,2 wheeler theft,12.946042,77.593699,2015-08-01 00:00:00.000,16:00:00
Hanumantha Nagar,2 wheeler theft,12.946392,77.594947,2015-09-01 00:00:00.000,10:30:00
Hanumantha Nagar,2 wheeler theft,12.9446676,77.592128,2015-10-01 00:00:00.000,16:30:00
Hanumantha Nagar,2 wheeler theft,12.944736,77.593505,2015-01-26 00:00:00.000,11:30:00
Hanumantha Nagar,2 wheeler theft,12.934233,77.591216,2015-01-31 00:00:00.000,11:15:00
Hanumantha Nagar,2 wheeler theft,12.931844,77.591428,2015-09-02 00:00:00.000,12:30:00
Hanumantha Nagar,2 wheeler theft,12.939428,77.58285,2015-04-03 00:00:00.000,16:30:00
Hanumantha Nagar,2 wheeler theft,12.9446676,77.592128,2015-03-13 00:00:00.000,09:45:00
Hanumantha Nagar,2 wheeler theft,12.9446676,77.592128,2015-03-23 00:00:00.000,13:15:00
Hanumantha Nagar,2 wheeler theft,12.940355,77.594182,2015-02-04 00:00:00.000,12:00:00
Hanumantha Nagar,2 wheeler theft,12.939417,77.583817,2015-05-21 00:00:00.000,13:30:00
Hanumantha Nagar,2 wheeler theft,12.935505,77.587229,2015-05-29 00:00:00.000,15:30:00
Hanumantha Nagar,2 wheeler theft,12.942883,77.592583,2015-06-06 00:00:00.000,15:45:00
Hanumantha Nagar,2 wheeler theft,12.941547,77.593379,2015-08-06 00:00:00.000,10:00:00
Hanumantha Nagar,2 wheeler theft,12.9446676,77.592128,2015-09-06 00:00:00.000,17:00:00
Hanumantha Nagar,2 wheeler theft,12.943581,77.585101,2015-06-13 00:00:00.000,11:30:00
Hanumantha Nagar,2 wheeler theft,12.943587,77.591066,2015-06-16 00:00:00.000,14:30:00
Hanumantha Nagar,2 wheeler theft,12.943166,77.583418,2015-06-19 00:00:00.000,11:30:00
Hanumantha Nagar,2 wheeler theft,12.93666,77.58527,2015-11-07 00:00:00.000,10:30:00
Hanumantha Nagar,2 wheeler theft,12.942789,77.596405,2015-07-13 00:00:00.000,21:00:00
Hanumantha Nagar,2 wheeler theft,12.951355,77.590874,2015-01-08 00:00:00.000,14:30:00
Hanumantha Nagar,2 wheeler theft,12.94519,77.592536,2015-04-09 00:00:00.000,14:00:00
Hanumantha Nagar,2 wheeler theft,12.942789,77.596405,2015-08-09 00:00:00.000,10:30:00
Hanumantha Nagar,2 wheeler theft,12.942789,77.596405,2015-09-22 00:00:00.000,19:00:00
Hanumantha Nagar,2 wheeler theft,12.938289,77.582813,2015-09-24 00:00:00.000,17:30:00
Hanumantha Nagar,2 wheeler theft,12.946609,77.594675,2015-09-25 00:00:00.000,10:00:00
Hanumantha Nagar,2 wheeler theft,12.942789,77.596405,2015-09-27 00:00:00.000,16:00:00
Hanumantha Nagar,2 wheeler theft,12.939677,77.596403,2015-01-10 00:00:00.000,10:00:00
Hanumantha Nagar,2 wheeler theft,12.939677,77.596403,2015-01-10 00:00:00.000,14:00:00
Hanumantha Nagar,2 wheeler theft,12.937704,77.59229,2015-08-10 00:00:00.000,16:30:00
Hanumantha Nagar,2 wheeler theft,12.937818,77.590828,2015-08-10 00:00:00.000,17:10:00
Hanumantha Nagar,2 wheeler theft,12.936506,77.585075,2015-10-10 00:00:00.000,19:30:00
Hanumantha Nagar,2 wheeler theft,12.934587,77.588617,2015-12-10 00:00:00.000,16:30:00
Hanumantha Nagar,2 wheeler theft,12.931692,77.591865,2015-10-14 00:00:00.000,13:00:00
Hanumantha Nagar,2 wheeler theft,12.937704,77.59229,2015-10-15 00:00:00.000,14:00:00
Hanumantha Nagar,2 wheeler theft,12.943041,77.593933,2015-10-20 00:00:00.000,16:00:00
Hanumantha Nagar,2 wheeler theft,12.941172,77.586042,2015-10-28 00:00:00.000,11:30:00
Hanumantha Nagar,2 wheeler theft,12.941847,77.585118,2015-02-11 00:00:00.000,14:30:00
Hanumantha Nagar,2 wheeler theft,12.941183,77.5931,2015-11-29 00:00:00.000,13:00:00
Hanumantha Nagar,2 wheeler theft,12.934322,77.591197,2015-11-30 00:00:00.000,11:00:00
Hanumantha Nagar,2 wheeler theft,12.938046,77.590946,2015-01-12 00:00:00.000,12:10:00
Hanumantha Nagar,2 wheeler theft,12.94045,77.585075,2015-02-12 00:00:00.000,11:30:00
Hanumantha Nagar,2 wheeler theft,12.940397,77.594227,2015-12-16 00:00:00.000,11:00:00
Hanumantha Nagar,2 wheeler theft,12.945655,77.586611,2015-12-19 00:00:00.000,19:45:00
Hanumantha Nagar,2 wheeler theft,12.937446,77.585543,2015-12-29 00:00:00.000,19:00:00
Hanumantha Nagar,2 wheeler theft,12.934444,77.59214,2016-01-22 00:00:00.000,10:30:00
Hanumantha Nagar,2 wheeler theft,12.94425,77.592277,2016-08-02 00:00:00.000,19:20:00
Hanumantha Nagar,2 wheeler theft,12.933558,77.590996,2016-12-02 00:00:00.000,16:10:00
Hanumantha Nagar,2 wheeler theft,12.944301,77.594469,2016-01-03 00:00:00.000,10:00:00
Hanumantha Nagar,2 wheeler theft,12.9327402,77.589576,2016-09-03 00:00:00.000,10:30:00
Hanumantha Nagar,2 wheeler theft,12.942789,77.596405,2016-03-15 00:00:00.000,15:15:00
Hanumantha Nagar,2 wheeler theft,12.940952,77.580429,2016-03-19 00:00:00.000,10:10:00
Hanumantha Nagar,2 wheeler theft,12.938806,77.581839,2016-03-28 00:00:00.000,10:40:00
Hanumantha Nagar,2 wheeler theft,12.942999,77.583279,2016-06-04 00:00:00.000,14:30:00
Hanumantha Nagar,2 wheeler theft,12.941627,77.582777,2016-09-04 00:00:00.000,06:00:00
Hanumantha Nagar,2 wheeler theft,12.935218,77.591921,2016-11-04 00:00:00.000,10:10:00
Hanumantha Nagar,2 wheeler theft,12.951436,77.590351,2016-04-14 00:00:00.000,15:30:00
Hanumantha Nagar,2 wheeler theft,12.941871,77.593349,2016-04-19 00:00:00.000,09:00:00
Hanumantha Nagar,2 wheeler theft,12.941716,77.584774,2016-08-05 00:00:00.000,13:00:00
Hanumantha Nagar,2 wheeler theft,12.935428,77.587328,2016-05-13 00:00:00.000,09:00:00
Hanumantha Nagar,2 wheeler theft,12.936783,77.581883,2016-04-25 00:00:00.000,12:10:00
Hanumantha Nagar,2 wheeler theft,12.938588,77.580968,2016-05-26 00:00:00.000,18:20:00
Hanumantha Nagar,2 wheeler theft,12.943031,77.592284,2016-09-06 00:00:00.000,18:20:00
Hanumantha Nagar,2 wheeler theft,12.939385,77.583999,2016-11-06 00:00:00.000,12:10:00
Hanumantha Nagar,2 wheeler theft,12.942031,77.591851,2016-06-17 00:00:00.000,09:30:00
Hanumantha Nagar,2 wheeler theft,12.942031,77.591851,2016-04-07 00:00:00.000,08:00:00
Hanumantha Nagar,2 wheeler theft,12.936069,77.585351,2016-09-07 00:00:00.000,18:00:00
Hanumantha Nagar,2 wheeler theft,12.943203,77.597168,2016-07-27 00:00:00.000,11:00:00
Hanumantha Nagar,2 wheeler theft,12.943031,77.592284,2016-07-27 00:00:00.000,12:00:00
Hanumantha Nagar,2 wheeler theft,12.943031,77.592284,2016-05-08 00:00:00.000,10:00:00
Hanumantha Nagar,2 wheeler theft,12.934337,77.592554,2016-08-20 00:00:00.000,12:00:00
Hanumantha Nagar,2 wheeler theft,12.940965,77.592936,2016-08-25 00:00:00.000,10:30:00
Hanumantha Nagar,2 wheeler theft,12.939433,77.581352,2016-08-30 00:00:00.000,15:00:00
Hanumantha Nagar,2 wheeler theft,12.943031,77.592284,2016-01-09 00:00:00.000,11:00:00
Hanumantha Nagar,2 wheeler theft,12.942997,77.594541,2016-08-09 00:00:00.000,13:00:00
Hanumantha Nagar,2 wheeler theft,12.939433,77.581352,2016-09-22 00:00:00.000,13:00:00
Hanumantha Nagar,2 wheeler theft,12.942978,77.589249,2016-09-23 00:00:00.000,14:00:00
Hanumantha Nagar,2 wheeler theft,12.942775,77.587071,2016-09-26 00:00:00.000,15:00:00
Hanumantha Nagar,2 wheeler theft,12.945075,77.588157,2016-10-21 00:00:00.000,16:00:00
Hanumantha Nagar,2 wheeler theft,12.93891,77.581963,2016-10-23 00:00:00.000,12:00:00
Hanumantha Nagar,2 wheeler theft,12.946909,77.590614,2016-04-20 00:00:00.000,14:00:00
Hanumantha Nagar,2 wheeler theft,12.943936,77.594538,2016-05-11 00:00:00.000,06:00:00
Hanumantha Nagar,2 wheeler theft,12.935388,77.592732,2016-07-11 00:00:00.000,14:00:00
Hanumantha Nagar,2 wheeler theft,12.934063,77.59113,2016-08-11 00:00:00.000,15:00:00
Hanumantha Nagar,2 wheeler theft,12.932318,77.590208,2016-11-11 00:00:00.000,17:00:00
Hanumantha Nagar,2 wheeler theft,12.934548,77.58876,2016-11-21 00:00:00.000,09:35:00
Hanumantha Nagar,2 wheeler theft,12.938982,77.585226,2016-11-22 00:00:00.000,12:00:00
Hanumantha Nagar,2 wheeler theft,12.949543,77.589799,2016-06-12 00:00:00.000,10:00:00
Hanumantha Nagar,2 wheeler theft,12.932684,77.590517,2016-12-12 00:00:00.000,11:00:00
Hanumantha Nagar,2 wheeler theft,12.941951,77.593935,2017-01-14 00:00:00.000,20:00:00
Hanumantha Nagar,2 wheeler theft,12.93476,77.586843,2017-06-02 00:00:00.000,11:30:00
Hanumantha Nagar,2 wheeler theft,12.933745,77.592268,2017-02-14 00:00:00.000,16:00:00
Hanumantha Nagar,2 wheeler theft,12.942789,77.596405,2017-02-22 00:00:00.000,19:00:00
Hanumantha Nagar,2 wheeler theft,12.935426,77.592216,2017-04-03 00:00:00.000,18:00:00
Hanumantha Nagar,2 wheeler theft,12.959314,77.590934,2017-03-15 00:00:00.000,17:00:00
Hanumantha Nagar,2 wheeler theft,12.937818,77.590828,2017-03-28 00:00:00.000,16:50:00
Hanumantha Nagar,2 wheeler theft,12.936741,77.58398,2017-03-28 00:00:00.000,20:15:00
Hanumantha Nagar,2 wheeler theft,12.94269,77.590911,2017-04-13 00:00:00.000,13:55:00
Hanumantha Nagar,2 wheeler theft,12.939812,77.596725,2017-03-05 00:00:00.000,16:00:00
Hanumantha Nagar,2 wheeler theft,12.938179,77.598667,2017-09-05 00:00:00.000,11:30:00
Hanumantha Nagar,2 wheeler theft,12.936872,77.581466,2017-11-05 00:00:00.000,21:40:00
Hanumantha Nagar,2 wheeler theft,12.945439,77.590488,2017-06-22 00:00:00.000,16:00:00
Hanumantha Nagar,2 wheeler theft,12.933192,77.591085,2017-07-13 00:00:00.000,17:00:00
Hanumantha Nagar,2 wheeler theft,12.936528,77.6003,2017-07-14 00:00:00.000,11:10:00
Hanumantha Nagar,2 wheeler theft,12.941159,77.584094,2017-07-21 00:00:00.000,17:45:00
Hanumantha Nagar,2 wheeler theft,12.942618,77.582821,,09:45:00
Hanumantha Nagar,2 wheeler theft,12.938179,77.598667,2017-07-31 00:00:00.000,11:15:00
Hanumantha Nagar,2 wheeler theft,12.939622,77.593827,2017-09-08 00:00:00.000,12:10:00
Hanumantha Nagar,2 wheeler theft,12.94283,77.593797,2017-08-26 00:00:00.000,16:30:00
Hanumantha Nagar,2 wheeler theft,12.933156,77.590644,2017-08-29 00:00:00.000,12:45:00
Hanumantha Nagar,2 wheeler theft,12.938179,77.598667,2017-06-09 00:00:00.000,15:00:00
Hanumantha Nagar,2 wheeler theft,12.939844,77.582127,2017-12-09 00:00:00.000,11:00:00
Hanumantha Nagar,2 wheeler theft,12.94295,77.585319,2017-09-18 00:00:00.000,11:30:00
Hanumantha Nagar,2 wheeler theft,12.941159,77.584094,2017-09-20 00:00:00.000,18:00:00
Hanumantha Nagar,2 wheeler theft,12.931896,77.591442,2017-09-24 00:00:00.000,13:30:00
Hanumantha Nagar,2 wheeler theft,12.945957,77.592082,2017-10-10 00:00:00.000,19:00:00
Hanumantha Nagar,2 wheeler theft,12.984376,77.657449,2017-10-18 00:00:00.000,14:00:00
Hanumantha Nagar,2 wheeler theft,12.950511,77.59221,2017-05-11 00:00:00.000,17:30:00
Hanumantha Nagar,2 wheeler theft,12.946187,77.589202,2017-11-18 00:00:00.000,16:30:00
Hanumantha Nagar,2 wheeler theft,12.946187,77.589202,2017-02-12 00:00:00.000,11:30:00
Hanumantha Nagar,2 wheeler theft,12.936267,77.600882,2017-12-29 00:00:00.000,17:45:00
Hanumantha Nagar,2 wheeler theft,12.936267,77.600882,2017-12-30 00:00:00.000,17:30:00
Hanumantha Nagar,2 wheeler theft,12.9446676,77.592128,2018-11-01 00:00:00.000,09:00:00
Hanumantha Nagar,2 wheeler theft,12.950511,77.59221,2018-02-16 00:00:00.000,10:00:00
Hanumantha Nagar,2 wheeler theft,12.939733,77.585277,2018-02-17 00:00:00.000,12:00:00
Hanumantha Nagar,2 wheeler theft,12.94649,77.58808,2018-02-20 00:00:00.000,15:00:00
Hanumantha Nagar,2 wheeler theft,12.936267,77.600882,2018-02-26 00:00:00.000,12:30:00
Hanumantha Nagar,2 wheeler theft,12.945644,77.595568,2018-02-28 00:00:00.000,12:00:00
Hanumantha Nagar,2 wheeler theft,12.953988,77.585241,2018-10-03 00:00:00.000,14:00:00
Hanumantha Nagar,2 wheeler theft,12.935391,77.591902,2018-12-03 00:00:00.000,15:00:00
Hanumantha Nagar,2 wheeler theft,12.942647,77.585393,2018-03-27 00:00:00.000,14:00:00
Hanumantha Nagar,2 wheeler theft,12.932534,77.591803,2018-05-04 00:00:00.000,10:00:00
Hanumantha Nagar,2 wheeler theft,12.945952,77.594245,2018-04-22 00:00:00.000,09:15:00
Hanumantha Nagar,2 wheeler theft,12.937386,77.597458,2018-07-14 00:00:00.000,11:00:00
Hanumantha Nagar,2 wheeler theft,12.937666,77.584041,2018-08-15 00:00:00.000,09:30:00
Hanumantha Nagar,2 wheeler theft,12.943292,77.583545,2018-08-16 00:00:00.000,09:30:00
Hanumantha Nagar,2 wheeler theft,12.942868,77.59469,2018-08-27 00:00:00.000,19:20:00
Hanumantha Nagar,2 wheeler theft,12.941651,77.581975,2018-09-24 00:00:00.000,15:10:00
Hanumantha Nagar,2 wheeler theft,12.946453,77.594771,2018-09-10 00:00:00.000,13:15:00
Hanumantha Nagar,2 wheeler theft,12.944252,77.592705,2018-10-16 00:00:00.000,15:30:00
Hanumantha Nagar,2 wheeler theft,12.94389,77.594355,2018-10-17 00:00:00.000,13:00:00
Hanumantha Nagar,2 wheeler theft,12.935448,77.592742,2018-10-23 00:00:00.000,17:30:00
Hanumantha Nagar,2 wheeler theft,12.934751,77.586682,2018-11-13 00:00:00.000,14:00:00
Hanumantha Nagar,2 wheeler theft,12.946225,77.587883,2018-11-17 00:00:00.000,13:00:00
Hanumantha Nagar,2 wheeler theft,12.940164,77.594947,2018-12-26 00:00:00.000,17:00:00
Hanumantha Nagar,2 wheeler theft,12.941828,77.592295,2019-02-23 00:00:00.000,12:00:00
Hanumantha Nagar,2 wheeler theft,12.941761,77.585061,2019-02-25 00:00:00.000,12:25:00
Hanumantha Nagar,2 wheeler theft,12.936267,77.600882,2019-03-28 00:00:00.000,17:00:00
Hanumantha Nagar,2 wheeler theft,12.938418,77.580222,2019-03-30 00:00:00.000,14:00:00
Hanumantha Nagar,2 wheeler theft,12.936838,77.580382,2019-01-05 00:00:00.000,10:00:00
Hanumantha Nagar,2 wheeler theft,12.935159,77.58578,2019-03-05 00:00:00.000,12:00:00
Hanumantha Nagar,2 wheeler theft,12.940428,77.594052,2019-04-05 00:00:00.000,16:00:00
Hanumantha Nagar,2 wheeler theft,12.942527,77.581104,2019-05-05 00:00:00.000,14:30:00
Hanumantha Nagar,2 wheeler theft,12.933146,77.591085,2019-06-14 00:00:00.000,12:00:00
Hanumantha Nagar,2 wheeler theft,12.938273,77.581836,2019-06-30 00:00:00.000,13:00:00
Hanumantha Nagar,2 wheeler theft,12.931795,77.591758,2019-06-08 00:00:00.000,14:00:00
Hanumantha Nagar,2 wheeler theft,12.940428,77.594052,2019-06-08 00:00:00.000,20:00:00
Hanumantha Nagar,2 wheeler theft,12.938621,77.580436,2019-10-08 00:00:00.000,18:00:00
Hanumantha Nagar,2 wheeler theft,12.938621,77.580436,2019-10-23 00:00:00.000,14:00:00
Hanumantha Nagar,2 wheeler theft,12.938252,77.581851,2019-10-25 00:00:00.000,20:00:00
Hanumantha Nagar,2 wheeler theft,12.938621,77.580436,2019-11-13 00:00:00.000,14:30:00
Hanumantha Nagar,2 wheeler theft,12.939733,77.585277,2019-11-24 00:00:00.000,13:30:00
Hanumantha Nagar,2 wheeler theft,12.88962293,77.57213196,2015-02-01 00:00:00.000,22:00:00
Hanumantha Nagar,2 wheeler theft,12.87284621,77.58266707,2014-12-30 00:00:00.000,20:00:00
Hanumantha Nagar,2 wheeler theft,12.91590055,77.54746898,2015-02-01 00:00:00.000,12:00:00
Hanumantha Nagar,2 wheeler theft,12.89047086,77.57081006,2015-03-01 00:00:00.000,20:00:00
Hanumantha Nagar,2 wheeler theft,12.89964065,77.54399956,2015-05-01 00:00:00.000,10:30:00
Hanumantha Nagar,2 wheeler theft,12.90703588,77.53571479,2014-11-30 00:00:00.000,20:30:00
Hanumantha Nagar,2 wheeler theft,12.89964065,77.54399956,2015-10-01 00:00:00.000,21:45:00
Hanumantha Nagar,2 wheeler theft,12.91200222,77.54095249,2015-02-01 00:00:00.000,22:00:00
Hanumantha Nagar,2 wheeler theft,12.88948381,77.56232091,2015-01-13 00:00:00.000,07:00:00
Hanumantha Nagar,2 wheeler theft,12.91302514,77.5535707,2015-01-18 00:00:00.000,23:00:00
Hanumantha Nagar,2 wheeler theft,12.88398975,77.56552231,2015-01-22 00:00:00.000,22:00:00
Hanumantha Nagar,2 wheeler theft,12.88328789,77.58130555,2015-01-25 00:00:00.000,21:30:00
Hanumantha Nagar,2 wheeler theft,12.90809631,77.54853759,2015-01-28 00:00:00.000,22:30:00
Hanumantha Nagar,2 wheeler theft,12.90647183,77.5476534,2015-01-02 00:00:00.000,10:30:00
Hanumantha Nagar,2 wheeler theft,12.88316591,77.56520086,2015-07-02 00:00:00.000,20:30:00
Hanumantha Nagar,2 wheeler theft,12.89157884,77.58142943,2015-10-02 00:00:00.000,07:00:00
Hanumantha Nagar,2 wheeler theft,12.9060275,77.54555561,2015-02-16 00:00:00.000,14:00:00
Hanumantha Nagar,2 wheeler theft,12.90500685,77.54245716,2015-02-17 00:00:00.000,21:30:00
Hanumantha Nagar,2 wheeler theft,12.89108202,77.57815502,2015-02-21 00:00:00.000,22:00:00
Hanumantha Nagar,2 wheeler theft,12.91633747,77.54077845,2015-01-03 00:00:00.000,08:50:00
Hanumantha Nagar,2 wheeler theft,12.89157884,77.58142943,2014-12-21 00:00:00.000,19:00:00
Hanumantha Nagar,2 wheeler theft,12.9098888,77.55402137,2015-02-25 00:00:00.000,22:15:00
Hanumantha Nagar,2 wheeler theft,12.91452342,77.54777923,2015-02-03 00:00:00.000,20:30:00
Hanumantha Nagar,2 wheeler theft,12.91633747,77.54077845,2015-03-03 00:00:00.000,21:00:00
Hanumantha Nagar,2 wheeler theft,12.87952429,77.56163374,2015-03-13 00:00:00.000,23:59:00
Hanumantha Nagar,2 wheeler theft,12.88211726,77.55729374,2015-03-14 00:00:00.000,20:00:00
Hanumantha Nagar,2 wheeler theft,12.9057223,77.53558126,2015-03-22 00:00:00.000,11:30:00
Hanumantha Nagar,2 wheeler theft,12.91079716,77.5374417,2015-03-03 00:00:00.000,20:45:00
Hanumantha Nagar,2 wheeler theft,12.91079716,77.5374417,2015-03-31 00:00:00.000,15:30:00
Hanumantha Nagar,2 wheeler theft,12.8656847,77.58241633,2015-03-28 00:00:00.000,22:00:00
Hanumantha Nagar,2 wheeler theft,12.91064307,77.55088723,2015-04-17 00:00:00.000,15:30:00
Hanumantha Nagar,2 wheeler theft,12.89025011,77.58218798,2015-04-17 00:00:00.000,22:30:00
Hanumantha Nagar,2 wheeler theft,12.88255509,77.5563552,2015-04-19 00:00:00.000,22:30:00
Hanumantha Nagar,2 wheeler theft,12.88296498,77.55735933,2015-04-18 00:00:00.000,20:30:00
Hanumantha Nagar,2 wheeler theft,12.86938358,77.58391056,2015-01-05 00:00:00.000,21:45:00
Hanumantha Nagar,2 wheeler theft,12.8776868,77.58071703,2015-05-23 00:00:00.000,11:00:00
Hanumantha Nagar,2 wheeler theft,12.91937151,77.53966959,2015-05-16 00:00:00.000,23:30:00
Hanumantha Nagar,2 wheeler theft,12.88903589,77.57208187,2015-05-26 00:00:00.000,23:00:00
Hanumantha Nagar,2 wheeler theft,12.89344428,77.56993532,2015-05-29 00:00:00.000,06:30:00
J P Nagar,2 wheeler theft,12.88744307,77.56855708,2015-04-06 00:00:00.000,22:40:00
J P Nagar,2 wheeler theft,12.911738,77.556877,2015-05-25 00:00:00.000,05:30:00
J P Nagar,2 wheeler theft,12.89033243,77.56334831,2015-05-24 00:00:00.000,23:00:00
J P Nagar,2 wheeler theft,12.91707248,77.54891947,2015-05-25 00:00:00.000,11:50:00
J P Nagar,2 wheeler theft,12.90518454,77.54469773,2015-06-14 00:00:00.000,20:30:00
J P Nagar,2 wheeler theft,12.90557877,77.55645958,2015-06-29 00:00:00.000,23:02:00
J P Nagar,2 wheeler theft,12.9059423,77.55011906,2015-05-07 00:00:00.000,22:00:00
J P Nagar,2 wheeler theft,12.91381524,77.54861884,2015-07-18 00:00:00.000,14:40:00
J P Nagar,2 wheeler theft,12.911738,77.556877,2015-07-19 00:00:00.000,18:30:00
J P Nagar,2 wheeler theft,12.91633747,77.54077845,2015-07-25 00:00:00.000,18:30:00
J P Nagar,2 wheeler theft,12.91707248,77.54891947,2015-07-26 00:00:00.000,20:45:00
J P Nagar,2 wheeler theft,12.89108917,77.55497675,2015-07-25 00:00:00.000,21:00:00
J P Nagar,2 wheeler theft,12.88561078,77.56834082,2015-06-25 00:00:00.000,21:00:00
J P Nagar,2 wheeler theft,12.90958258,77.55696166,2015-07-28 00:00:00.000,21:00:00
J P Nagar,2 wheeler theft,12.89937349,77.55096703,2015-06-20 00:00:00.000,22:00:00
J P Nagar,2 wheeler theft,12.89528068,77.55067452,2015-08-08 00:00:00.000,21:45:00
J P Nagar,2 wheeler theft,12.86938358,77.58391056,2015-11-08 00:00:00.000,10:45:00
J P Nagar,2 wheeler theft,12.88045896,77.56403544,2015-08-23 00:00:00.000,22:30:00
J P Nagar,2 wheeler theft,12.90976472,77.55400321,2015-08-19 00:00:00.000,21:30:00
J P Nagar,2 wheeler theft,12.90759817,77.53481056,2015-09-19 00:00:00.000,22:30:00
J P Nagar,2 wheeler theft,12.89033243,77.56334831,2015-09-22 00:00:00.000,15:30:00
J P Nagar,2 wheeler theft,12.89108917,77.55497675,2015-09-23 00:00:00.000,20:00:00
J P Nagar,2 wheeler theft,12.90759817,77.53481056,2015-09-24 00:00:00.000,21:00:00
J P Nagar,2 wheeler theft,12.88198032,77.5730296,2015-09-30 00:00:00.000,22:01:00
J P Nagar,2 wheeler theft,12.87806932,77.5699951,2015-09-14 00:00:00.000,15:30:00
J P Nagar,2 wheeler theft,12.8776868,77.58071703,2015-10-10 00:00:00.000,20:00:00
J P Nagar,2 wheeler theft,12.90912148,77.55154907,2015-10-21 00:00:00.000,21:30:00
J P Nagar,2 wheeler theft,12.91607351,77.54915069,2015-10-28 00:00:00.000,21:30:00
J P Nagar,2 wheeler theft,12.88812763,77.58114661,2015-04-11 00:00:00.000,23:00:00
J P Nagar,2 wheeler theft,12.90836274,77.55368473,2015-11-13 00:00:00.000,19:10:00
J P Nagar,2 wheeler theft,12.88390463,77.55721217,2015-11-19 00:00:00.000,11:00:00
J P Nagar,2 wheeler theft,12.8754426,77.5829255,2015-11-29 00:00:00.000,18:30:00
J P Nagar,2 wheeler theft,12.90912148,77.55154907,2015-11-24 00:00:00.000,21:00:00
J P Nagar,2 wheeler theft,12.88977788,77.58043654,2015-04-12 00:00:00.000,22:30:00
J P Nagar,2 wheeler theft,12.89033243,77.56334831,2015-12-14 00:00:00.000,23:30:00
J P Nagar,2 wheeler theft,12.91022894,77.5481594,2015-12-12 00:00:00.000,20:30:00
J P Nagar,2 wheeler theft,12.89528068,77.55067452,2015-12-20 00:00:00.000,06:00:00
J P Nagar,2 wheeler theft,12.88255509,77.5563552,2015-12-17 00:00:00.000,18:00:00
J P Nagar,2 wheeler theft,12.91828297,77.55232885,2015-12-23 00:00:00.000,17:30:00
J P Nagar,2 wheeler theft,12.88566566,77.55349801,2015-12-22 00:00:00.000,12:00:00
J P Nagar,2 wheeler theft,12.89033243,77.56334831,2016-06-20 00:00:00.000,21:00:00
J P Nagar,2 wheeler theft,12.89033243,77.56334831,2016-04-01 00:00:00.000,20:45 PM
J P Nagar,2 wheeler theft,12.88018178,77.56563931,2016-09-01 00:00:00.000,22:50:00
J P Nagar,2 wheeler theft,12.88198032,77.5730296,2016-01-13 00:00:00.000,
J P Nagar,2 wheeler theft,12.8887116,77.57377343,2016-01-16 00:00:00.000,
J P Nagar,2 wheeler theft,12.89333154,77.57000703,2016-01-25 00:00:00.000,
J P Nagar,2 wheeler theft,12.8941218,77.5507072,2016-01-28 00:00:00.000,
J P Nagar,2 wheeler theft,12.9067446,77.5437391,2016-01-30 00:00:00.000,
J P Nagar,2 wheeler theft,12.86881387,77.58083431,2016-01-30 00:00:00.000,
J P Nagar,2 wheeler theft,12.87284621,77.58266707,2016-08-02 00:00:00.000,21:50 PM
J P Nagar,2 wheeler theft,12.90645643,77.54253804,2016-10-02 00:00:00.000,18:15 PM
J P Nagar,2 wheeler theft,12.88561078,77.56834082,2016-02-15 00:00:00.000,
J P Nagar,2 wheeler theft,12.90809631,77.54853759,2016-02-18 00:00:00.000,20:15 PM
J P Nagar,2 wheeler theft,12.91273921,77.54878858,2016-02-21 00:00:00.000,13:00 PM
J P Nagar,2 wheeler theft,12.89025011,77.58218798,2016-02-22 00:00:00.000,21:00 PM
J P Nagar,2 wheeler theft,12.88316591,77.56520086,2016-02-23 00:00:00.000,13:10 PM
J P Nagar,2 wheeler theft,12.86854765,77.5801126,2016-02-24 00:00:00.000,21:00 PM
J P Nagar,2 wheeler theft,12.91900624,77.5453977,2016-02-29 00:00:00.000,14:30 PM
J P Nagar,2 wheeler theft,12.8887116,77.57377343,2016-01-03 00:00:00.000,
J P Nagar,2 wheeler theft,12.89890617,77.54993736,2016-06-03 00:00:00.000,17:00 PM
J P Nagar,2 wheeler theft,12.91386713,77.54283946,2016-08-03 00:00:00.000,18:40 PM
J P Nagar,2 wheeler theft,12.88962293,77.57213196,2016-03-14 00:00:00.000,21:00 PM
J P Nagar,2 wheeler theft,12.89025011,77.58218798,2016-03-15 00:00:00.000,16:00 PM
J P Nagar,2 wheeler theft,12.88376625,77.56842522,2016-03-29 00:00:00.000,18:00:00
J P Nagar,2 wheeler theft,12.90958449,77.55159728,2016-03-31 00:00:00.000,18:45:00
J P Nagar,2 wheeler theft,12.88584755,77.56773183,2015-05-04 00:00:00.000,21:40:00
J P Nagar,2 wheeler theft,12.91564682,77.53910415,2016-11-04 00:00:00.000,14:40:00
J P Nagar,2 wheeler theft,12.89047086,77.57081006,2016-04-15 00:00:00.000,22:30:00
J P Nagar,2 wheeler theft,12.8776868,77.58071703,2016-04-20 00:00:00.000,22:00:00
J P Nagar,2 wheeler theft,12.90976244,77.54845216,2016-04-20 00:00:00.000,22:00 PM
J P Nagar,2 wheeler theft,12.9049596,77.54192164,2016-04-21 00:00:00.000,16:40 PM
J P Nagar,2 wheeler theft,12.91900624,77.5453977,2016-04-25 00:00:00.000,12:20:00
J P Nagar,2 wheeler theft,12.87024907,77.57579285,2016-04-20 00:00:00.000,14:40 PM
J P Nagar,2 wheeler theft,12.88812763,77.58114661,2016-04-28 00:00:00.000,18:30 PM
J P Nagar,2 wheeler theft,12.9159205,77.53957438,2016-04-28 00:00:00.000,20:35 PM
J P Nagar,2 wheeler theft,12.87547634,77.57041839,2016-01-05 00:00:00.000,18:30 PM
J P Nagar,2 wheeler theft,12.91825356,77.54330989,2016-11-05 00:00:00.000,22:50:00
J P Nagar,2 wheeler theft,12.90707957,77.55014236,2016-12-05 00:00:00.000,14:00 PM
J P Nagar,2 wheeler theft,12.89108917,77.55497675,2016-05-14 00:00:00.000,20:16 PM
J P Nagar,2 wheeler theft,12.88350116,77.56902319,2016-05-20 00:00:00.000,21:30 PM
J P Nagar,2 wheeler theft,12.89201373,77.56944658,2016-05-21 00:00:00.000,14:30 PM
J P Nagar,2 wheeler theft,12.89047086,77.57081006,2016-05-22 00:00:00.000,16:30 PM
J P Nagar,2 wheeler theft,12.91834543,77.55184958,2016-05-24 00:00:00.000,23:00:00
J P Nagar,2 wheeler theft,12.87369477,77.58317866,2016-05-24 00:00:00.000,23:30:00
J P Nagar,2 wheeler theft,12.91081042,77.53771819,2016-05-25 00:00:00.000,14:30 PM
J P Nagar,2 wheeler theft,12.87795004,77.58300166,2016-05-25 00:00:00.000,
J P Nagar,2 wheeler theft,13.00748497,77.56788031,2016-05-29 00:00:00.000,20:00 PM
J P Nagar,2 wheeler theft,12.89189796,77.55236918,2016-03-09 00:00:00.000,20:45 PM
J P Nagar,2 wheeler theft,12.89403507,77.55525426,2016-03-06 00:00:00.000,20:10:00
J P Nagar,2 wheeler theft,12.8776868,77.58071703,2016-04-06 00:00:00.000,23:00 PM
J P Nagar,2 wheeler theft,12.9057223,77.53558126,2016-11-06 00:00:00.000,18:40 PM
J P Nagar,2 wheeler theft,12.88496438,77.55767556,2016-06-14 00:00:00.000,12:15:00
J P Nagar,2 wheeler theft,12.911738,77.556877,2016-06-14 00:00:00.000,22:50 PM
J P Nagar,2 wheeler theft,12.89486583,77.55129522,2016-06-15 00:00:00.000,21:35 PM
J P Nagar,2 wheeler theft,12.90759817,77.53481056,2016-06-16 00:00:00.000,22:15:00
J P Nagar,2 wheeler theft,12.89035713,77.5637871,2016-06-16 00:00:00.000,12:00:00
J P Nagar,2 wheeler theft,12.9054085,77.54224539,2016-06-17 00:00:00.000,20:45 PM
J P Nagar,2 wheeler theft,12.90988928,77.55096335,2016-06-18 00:00:00.000,15:00 PM
J P Nagar,2 wheeler theft,12.87369477,77.58317866,2016-06-21 00:00:00.000,23:30:00
J P Nagar,2 wheeler theft,12.90657165,77.54644706,2016-06-21 00:00:00.000,13:10 PM
J P Nagar,2 wheeler theft,12.89688992,77.57136348,2016-06-28 00:00:00.000,22:30 PM
J P Nagar,2 wheeler theft,12.8887116,77.57377343,2016-06-28 00:00:00.000,22:45 PM
J P Nagar,2 wheeler theft,12.88356994,77.58060915,2016-06-29 00:00:00.000,12:30:00
J P Nagar,2 wheeler theft,12.90532964,77.54489953,2016-08-07 00:00:00.000,
J P Nagar,2 wheeler theft,12.91540316,77.54896704,2016-08-07 00:00:00.000,17:30 PM
J P Nagar,2 wheeler theft,12.90989234,77.55673516,2016-09-07 00:00:00.000,13:15 PM
J P Nagar,2 wheeler theft,12.91564682,77.53910415,2016-09-07 00:00:00.000,18:45 PM
J P Nagar,2 wheeler theft,12.89138852,77.57009241,2016-12-07 00:00:00.000,
J P Nagar,2 wheeler theft,12.90809631,77.54853759,2016-07-14 00:00:00.000,14:30 PM
J P Nagar,2 wheeler theft,12.8754426,77.5829255,2016-07-14 00:00:00.000,16:00 PM
J P Nagar,2 wheeler theft,12.9116377,77.53812698,2016-07-28 00:00:00.000,19:00 PM
J P Nagar,2 wheeler theft,12.88864991,77.5613003,2016-02-08 00:00:00.000,12:00:00
J P Nagar,2 wheeler theft,12.9067446,77.5437391,2016-08-18 00:00:00.000,12:30:00
J P Nagar,2 wheeler theft,12.91298108,77.55815356,2016-08-23 00:00:00.000,14:20 PM
J P Nagar,2 wheeler theft,12.91752746,77.54537577,2016-08-30 00:00:00.000,23:45 PM
J P Nagar,2 wheeler theft,12.90874577,77.55546611,2016-08-31 00:00:00.000,22:30:00
J P Nagar,2 wheeler theft,12.9158664,77.53979815,2016-05-09 00:00:00.000,21:30 PM
J P Nagar,2 wheeler theft,12.91834543,77.55184958,2016-08-09 00:00:00.000,22:30:00
J P Nagar,2 wheeler theft,12.89537161,77.55032355,2016-10-09 00:00:00.000,19:10 PM
J P Nagar,2 wheeler theft,12.89486583,77.55129522,1900-01-12 02:12:30.182,12:00:00
J P Nagar,2 wheeler theft,12.8754426,77.5829255,2016-09-13 00:00:00.000,22:00:00
J P Nagar,2 wheeler theft,12.88258998,77.55556213,2016-09-17 00:00:00.000,13:50 PM
J P Nagar,2 wheeler theft,12.9067446,77.5437391,2016-09-21 00:00:00.000,22:40 PM
J P Nagar,2 wheeler theft,12.89138852,77.57009241,2016-09-26 00:00:00.000,19:10 PM
J P Nagar,2 wheeler theft,12.89062558,77.56405571,2016-09-26 00:00:00.000,16:30 PM
J P Nagar,2 wheeler theft,12.9067446,77.5437391,2016-09-27 00:00:00.000,22:05:00
J P Nagar,2 wheeler theft,12.89180481,77.55394005,2016-09-27 00:00:00.000,23:00 PM
J P Nagar,2 wheeler theft,12.9067446,77.5437391,2016-09-30 00:00:00.000,10:30:00
J P Nagar,2 wheeler theft,12.90988783,77.55763608,2016-09-30 00:00:00.000,11:00:00
J P Nagar,2 wheeler theft,12.88412834,77.58206799,2016-09-30 00:00:00.000,11:30:00
J P Nagar,2 wheeler theft,12.91697268,77.56139175,2016-02-10 00:00:00.000,16:00 PM
J P Nagar,2 wheeler theft,12.91564682,77.53910415,2016-03-10 00:00:00.000,10:00:00
J P Nagar,2 wheeler theft,12.8781012,77.58233572,2016-05-10 00:00:00.000,11:00:00
J P Nagar,2 wheeler theft,12.91422266,77.53929427,2016-05-10 00:00:00.000,11:30:00
J P Nagar,2 wheeler theft,12.9067446,77.5437391,2016-05-10 00:00:00.000,00:00:00
J P Nagar,2 wheeler theft,12.90471042,77.54488816,2016-08-10 00:00:00.000,09:30:00
J P Nagar,2 wheeler theft,12.88812763,77.58114661,2016-08-10 00:00:00.000,19:30 PM
J P Nagar,2 wheeler theft,12.90532964,77.54489953,2016-11-10 00:00:00.000,15:30 PM
J P Nagar,2 wheeler theft,12.88304431,77.56852243,2016-10-14 00:00:00.000,10:15:00
J P Nagar,2 wheeler theft,12.86984938,77.58764682,2016-10-15 00:00:00.000,00:00:00
J P Nagar,2 wheeler theft,12.87795004,77.58300166,2016-10-18 00:00:00.000,17:30 PM
J P Nagar,2 wheeler theft,12.870236,77.57874006,2016-10-19 00:00:00.000,13:40 PM
J P Nagar,2 wheeler theft,12.90849971,77.54965265,2016-10-21 00:00:00.000,12:30:00
J P Nagar,2 wheeler theft,12.8754426,77.5829255,2016-10-23 00:00:00.000,23:30 PM
J P Nagar,2 wheeler theft,12.87605663,77.56906808,2016-10-24 00:00:00.000,12:30:00
J P Nagar,2 wheeler theft,12.88688411,77.58107948,2016-10-25 00:00:00.000,00:30:00
J P Nagar,2 wheeler theft,12.9067446,77.5437391,2016-10-26 00:00:00.000,15:15 PM
J P Nagar,2 wheeler theft,12.911738,77.556877,2016-10-27 00:00:00.000,10:00:00
J P Nagar,2 wheeler theft,12.87999087,77.56739531,2016-10-27 00:00:00.000,13:00 PM
J P Nagar,2 wheeler theft,12.88273731,77.55652345,2016-10-27 00:00:00.000,14:00 PM
J P Nagar,2 wheeler theft,12.88255509,77.5563552,2016-10-28 00:00:00.000,13:00 PM
J P Nagar,2 wheeler theft,12.87915064,77.57683666,2016-03-11 00:00:00.000,17:45 PM
J P Nagar,2 wheeler theft,12.89937349,77.55096703,2016-03-11 00:00:00.000,20:30:00
J P Nagar,2 wheeler theft,12.90988783,77.55763608,2016-05-11 00:00:00.000,20:20 PM
J P Nagar,2 wheeler theft,12.911738,77.556877,2016-06-11 00:00:00.000,23:00:00
J P Nagar,2 wheeler theft,12.90739995,77.5512151,2016-09-11 00:00:00.000,00:00:00
J P Nagar,2 wheeler theft,12.89403507,77.55525426,2016-07-11 00:00:00.000,15:00 PM
J P Nagar,2 wheeler theft,12.9067446,77.5437391,2016-11-15 00:00:00.000,14:20 PM
J P Nagar,2 wheeler theft,12.88356994,77.58060915,2016-11-17 00:00:00.000,20:45 PM
J P Nagar,2 wheeler theft,12.90471042,77.54488816,2016-11-18 00:00:00.000,13:00 PM
J P Nagar,2 wheeler theft,12.90739995,77.5512151,2016-11-19 00:00:00.000,14:30 PM
J P Nagar,2 wheeler theft,12.86984938,77.58764682,2016-11-20 00:00:00.000,15:30 PM
J P Nagar,2 wheeler theft,12.90471042,77.54488816,2016-11-29 00:00:00.000,19:00 PM
J P Nagar,2 wheeler theft,12.90796006,77.53209199,2016-01-12 00:00:00.000,21:45:00
J P Nagar,2 wheeler theft,12.88688411,77.58107948,2016-07-12 00:00:00.000,10:30:00
J P Nagar,2 wheeler theft,12.9067446,77.5437391,2016-09-12 00:00:00.000,12:45:00
J P Nagar,2 wheeler theft,12.88298531,77.55735737,2016-10-12 00:00:00.000,12:35:00
J P Nagar,2 wheeler theft,12.90931424,77.55526626,2016-12-13 00:00:00.000,00:00:00
J P Nagar,2 wheeler theft,12.89117067,77.5699034,2016-12-13 00:00:00.000,18:30 PM
J P Nagar,2 wheeler theft,12.88563257,77.5482591,2016-12-15 00:00:00.000,14:00 PM
J P Nagar,2 wheeler theft,12.90977693,77.55646166,2016-12-15 00:00:00.000,17:30 PM
J P Nagar,2 wheeler theft,12.8818325,77.56693475,2016-12-17 00:00:00.000,17:30 PM
J P Nagar,2 wheeler theft,12.90944142,77.55721452,2016-12-17 00:00:00.000,22:00 AM
J P Nagar,2 wheeler theft,12.88258998,77.55556213,2016-12-18 00:00:00.000,15:15 AM
J P Nagar,2 wheeler theft,12.90988783,77.55763608,2016-12-19 00:00:00.000,18:15 AM
J P Nagar,2 wheeler theft,12.87915064,77.57683666,2016-12-22 00:00:00.000,00:00:00
J P Nagar,2 wheeler theft,12.8832233,77.56579153,2016-12-26 00:00:00.000,12:10:00
J P Nagar,2 wheeler theft,12.8832233,77.56579153,2016-12-28 00:00:00.000,18:00 PM
J P Nagar,2 wheeler theft,12.88255509,77.5563552,2017-04-01 00:00:00.000,15:05 PM
J P Nagar,2 wheeler theft,12.90958258,77.55696166,2017-09-01 00:00:00.000,17:30 PM
J P Nagar,2 wheeler theft,12.89108917,77.55497675,2017-10-01 00:00:00.000,18:15 PM
J P Nagar,2 wheeler theft,12.89180481,77.55394005,2017-01-16 00:00:00.000,10:00:00
J P Nagar,2 wheeler theft,12.91353985,77.55603876,2017-01-16 00:00:00.000,11:00:00
J P Nagar,2 wheeler theft,12.89900112,77.544042,2017-01-16 00:00:00.000,18:00 PM
J P Nagar,2 wheeler theft,12.86717163,77.58310043,2017-01-18 00:00:00.000,10:00:00
J P Nagar,2 wheeler theft,12.88872248,77.57021868,2017-01-21 00:00:00.000,10:10:00
J P Nagar,2 wheeler theft,12.90623724,77.54198252,2017-01-20 00:00:00.000,20:00 PM
J P Nagar,2 wheeler theft,12.88872248,77.57021868,2017-01-21 00:00:00.000,11:30:00
J P Nagar,2 wheeler theft,12.91465669,77.55090808,2017-01-21 00:00:00.000,11:40:00
J P Nagar,2 wheeler theft,12.91564682,77.53910415,2017-01-28 00:00:00.000,14:30 PM
J P Nagar,2 wheeler theft,12.90991082,77.55703235,2017-01-29 00:00:00.000,17:45 PM
J P Nagar,2 wheeler theft,13.00748497,77.56788031,2017-01-31 00:00:00.000,11:00:00
J P Nagar,2 wheeler theft,12.91688388,77.54201107,2017-01-02 00:00:00.000,21:00 PM
J P Nagar,2 wheeler theft,12.89200041,77.57428171,2017-03-02 00:00:00.000,00:00:00
J P Nagar,2 wheeler theft,12.88293147,77.56708988,2017-11-02 00:00:00.000,
J P Nagar,2 wheeler theft,12.91563196,77.55525352,2017-11-02 00:00:00.000,21:30 AM
J P Nagar,2 wheeler theft,12.91688388,77.54201107,2017-02-20 00:00:00.000,15:00 PM
J P Nagar,2 wheeler theft,12.86717163,77.58310043,2017-02-21 00:00:00.000,10:45:00
J P Nagar,2 wheeler theft,12.89172725,77.57231508,2017-02-21 00:00:00.000,00:00:00
J P Nagar,2 wheeler theft,12.91094209,77.5562327,2017-02-25 00:00:00.000,13:30 PM
J P Nagar,2 wheeler theft,12.9031545,77.5438607,2017-02-28 00:00:00.000,11:30:00
J P Nagar,2 wheeler theft,12.89900112,77.544042,2017-03-03 00:00:00.000,16:45 PM
J P Nagar,2 wheeler theft,12.88010332,77.57426142,2017-09-03 00:00:00.000,15:31 PM
J P Nagar,2 wheeler theft,12.89246857,77.57540769,2017-03-13 00:00:00.000,18:10 PM
J P Nagar,2 wheeler theft,12.91031858,77.5563932,2017-03-25 00:00:00.000,11:00:00
J P Nagar,2 wheeler theft,12.89025011,77.58218798,2017-01-04 00:00:00.000,16:30 PM
J P Nagar,2 wheeler theft,12.88947089,77.57420817,2017-04-04 00:00:00.000,20:50 PM
J P Nagar,2 wheeler theft,12.89877003,77.54987163,2017-04-15 00:00:00.000,17:10 PM
J P Nagar,2 wheeler theft,12.9104118,77.53666321,2017-04-24 00:00:00.000,11:00:00
J P Nagar,2 wheeler theft,12.911738,77.556877,2017-03-05 00:00:00.000,18:30 PM
J P Nagar,2 wheeler theft,12.88982145,77.57974701,2017-04-05 00:00:00.000,22:00 PM
J P Nagar,2 wheeler theft,12.8725648,77.58132067,2017-05-05 00:00:00.000,12:40:00
J P Nagar,2 wheeler theft,12.90699357,77.53582623,2017-06-05 00:00:00.000,00:00:00
J P Nagar,2 wheeler theft,12.905759,77.542703,2017-07-05 00:00:00.000,14:20 PM
J P Nagar,2 wheeler theft,12.88045896,77.56403544,2016-05-15 00:00:00.000,11:00:00
J P Nagar,2 wheeler theft,12.90977693,77.55646166,2017-05-17 00:00:00.000,13:00 PM
J P Nagar,2 wheeler theft,12.88962293,77.57213196,2017-05-19 00:00:00.000,12:20:00
J P Nagar,2 wheeler theft,12.86717163,77.58310043,2016-05-20 00:00:00.000,00:00:00
J P Nagar,2 wheeler theft,12.90931424,77.55526626,2017-08-06 00:00:00.000,22:30:00
J P Nagar,2 wheeler theft,12.9057223,77.53558126,2017-10-06 00:00:00.000,00:00:00
J P Nagar,2 wheeler theft,12.88314101,77.55793904,2017-06-19 00:00:00.000,15:00 PM
J P Nagar,2 wheeler theft,12.9098095,77.55358847,2017-06-25 00:00:00.000,15:00 PM
J P Nagar,2 wheeler theft,12.9098095,77.55358847,2017-06-25 00:00:00.000,15:45 PM
J P Nagar,2 wheeler theft,12.90958258,77.55696166,2017-06-29 00:00:00.000,10:00:00
J P Nagar,2 wheeler theft,12.8831411,77.56498259,2017-03-07 00:00:00.000,14:30 PM
J P Nagar,2 wheeler theft,12.89021991,77.56305833,2017-05-07 00:00:00.000,14:00 PM
J P Nagar,2 wheeler theft,12.88858018,77.56120326,2017-09-07 00:00:00.000,12:30:00
J P Nagar,2 wheeler theft,12.90912148,77.55154907,2017-11-07 00:00:00.000,13:00 PM
J P Nagar,2 wheeler theft,12.90862205,77.55531561,2017-07-13 00:00:00.000,12:30:00
J P Nagar,2 wheeler theft,12.88293147,77.56708988,2017-07-15 00:00:00.000,23:00 AM
J P Nagar,2 wheeler theft,12.86717163,77.58310043,2017-07-24 00:00:00.000,22:30:00
J P Nagar,2 wheeler theft,12.88566566,77.55349801,2017-02-08 00:00:00.000,13:30 PM
J P Nagar,2 wheeler theft,12.91505845,77.5548265,2017-03-08 00:00:00.000,16:00 PM
J P Nagar,2 wheeler theft,12.91386713,77.54283946,2017-08-08 00:00:00.000,11:30:00
J P Nagar,2 wheeler theft,12.911738,77.556877,2017-09-08 00:00:00.000,21:00 PM
J P Nagar,2 wheeler theft,12.90860182,77.53621018,2017-11-08 00:00:00.000,15:30 PM
J P Nagar,2 wheeler theft,12.9057223,77.53558126,2017-08-16 00:00:00.000,13:00 PM
J P Nagar,2 wheeler theft,12.90913455,77.55325268,2017-08-28 00:00:00.000,14:17 PM
J P Nagar,2 wheeler theft,12.91386713,77.54283946,2019-08-24 00:00:00.000,18:10 PM
J P Nagar,2 wheeler theft,12.911738,77.556877,2017-08-28 00:00:00.000,14:50 PM
J P Nagar,2 wheeler theft,12.91505845,77.5548265,2017-08-29 00:00:00.000,17:00 PM
J P Nagar,2 wheeler theft,12.91384049,77.56401788,2017-03-09 00:00:00.000,11:45:00
J P Nagar,2 wheeler theft,12.86717163,77.58310043,2017-07-09 00:00:00.000,16:40:00
J P Nagar,2 wheeler theft,12.91022894,77.5481594,2017-07-09 00:00:00.000,16:23 PM
J P Nagar,2 wheeler theft,12.91564682,77.53910415,2017-09-09 00:00:00.000,15:30 PM
J P Nagar,2 wheeler theft,12.86717163,77.58310043,2017-09-13 00:00:00.000,16:20 PM
J P Nagar,2 wheeler theft,12.905759,77.542703,2017-09-19 00:00:00.000,14:00 PM
J P Nagar,2 wheeler theft,12.91386713,77.54283946,2017-09-23 00:00:00.000,18:00 PM
J P Nagar,2 wheeler theft,12.88010332,77.57426142,2017-07-10 00:00:00.000,12:30:00
J P Nagar,2 wheeler theft,12.90056842,77.54302281,2017-07-10 00:00:00.000,13:00 PM
J P Nagar,2 wheeler theft,12.91273921,77.54878858,2017-10-10 00:00:00.000,16:45 PM
J P Nagar,2 wheeler theft,12.911738,77.556877,2017-11-10 00:00:00.000,12:30:00
J P Nagar,2 wheeler theft,12.91064307,77.55088723,2017-11-10 00:00:00.000,13:30 PM
J P Nagar,2 wheeler theft,12.91688388,77.54201107,2017-10-17 00:00:00.000,21:15:00
J P Nagar,2 wheeler theft,12.88289563,77.56647782,2017-10-23 00:00:00.000,16:00 PM
J P Nagar,2 wheeler theft,12.91273921,77.54878858,2017-10-26 00:00:00.000,00:00:00
J P Nagar,2 wheeler theft,12.90471042,77.54488816,2017-10-27 00:00:00.000,11:50:00
J P Nagar,2 wheeler theft,12.91109921,77.54651212,2017-10-31 00:00:00.000,14:40 PM
J P Nagar,2 wheeler theft,12.91789,77.559799,2017-07-11 00:00:00.000,20:30:00
J P Nagar,2 wheeler theft,12.89108917,77.55497675,2017-11-11 00:00:00.000,09:00:00
J P Nagar,2 wheeler theft,12.90836274,77.55368473,2017-11-13 00:00:00.000,11:10:00
J P Nagar,2 wheeler theft,12.89025011,77.58218798,2017-11-16 00:00:00.000,22:15:00
J P Nagar,2 wheeler theft,12.88056739,77.56692379,2019-11-16 00:00:00.000,13:10 PM
J P Nagar,2 wheeler theft,12.91022894,77.5481594,2017-11-18 00:00:00.000,15:30 PM
J P Nagar,2 wheeler theft,12.91752746,77.54537577,2017-11-28 00:00:00.000,12:30:00
J P Nagar,2 wheeler theft,12.91590055,77.54746898,2017-11-29 00:00:00.000,13:30:00
J P Nagar,2 wheeler theft,12.89030189,77.55748732,2017-11-29 00:00:00.000,14:20 PM
J P Nagar,2 wheeler theft,12.8905534,77.57309317,2017-11-30 00:00:00.000,10:15:00
J P Nagar,2 wheeler theft,12.90690882,77.55145611,2017-06-12 00:00:00.000,15:00 PM
J P Nagar,2 wheeler theft,12.90745079,77.54556837,2017-11-12 00:00:00.000,12:30:00
J P Nagar,2 wheeler theft,12.90450167,77.5299858,2017-12-17 00:00:00.000,17:00 PM
J P Nagar,2 wheeler theft,12.9057223,77.53558126,2017-12-19 00:00:00.000,14:00 PM
J P Nagar,2 wheeler theft,12.9057223,77.53558126,2017-12-21 00:00:00.000,10:00:00
J P Nagar,2 wheeler theft,12.89021991,77.56305833,2017-12-24 00:00:00.000,14:30 PM
J P Nagar,2 wheeler theft,12.91505845,77.5548265,2017-12-27 00:00:00.000,15:00 PM
J P Nagar,2 wheeler theft,12.90108207,77.54753806,2017-12-29 00:00:00.000,11:35:00
J P Nagar,2 wheeler theft,12.903573,77.543788,2017-12-30 00:00:00.000,19:00 PM
J P Nagar,2 wheeler theft,12.9098095,77.55358847,2017-12-31 00:00:00.000,16:00 PM
J P Nagar,2 wheeler theft,12.88872248,77.57021868,2017-12-31 00:00:00.000,16:40 PM
J P Nagar,2 wheeler theft,12.89760779,77.5506283,2017-12-31 00:00:00.000,16:50 PM
J P Nagar,2 wheeler theft,12.89200041,77.57428171,2018-01-20 00:00:00.000,14:00 PM
J P Nagar,2 wheeler theft,12.90553869,77.55143647,2018-02-03 00:00:00.000,00:00:00
J P Nagar,2 wheeler theft,12.90590517,77.54273152,2018-11-03 00:00:00.000,13:30 PM
J P Nagar,2 wheeler theft,12.89760184,77.54575434,2018-03-13 00:00:00.000,11:00:00
J P Nagar,2 wheeler theft,12.90977693,77.55646166,2018-09-03 00:00:00.000,19:00 PM
J P Nagar,2 wheeler theft,12.90056842,77.54302281,2018-03-22 00:00:00.000,10:00:00
J P Nagar,2 wheeler theft,12.90745079,77.54556837,2018-03-30 00:00:00.000,19:30 PM
J P Nagar,2 wheeler theft,12.9057223,77.53558126,2018-05-04 00:00:00.000,16:30 PM
J P Nagar,2 wheeler theft,12.91386713,77.54283946,2018-07-05 00:00:00.000,15:00 PM
J P Nagar,2 wheeler theft,12.88992359,77.58079977,2018-05-25 00:00:00.000,16:20 PM
J P Nagar,2 wheeler theft,12.88134653,77.57473502,2018-05-28 00:00:00.000,13:50 PM
J P Nagar,2 wheeler theft,12.9145439,77.54016178,2018-10-05 00:00:00.000,18:00:00
J P Nagar,2 wheeler theft,12.911738,77.556877,2018-08-06 00:00:00.000,20:45 PM
J P Nagar,2 wheeler theft,12.91739227,77.560815,2018-06-13 00:00:00.000,22:00:00
J P Nagar,2 wheeler theft,12.91134545,77.53812371,2018-06-19 00:00:00.000,16:23 PM
J P Nagar,2 wheeler theft,12.8902501,77.58218798,2018-06-26 00:00:00.000,00:00:00
J P Nagar,2 wheeler theft,12.91568054,77.55016337,2018-06-30 00:00:00.000,10:10:00
J P Nagar,2 wheeler theft,12.91140382,77.53685457,2018-07-15 00:00:00.000,18:00 PM
J P Nagar,2 wheeler theft,12.90931424,77.55526626,2018-07-21 00:00:00.000,17:00 PM
J P Nagar,2 wheeler theft,12.9057223,77.53558126,2018-07-21 00:00:00.000,21:30 PM
J P Nagar,2 wheeler theft,12.91766067,77.54218713,2018-04-08 00:00:00.000,00:00:00
J P Nagar,2 wheeler theft,12.89344428,77.56993532,2018-08-21 00:00:00.000,09:30:00
J P Nagar,2 wheeler theft,12.903573,77.543788,2018-08-23 00:00:00.000,16:00:00
J P Nagar,2 wheeler theft,12.91739661,77.54533797,2018-04-09 00:00:00.000,10:30:00
J P Nagar,2 wheeler theft,12.89333154,77.57000703,2018-04-09 00:00:00.000,12:00:00
J P Nagar,2 wheeler theft,12.917986,77.553778,2018-08-09 00:00:00.000,12:00:00
J P Nagar,2 wheeler theft,12.90912148,77.55154907,2018-11-09 00:00:00.000,14:00:00
J P Nagar,2 wheeler theft,12.88872248,77.57021868,2018-11-09 00:00:00.000,18:30:00
J P Nagar,2 wheeler theft,12.88888678,77.57180041,2018-09-18 00:00:00.000,11:45:00
J P Nagar,2 wheeler theft,12.88948381,77.56232091,2018-09-18 00:00:00.000,12:30:00
J P Nagar,2 wheeler theft,12.917986,77.553778,2018-09-21 00:00:00.000,17:00:00
J P Nagar,2 wheeler theft,12.91429834,77.55075847,2018-09-29 00:00:00.000,14:00:00
J P Nagar,2 wheeler theft,12.88992359,77.58079977,2018-01-10 00:00:00.000,13:10:00
J P Nagar,2 wheeler theft,12.91719593,77.54208621,2018-04-10 00:00:00.000,10:30:00
J P Nagar,2 wheeler theft,12.9100853,77.55656592,2018-11-10 00:00:00.000,12:00:00
J P Nagar,2 wheeler theft,12.91396307,77.53932649,2018-10-15 00:00:00.000,12:00:00
J P Nagar,2 wheeler theft,12.90245473,77.54181407,2018-10-17 00:00:00.000,18:00:00
J P Nagar,2 wheeler theft,12.89537161,77.55032355,2018-10-18 00:00:00.000,12:00:00
J P Nagar,2 wheeler theft,12.88376625,77.56842522,2018-10-27 00:00:00.000,13:00:00
J P Nagar,2 wheeler theft,12.88010332,77.57426142,2018-10-30 00:00:00.000,12:00:00
J P Nagar,2 wheeler theft,12.91505845,77.5548265,2018-10-31 00:00:00.000,13:00:00
J P Nagar,2 wheeler theft,12.90703588,77.53571479,2018-11-14 00:00:00.000,12:00:00
J P Nagar,2 wheeler theft,12.9054085,77.54224539,2018-11-15 00:00:00.000,21:30:00
J P Nagar,2 wheeler theft,12.91084893,77.53745649,2018-11-20 00:00:00.000,16:00:00
J P Nagar,2 wheeler theft,12.9057223,77.53558126,2018-11-27 00:00:00.000,10:30:00
J P Nagar,2 wheeler theft,12.90752818,77.55291611,2018-11-27 00:00:00.000,21:30:00
J P Nagar,2 wheeler theft,12.91082367,77.54398174,2018-05-12 00:00:00.000,14:42:00
J P Nagar,2 wheeler theft,12.90988783,77.55763608,2018-09-12 00:00:00.000,13:30:00
J P Nagar,2 wheeler theft,12.88992359,77.58079977,2018-12-25 00:00:00.000,17:00:00
J P Nagar,2 wheeler theft,12.87806526,77.57117098,2018-12-31 00:00:00.000,14:00:00
J P Nagar,2 wheeler theft,12.91563196,77.55525352,2019-08-01 00:00:00.000,19:45:00
J P Nagar,2 wheeler theft,12.90958258,77.55696166,2019-01-28 00:00:00.000,12:00:00
J P Nagar,2 wheeler theft,12.90108207,77.54753806,2019-04-02 00:00:00.000,14:55:00
J P Nagar,2 wheeler theft,12.90450167,77.5299858,2019-09-03 00:00:00.000,14:30:00
J P Nagar,2 wheeler theft,12.90108207,77.54753806,2019-03-21 00:00:00.000,13:30:00
J P Nagar,2 wheeler theft,12.9069823,77.552059,2019-03-29 00:00:00.000,09:00:00
J P Nagar,2 wheeler theft,12.91527137,77.53771106,2019-03-30 00:00:00.000,15:30:00
J P Nagar,2 wheeler theft,12.90548316,77.54275996,2019-05-04 00:00:00.000,15:00:00
J P Nagar,2 wheeler theft,12.88947089,77.57420817,2019-05-04 00:00:00.000,15:30:00
J P Nagar,2 wheeler theft,12.89157884,77.58142943,2019-05-04 00:00:00.000,16:30:00
J P Nagar,2 wheeler theft,12.88280504,77.56504176,2019-04-13 00:00:00.000,18:00:00
J P Nagar,2 wheeler theft,12.89877003,77.54987163,2019-10-05 00:00:00.000,15:00:00
J P Nagar,2 wheeler theft,12.903139,77.55107,2019-05-16 00:00:00.000,17:30:00
J P Nagar,2 wheeler theft,12.912126,77.55578,2019-05-19 00:00:00.000,19:30:00
J P Nagar,2 wheeler theft,12.89825057,77.54800705,2019-05-25 00:00:00.000,10:00:00
J P Nagar,2 wheeler theft,12.90015749,77.55046567,2019-04-06 00:00:00.000,11:00:00
J P Nagar,2 wheeler theft,12.90912148,77.55154907,2019-06-26 00:00:00.000,17:00:00
J P Nagar,2 wheeler theft,12.91739661,77.54533797,2019-01-07 00:00:00.000,17:30:00
J P Nagar,2 wheeler theft,12.88982145,77.57974701,2019-03-07 00:00:00.000,11:00:00
J P Nagar,2 wheeler theft,12.9060274965584,77.5455556076413,2019-07-21 00:00:00.000,12:00:00
J P Nagar,2 wheeler theft,12.9113233813953,77.5569718431357,2019-07-28 00:00:00.000,10:00:00
J P Nagar,2 wheeler theft,12.905759,77.542703,2019-11-08 00:00:00.000,22:00:00
J P Nagar,2 wheeler theft,12.89537161,77.55032355,2019-12-08 00:00:00.000,18:00:00
J P Nagar,2 wheeler theft,12.89877003,77.54987163,2019-08-24 00:00:00.000,08:45:00
J P Nagar,2 wheeler theft,12.88010332,77.57426142,2019-08-28 00:00:00.000,18:15:00
J P Nagar,2 wheeler theft,12.88255509,77.5563552,2019-08-28 00:00:00.000,18:30:00
J P Nagar,2 wheeler theft,13.00748497,77.55107561,2019-02-10 00:00:00.000,14:00:00
J P Nagar,2 wheeler theft,12.8790848983184,77.5678096465074,2019-10-13 00:00:00.000,16:00:00
J P Nagar,2 wheeler theft,12.88010332,77.57426142,2019-10-14 00:00:00.000,21:00:00
J P Nagar,2 wheeler theft,12.89025011,77.58218798,2019-10-23 00:00:00.000,10:00:00
J P Nagar,2 wheeler theft,12.91564682,77.53910415,2019-09-11 00:00:00.000,15:30:00
J P Nagar,2 wheeler theft,12.911738,77.556877,2019-11-30 00:00:00.000,22:00:00
J P Nagar,2 wheeler theft,12.9103185750611,77.5563931973623,2019-02-12 00:00:00.000,20:00:00
J P Nagar,2 wheeler theft,12.90912148,77.55154907,2019-12-28 00:00:00.000,13:30:00
J P Nagar,2 wheeler theft,12.877624,77.503474,2015-01-16 00:00:00.000,18:00:00
J P Nagar,2 wheeler theft,12.868557,77.574874,2015-01-02 00:00:00.000,18:00:00
J P Nagar,2 wheeler theft,12.890277,77.539519,2015-06-02 00:00:00.000,20:15:00
J P Nagar,2 wheeler theft,12.879408,77.545308,2015-02-24 00:00:00.000,20:15:00
J P Nagar,2 wheeler theft,12.873752,77.531731,2015-04-03 00:00:00.000,11:00:00
J P Nagar,2 wheeler theft,12.874702,77.568832,2015-03-25 00:00:00.000,14:15:00
J P Nagar,2 wheeler theft,12.87941,77.54512,2015-03-25 00:00:00.000,19:00:00
J P Nagar,2 wheeler theft,12.882304,77.546402,2015-03-28 00:00:00.000,11:00:00
J P Nagar,2 wheeler theft,12.890309,77.519725,2015-03-31 00:00:00.000,16:30:00
J P Nagar,2 wheeler theft,12.882146,77.546251,2015-02-04 00:00:00.000,13:00:00
J P Nagar,2 wheeler theft,12.874461,77.544645,2015-06-28 00:00:00.000,11:30:00
J P Nagar,2 wheeler theft,12.876479,77.542305,2015-02-07 00:00:00.000,13:30:00
J P Nagar,2 wheeler theft,12.879408,77.545308,2015-01-08 00:00:00.000,17:30:00
J P Nagar,2 wheeler theft,12.879408,77.545308,2015-05-08 00:00:00.000,11:30:00
J P Nagar,2 wheeler theft,12.869127,77.56841,2015-06-08 00:00:00.000,12:30:00
J P Nagar,2 wheeler theft,12.879408,77.545308,,11:30:00
J P Nagar,2 wheeler theft,12.876178,77.546951,2015-09-30 00:00:00.000,10:30:00
J P Nagar,2 wheeler theft,12.879408,77.545308,2015-10-17 00:00:00.000,17:00:00
J P Nagar,2 wheeler theft,12.875236,77.539963,2015-10-31 00:00:00.000,15:30:00
J P Nagar,2 wheeler theft,12.871118,77.562216,2015-03-11 00:00:00.000,14:30:00
J P Nagar,2 wheeler theft,12.8794,77.546049,2015-04-11 00:00:00.000,11:10:00
J P Nagar,2 wheeler theft,12.871221,77.56242,2015-08-11 00:00:00.000,18:30:00
J P Nagar,2 wheeler theft,12.87213,77.564301,2015-07-12 00:00:00.000,15:00:00
J P Nagar,2 wheeler theft,12.875062,77.542607,2015-11-12 00:00:00.000,21:00:00
J P Nagar,2 wheeler theft,12.874978,77.542085,2015-12-18 00:00:00.000,10:45:00
J P Nagar,2 wheeler theft,12.879408,77.545308,2015-12-21 00:00:00.000,10:00:00
J P Nagar,2 wheeler theft,12.874266,77.542421,2015-12-25 00:00:00.000,16:00:00
J P Nagar,2 wheeler theft,12.87736,77.517883,2016-08-02 00:00:00.000,10:30:00
J P Nagar,2 wheeler theft,12.879633,77.544387,2016-02-03 00:00:00.000,21:55:00
J P Nagar,2 wheeler theft,12.873042,77.532601,2016-09-18 00:00:00.000,13:45:00
J P Nagar,2 wheeler theft,12877766.0,77.526946,2016-04-21 00:00:00.000,13:30:00
J P Nagar,2 wheeler theft,12.86895,77.536559,2016-04-22 00:00:00.000,16:30:00
J P Nagar,2 wheeler theft,12.877766,77.526946,2016-04-22 00:00:00.000,21:00:00
J P Nagar,2 wheeler theft,12.887066,77.543303,2016-12-05 00:00:00.000,18:10:00
J P Nagar,2 wheeler theft,12.866777,77.534346,2016-10-07 00:00:00.000,15:00:00
J P Nagar,2 wheeler theft,12.872061,77.559914,2016-07-23 00:00:00.000,21:00:00
J P Nagar,2 wheeler theft,12.876818,77.531179,2016-05-08 00:00:00.000,17:00:00
J P Nagar,2 wheeler theft,12.879448,77.513354,2016-08-16 00:00:00.000,11:00:00
J P Nagar,2 wheeler theft,12.874194,77.51219,2016-12-10 00:00:00.000,11:00`
J P Nagar,2 wheeler theft,12.855212,77.553361,2016-04-11 00:00:00.000,12:00:00
J P Nagar,2 wheeler theft,12.880968,77.545877,2016-09-11 00:00:00.000,12:00:00
J P Nagar,2 wheeler theft,12.867642,77.535364,2016-08-12 00:00:00.000,18:00:00
J P Nagar,2 wheeler theft,12.867642,77.535364,2016-12-30 00:00:00.000,12:45:00
J P Nagar,2 wheeler theft,12.86869,77.569688,2016-12-30 00:00:00.000,17:00:00
J P Nagar,2 wheeler theft,12.892566,77.524068,2017-10-01 00:00:00.000,12:30:00
J P Nagar,2 wheeler theft,12.874883,77.539537,2017-12-01 00:00:00.000,11:00:00
J P Nagar,2 wheeler theft,12.870417,77.53452,,11:00:00
J P Nagar,2 wheeler theft,12.84728,77.563682,2017-02-25 00:00:00.000,17:00:00
J P Nagar,2 wheeler theft,12.87605,77.53775,2017-08-03 00:00:00.000,15:45:00
J P Nagar,2 wheeler theft,12.875168,77.552815,2017-03-21 00:00:00.000,10:15:00
J P Nagar,2 wheeler theft,12.881655,77.538172,2017-03-27 00:00:00.000,09:30:00
J P Nagar,2 wheeler theft,12.859956,77.566246,2017-04-04 00:00:00.000,11:30:00
J P Nagar,2 wheeler theft,12.870031,77.565897,2017-05-16 00:00:00.000,12:00:00
J P Nagar,2 wheeler theft,12.892459,77.524063,2017-05-24 00:00:00.000,10:45:00
J P Nagar,2 wheeler theft,12.882391,77.545366,2017-08-06 00:00:00.000,14:45:00
J P Nagar,2 wheeler theft,12.888931,77.542637,2017-06-14 00:00:00.000,13:30:00
J P Nagar,2 wheeler theft,12.886651,77.538595,2017-06-23 00:00:00.000,13:20:00
J P Nagar,2 wheeler theft,12.873365,77.53268,2017-08-08 00:00:00.000,12:30:00
J P Nagar,2 wheeler theft,12.886792,77.545222,2017-08-24 00:00:00.000,16:30:00
J P Nagar,2 wheeler theft,12.87186,77.572322,2017-09-18 00:00:00.000,14:30:00
J P Nagar,2 wheeler theft,12.900051,77.53957,2017-06-10 00:00:00.000,20:00:00
J P Nagar,2 wheeler theft,12.863357,77.556833,2017-10-10 00:00:00.000,11:10:00
J P Nagar,2 wheeler theft,12.876068,77.551614,2017-10-13 00:00:00.000,11:30:00
J P Nagar,2 wheeler theft,12.884743,77.54812,2017-10-23 00:00:00.000,17:15:00
J P Nagar,2 wheeler theft,12.872441,77.542736,2017-10-28 00:00:00.000,10:00:00
J P Nagar,2 wheeler theft,12.861725,77.57725,2017-10-31 00:00:00.000,14:15:00
J P Nagar,2 wheeler theft,12.86991,77.535721,2017-07-11 00:00:00.000,19:40:00
J P Nagar,2 wheeler theft,12.886329,77.545892,2017-11-16 00:00:00.000,12:30:00
J P Nagar,2 wheeler theft,12.866836,77.535127,,10:30:00
J P Nagar,2 wheeler theft,12.886622,77.54059,2017-01-12 00:00:00.000,13:30:00
J P Nagar,2 wheeler theft,12.887024,77.540498,2017-12-24 00:00:00.000,17:00:00
J P Nagar,2 wheeler theft,12.89274,77.536626,2018-10-04 00:00:00.000,13:00:00
J P Nagar,2 wheeler theft,12.895814,77.57851,2018-07-06 00:00:00.000,10:30:00
J P Nagar,2 wheeler theft,12.884507,77.540898,2018-12-06 00:00:00.000,11:30:00
J P Nagar,2 wheeler theft,12.881091,77.545719,2018-06-29 00:00:00.000,14:30:00
J P Nagar,2 wheeler theft,12.878823,77.529835,2018-04-07 00:00:00.000,18:45:00
J P Nagar,2 wheeler theft,12.854741,77.558752,2018-07-24 00:00:00.000,12:30:00
J P Nagar,2 wheeler theft,12.886938,77.545271,2018-08-08 00:00:00.000,21:30:00
J P Nagar,2 wheeler theft,12.871903,77.559703,2018-11-09 00:00:00.000,11:30:00
J P Nagar,2 wheeler theft,12.888105,77.547943,2018-09-20 00:00:00.000,11:00:00
J P Nagar,2 wheeler theft,12.88495,77.539897,2018-09-23 00:00:00.000,09:45:00
J P Nagar,2 wheeler theft,12.879433,77.5434,2018-09-25 00:00:00.000,10:00:00
J P Nagar,2 wheeler theft,12.868462,77.535762,,15:30:00
J P Nagar,2 wheeler theft,12.868393,77.536126,2018-02-10 00:00:00.000,12:00:00
J P Nagar,2 wheeler theft,12.861823,77.560918,2018-04-10 00:00:00.000,13:00:00
J P Nagar,2 wheeler theft,12.871903,77.559703,2018-10-14 00:00:00.000,07:00:00
J P Nagar,2 wheeler theft,12.880535,77.544034,2018-12-10 00:00:00.000,17:00:00
J P Nagar,2 wheeler theft,12.871939,77.546442,2018-03-11 00:00:00.000,13:30:00
J P Nagar,2 wheeler theft,12.8731,77.543828,2018-11-19 00:00:00.000,09:30:00
J P Nagar,2 wheeler theft,12.874842,77.553166,2018-11-23 00:00:00.000,11:30:00
J P Nagar,2 wheeler theft,12.883216,77.543523,2018-04-12 00:00:00.000,13:00:00
J P Nagar,2 wheeler theft,12.855333,77.570747,2018-04-12 00:00:00.000,21:00:00
J P Nagar,2 wheeler theft,12.862301,77.565498,2019-01-19 00:00:00.000,11:00:00
J P Nagar,2 wheeler theft,12.864271,77.568791,2019-02-14 00:00:00.000,11:30:00
J P Nagar,2 wheeler theft,12.852458,77.659874,2019-03-15 00:00:00.000,23:00:00
J P Nagar,2 wheeler theft,12.874921,77.553128,2019-03-23 00:00:00.000,17:00:00
J P Nagar,2 wheeler theft,12.879218,77.542339,2019-04-25 00:00:00.000,12:45:00
J P Nagar,2 wheeler theft,12.860019,77.549131,2019-07-05 00:00:00.000,15:00:00
J P Nagar,2 wheeler theft,12.876257,77.546363,2019-07-13 00:00:00.000,17:00:00
J P Nagar,2 wheeler theft,12.867504,77.571207,2019-07-19 00:00:00.000,12:20:00
J P Nagar,2 wheeler theft,12.856238,77.567545,2019-07-27 00:00:00.000,13:00:00
J P Nagar,2 wheeler theft,12.876225,77.541865,2019-07-31 00:00:00.000,10:30:00
J P Nagar,2 wheeler theft,12.863245,77.578415,2019-08-08 00:00:00.000,17:00:00
J P Nagar,2 wheeler theft,12.860318,77.535118,2019-08-09 00:00:00.000,11:30:00
J P Nagar,2 wheeler theft,12.870725,77.548058,2019-09-16 00:00:00.000,19:00:00
J P Nagar,2 wheeler theft,12.884141,77.546082,2019-06-11 00:00:00.000,16:00:00
J P Nagar,2 wheeler theft,12.87706,77.498009,2019-12-25 00:00:00.000,11:00:00
J P Nagar,2 wheeler theft,12.876248,77.542688,2019-12-25 00:00:00.000,18:30:00
J P Nagar,2 wheeler theft,12.853413,77.572877,2019-12-28 00:00:00.000,12:30:00
J P Nagar,2 wheeler theft,12.8907991,77.520248,2019-12-28 00:00:00.000,21:00:00
J P Nagar,2 wheeler theft,12.888051,77.5805,2017-06-01 00:00:00.000,00:00:00
J P Nagar,2 wheeler theft,12.881587,77.5762,2017-11-01 00:00:00.000,00:00:00
J P Nagar,2 wheeler theft,12.88631,77.570697,2017-01-18 00:00:00.000,
J P Nagar,2 wheeler theft,12.862054,77.585957,2017-01-19 00:00:00.000,
J P Nagar,2 wheeler theft,12.843663,77.58176,2017-01-20 00:00:00.000,
J P Nagar,2 wheeler theft,12.887851,77.573581,2017-01-21 00:00:00.000,
J P Nagar,2 wheeler theft,12.88207,77.57099,2017-02-07 00:00:00.000,
J P Nagar,2 wheeler theft,12.896403,77.570289,2017-02-10 00:00:00.000,
J P Nagar,2 wheeler theft,12.882116,77.574506,2017-02-27 00:00:00.000,
J P Nagar,2 wheeler theft,12.883242,77.575999,2017-03-14 00:00:00.000,
J P Nagar,2 wheeler theft,12.862054,77.585957,2017-03-20 00:00:00.000,
J P Nagar,2 wheeler theft,12.866559,77.571249,2017-03-26 00:00:00.000,
J P Nagar,2 wheeler theft,12.869404,77.582054,2017-03-04 00:00:00.000,00:00:00
J P Nagar,2 wheeler theft,12.889349,77.578031,2017-04-04 00:00:00.000,
J P Nagar,2 wheeler theft,12.895925,77.585328,2017-03-21 00:00:00.000,
J P Nagar,2 wheeler theft,12.892301,77.570581,2017-04-19 00:00:00.000,
J P Nagar,2 wheeler theft,12.896403,77.570289,2017-04-24 00:00:00.000,
J P Nagar,2 wheeler theft,12.885887,77.566884,2017-04-29 00:00:00.000,
J P Nagar,2 wheeler theft,12.885887,77.566884,2017-05-04 00:00:00.000,
J P Nagar,2 wheeler theft,12.882084,77.5744,2017-05-07 00:00:00.000,
J P Nagar,2 wheeler theft,12.86031,77.581034,2017-05-08 00:00:00.000,
J P Nagar,2 wheeler theft,12.883568,77.56841,2017-05-22 00:00:00.000,
J P Nagar,2 wheeler theft,12.877363,77.582778,2017-05-28 00:00:00.000,
J P Nagar,2 wheeler theft,12.895015,77581947.0,2017-06-10 00:00:00.000,
J P Nagar,2 wheeler theft,12.8860017,77.55758,2017-06-14 00:00:00.000,
J P Nagar,2 wheeler theft,12.8822193,77.5659682,2017-06-14 00:00:00.000,
J P Nagar,2 wheeler theft,12.881629,77.584344,2017-06-20 00:00:00.000,
J P Nagar,2 wheeler theft,12.885572,77.574967,2017-06-21 00:00:00.000,
J P Nagar,2 wheeler theft,12.885887,77.566884,2017-06-29 00:00:00.000,
J P Nagar,2 wheeler theft,12.869404,77.582054,2017-07-04 00:00:00.000,
J P Nagar,2 wheeler theft,12.859404,77.582054,2017-07-06 00:00:00.000,
J P Nagar,2 wheeler theft,12.896403,77.570289,2017-07-14 00:00:00.000,
J P Nagar,2 wheeler theft,12.8569211,77.57698669,2017-07-17 00:00:00.000,
J P Nagar,2 wheeler theft,12.8880134,77.5608861,2017-07-18 00:00:00.000,
J P Nagar,2 wheeler theft,12.84010107,77.5807872,2017-07-25 00:00:00.000,
J P Nagar,2 wheeler theft,12.885887,77.566884,2017-08-02 00:00:00.000,
J P Nagar,2 wheeler theft,12.85644299,77.568844,2017-08-08 00:00:00.000,
J P Nagar,2 wheeler theft,12.87695469,77.5827175,2017-08-24 00:00:00.000,
J P Nagar,2 wheeler theft,12.8895219,77.579852199,2017-09-03 00:00:00.000,
J P Nagar,2 wheeler theft,12.87695469,77.5827175,2017-09-26 00:00:00.000,
J P Nagar,2 wheeler theft,12.8822193,77.565968,2017-10-20 00:00:00.000,
J P Nagar,2 wheeler theft,12.87695469,77.5827175,2017-10-24 00:00:00.000,
J P Nagar,2 wheeler theft,12.8880134,77.5708861,2017-11-06 00:00:00.000,
J P Nagar,2 wheeler theft,12.87695469,77.5827175,2017-11-09 00:00:00.000,
J P Nagar,2 wheeler theft,12.894637,77.5639739,2017-11-09 00:00:00.000,
J P Nagar,2 wheeler theft,12.874346,77.5805685,2017-11-21 00:00:00.000,
J P Nagar,2 wheeler theft,12.88822196,77.5659682,2017-12-10 00:00:00.000,
J P Nagar,2 wheeler theft,12.888134,77.576881,2017-12-19 00:00:00.000,
J P Nagar,2 wheeler theft,12.8765469,77.5827175,2017-12-29 00:00:00.000,
J P Nagar,2 wheeler theft,12.85644229,77.58884479,2017-12-30 00:00:00.000,
J P Nagar,2 wheeler theft,12.88895219,77.57985219,2017-12-30 00:00:00.000,
J P Nagar,2 wheeler theft,12.85644299,77.58884479,2018-01-04 00:00:00.000,
J P Nagar,2 wheeler theft,12.8747346,77.5805685,2018-01-09 00:00:00.000,
J P Nagar,2 wheeler theft,12.827695469,77.5827175,2018-01-18 00:00:00.000,
J P Nagar,2 wheeler theft,12.87126799,77.583191,2018-01-21 00:00:00.000,
J P Nagar,2 wheeler theft,12.879442,77.566932,2018-01-22 00:00:00.000,
J P Nagar,2 wheeler theft,12.88913,77.5659682,2018-01-22 00:00:00.000,
J P Nagar,2 wheeler theft,12.881898,77.57622,2018-01-23 00:00:00.000,
J P Nagar,2 wheeler theft,12.8880134,77.5708862,2018-01-30 00:00:00.000,
J P Nagar,2 wheeler theft,12.879442,77.566932,2018-02-03 00:00:00.000,
J P Nagar,2 wheeler theft,12.8769546,77.5827175,2018-02-03 00:00:00.000,
J P Nagar,2 wheeler theft,12.8769546,77.5827175,2018-03-07 00:00:00.000,
J P Nagar,2 wheeler theft,12.881898,77.57622,2018-03-13 00:00:00.000,
J P Nagar,2 wheeler theft,12.87695469,77.5827175,2018-03-27 00:00:00.000,
J P Nagar,2 wheeler theft,12.8747346,77.5805686,2018-04-01 00:00:00.000,
J P Nagar,2 wheeler theft,12.888655,77.571018,2018-04-05 00:00:00.000,
J P Nagar,2 wheeler theft,12.865989,77.580985,2018-04-06 00:00:00.000,
J P Nagar,2 wheeler theft,12.88295219,77.579852199,2018-04-10 00:00:00.000,
J P Nagar,2 wheeler theft,12.88820134,77.5708861,2018-04-27 00:00:00.000,
J P Nagar,2 wheeler theft,12.8564429,77.58884479,2018-05-16 00:00:00.000,
J P Nagar,2 wheeler theft,12.865989,77.580985,2018-05-17 00:00:00.000,
J P Nagar,2 wheeler theft,12.882822193,77.565968,2018-05-24 00:00:00.000,
J P Nagar,2 wheeler theft,12.882822193,77.565968,2018-05-24 00:00:00.000,
J P Nagar,2 wheeler theft,12.8401017,77.5807872,2018-05-25 00:00:00.000,
J P Nagar,2 wheeler theft,12.8880134,77.5708861,2018-05-30 00:00:00.000,
J P Nagar,2 wheeler theft,12.881898,77.57622,2018-06-02 00:00:00.000,
J P Nagar,2 wheeler theft,12.856442999,77.58884479,2018-06-03 00:00:00.000,
J P Nagar,2 wheeler theft,12.856442999,77.58884479,2018-06-05 00:00:00.000,
J P Nagar,2 wheeler theft,12.865989,77.580985,2018-06-06 00:00:00.000,
J P Nagar,2 wheeler theft,12.856442999,77.58884479,2018-06-23 00:00:00.000,
J P Nagar,2 wheeler theft,12.865989,77.580985,2018-06-24 00:00:00.000,
J P Nagar,2 wheeler theft,12.881898,77.57622,2018-06-28 00:00:00.000,
J P Nagar,2 wheeler theft,12.8401017,77.5807872,2018-07-04 00:00:00.000,
J P Nagar,2 wheeler theft,12.8401017,77.5807872,2018-07-05 00:00:00.000,
J P Nagar,2 wheeler theft,12.8769546,77.5827175,2018-07-05 00:00:00.000,
J P Nagar,2 wheeler theft,12.8401017,77.5807872,2018-07-10 00:00:00.000,
J P Nagar,2 wheeler theft,12.8765469,77.5827175,2018-07-11 00:00:00.000,
J P Nagar,2 wheeler theft,12.8880134,77.5708861,2018-07-18 00:00:00.000,
J P Nagar,2 wheeler theft,12.8401017,77.5807872,2018-07-26 00:00:00.000,
J P Nagar,2 wheeler theft,12.8880134,77.5708861,2018-08-05 00:00:00.000,
J P Nagar,2 wheeler theft,12.865989,77.580985,2018-08-05 00:00:00.000,
J P Nagar,2 wheeler theft,12.8880134,77.5708861,2018-08-07 00:00:00.000,
J P Nagar,2 wheeler theft,12.865989,77.580985,2018-08-09 00:00:00.000,
J P Nagar,2 wheeler theft,12.8765469,77.5827175,2018-08-13 00:00:00.000,
J P Nagar,2 wheeler theft,12.865989,77.580985,2018-08-20 00:00:00.000,
J P Nagar,2 wheeler theft,12.8880134,77.5708861,2018-08-21 00:00:00.000,
J P Nagar,2 wheeler theft,12.8880134,77.5708861,2018-08-22 00:00:00.000,
J P Nagar,2 wheeler theft,12.855696,77.574186,2019-08-27 00:00:00.000,
J P Nagar,2 wheeler theft,12.865696,77.5684186,2018-09-02 00:00:00.000,
J P Nagar,2 wheeler theft,12.8723196,77.566016,2018-09-04 00:00:00.000,
J P Nagar,2 wheeler theft,12.86823196,77.576016,2018-09-05 00:00:00.000,
J P Nagar,2 wheeler theft,12.8880134,77.5708861,2018-09-05 00:00:00.000,
J P Nagar,2 wheeler theft,12.87580134,77.5608861,2018-09-08 00:00:00.000,
J P Nagar,2 wheeler theft,12.888188,77.570812,2018-09-14 00:00:00.000,
J P Nagar,2 wheeler theft,12.888051,77.5805,2018-09-18 00:00:00.000,
J P Nagar,2 wheeler theft,12.892977,77.57807,2018-10-04 00:00:00.000,
J P Nagar,2 wheeler theft,12.892977,77.57807,2018-10-12 00:00:00.000,
J P Nagar,2 wheeler theft,12.8880134,77.5708861,2018-10-22 00:00:00.000,
J P Nagar,2 wheeler theft,12.856442999,77.58884479,2018-10-29 00:00:00.000,
J P Nagar,2 wheeler theft,12.892977,77.57807,2018-11-04 00:00:00.000,
J P Nagar,2 wheeler theft,12.896403,77.570289,2018-11-11 00:00:00.000,
J P Nagar,2 wheeler theft,12.895925,77.585328,2018-11-27 00:00:00.000,
J P Nagar,2 wheeler theft,12.888188,77.570812,2018-12-03 00:00:00.000,
J P Nagar,2 wheeler theft,12.840419,77.576783,2018-12-08 00:00:00.000,
J P Nagar,2 wheeler theft,12.8880134,77.5708861,2018-12-18 00:00:00.000,
J P Nagar,2 wheeler theft,12.8880134,77.5708861,2018-12-19 00:00:00.000,
J P Nagar,2 wheeler theft,12.884587,77.569498,2018-12-28 00:00:00.000,
J P Nagar,2 wheeler theft,12.845696,77.584186,2019-01-09 00:00:00.000,
J P Nagar,2 wheeler theft,12.895925,77.585328,2019-01-17 00:00:00.000,
J P Nagar,2 wheeler theft,12.888188,77.570812,2019-01-22 00:00:00.000,
J P Nagar,2 wheeler theft,12.866559,77.571249,2019-01-24 00:00:00.000,
J P Nagar,2 wheeler theft,12.881898,77.57622,2019-01-30 00:00:00.000,
J P Nagar,2 wheeler theft,12.869404,77.582054,2019-02-09 00:00:00.000,
J P Nagar,2 wheeler theft,12.876526,77.562358,2019-02-13 00:00:00.000,
J P Nagar,2 wheeler theft,12.896403,77.570289,2019-02-21 00:00:00.000,
J P Nagar,2 wheeler theft,12.856442999,77.58884479,2019-02-23 00:00:00.000,
J P Nagar,2 wheeler theft,12.85514,77.588799,2019-02-23 00:00:00.000,
J P Nagar,2 wheeler theft,12.896403,77.570289,2019-03-02 00:00:00.000,
J P Nagar,2 wheeler theft,12.866559,77.571249,2019-03-05 00:00:00.000,
J P Nagar,2 wheeler theft,12.8764,77.581172,2019-03-11 00:00:00.000,
J P Nagar,2 wheeler theft,12.85514,77.588799,2019-03-12 00:00:00.000,
J P Nagar,2 wheeler theft,12.869404,77.582054,2019-03-12 00:00:00.000,
J P Nagar,2 wheeler theft,12.856442999,77.58884479,2019-04-10 00:00:00.000,
J P Nagar,2 wheeler theft,12.896403,77.570289,2019-04-12 00:00:00.000,
J P Nagar,2 wheeler theft,12.881514,77.565853,2019-04-25 00:00:00.000,
J P Nagar,2 wheeler theft,12.8523663,77.58176,2019-05-01 00:00:00.000,
J P Nagar,2 wheeler theft,12.880369,77.575178,2019-05-18 00:00:00.000,
J P Nagar,2 wheeler theft,12.87769,77.56715,2019-05-28 00:00:00.000,
J P Nagar,2 wheeler theft,12.8765469,77.5827175,2019-06-04 00:00:00.000,
J P Nagar,2 wheeler theft,12.87769,77.56715,2019-06-08 00:00:00.000,
J P Nagar,2 wheeler theft,12.8765469,77.5827175,2019-06-19 00:00:00.000,
J P Nagar,2 wheeler theft,12.884022,77.583093,2019-06-20 00:00:00.000,
J P Nagar,2 wheeler theft,12.845696,77.584186,2019-06-21 00:00:00.000,
J P Nagar,2 wheeler theft,12.865769,77.56715,2019-07-03 00:00:00.000,
J P Nagar,2 wheeler theft,12.85469,77.55715,2019-07-05 00:00:00.000,
J P Nagar,2 wheeler theft,12.87769,77.567115,2019-07-07 00:00:00.000,
J P Nagar,2 wheeler theft,12.84569,77.567158,2019-07-15 00:00:00.000,
J P Nagar,2 wheeler theft,12.869404,77.582054,2019-07-29 00:00:00.000,
J P Nagar,2 wheeler theft,12.8769546,77.5827175,2019-08-17 00:00:00.000,
J P Nagar,2 wheeler theft,12.866994,77.591193,2019-08-22 00:00:00.000,
J P Nagar,2 wheeler theft,12.887741,77.56966,2019-08-24 00:00:00.000,
J P Nagar,2 wheeler theft,12.8807444,77.57559,2019-09-05 00:00:00.000,
J P Nagar,2 wheeler theft,12.869404,77.582054,2019-09-11 00:00:00.000,
J P Nagar,2 wheeler theft,12.866559,77.571249,2019-09-16 00:00:00.000,
J P Nagar,2 wheeler theft,12.8769546,77.5827175,2019-09-17 00:00:00.000,
J P Nagar,2 wheeler theft,12.86409,77.584085,2019-09-30 00:00:00.000,
J P Nagar,2 wheeler theft,12.89122,77.623724,2019-10-15 00:00:00.000,
J P Nagar,2 wheeler theft,12.8769546,77.5827175,2019-10-21 00:00:00.000,
J P Nagar,2 wheeler theft,12.878194,77.57011,2019-10-22 00:00:00.000,
J P Nagar,2 wheeler theft,12.8764,77.581172,2019-10-25 00:00:00.000,
J P Nagar,2 wheeler theft,12.8765469,77.5827175,2019-10-30 00:00:00.000,
J P Nagar,2 wheeler theft,12.8764,77.581172,2019-11-02 00:00:00.000,
J P Nagar,2 wheeler theft,12.876526,77.562358,2019-11-06 00:00:00.000,
J P Nagar,2 wheeler theft,12.8764,77.581172,2019-11-14 00:00:00.000,
J P Nagar,2 wheeler theft,12.856442999,77.58884479,2019-11-26 00:00:00.000,
J P Nagar,2 wheeler theft,12.876526,77.562358,2019-12-18 00:00:00.000,
J P Nagar,2 wheeler theft,12.896403,77.570289,2019-12-20 00:00:00.000,
J P Nagar,2 wheeler theft,12.861208,77.579595,2019-12-28 00:00:00.000,
J P Nagar,2 wheeler theft,12.880763,77.584638,2017-01-08 00:00:00.000,21:00:00
J P Nagar,2 wheeler theft,12.902092,77.58447,2017-01-13 00:00:00.000,19:30:00
J P Nagar,2 wheeler theft,12.907061,77.590478,2017-02-02 00:00:00.000,21:00:00
J P Nagar,2 wheeler theft,12.889178,77.571874,2017-02-08 00:00:00.000,19:00:00
J P Nagar,2 wheeler theft,12.903834,77.584171,2017-02-13 00:00:00.000,09:30:00
J P Nagar,2 wheeler theft,12.888295,77.592134,2017-07-12 00:00:00.000,10:30:00
J P Nagar,2 wheeler theft,12.906379,77.598782,2017-07-29 00:00:00.000,10:45:00
J P Nagar,2 wheeler theft,12.897384,77.580647,2017-09-16 00:00:00.000,11:20:00
J P Nagar,2 wheeler theft,12.900202,77.600296,2017-11-06 00:00:00.000,11:00:00
J P Nagar,2 wheeler theft,12.894922,77.58234,2017-11-28 00:00:00.000,11:00:00
J P Nagar,2 wheeler theft,12.892836,77.591105,2017-12-20 00:00:00.000,11:00:00
J P Nagar,2 wheeler theft,12.89892,77.576586,2017-12-21 00:00:00.000,11:30:00
J P Nagar,2 wheeler theft,12.89921,77.57162,2018-01-05 00:00:00.000,10:30:00
J P Nagar,2 wheeler theft,12.904843,77.589547,2018-01-07 00:00:00.000,15:00:00
J P Nagar,2 wheeler theft,12.904981,77.588136,2018-02-05 00:00:00.000,18:00:00
J P Nagar,2 wheeler theft,12.906348,77.59955,2018-02-22 00:00:00.000,10:45:00
J P Nagar,2 wheeler theft,12.906348,77.59955,2018-02-23 00:00:00.000,11:30:00
J P Nagar,2 wheeler theft,12.889336,77.588762,2018-03-09 00:00:00.000,13:27:00
J P Nagar,2 wheeler theft,12.891019,77.582689,2018-06-27 00:00:00.000,10:10:00
J P Nagar,2 wheeler theft,12.903097,77.597421,2018-08-30 00:00:00.000,14:45:00
J P Nagar,2 wheeler theft,12.902214,77.595617,2018-09-05 00:00:00.000,12:45:00
J P Nagar,2 wheeler theft,12.535581,77.354721,2018-09-29 00:00:00.000,11:15:00
J P Nagar,2 wheeler theft,12.890857,77.582768,2018-10-27 00:00:00.000,11:30:00
J P Nagar,2 wheeler theft,12.54167,77.34492,2018-11-21 00:00:00.000,13:15:00
J P Nagar,2 wheeler theft,12.54167,77.34492,2018-11-21 00:00:00.000,13:30:00
J P Nagar,2 wheeler theft,12.897192,77.580155,2019-01-13 00:00:00.000,18:15:00
J P Nagar,2 wheeler theft,12.902465,77.584011,2019-07-10 00:00:00.000,15:00:00
J P Nagar,2 wheeler theft,12.88087,77.5855,2019-07-18 00:00:00.000,15:00:00
J P Nagar,2 wheeler theft,12.88087,77.5855,2019-08-13 00:00:00.000,16:00:00
J P Nagar,2 wheeler theft,12.897492,77.582135,2019-10-16 00:00:00.000,10:30:00
J P Nagar,2 wheeler theft,12.9162974053303,77.5707956209262,2015-01-04 00:00:00.000,16:00:00
J P Nagar,2 wheeler theft,12.9061712471247,77.5698458437946,2015-01-08 00:00:00.000,15:00:00
J P Nagar,2 wheeler theft,12.9026072787272,77.5614887435773,2015-01-11 00:00:00.000,16:30:00
J P Nagar,2 wheeler theft,12.9071512442452,77.5706532660885,2015-01-18 00:00:00.000,09:45:00
J P Nagar,2 wheeler theft,12.8996965673904,77.5716115576741,2015-01-21 00:00:00.000,11:30:00
J P Nagar,2 wheeler theft,12.9080332769306,77.5632487037232,2015-01-29 00:00:00.000,22:40:00
J P Nagar,2 wheeler theft,12.9080332769306,77.5632487037232,2015-01-30 00:00:00.000,10:30:00
J P Nagar,2 wheeler theft,12.8964474718431,77.5667368067783,2015-02-02 00:00:00.000,15:30:00
J P Nagar,2 wheeler theft,12.9124941271334,77.5724056559576,2015-02-05 00:00:00.000,13:00:00
J P Nagar,2 wheeler theft,12.890754228672,77.5645057261162,2015-02-05 00:00:00.000,18:30:00
J P Nagar,2 wheeler theft,12.9026072787272,77.5614887435773,2015-02-09 00:00:00.000,19:00:00
J P Nagar,2 wheeler theft,12.9094534210642,77.5650951734528,2015-02-13 00:00:00.000,11:30:00
J P Nagar,2 wheeler theft,12.9114198115401,77.5620768564236,2015-02-16 00:00:00.000,18:00:00
J P Nagar,2 wheeler theft,12.9082210576011,77.5691571683934,2015-02-18 00:00:00.000,12:00:00
J P Nagar,2 wheeler theft,12.9077016670668,77.5713097696338,2015-02-21 00:00:00.000,12:15:00
J P Nagar,2 wheeler theft,12.9094534210642,77.5650951734528,2015-02-27 00:00:00.000,12:45:00
J P Nagar,2 wheeler theft,12.9061712471247,77.5698458437946,2015-02-28 00:00:00.000,11:00:00
J P Nagar,2 wheeler theft,12.9012989480561,77.5643151086311,2015-03-02 00:00:00.000,10:45:00
J P Nagar,2 wheeler theft,12.8903442323649,77.5642779498096,2015-04-08 00:00:00.000,15:00:00
J P Nagar,2 wheeler theft,12.908066950744,77.5611409433865,2015-04-10 00:00:00.000,11:00:00
J P Nagar,2 wheeler theft,12.9133048035839,77.5680350394204,2015-04-14 00:00:00.000,11:45:00
J P Nagar,2 wheeler theft,12.8957622003642,77.5599416215927,2015-04-16 00:00:00.000,09:30:00
J P Nagar,2 wheeler theft,12.9026072787272,77.5614887435773,2015-04-20 00:00:00.000,11:30:00
J P Nagar,2 wheeler theft,12.8903442323649,77.5642779498096,2015-04-23 00:00:00.000,11:20:00
J P Nagar,2 wheeler theft,12.9052771116009,77.5577766432655,2015-04-24 00:00:00.000,18:00:00
J P Nagar,2 wheeler theft,12.9080332769306,77.5632487037232,2015-05-04 00:00:00.000,10:00:00
J P Nagar,2 wheeler theft,12.9124182556892,77.5641048370764,2015-05-08 00:00:00.000,15:00:00
J P Nagar,2 wheeler theft,12.9025739220522,77.5659246863658,2015-05-14 00:00:00.000,14:10:00
J P Nagar,2 wheeler theft,12.9109359450741,77.5646696875901,2015-05-17 00:00:00.000,10:30:00
J P Nagar,2 wheeler theft,12.8928133912158,77.5666300513369,2015-06-03 00:00:00.000,14:30:00
J P Nagar,2 wheeler theft,12.9114198115401,77.5620768564236,2015-06-14 00:00:00.000,09:30:00
J P Nagar,2 wheeler theft,12.9105468600267,77.5607455338601,2015-06-25 00:00:00.000,18:00:00
J P Nagar,2 wheeler theft,12.9084421818488,77.5636739766668,2015-07-19 00:00:00.000,11:00:00
J P Nagar,2 wheeler theft,12.9080332769306,77.5620768564236,2015-07-23 00:00:00.000,10:30:00
J P Nagar,2 wheeler theft,12.9091807195423,77.5656070819586,2015-07-31 00:00:00.000,12:30:00
J P Nagar,2 wheeler theft,12.9156668834348,77.5615653226641,2015-08-03 00:00:00.000,20:15:00
J P Nagar,2 wheeler theft,12.9076945341477,77.5719852228203,2015-08-04 00:00:00.000,
J P Nagar,2 wheeler theft,12.9080332769306,77.5632487037232,2015-08-05 00:00:00.000,21:30:00
J P Nagar,2 wheeler theft,12.9076945341477,77.5719852228203,2015-08-06 00:00:00.000,11:10:00
J P Nagar,2 wheeler theft,12.9073405371661,77.5726119249203,2015-08-07 00:00:00.000,12:00:00
J P Nagar,2 wheeler theft,12.9073405371661,77.5726119249203,2015-08-07 00:00:00.000,12:00:00
J P Nagar,2 wheeler theft,12.9053291297934,77.5632981341383,2015-08-08 00:00:00.000,21:30:00
J P Nagar,2 wheeler theft,12.9108218496637,77.5682452113819,2015-08-12 00:00:00.000,
J P Nagar,2 wheeler theft,12.9076945341477,77.5719852228203,2015-08-12 00:00:00.000,12:00:00
J P Nagar,2 wheeler theft,12.9076945341477,77.5719852228203,2015-08-14 00:00:00.000,15:00:00
J P Nagar,2 wheeler theft,12.9021793656268,77.5692408918847,2015-08-17 00:00:00.000,10:30:00
J P Nagar,2 wheeler theft,12.9141256400484,77.5633354568206,2015-09-07 00:00:00.000,20:00:00
J P Nagar,2 wheeler theft,12.9079107980595,77.5667368067783,2015-09-15 00:00:00.000,12:45:00
J P Nagar,2 wheeler theft,12.8985572712756,77.5691445545836,2015-09-18 00:00:00.000,23:30:00
J P Nagar,2 wheeler theft,12.9082210576011,77.5691571683934,2015-09-22 00:00:00.000,11:00:00
J P Nagar,2 wheeler theft,12.9026072787272,77.5614887435773,2015-10-01 00:00:00.000,10:15:00
J P Nagar,2 wheeler theft,12.8985246476293,77.5693946158236,2015-10-07 00:00:00.000,16:00:00
J P Nagar,2 wheeler theft,12.9143716661247,77.5605678006664,2015-10-08 00:00:00.000,15:00:00
J P Nagar,2 wheeler theft,12.900799164981,77.5559890134002,2015-10-10 00:00:00.000,17:00:00
J P Nagar,2 wheeler theft,12.8928133912158,77.5666300513369,2015-10-17 00:00:00.000,21:00:00
J P Nagar,2 wheeler theft,12.9141256400484,77.5633354568206,2015-10-19 00:00:00.000,11:00:00
J P Nagar,2 wheeler theft,12.908066950744,77.5611409433865,2015-10-19 00:00:00.000,14:00:00
J P Nagar,2 wheeler theft,12.9032436680711,77.5661907682003,2015-10-19 00:00:00.000,16:00:00
J P Nagar,2 wheeler theft,12.9155719870194,77.5732155912695,2015-10-26 00:00:00.000,18:00:00
J P Nagar,2 wheeler theft,12.9133048035839,77.5680350394204,2015-10-28 00:00:00.000,12:05:00
J P Nagar,2 wheeler theft,12.8995644705803,77.5593349389321,2015-11-26 00:00:00.000,11:30:00
J P Nagar,2 wheeler theft,12.9045264921368,77.5661519120365,2015-11-30 00:00:00.000,11:00:00
J P Nagar,2 wheeler theft,12.9059400389787,77.558230806642,2015-12-02 00:00:00.000,11:15:00
J P Nagar,2 wheeler theft,12.8993985560933,77.572584947246,2015-12-17 00:00:00.000,11:30:00
J P Nagar,2 wheeler theft,12.9036664359072,77.567460870869,2015-12-21 00:00:00.000,16:30:00
J P Nagar,2 wheeler theft,12.9107445184317,77.561412474338,2015-12-22 00:00:00.000,15:45:00
J P Nagar,2 wheeler theft,12.8974156120756,77.5551514198462,2015-12-24 00:00:00.000,22:00:00
J P Nagar,2 wheeler theft,12.9124941271334,77.5724056559576,2015-12-28 00:00:00.000,10:00:00
J P Nagar,2 wheeler theft,12.9021874622456,77.5726241709647,2016-01-05 00:00:00.000,
J P Nagar,2 wheeler theft,12.8988074924041,77.5722900133757,2016-05-01 00:00:00.000,18:15:00
J P Nagar,2 wheeler theft,12.9091037658116,77.5728123280827,2016-07-01 00:00:00.000,13:45:00
J P Nagar,2 wheeler theft,12.9045264921368,77.5661519120365,2016-07-01 00:00:00.000,18:00:00
J P Nagar,2 wheeler theft,12.9058822540435,77.5714810872207,2016-09-01 00:00:00.000,12:00:00
J P Nagar,2 wheeler theft,12.9155719870194,77.5732155912695,2016-01-13 00:00:00.000,10:00:00
J P Nagar,2 wheeler theft,12.9005376815796,77.565996007341,2016-01-13 00:00:00.000,10:30:00
J P Nagar,2 wheeler theft,12.8997129806792,77.5716674667168,2016-01-13 00:00:00.000,19:30:00
J P Nagar,2 wheeler theft,12.8928133912158,77.5666300513369,2016-01-15 00:00:00.000,13:00:00
J P Nagar,2 wheeler theft,12.9108218496637,77.5682452113819,2016-01-18 00:00:00.000,22:10:00
J P Nagar,2 wheeler theft,12.9084899772541,77.5597687026855,2016-01-20 00:00:00.000,16:10:00
J P Nagar,2 wheeler theft,12.8957622003642,77.5599416215927,2016-01-23 00:00:00.000,09:00:00
J P Nagar,2 wheeler theft,12.9108218496637,77.5682452113819,2016-01-23 00:00:00.000,11:00:00
J P Nagar,2 wheeler theft,12.9021874622456,77.5726241709647,2016-01-26 00:00:00.000,10:00:00
J P Nagar,2 wheeler theft,12.9086134369316,77.5613874770157,2016-01-29 00:00:00.000,17:30:00
J P Nagar,2 wheeler theft,12.8974156120756,77.5551514198462,2016-11-02 00:00:00.000,17:30:00
J P Nagar,2 wheeler theft,12.8985401603213,77.5712254070665,2016-12-02 00:00:00.000,
J P Nagar,2 wheeler theft,12.9124182556892,77.5641048370764,2016-02-13 00:00:00.000,09:30:00
J P Nagar,2 wheeler theft,12.9012358299027,77.5547661947272,2016-02-22 00:00:00.000,20:00:00
J P Nagar,2 wheeler theft,12.9045264921368,77.5661519120365,2016-02-24 00:00:00.000,12:00:00
J P Nagar,2 wheeler theft,12.8974156120756,77.5551514198462,2016-02-24 00:00:00.000,14:00:00
J P Nagar,2 wheeler theft,12.9108218496637,77.5682452113819,2016-02-27 00:00:00.000,11:30:00
J P Nagar,2 wheeler theft,12.9002894980367,77.5698767380415,2016-02-28 00:00:00.000,10:15:00
J P Nagar,2 wheeler theft,12.9108218496637,77.5682452113819,2016-06-03 00:00:00.000,09:30:00
J P Nagar,2 wheeler theft,12.9084899772541,77.5597687026855,2016-09-03 00:00:00.000,10:30:00
J P Nagar,2 wheeler theft,12.9151436819703,77.5694191266274,2016-03-15 00:00:00.000,16:30:00
J P Nagar,2 wheeler theft,12.9076945341477,77.5719852228203,2016-03-17 00:00:00.000,10:00:00
J P Nagar,2 wheeler theft,12.9080003367486,77.5691434883812,2016-03-18 00:00:00.000,13:20:00
J P Nagar,2 wheeler theft,12.9043309015663,77.5684681501214,2016-03-21 00:00:00.000,16:30:00
J P Nagar,2 wheeler theft,12.9136600912658,77.5652671305881,2016-03-27 00:00:00.000,11:55:00
J P Nagar,2 wheeler theft,12.9108218496637,77.5682452113819,2016-03-27 00:00:00.000,22:15:00
J P Nagar,2 wheeler theft,12.8974156120756,77.5551514198462,2016-03-29 00:00:00.000,13:00:00
J P Nagar,2 wheeler theft,12.9071512442452,77.5706532660885,2016-11-04 00:00:00.000,21:30:00
J P Nagar,2 wheeler theft,12.9058711122321,77.5646367108323,2016-04-13 00:00:00.000,10:00:00
J P Nagar,2 wheeler theft,12.900799164981,77.5559890134002,2016-04-24 00:00:00.000,
J P Nagar,2 wheeler theft,12.9105357656601,77.5641390511268,2016-04-25 00:00:00.000,
J P Nagar,2 wheeler theft,12.9076945341477,77.5719852228203,2016-04-28 00:00:00.000,
J P Nagar,2 wheeler theft,12.9155719870194,77.5732155912695,2016-04-29 00:00:00.000,
J P Nagar,2 wheeler theft,12.9105357656601,77.5641390511268,2016-02-05 00:00:00.000,
J P Nagar,2 wheeler theft,12.9155359324014,77.5616258170776,2016-05-16 00:00:00.000,12:50:00
J P Nagar,2 wheeler theft,12.9053443222664,77.56865661861,2016-03-06 00:00:00.000,10:00:00
J P Nagar,2 wheeler theft,12.9128404363373,77.5678646570763,2016-04-06 00:00:00.000,11:15:00
J P Nagar,2 wheeler theft,12.9021874622456,77.5726241709647,2016-05-06 00:00:00.000,16:00:00
J P Nagar,2 wheeler theft,12.9105468600267,77.5607455338601,2016-08-06 00:00:00.000,15:00:00
J P Nagar,2 wheeler theft,12.9085830973351,77.5651011360945,2016-08-06 00:00:00.000,19:30:00
J P Nagar,2 wheeler theft,12.9053443222664,77.56865661861,2016-09-06 00:00:00.000,08:00:00
J P Nagar,2 wheeler theft,12.9086134369316,77.5613874770157,2016-06-17 00:00:00.000,15:10:00
J P Nagar,2 wheeler theft,12.906810639433,77.5730762044929,2016-06-22 00:00:00.000,17:30:00
J P Nagar,2 wheeler theft,12.9080003367486,77.5691434883812,2016-07-07 00:00:00.000,15:15:00
J P Nagar,2 wheeler theft,12.8985485830136,77.5696633326515,2016-07-13 00:00:00.000,19:30:00
J P Nagar,2 wheeler theft,12.9012358299027,77.5547661947272,2016-07-22 00:00:00.000,13:30:00
J P Nagar,2 wheeler theft,12.9162974053303,77.5707956209262,2016-09-08 00:00:00.000,09:30:00
J P Nagar,2 wheeler theft,12.9026072787272,77.5616066038878,2016-08-15 00:00:00.000,17:00:00
J P Nagar,2 wheeler theft,12.898358820125,77.5613959011009,2016-08-18 00:00:00.000,23:00:00
J P Nagar,2 wheeler theft,12.9099852303812,77.562617357785,2016-08-25 00:00:00.000,13:40:00
J P Nagar,2 wheeler theft,12.9124182556892,77.5641048370764,2016-02-09 00:00:00.000,14:10:00
J P Nagar,2 wheeler theft,12.9124182556892,77.5641048370764,2016-03-09 00:00:00.000,12:45:00
J P Nagar,2 wheeler theft,12.9080332769306,77.5632487037232,2016-05-09 00:00:00.000,11:30:00
J P Nagar,2 wheeler theft,12.9029361724366,77.5682324926102,2016-09-20 00:00:00.000,11:15:00
J P Nagar,2 wheeler theft,12.9057414168407,77.5652834749371,2016-09-21 00:00:00.000,17:00:00
J P Nagar,2 wheeler theft,12.9124182556892,77.5641048370764,2016-09-23 00:00:00.000,10:00:00
J P Nagar,2 wheeler theft,12.9020804066762,77.5651518006063,2016-09-28 00:00:00.000,10:30:00
J P Nagar,2 wheeler theft,12.9021874622456,77.5726241709647,2016-06-10 00:00:00.000,09:30:00
J P Nagar,2 wheeler theft,12.9026072787272,77.5614887435773,2016-08-10 00:00:00.000,11:30:00
J P Nagar,2 wheeler theft,12.9026072787272,77.5614887435773,2016-10-17 00:00:00.000,18:00:00
J P Nagar,2 wheeler theft,12.9057414168407,77.5652834749371,2016-10-22 00:00:00.000,21:40:00
J P Nagar,2 wheeler theft,12.9094534210642,77.5650951734528,2016-10-23 00:00:00.000,12:30:00
J P Nagar,2 wheeler theft,12.8988074924041,77.5722900133757,2016-10-24 00:00:00.000,11:00:00
J P Nagar,2 wheeler theft,12.9124182556892,77.5641048370764,2016-10-30 00:00:00.000,14:45:00
J P Nagar,2 wheeler theft,12.9108218496637,77.5682452113819,2016-07-11 00:00:00.000,10:15:00
J P Nagar,2 wheeler theft,12.9151436819703,77.5694191266274,2016-09-11 00:00:00.000,11:00:00
J P Nagar,2 wheeler theft,12.9142072407114,77.5618648043771,2016-10-12 00:00:00.000,13:00:00
J P Nagar,2 wheeler theft,12.9079107980595,77.5667368067783,2016-11-17 00:00:00.000,11:45:00
J P Nagar,2 wheeler theft,12.9073405371661,77.5726119249203,2016-11-23 00:00:00.000,17:15:00
J P Nagar,2 wheeler theft,12.8957622003642,77.5599416215927,2016-11-29 00:00:00.000,09:00:00
J P Nagar,2 wheeler theft,12.8964474718431,77.5667368067783,2016-10-12 00:00:00.000,17:00:00
J P Nagar,2 wheeler theft,12.9141256400484,77.5633354568206,2016-12-22 00:00:00.000,19:00:00
J P Nagar,2 wheeler theft,12.8999136414243,77.5724909471076,2016-12-31 00:00:00.000,11:45:00
J P Nagar,2 wheeler theft,12.9012358299027,77.5547661947272,2017-01-11 00:00:00.000,14:00:00
J P Nagar,2 wheeler theft,12.9108218496637,77.5682452113819,2017-01-12 00:00:00.000,14:00:00
J P Nagar,2 wheeler theft,12.9008927627643,77.5698813716385,2017-01-13 00:00:00.000,10:20:00
J P Nagar,2 wheeler theft,12.9141256400484,77.5633354568206,2017-01-13 00:00:00.000,10:40:00
J P Nagar,2 wheeler theft,12.908066950744,77.5611409433865,2017-01-13 00:00:00.000,16:00:00
J P Nagar,2 wheeler theft,12.8964474718431,77.5667368067783,2017-01-14 00:00:00.000,11:30:00
J P Nagar,2 wheeler theft,12.9027651487263,77.5616312651418,2017-01-19 00:00:00.000,11:00:00
J P Nagar,2 wheeler theft,12.9085203452405,77.5725265251381,2017-01-27 00:00:00.000,14:00:00
J P Nagar,2 wheeler theft,12.9078188486161,77.5605678006664,2017-01-28 00:00:00.000,
J P Nagar,2 wheeler theft,12.9108218496637,77.5682452113819,2017-02-04 00:00:00.000,09:00:00
J P Nagar,2 wheeler theft,12.9124182556892,77.5641048370764,2017-02-08 00:00:00.000,17:30:00
J P Nagar,2 wheeler theft,12.9008927627643,77.5698813716385,2017-02-11 00:00:00.000,15:00:00
J P Nagar,2 wheeler theft,12.9109359450741,77.5646696875901,2017-02-11 00:00:00.000,06:00:00
J P Nagar,2 wheeler theft,12.9111003863886,77.5664470676387,2017-02-13 00:00:00.000,
J P Nagar,2 wheeler theft,12.9109359450741,77.5646696875901,2017-02-13 00:00:00.000,
J P Nagar,2 wheeler theft,12.9085203452405,77.5725265251381,2017-02-22 00:00:00.000,
J P Nagar,2 wheeler theft,12.8928133912158,77.5666300513369,2017-02-24 00:00:00.000,
J P Nagar,2 wheeler theft,12.895284445528,77.5662128659953,2017-02-27 00:00:00.000,
J P Nagar,2 wheeler theft,12.9021874622456,77.5726241709647,2017-02-28 00:00:00.000,
J P Nagar,2 wheeler theft,12.9012358299027,77.5547661947272,2017-03-03 00:00:00.000,
J P Nagar,2 wheeler theft,12.9151436819703,77.5694191266274,2017-03-07 00:00:00.000,
J P Nagar,2 wheeler theft,12.8981950397319,77.5693753268396,2017-03-17 00:00:00.000,09:30:00
J P Nagar,2 wheeler theft,12.9108218496637,77.5682452113819,2017-03-23 00:00:00.000,
J P Nagar,2 wheeler theft,12.9143691111693,77.5733106370572,2017-03-28 00:00:00.000,
J P Nagar,2 wheeler theft,12.895284445528,77.5662128659953,2017-04-03 00:00:00.000,
J P Nagar,2 wheeler theft,12.9094534210642,77.5650951734528,2017-04-08 00:00:00.000,11:30:00
J P Nagar,2 wheeler theft,12.9025428672536,77.5616066038878,2017-04-08 00:00:00.000,15:30:00
J P Nagar,2 wheeler theft,12.8987338627581,77.5582034663051,2017-04-11 00:00:00.000,16:30:00
J P Nagar,2 wheeler theft,12.8988074924041,77.5722900133757,2017-04-13 00:00:00.000,10:15:00
J P Nagar,2 wheeler theft,12.9058711122321,77.5646367108323,2017-04-14 00:00:00.000,12:30:00
J P Nagar,2 wheeler theft,12.9105468600267,77.5607455338601,2017-04-18 00:00:00.000,17:00:00
J P Nagar,2 wheeler theft,12.8928133912158,77.5666300513369,2017-04-19 00:00:00.000,17:30:00
J P Nagar,2 wheeler theft,12.8985485830136,77.5696633326515,2017-04-19 00:00:00.000,18:10:00
J P Nagar,2 wheeler theft,12.9141256400484,77.5633354568206,2017-04-21 00:00:00.000,16:20:00
J P Nagar,2 wheeler theft,12.908066950744,77.5611409433865,2017-04-22 00:00:00.000,12:00:00
J P Nagar,2 wheeler theft,12.9080332769306,77.5632487037232,2017-04-22 00:00:00.000,17:30:00
J P Nagar,2 wheeler theft,12.9008927627643,77.5698813716385,2017-04-24 00:00:00.000,11:00:00
J P Nagar,2 wheeler theft,12.9124941271334,77.5724056559576,2017-04-24 00:00:00.000,13:00:00
J P Nagar,2 wheeler theft,12.9035617084344,77.5595982000289,2017-04-27 00:00:00.000,13:10:00
J P Nagar,2 wheeler theft,12.902333328087,77.56892819667,2017-04-27 00:00:00.000,16:30:00
J P Nagar,2 wheeler theft,12.8928133912158,77.5666300513369,2017-04-29 00:00:00.000,15:00:00
J P Nagar,2 wheeler theft,12.8982901872439,77.5692057261274,2017-05-02 00:00:00.000,10:00:00
J P Nagar,2 wheeler theft,12.8981950397319,77.5693753268396,2017-05-04 00:00:00.000,18:00:00
J P Nagar,2 wheeler theft,12.9156668834348,77.5615653226641,2017-05-07 00:00:00.000,11:00:00
J P Nagar,2 wheeler theft,12.9144905944493,77.5721064816148,2017-05-09 00:00:00.000,10:40:00
J P Nagar,2 wheeler theft,12.9058711122321,77.5646367108323,2017-05-09 00:00:00.000,16:00:00
J P Nagar,2 wheeler theft,12.9166716189819,77.5734553925553,2017-05-10 00:00:00.000,18:30:00
J P Nagar,2 wheeler theft,12.9021874622456,77.5726241709647,2017-05-11 00:00:00.000,17:45:00
J P Nagar,2 wheeler theft,12.9135166186977,77.5670477005948,2017-05-15 00:00:00.000,17:00:00
J P Nagar,2 wheeler theft,12.9110294088381,77.5643473914351,2017-05-18 00:00:00.000,17:30:00
J P Nagar,2 wheeler theft,12.908066950744,77.5611409433865,2017-05-22 00:00:00.000,14:00:00
J P Nagar,2 wheeler theft,12.9080332769306,77.5632487037232,2017-05-23 00:00:00.000,16:00:00
J P Nagar,2 wheeler theft,12.9143691111693,77.5733106370572,2017-05-26 00:00:00.000,10:00:00
J P Nagar,2 wheeler theft,12.9098517565759,77.5654041779251,2017-05-26 00:00:00.000,16:30:00
J P Nagar,2 wheeler theft,12.9135166186977,77.5670477005948,2017-05-29 00:00:00.000,11:00:00
J P Nagar,2 wheeler theft,12.9111003863886,77.5664470676387,2017-06-01 00:00:00.000,11:30:00
J P Nagar,2 wheeler theft,12.9109359450741,77.5646696875901,2017-06-03 00:00:00.000,12:45:00
J P Nagar,2 wheeler theft,12.8903442323649,77.5642779498096,2017-06-03 00:00:00.000,17:00:00
J P Nagar,2 wheeler theft,12.9076945341477,77.5719852228203,2017-06-05 00:00:00.000,17:30:00
J P Nagar,2 wheeler theft,12.9012358299027,77.5547661947272,2017-06-10 00:00:00.000,
J P Nagar,2 wheeler theft,12.8966729945995,77.5607513795297,2017-06-10 00:00:00.000,
Jayanagar,2 wheeler theft,12.9025428672536,77.5616066038878,2017-06-13 00:00:00.000,
Jayanagar,2 wheeler theft,12.9057414168407,77.5652834749371,2017-06-20 00:00:00.000,17:30:00
Jayanagar,2 wheeler theft,12.9023385605328,77.5653252772123,2017-06-29 00:00:00.000,12:30:00
Jayanagar,2 wheeler theft,12.908066950744,77.5611409433865,2017-06-30 00:00:00.000,08:45:00
Jayanagar,2 wheeler theft,12.9124182556892,77.5641048370764,2017-06-30 00:00:00.000,13:00:00
Jayanagar,2 wheeler theft,12.8928133912158,77.5666300513369,2017-07-01 00:00:00.000,15:00:00
Jayanagar,2 wheeler theft,12.9061712471247,77.5698458437946,2017-07-03 00:00:00.000,17:00:00
Jayanagar,2 wheeler theft,12.8988074924041,77.5722900133757,2017-07-09 00:00:00.000,10:00:00
Jayanagar,2 wheeler theft,12.9124941271334,77.5724056559576,2017-07-10 00:00:00.000,18:30:00
Jayanagar,2 wheeler theft,12.8930002416171,77.5629813417127,2017-07-12 00:00:00.000,
Jayanagar,2 wheeler theft,12.9156668834348,77.5615653226641,2017-07-18 00:00:00.000,
Jayanagar,2 wheeler theft,12.890754228672,77.5645057261162,2017-07-18 00:00:00.000,
Jayanagar,2 wheeler theft,12.9085203452405,77.5725265251381,2017-07-22 00:00:00.000,
Jayanagar,2 wheeler theft,12.8985485830136,77.5696633326515,2017-07-27 00:00:00.000,
Jayanagar,2 wheeler theft,12.9094534210642,77.5650951734528,2017-07-30 00:00:00.000,
Jayanagar,2 wheeler theft,12.9156668834348,77.5615653226641,2017-08-01 00:00:00.000,
Jayanagar,2 wheeler theft,12.9108218496637,77.5682452113819,2017-08-07 00:00:00.000,
Jayanagar,2 wheeler theft,12.9025428672536,77.5616066038878,2017-08-10 00:00:00.000,
Jayanagar,2 wheeler theft,12.9092424601362,77.5632515932235,2017-08-10 00:00:00.000,
Jayanagar,2 wheeler theft,12.9027651487263,77.5616312651418,2017-08-11 00:00:00.000,
Jayanagar,2 wheeler theft,12.8985485830136,77.5696633326515,2017-08-14 00:00:00.000,
Jayanagar,2 wheeler theft,12.9080332769306,77.5632487037232,2017-08-18 00:00:00.000,
Jayanagar,2 wheeler theft,12.9080332769306,77.5632487037232,2017-08-21 00:00:00.000,
Jayanagar,2 wheeler theft,12.8966729945995,77.5607513795297,2017-08-26 00:00:00.000,
Jayanagar,2 wheeler theft,12.9108218496637,77.5682452113819,2017-08-28 00:00:00.000,
Jayanagar,2 wheeler theft,12.9133048035839,77.5680350394204,2017-09-04 00:00:00.000,
Jayanagar,2 wheeler theft,12.9076945341477,77.5719852228203,2017-09-05 00:00:00.000,
Jayanagar,2 wheeler theft,12.9133048035839,77.5680350394204,2017-09-06 00:00:00.000,
Jayanagar,2 wheeler theft,12.9141256400484,77.5633354568206,2017-09-09 00:00:00.000,
Jayanagar,2 wheeler theft,12.9151436819703,77.5694191266274,2017-09-18 00:00:00.000,
Jayanagar,2 wheeler theft,12.9058711122321,77.5646367108323,2017-09-21 00:00:00.000,
Jayanagar,2 wheeler theft,12.898358820125,77.5613959011009,2017-09-23 00:00:00.000,
Jayanagar,2 wheeler theft,12.8928133912158,77.5666300513369,2017-09-25 00:00:00.000,
Jayanagar,2 wheeler theft,12.9162974053303,77.5707956209262,2017-10-02 00:00:00.000,
Jayanagar,2 wheeler theft,12.9085203452405,77.5725265251381,2017-10-04 00:00:00.000,
Jayanagar,2 wheeler theft,12.9057414168407,77.5652834749371,2017-10-05 00:00:00.000,
Jayanagar,2 wheeler theft,12.9162974053303,77.5707956209262,2017-10-10 00:00:00.000,
Jayanagar,2 wheeler theft,12.9076945341477,77.5719852228203,2017-10-17 00:00:00.000,
Jayanagar,2 wheeler theft,12.9094534210642,77.5650951734528,2017-10-26 00:00:00.000,
Jayanagar,2 wheeler theft,12.895284445528,77.5662128659953,2017-11-08 00:00:00.000,
Jayanagar,2 wheeler theft,12.9021874622456,77.5726241709647,2017-11-18 00:00:00.000,
Jayanagar,2 wheeler theft,12.9109359450741,77.5646696875901,2017-11-28 00:00:00.000,
Jayanagar,2 wheeler theft,12.9109359450741,77.5646696875901,2017-11-28 00:00:00.000,
Jayanagar,2 wheeler theft,12.9082210576011,77.5691571683934,2017-11-29 00:00:00.000,
Jayanagar,2 wheeler theft,12.908066950744,77.5611409433865,2017-12-05 00:00:00.000,
Jayanagar,2 wheeler theft,12.8928133912158,77.5666300513369,2018-01-05 00:00:00.000,19:30:00
Jayanagar,2 wheeler theft,12.9108218496637,77.5682452113819,2018-01-08 00:00:00.000,17:30:00
Jayanagar,2 wheeler theft,12.9026072787272,77.5614887435773,2018-01-14 00:00:00.000,10:30:00
Jayanagar,2 wheeler theft,12.9061712471247,77.5698458437946,2018-01-16 00:00:00.000,18:00:00
Jayanagar,2 wheeler theft,12.9156668834348,77.5615653226641,2018-01-23 00:00:00.000,15:00:00
Jayanagar,2 wheeler theft,12.9076945341477,77.5719852228203,2018-02-19 00:00:00.000,13:00:00
Jayanagar,2 wheeler theft,12.9162974053303,77.5707956209262,2018-02-20 00:00:00.000,14:00:00
Jayanagar,2 wheeler theft,12.8996965673904,77.5716115576741,2018-02-21 00:00:00.000,10:30:00
Jayanagar,2 wheeler theft,12.9012358299027,77.5547661947272,2018-03-06 00:00:00.000,12:30:00
Jayanagar,2 wheeler theft,12.9050964485764,77.571337000055,2018-03-09 00:00:00.000,10:00:00
Jayanagar,2 wheeler theft,12.9021874622456,77.5726241709647,2018-03-17 00:00:00.000,
Jayanagar,2 wheeler theft,12.895284445528,77.5662128659953,2018-03-23 00:00:00.000,
Jayanagar,2 wheeler theft,12.9084899772541,77.5597687026855,2018-03-25 00:00:00.000,
Jayanagar,2 wheeler theft,12.9080332769306,77.5632487037232,2018-03-26 00:00:00.000,
Jayanagar,2 wheeler theft,12.9061712471247,77.5698458437946,2018-03-27 00:00:00.000,12:15:00
Jayanagar,2 wheeler theft,12.9057414168407,77.5652834749371,2018-03-28 00:00:00.000,
Jayanagar,2 wheeler theft,12.9156668834348,77.5615653226641,2018-03-29 00:00:00.000,
Jayanagar,2 wheeler theft,12.908066950744,77.5611409433865,2018-04-01 00:00:00.000,
Jayanagar,2 wheeler theft,12.9135166186977,77.5670477005948,2018-04-09 00:00:00.000,
Jayanagar,2 wheeler theft,12.9099852303812,77.562617357785,2018-04-15 00:00:00.000,12:15:00
Jayanagar,2 wheeler theft,12.9021874622456,77.5726241709647,2018-04-18 00:00:00.000,
Jayanagar,2 wheeler theft,12.9057414168407,77.5652834749371,2018-04-20 00:00:00.000,17:30:00
Jayanagar,2 wheeler theft,12.9061712471247,77.5698458437946,2018-04-23 00:00:00.000,18:20:00
Jayanagar,2 wheeler theft,12.9082210576011,77.5691571683934,2018-04-26 00:00:00.000,
Jayanagar,2 wheeler theft,12.9141256400484,77.5633354568206,2018-05-08 00:00:00.000,
Jayanagar,2 wheeler theft,12.9076945341477,77.5719852228203,2018-05-22 00:00:00.000,
Jayanagar,2 wheeler theft,12.9085203452405,77.5725265251381,2018-05-26 00:00:00.000,
Jayanagar,2 wheeler theft,12.9114198115401,77.5620768564236,2018-06-02 00:00:00.000,
Jayanagar,2 wheeler theft,12.895284445528,77.5662128659953,2018-06-05 00:00:00.000,
Jayanagar,2 wheeler theft,12.9082210576011,77.5691571683934,2018-06-17 00:00:00.000,
Jayanagar,2 wheeler theft,12.895284445528,77.5662128659953,2018-06-27 00:00:00.000,
Jayanagar,2 wheeler theft,12.9011494733062,77.5706465675149,2018-06-29 00:00:00.000,
Jayanagar,2 wheeler theft,12.8903442323649,77.5642779498096,2018-07-07 00:00:00.000,
Jayanagar,2 wheeler theft,12.908066950744,77.5611409433865,2018-07-07 00:00:00.000,
Jayanagar,2 wheeler theft,12.9073405371661,77.5726119249203,2018-07-08 00:00:00.000,
Jayanagar,2 wheeler theft,12.9058711122321,77.5646367108323,2018-07-09 00:00:00.000,
Jayanagar,2 wheeler theft,12.9109359450741,77.5646696875901,2018-07-23 00:00:00.000,
Jayanagar,2 wheeler theft,12.8957622003642,77.5599416215927,2018-07-28 00:00:00.000,
Jayanagar,2 wheeler theft,12.9124941271334,77.5724056559576,2018-08-01 00:00:00.000,
Jayanagar,2 wheeler theft,12.9105468600267,77.5607455338601,2018-08-08 00:00:00.000,
Jayanagar,2 wheeler theft,12.895284445528,77.5662128659953,2018-08-21 00:00:00.000,
Jayanagar,2 wheeler theft,12.9061712471247,77.5698458437946,2018-08-21 00:00:00.000,
Jayanagar,2 wheeler theft,12.9109359450741,77.5646696875901,2018-08-24 00:00:00.000,
Jayanagar,2 wheeler theft,12.9084899772541,77.5597687026855,2018-08-31 00:00:00.000,
Jayanagar,2 wheeler theft,12.9114198115401,77.5620768564236,2018-09-01 00:00:00.000,
Jayanagar,2 wheeler theft,12.9073405371661,77.5726119249203,2018-09-03 00:00:00.000,
Jayanagar,2 wheeler theft,12.895284445528,77.5662128659953,2018-09-05 00:00:00.000,
Jayanagar,2 wheeler theft,12.9108218496637,77.5682452113819,2018-09-09 00:00:00.000,
Jayanagar,2 wheeler theft,12.902333328087,77.56892819667,2018-09-17 00:00:00.000,
Jayanagar,2 wheeler theft,12.8957622003642,77.5599416215927,2018-09-21 00:00:00.000,
Jayanagar,2 wheeler theft,12.9025428672536,77.5616066038878,2018-09-26 00:00:00.000,
Jayanagar,2 wheeler theft,12.9021874622456,77.5726241709647,2018-09-29 00:00:00.000,
Jayanagar,2 wheeler theft,12.9076945341477,77.5719852228203,2018-10-02 00:00:00.000,
Jayanagar,2 wheeler theft,12.9108218496637,77.5682452113819,2018-10-05 00:00:00.000,
Jayanagar,2 wheeler theft,12.9156668834348,77.5615653226641,2018-10-09 00:00:00.000,
Jayanagar,2 wheeler theft,12.9133048035839,77.5680350394204,2018-10-10 00:00:00.000,
Jayanagar,2 wheeler theft,12.9143691111693,77.5733106370572,2018-10-11 00:00:00.000,
Jayanagar,2 wheeler theft,12.8928133912158,77.5666300513369,2018-10-16 00:00:00.000,
Jayanagar,2 wheeler theft,12.9124182556892,77.5641048370764,2018-10-17 00:00:00.000,
Jayanagar,2 wheeler theft,12.890754228672,77.5645057261162,2018-10-23 00:00:00.000,
Jayanagar,2 wheeler theft,12.9108218496637,77.5682452113819,2018-10-26 00:00:00.000,
Jayanagar,2 wheeler theft,12.9084899772541,77.5597687026855,2018-10-29 00:00:00.000,
Jayanagar,2 wheeler theft,12.9141256400484,77.5633354568206,2018-11-05 00:00:00.000,
Jayanagar,2 wheeler theft,12.9012358299027,77.5547661947272,2018-11-11 00:00:00.000,
Jayanagar,2 wheeler theft,12.9061712471247,77.5698458437946,2018-11-14 00:00:00.000,
Jayanagar,2 wheeler theft,12.898598198697,77.556897937156,2018-11-22 00:00:00.000,
Jayanagar,2 wheeler theft,12.9057414168407,77.5652834749371,2018-11-23 00:00:00.000,
Jayanagar,2 wheeler theft,12.9012358299027,77.5547661947272,2018-11-27 00:00:00.000,
Jayanagar,2 wheeler theft,12.9077016670668,77.5713097696338,2018-11-27 00:00:00.000,19:30:00
Jayanagar,2 wheeler theft,12.9061712471247,77.5698458437946,2018-12-06 00:00:00.000,19:30:00
Jayanagar,2 wheeler theft,12.9072110220065,77.569757509609,2018-12-08 00:00:00.000,18:15:00
Jayanagar,2 wheeler theft,12.8928133912158,77.5666300513369,2019-01-07 00:00:00.000,11:00:00
Jayanagar,2 wheeler theft,12.9124182556892,77.5641048370764,2019-01-10 00:00:00.000,11:15:00
Jayanagar,2 wheeler theft,12.9061712471247,77.5698458437946,2019-01-16 00:00:00.000,17:00:00
Jayanagar,2 wheeler theft,12.9076945341477,77.5719852228203,2019-02-02 00:00:00.000,12:00:00
Jayanagar,2 wheeler theft,12.895284445528,77.5662128659953,2019-02-02 00:00:00.000,18:00:00
Jayanagar,2 wheeler theft,12.9012358299027,77.5547661947272,2019-02-09 00:00:00.000,18:30:00
Jayanagar,2 wheeler theft,12.9118926466343,77.5668833550517,2019-02-11 00:00:00.000,13:00:00
Jayanagar,2 wheeler theft,12.9061712471247,77.5698458437946,2019-02-12 00:00:00.000,16:50:00
Jayanagar,2 wheeler theft,12.9135166186977,77.5670477005948,2019-02-13 00:00:00.000,10:30:00
Jayanagar,2 wheeler theft,12.9008927627643,77.5698813716385,2019-02-13 00:00:00.000,13:45:00
Jayanagar,2 wheeler theft,12.9050964485764,77.571337000055,2019-02-14 00:00:00.000,
Jayanagar,2 wheeler theft,12.9108218496637,77.5682452113819,2019-02-26 00:00:00.000,21:15:00
Jayanagar,2 wheeler theft,12.8957622003642,77.5599416215927,2019-02-27 00:00:00.000,09:30:00
Jayanagar,2 wheeler theft,12.8981950397319,77.5693753268396,2019-02-27 00:00:00.000,15:30:00
Jayanagar,2 wheeler theft,12.9108218496637,77.5682452113819,2019-03-04 00:00:00.000,19:30:00
Jayanagar,2 wheeler theft,12.9085203452405,77.5725265251381,2019-03-06 00:00:00.000,16:30:00
Jayanagar,2 wheeler theft,12.9141256400484,77.5633354568206,2019-03-07 00:00:00.000,16:00:00
Jayanagar,2 wheeler theft,12.9061712471247,77.5698458437946,2019-03-11 00:00:00.000,10:30:00
Jayanagar,2 wheeler theft,12.9057414168407,77.5652834749371,2019-03-15 00:00:00.000,16:30:00
Jayanagar,2 wheeler theft,12.9078188486161,77.5605678006664,2019-03-21 00:00:00.000,13:30:00
Jayanagar,2 wheeler theft,12.9124182556892,77.5641048370764,2019-03-23 00:00:00.000,16:00:00
Jayanagar,2 wheeler theft,12.898598198697,77.556897937156,2019-04-04 00:00:00.000,12:00:00
Jayanagar,2 wheeler theft,12.9057414168407,77.5652834749371,2019-04-05 00:00:00.000,14:15:00
Jayanagar,2 wheeler theft,12.9108218496637,77.5682452113819,2019-04-10 00:00:00.000,14:30:00
Jayanagar,2 wheeler theft,12.9124182556892,77.5641048370764,2019-04-14 00:00:00.000,15:15:00
Jayanagar,2 wheeler theft,12.9052771116009,77.5577766432655,2019-04-20 00:00:00.000,12:30:00
Jayanagar,2 wheeler theft,12.9109606088058,77.5639518648031,2019-04-21 00:00:00.000,
Jayanagar,2 wheeler theft,12.8964474718431,77.5667368067783,2019-04-22 00:00:00.000,20:00:00
Jayanagar,2 wheeler theft,12.8928133912158,77.5666300513369,2019-04-26 00:00:00.000,16:30:00
Jayanagar,2 wheeler theft,12.9084899772541,77.5597687026855,2019-05-02 00:00:00.000,12:00:00
Jayanagar,2 wheeler theft,12.9155359324014,77.5616258170776,2019-05-07 00:00:00.000,12:30:00
Jayanagar,2 wheeler theft,12.9133048035839,77.5680350394204,2019-05-13 00:00:00.000,12:30:00
Jayanagar,2 wheeler theft,12.9023385605328,77.5653252772123,2019-05-14 00:00:00.000,
Jayanagar,2 wheeler theft,12.890754228672,77.5645057261162,2019-05-14 00:00:00.000,17:00:00
Jayanagar,2 wheeler theft,12.9080332769306,77.5632487037232,2019-05-16 00:00:00.000,
Jayanagar,2 wheeler theft,12.9109359450741,77.5646696875901,2019-05-17 00:00:00.000,13:30:00
Jayanagar,2 wheeler theft,12.9124941271334,77.5724056559576,2019-05-19 00:00:00.000,11:50:00
Jayanagar,2 wheeler theft,12.9111003863886,77.5664470676387,2019-05-20 00:00:00.000,14:15:00
Jayanagar,2 wheeler theft,12.9050964485764,77.571337000055,2019-05-23 00:00:00.000,15:30:00
Jayanagar,2 wheeler theft,12.908066950744,77.5611409433865,2019-05-24 00:00:00.000,16:00:00
Jayanagar,2 wheeler theft,12.9080332769306,77.5632487037232,2019-05-30 00:00:00.000,16:50:00
Jayanagar,2 wheeler theft,12.8928133912158,77.5666300513369,2019-06-01 00:00:00.000,11:00:00
Jayanagar,2 wheeler theft,12.9082210576011,77.5691571683934,2019-06-03 00:00:00.000,15:00:00
Jayanagar,2 wheeler theft,12.908066950744,77.5611409433865,2019-06-06 00:00:00.000,19:00:00
Jayanagar,2 wheeler theft,12.9036664359072,77.567460870869,2019-06-10 00:00:00.000,18:10:00
Jayanagar,2 wheeler theft,12.9136600912658,77.5652671305881,2019-06-18 00:00:00.000,13:30:00
Jayanagar,2 wheeler theft,12.9094534210642,77.5650951734528,2019-06-29 00:00:00.000,11:20:00
Jayanagar,2 wheeler theft,12.9035617084344,77.5595982000289,2019-07-01 00:00:00.000,15:00:00
Jayanagar,2 wheeler theft,12.9082210576011,77.5691571683934,2019-07-02 00:00:00.000,10:30:00
Jayanagar,2 wheeler theft,12.9156668834348,77.5615653226641,2019-07-08 00:00:00.000,16:30:00
Jayanagar,2 wheeler theft,12.9162974053303,77.5707956209262,2019-07-12 00:00:00.000,15:00:00
Jayanagar,2 wheeler theft,12.9025428672536,77.5616066038878,2019-07-21 00:00:00.000,11:30:00
Jayanagar,2 wheeler theft,12.898358820125,77.5613959011009,2019-07-28 00:00:00.000,11:30:00
Jayanagar,2 wheeler theft,12.9111003863886,77.5664470676387,2019-07-29 00:00:00.000,20:10:00
Jayanagar,2 wheeler theft,12.9021874622456,77.5726241709647,2019-08-08 00:00:00.000,22:30:00
Jayanagar,2 wheeler theft,12.8985485830136,77.5696633326515,2019-08-17 00:00:00.000,16:00:00
Jayanagar,2 wheeler theft,12.9084899772541,77.5597687026855,2019-08-28 00:00:00.000,13:00:00
Jayanagar,2 wheeler theft,12.9082210576011,77.5691571683934,2019-09-05 00:00:00.000,15:00:00
Jayanagar,2 wheeler theft,12.9092424601362,77.5632515932235,2019-09-07 00:00:00.000,13:45:00
Jayanagar,2 wheeler theft,12.9080332769306,77.5632487037232,2019-09-10 00:00:00.000,15:00:00
Jayanagar,2 wheeler theft,12.9027651487263,77.5616312651418,2019-09-19 00:00:00.000,14:15:00
Jayanagar,2 wheeler theft,12.9124941271334,77.5724056559576,2019-10-07 00:00:00.000,12:00:00
Jayanagar,2 wheeler theft,12.9109359450741,77.5646696875901,2019-10-10 00:00:00.000,12:15:00
Jayanagar,2 wheeler theft,12.9135166186977,77.5670477005948,2019-10-12 00:00:00.000,11:00:00
Jayanagar,2 wheeler theft,12.9008927627643,77.5698813716385,2019-10-12 00:00:00.000,18:30:00
Jayanagar,2 wheeler theft,12.8995644705803,77.5593349389321,2019-10-16 00:00:00.000,
Jayanagar,2 wheeler theft,12.9057414168407,77.5652834749371,2019-10-22 00:00:00.000,17:30:00
Jayanagar,2 wheeler theft,12.9141256400484,77.5633354568206,2019-10-31 00:00:00.000,19:00:00
Jayanagar,2 wheeler theft,12.9151436819703,77.5694191266274,2019-11-08 00:00:00.000,20:45:00
Jayanagar,2 wheeler theft,12.898358820125,77.5613959011009,2019-11-13 00:00:00.000,15:30:00
Jayanagar,2 wheeler theft,12.898358820125,77.5613959011009,2019-11-14 00:00:00.000,12:30:00
Jayanagar,2 wheeler theft,12.9156668834348,77.5615653226641,2019-11-25 00:00:00.000,14:30:00
Jayanagar,2 wheeler theft,12.9091037658116,77.5728123280827,2019-12-05 00:00:00.000,11:00:00
Jayanagar,2 wheeler theft,12.8993985560933,77.572584947246,2019-12-19 00:00:00.000,11:30:00
Jayanagar,2 wheeler theft,12.36285,77.32354,2015-04-01 00:00:00.000,10:30:00
Jayanagar,2 wheeler theft,12.932885,77.537074,2015-01-27 00:00:00.000,10:30:00
Jayanagar,2 wheeler theft,12.941216,77.552572,2015-01-27 00:00:00.000,16:00:00
Jayanagar,2 wheeler theft,12.555695,77.32052,2015-01-31 00:00:00.000,16:10:00
Jayanagar,2 wheeler theft,12.545891,77.321013,2015-06-02 00:00:00.000,11:00:00
Jayanagar,2 wheeler theft,12.555738,77.324323,2015-02-16 00:00:00.000,12:30:00
Jayanagar,2 wheeler theft,12.933678,77.537656,2015-02-17 00:00:00.000,09:10:00
Jayanagar,2 wheeler theft,12.943467,77.548921,2015-02-17 00:00:00.000,15:00:00
Jayanagar,2 wheeler theft,12.931249,77.536676,2015-02-25 00:00:00.000,11:00:00
Jayanagar,2 wheeler theft,12.94155,77.550038,2015-02-27 00:00:00.000,10:30:00
Jayanagar,2 wheeler theft,12.554677,77.321516,2015-07-03 00:00:00.000,20:30:00
Jayanagar,2 wheeler theft,12.561698,77.324911,2015-11-03 00:00:00.000,11:00:00
Jayanagar,2 wheeler theft,12.563783,77.322053,2015-03-23 00:00:00.000,18:30:00
Jayanagar,2 wheeler theft,12.936808,77.549936,2015-03-24 00:00:00.000,21:00:00
Jayanagar,2 wheeler theft,12.5598,77.33049,2015-10-04 00:00:00.000,10:30:00
Jayanagar,2 wheeler theft,12.56239,77.32663,2015-04-15 00:00:00.000,12:45:00
Jayanagar,2 wheeler theft,12.9276,77.5412,2015-04-19 00:00:00.000,14:45:00
Jayanagar,2 wheeler theft,12.942317,77.546188,2015-02-05 00:00:00.000,17:00:00
Jayanagar,2 wheeler theft,12.933637,77.535893,2015-05-25 00:00:00.000,11:00:00
Jayanagar,2 wheeler theft,12.555403,77.322021,2015-06-06 00:00:00.000,19:00:00
Jayanagar,2 wheeler theft,12.9163766,77.5361332,2015-06-14 00:00:00.000,16:40:00
Jayanagar,2 wheeler theft,12.933849,77.539052,2015-06-16 00:00:00.000,17:30:00
Jayanagar,2 wheeler theft,12.561785,77.330879,2015-03-07 00:00:00.000,12:30:00
Jayanagar,2 wheeler theft,12.93014,77.53964,2015-10-07 00:00:00.000,15:50:00
Jayanagar,2 wheeler theft,12.931815,77.537104,2015-07-26 00:00:00.000,10:15:00
Jayanagar,2 wheeler theft,12.940137,77.540757,2015-04-08 00:00:00.000,10:10:00
Jayanagar,2 wheeler theft,12.934724,77.540023,2015-07-09 00:00:00.000,14:40:00
Jayanagar,2 wheeler theft,12.9402,77.5534,2015-09-25 00:00:00.000,13:00:00
Jayanagar,2 wheeler theft,12.932,77.5376,2015-05-10 00:00:00.000,15:20:00
Jayanagar,2 wheeler theft,12.92598,77.537346,2015-11-25 00:00:00.000,18:30:00
Jayanagar,2 wheeler theft,12.943841,77.545661,2015-11-27 00:00:00.000,11:40:00
Jayanagar,2 wheeler theft,12.940461,77.539963,2015-12-31 00:00:00.000,13:30:00
Jayanagar,2 wheeler theft,12.943464,77.548344,2015-12-31 00:00:00.000,15:40:00
Jayanagar,2 wheeler theft,12.9345271,77.5435215,2016-01-20 00:00:00.000,12:20:00
Jayanagar,2 wheeler theft,12.824,77.6858,2016-01-26 00:00:00.000,14:30:00
Jayanagar,2 wheeler theft,12.937635,77.551927,2016-09-03 00:00:00.000,13:15:00
Jayanagar,2 wheeler theft,12.939235,77.534342,2016-12-04 00:00:00.000,18:15:00
Jayanagar,2 wheeler theft,12.940003,77.53519,2016-04-14 00:00:00.000,19:00:00
Jayanagar,2 wheeler theft,12.933925,77.546335,2016-05-27 00:00:00.000,12:00:00
Jayanagar,2 wheeler theft,12.940966,77.541314,2016-05-30 00:00:00.000,13:50:00
Jayanagar,2 wheeler theft,12.94088554,77.55632918,2016-05-31 00:00:00.000,10:50:00
Jayanagar,2 wheeler theft,12.933023,77.535635,2016-06-13 00:00:00.000,11:10:00
Jayanagar,2 wheeler theft,12.934419,77.536231,2016-06-20 00:00:00.000,19:30:00
Jayanagar,2 wheeler theft,12.926708,77.537706,2016-01-07 00:00:00.000,13:30:00
Jayanagar,2 wheeler theft,12.937823,77.552329,2016-03-07 00:00:00.000,15:30:00
Jayanagar,2 wheeler theft,12.93901,77.551396,2016-04-07 00:00:00.000,15:00:00
Jayanagar,2 wheeler theft,12.93272,77.548864,2016-09-07 00:00:00.000,15:30:00
Jayanagar,2 wheeler theft,12.926906,77.539208,2016-11-07 00:00:00.000,16:00:00
Jayanagar,2 wheeler theft,12.944243,77.540517,2016-07-18 00:00:00.000,14:10:00
Jayanagar,2 wheeler theft,12.94233,77.55764,2016-07-19 00:00:00.000,19:00:00
Jayanagar,2 wheeler theft,12.9413,77.552608,2016-02-08 00:00:00.000,15:00:00
Jayanagar,2 wheeler theft,12.943464,77.548344,2016-09-27 00:00:00.000,18:20:00
Jayanagar,2 wheeler theft,12.563609,77.325462,2016-12-14 00:00:00.000,10:30:00
Jayanagar,2 wheeler theft,12.555043,77.322021,2016-12-19 00:00:00.000,17:45:00
Jayanagar,2 wheeler theft,12.941058,77.538891,2016-07-11 00:00:00.000,17:30:00
Jayanagar,2 wheeler theft,12.562782,77.321944,2016-02-12 00:00:00.000,12:15:00
Jayanagar,2 wheeler theft,12.946276,77.548982,2017-01-27 00:00:00.000,14:30:00
Jayanagar,2 wheeler theft,12.560778,77.323335,2017-06-02 00:00:00.000,18:40:00
Jayanagar,2 wheeler theft,12.930649,77.542598,2017-02-13 00:00:00.000,10:10:00
Jayanagar,2 wheeler theft,12.940433,77.551516,2017-02-26 00:00:00.000,11:30:00
Jayanagar,2 wheeler theft,12.560917,77.323158,2017-02-03 00:00:00.000,21:00:00
Jayanagar,2 wheeler theft,12.939954,77.549348,2017-05-03 00:00:00.000,11:55:00
Jayanagar,2 wheeler theft,12.938374,77.533643,2017-09-03 00:00:00.000,15:30:00
Jayanagar,2 wheeler theft,12.937863,77.546965,2017-03-18 00:00:00.000,18:30:00
Jayanagar,2 wheeler theft,12.937483,77.549202,2017-04-14 00:00:00.000,18:10:00
Jayanagar,2 wheeler theft,12.56897,77.564879,2017-04-21 00:00:00.000,09:30:00
Jayanagar,2 wheeler theft,12.940702,77.538779,2017-05-26 00:00:00.000,11:35:00
Jayanagar,2 wheeler theft,12.940656,77.551535,2017-06-13 00:00:00.000,14:30:00
Jayanagar,2 wheeler theft,12.93359,77.53568,2017-05-07 00:00:00.000,18:30:00
Jayanagar,2 wheeler theft,12.86945,77.548967,2017-07-28 00:00:00.000,16:35:00
Jayanagar,2 wheeler theft,12.930481,77.537762,2017-09-14 00:00:00.000,10:10:00
Jayanagar,2 wheeler theft,12.92468,77.537803,2017-09-19 00:00:00.000,13:00:00
Jayanagar,2 wheeler theft,12.940001,77.54371,2017-09-20 00:00:00.000,18:10:00
Jayanagar,2 wheeler theft,12.9421221,77.541273,2017-09-21 00:00:00.000,15:10:00
Jayanagar,2 wheeler theft,12.929938,77.5341,2017-10-13 00:00:00.000,15:00:00
Jayanagar,2 wheeler theft,12.938744,77.539196,2017-02-11 00:00:00.000,18:30:00
Jayanagar,2 wheeler theft,12.938639,77544929.0,2017-11-11 00:00:00.000,17:30:00
Jayanagar,2 wheeler theft,12.942035,77.542716,2017-11-28 00:00:00.000,10:30:00
Jayanagar,2 wheeler theft,12.934339,77.536792,2017-11-12 00:00:00.000,12:30:00
Jayanagar,2 wheeler theft,12.927,77539528.0,2017-12-18 00:00:00.000,12:15:00
Jayanagar,2 wheeler theft,12.928223,77.540142,2017-12-19 00:00:00.000,14:15:00
Jayanagar,2 wheeler theft,12.939531,77.544691,2018-01-12 00:00:00.000,14:10:00
Jayanagar,2 wheeler theft,12.942859,77.54364,2018-01-16 00:00:00.000,16:00:00
Jayanagar,2 wheeler theft,12.933594,77.5458,2018-01-30 00:00:00.000,12:45:00
Jayanagar,2 wheeler theft,12.65421,77.25642,2018-03-18 00:00:00.000,21:30:00
Jayanagar,2 wheeler theft,12.941828,77.545858,2018-03-31 00:00:00.000,11:15:00
Jayanagar,2 wheeler theft,12.928114,77.541032,2018-04-05 00:00:00.000,10:45:00
Jayanagar,2 wheeler theft,12.929037,77.532915,2018-04-06 00:00:00.000,12:45:00
Jayanagar,2 wheeler theft,12.929027,77.532914,2018-04-07 00:00:00.000,09:30:00
Jayanagar,2 wheeler theft,12.934758,77.543265,2018-04-10 00:00:00.000,17:00:00
Jayanagar,2 wheeler theft,12.937601,77542197.0,2018-04-11 00:00:00.000,17:30:00
Jayanagar,2 wheeler theft,12.929021,77.532912,2018-04-19 00:00:00.000,16:15:00
Jayanagar,2 wheeler theft,12.926021,77.532712,2018-04-20 00:00:00.000,10:30:00
Jayanagar,2 wheeler theft,12.934271,77.53444,2018-04-26 00:00:00.000,11:00:00
Jayanagar,2 wheeler theft,12.952511,77.549504,2018-04-28 00:00:00.000,12:00:00
Jayanagar,2 wheeler theft,12.941911,77.552375,2018-04-28 00:00:00.000,18:45:00
Jayanagar,2 wheeler theft,12.927274,77.534252,2018-05-07 00:00:00.000,14:30:00
Jayanagar,2 wheeler theft,12.926545,77.540534,2018-05-09 00:00:00.000,11:00:00
Jayanagar,2 wheeler theft,12.926545,77.54052,2018-05-19 00:00:00.000,16:00:00
Jayanagar,2 wheeler theft,12.941201,77542656.0,2018-05-27 00:00:00.000,16:30:00
Jayanagar,2 wheeler theft,12.944742,77.549168,2018-06-01 00:00:00.000,11:30:00
Jayanagar,2 wheeler theft,12941292.0,77.545851,2018-06-05 00:00:00.000,10:30:00
Jayanagar,2 wheeler theft,12.932724,77.54509,2018-06-16 00:00:00.000,12:00:00
Jayanagar,2 wheeler theft,12.932127,77.53752,2018-06-17 00:00:00.000,09:30:00
Jayanagar,2 wheeler theft,12.934732,77.543542,2018-06-20 00:00:00.000,10:30:00
Jayanagar,2 wheeler theft,12.937405,77.559019,2018-07-11 00:00:00.000,12:45:00
Jayanagar,2 wheeler theft,12.93382,77.537657,2018-08-08 00:00:00.000,11:00:00
Jayanagar,2 wheeler theft,12.9348,77.548851,2018-08-22 00:00:00.000,11:30:00
Jayanagar,2 wheeler theft,12.5635,77.3246,2018-09-09 00:00:00.000,14:30:00
Jayanagar,2 wheeler theft,12.943221,77.551224,2018-09-27 00:00:00.000,15:00:00
Jayanagar,2 wheeler theft,12.93973,77.545269,2018-09-30 00:00:00.000,13:00:00
Jayanagar,2 wheeler theft,12.561062,77.322153,2018-10-09 00:00:00.000,16:00:00
Jayanagar,2 wheeler theft,12.5621,77.3304,2018-10-23 00:00:00.000,19:15:00
Jayanagar,2 wheeler theft,12.5538,77.3217,2018-10-31 00:00:00.000,17:00:00
Jayanagar,2 wheeler theft,12.5634,77.3229,2018-11-03 00:00:00.000,14:30:00
Jayanagar,2 wheeler theft,12.933616,77.533395,2018-11-05 00:00:00.000,16:30:00
Jayanagar,2 wheeler theft,12.933005,77.542065,2018-11-21 00:00:00.000,18:30:00
Jayanagar,2 wheeler theft,12.92943,77.546174,2018-11-28 00:00:00.000,12:00:00
Jayanagar,2 wheeler theft,12.5534,77.3227,2018-11-30 00:00:00.000,14:10:00
Jayanagar,2 wheeler theft,12.930673,77.541399,2018-12-03 00:00:00.000,18:00:00
Jayanagar,2 wheeler theft,12.933028,77.53616,2018-12-12 00:00:00.000,16:00:00
Jayanagar,2 wheeler theft,12.93298,77.543597,2018-12-08 00:00:00.000,16:30:00
Jayanagar,2 wheeler theft,12.936383,77.543796,2018-11-16 00:00:00.000,16:00:00
Jayanagar,2 wheeler theft,12.9434685,77.5452942,2019-01-05 00:00:00.000,15:00:00
Jayanagar,2 wheeler theft,12.934706,77.53443,2019-01-11 00:00:00.000,10:15:00
Jayanagar,2 wheeler theft,12.94341,77.543073,2019-01-28 00:00:00.000,14:30:00
Jayanagar,2 wheeler theft,12.936383,77.543796,2019-02-02 00:00:00.000,17:30:00
Jayanagar,2 wheeler theft,12.932648,77.539994,2019-02-07 00:00:00.000,13:00:00
Jayanagar,2 wheeler theft,12.92929,77.546502,2019-02-14 00:00:00.000,10:00:00
Jayanagar,2 wheeler theft,12.942077,77.555857,2019-03-05 00:00:00.000,19:30:00
Jayanagar,2 wheeler theft,12.928227,77.53953,2019-03-07 00:00:00.000,11:00:00
Jayanagar,2 wheeler theft,12.94276,77.542377,2019-03-08 00:00:00.000,17:00:00
Jayanagar,2 wheeler theft,12.93667,77.551998,2019-03-16 00:00:00.000,13:30:00
Jayanagar,2 wheeler theft,12.931889,77.539962,2019-03-18 00:00:00.000,12:45:00
Jayanagar,2 wheeler theft,12.928457,77.539916,2019-03-18 00:00:00.000,15:15:00
Jayanagar,2 wheeler theft,12.932878,77.535647,2019-05-06 00:00:00.000,16:30:00
Jayanagar,2 wheeler theft,12.936324,77.552162,2019-05-09 00:00:00.000,15:40:00
Jayanagar,2 wheeler theft,12.933363,77.538421,2019-05-10 00:00:00.000,16:30:00
Jayanagar,2 wheeler theft,12.932491,77.536167,2019-05-12 00:00:00.000,15:30:00
Jayanagar,2 wheeler theft,12.929203,77.540703,2019-05-22 00:00:00.000,15:00:00
Jayanagar,2 wheeler theft,12.939473,53.548188,2019-06-10 00:00:00.000,14:00:00
Jayanagar,2 wheeler theft,12.942247,77.548043,2019-06-10 00:00:00.000,17:30:00
Jayanagar,2 wheeler theft,12.948809,77549118.0,2019-06-14 00:00:00.000,15:10:00
Jayanagar,2 wheeler theft,12.940138,77.551841,2019-07-09 00:00:00.000,18:15:00
Jayanagar,2 wheeler theft,12.932803,77.537449,2019-07-24 00:00:00.000,18:00:00
Jayanagar,2 wheeler theft,12.94167,77.549287,2019-08-12 00:00:00.000,13:20:00
Jayanagar,2 wheeler theft,12.932359,77.533549,2019-08-13 00:00:00.000,18:00:00
Jayanagar,2 wheeler theft,12.927492,77.535274,2019-08-17 00:00:00.000,16:30:00
Jayanagar,2 wheeler theft,12.942147,77.547988,2019-10-02 00:00:00.000,16:00:00
Jayanagar,2 wheeler theft,12.945896,77.540018,2019-10-03 00:00:00.000,12:20:00
Jayanagar,2 wheeler theft,12.936846,77.536453,2019-10-03 00:00:00.000,12:30:00
Jayanagar,2 wheeler theft,12.936865,77.54093,2019-10-12 00:00:00.000,11:45:00
Jayanagar,2 wheeler theft,12.941797,77.540275,2019-10-31 00:00:00.000,17:30:00
Jayanagar,2 wheeler theft,12.927732,77.536571,2019-11-25 00:00:00.000,12:15:00
Jayanagar,2 wheeler theft,12.944529,77.54827,2019-11-27 00:00:00.000,17:10:00
Jayanagar,2 wheeler theft,12.930487,77537348.0,2019-12-13 00:00:00.000,10:45:00
Jayanagar,2 wheeler theft,12.941413,77.547757,2019-12-25 00:00:00.000,10:30:00
Jayanagar,2 wheeler theft,12.942438,77.547169,2019-12-28 00:00:00.000,12:10:00
Jayanagar,2 wheeler theft,12.940209,77.534144,2019-12-31 00:00:00.000,11:00:00
Jayanagar,2 wheeler theft,12.937354,77.551952,2019-12-31 00:00:00.000,11:45:00
Jayanagar,2 wheeler theft,12.955174,77.56712,2015-12-02 00:00:00.000,18:30:00
Jayanagar,2 wheeler theft,12.9569534591352,77.5614509928149,2015-05-03 00:00:00.000,11:00:00
Jayanagar,2 wheeler theft,12.9468200002693,77.5601510000527,2015-03-14 00:00:00.000,15:00:00
Jayanagar,2 wheeler theft,12.9570329997528,77.5643080001125,2015-03-17 00:00:00.000,18:15:00
Jayanagar,2 wheeler theft,12.9570329997528,77.5643080001125,2015-03-28 00:00:00.000,15:00:00
Jayanagar,2 wheeler theft,12.94925,77.56362,2015-04-14 00:00:00.000,
Jayanagar,2 wheeler theft,12.94865677,77.5622764,2015-05-14 00:00:00.000,08:45:00
Jayanagar,2 wheeler theft,12.94865677,77.56227641,2015-05-21 00:00:00.000,09:30:00
Jayanagar,2 wheeler theft,12.95776309,77.55560342,2015-06-16 00:00:00.000,
Jayanagar,2 wheeler theft,12.95046684,77.5643,2015-07-02 00:00:00.000,
Jayanagar,2 wheeler theft,12.94777,77.56177,2015-10-07 00:00:00.000,18:15:00
Jayanagar,2 wheeler theft,12.948212,77.56299,2015-07-20 00:00:00.000,12:00:00
Jayanagar,2 wheeler theft,12.957033,77.564308,2015-08-08 00:00:00.000,15:30:00
Jayanagar,2 wheeler theft,12.953286,77.561639,2015-08-17 00:00:00.000,
Jayanagar,2 wheeler theft,12.9491686,77.5662899,2015-08-09 00:00:00.000,15:30:00
Jayanagar,2 wheeler theft,12.952299,77.564412,2015-09-10 00:00:00.000,05:00:00
Jayanagar,2 wheeler theft,12.94733,77.56337,2015-02-14 00:00:00.000,10:30:00
Jayanagar,2 wheeler theft,12.952299,77.564412,2015-12-19 00:00:00.000,08:45:00
Jayanagar,2 wheeler theft,12.94865677,77.56227641,2016-01-16 00:00:00.000,17:30:00
Jayanagar,2 wheeler theft,12.94682,77.560151,2016-01-30 00:00:00.000,16:00:00
Jayanagar,2 wheeler theft,12.952299,77.564412,2016-02-02 00:00:00.000,11:00:00
Jayanagar,2 wheeler theft,12.95348,77.5624,2016-04-01 00:00:00.000,
Jayanagar,2 wheeler theft,12.952299,77.564412,2016-04-13 00:00:00.000,10:45:00
Jayanagar,2 wheeler theft,12.95046684,77.5643001,2016-04-16 00:00:00.000,
Jayanagar,2 wheeler theft,12.94962,77.55956,2016-08-06 00:00:00.000,13:15:00
Jayanagar,2 wheeler theft,12.94753,77.5634,,17:00:00
Jayanagar,2 wheeler theft,12.953436,77.563213,2016-07-24 00:00:00.000,21:00:00
Jayanagar,2 wheeler theft,12.95346,77.5619,2016-07-21 00:00:00.000,20:00:00
Jayanagar,2 wheeler theft,12.9486876,77.5630992,2016-10-24 00:00:00.000,17:00:00
Jayanagar,2 wheeler theft,12.95383,77.56642,2016-05-11 00:00:00.000,10:00:00
Jayanagar,2 wheeler theft,12.953511,77.559792,2016-09-11 00:00:00.000,18:15:00
Jayanagar,2 wheeler theft,12.94682,77.560151,2016-11-21 00:00:00.000,13:15:00
Jayanagar,2 wheeler theft,12.94682,77.560151,2016-01-12 00:00:00.000,11:00:00
Jayanagar,2 wheeler theft,12.95222,77.5568,2016-12-27 00:00:00.000,13:00:00
Jayanagar,2 wheeler theft,12.955174,77.567121,2017-03-01 00:00:00.000,18:00:00
Jayanagar,2 wheeler theft,12.954202,77.561669,2017-12-02 00:00:00.000,04:30:00
Jayanagar,2 wheeler theft,12.955074,77.562575,2017-04-19 00:00:00.000,11:00:00
Jayanagar,2 wheeler theft,12.94962,77.55956,2017-04-30 00:00:00.000,10:00:00
Jayanagar,2 wheeler theft,12.94817,77.55981,2017-05-13 00:00:00.000,16:30:00
Jayanagar,2 wheeler theft,12.5655,77.3328,2017-12-06 00:00:00.000,12:45:00
Jayanagar,2 wheeler theft,12.94864,77.55338,2017-11-07 00:00:00.000,11:30:00
Jayanagar,2 wheeler theft,12.95451,77.56418,2017-07-16 00:00:00.000,12:30:00
Jayanagar,2 wheeler theft,12.95098,77.56386,2017-07-18 00:00:00.000,13:00:00
Jayanagar,2 wheeler theft,12.95776309,77.55560342,2017-07-24 00:00:00.000,18:00:00
Jayanagar,2 wheeler theft,12.95346,77.5619,2017-03-08 00:00:00.000,16:00:00
Jayanagar,2 wheeler theft,12.95046684,77.5643001,2017-08-27 00:00:00.000,12:30:00
Jayanagar,2 wheeler theft,12.94804,77.56055,2017-02-09 00:00:00.000,18:10:00
Jayanagar,2 wheeler theft,12.947235,77.564204,2017-05-09 00:00:00.000,08:30:00
Jayanagar,2 wheeler theft,12.95279,77.56741,2017-10-09 00:00:00.000,13:00:00
Jayanagar,2 wheeler theft,12.9491686,77.5662899,2017-09-19 00:00:00.000,18:00:00
Jayanagar,2 wheeler theft,12.951551,77.567269,2017-09-25 00:00:00.000,12:00:00
Jayanagar,2 wheeler theft,12.948932,77.564211,2017-09-26 00:00:00.000,18:00:00
Jayanagar,2 wheeler theft,12.954089,77.561717,2017-02-11 00:00:00.000,13:30:00
Jayanagar,2 wheeler theft,12.94962,77.55956,2017-03-11 00:00:00.000,17:30:00
Jayanagar,2 wheeler theft,12.95301,77.55642,2017-11-23 00:00:00.000,10:15:00
Jayanagar,2 wheeler theft,12.94865677,77.56227641,2017-11-30 00:00:00.000,11:00:00
Jayanagar,2 wheeler theft,12.955174,77.567121,2017-02-12 00:00:00.000,17:30:00
Jayanagar,2 wheeler theft,12.948615,77.559507,2017-12-13 00:00:00.000,13:00:00
Jayanagar,2 wheeler theft,12.9515,77.56756,2017-12-31 00:00:00.000,14:45:00
Jayanagar,2 wheeler theft,12.948212,77.562999,2018-04-03 00:00:00.000,12:00:00
Jayanagar,2 wheeler theft,12.95047,77.56429,2018-05-03 00:00:00.000,11:00:00
Jayanagar,2 wheeler theft,12.953776,77.565255,2018-08-03 00:00:00.000,17:15:00
Jayanagar,2 wheeler theft,12.95515,77.56717,2018-10-03 00:00:00.000,18:45:00
Jayanagar,2 wheeler theft,12.9551,77.565204,2018-03-27 00:00:00.000,21:45:00
Jayanagar,2 wheeler theft,12.95507,77.56543,2018-04-17 00:00:00.000,17:15:00
Jayanagar,2 wheeler theft,12.95507,77.56543,2018-12-06 00:00:00.000,13:15:00
Jayanagar,2 wheeler theft,12.950436,77.567532,2018-05-09 00:00:00.000,15:00:00
Jayanagar,2 wheeler theft,12.948212,77.562999,2018-03-11 00:00:00.000,14:00:00
Jayanagar,2 wheeler theft,12.955074,77.562575,2018-12-22 00:00:00.000,10:00:00
Jayanagar,2 wheeler theft,12.948212,77.562999,2018-11-28 00:00:00.000,18:30:00
Jayanagar,2 wheeler theft,12.947235,77.564204,2018-08-12 00:00:00.000,11:00:00
Jayanagar,2 wheeler theft,12.948674,77.558459,2018-12-13 00:00:00.000,17:00:00
Jayanagar,2 wheeler theft,12.9541857,77.5665972,2019-05-01 00:00:00.000,10:30:00
Jayanagar,2 wheeler theft,12.95615,77.55933,2019-12-01 00:00:00.000,20:30:00
Jayanagar,2 wheeler theft,12.94681,77.55759,2019-01-18 00:00:00.000,16:30:00
Jayanagar,2 wheeler theft,12.94796,77.559985,2019-08-02 00:00:00.000,16:00:00
Jayanagar,2 wheeler theft,12.95706,77.56589,2019-02-16 00:00:00.000,18:50:00
Jayanagar,2 wheeler theft,12.94928,77.55739,2019-12-04 00:00:00.000,10:00:00
Jayanagar,2 wheeler theft,12.95025,77.56269,2019-06-05 00:00:00.000,11:30:00
Jayanagar,2 wheeler theft,12.95446,77.56184,2019-09-05 00:00:00.000,13:00:00
Jayanagar,2 wheeler theft,12.94771,77.55971,2019-09-05 00:00:00.000,13:30:00
Jayanagar,2 wheeler theft,12.95046684,77.5643001,2019-05-14 00:00:00.000,15:00:00
Jayanagar,2 wheeler theft,12.94908,77.55769,2019-05-20 00:00:00.000,19:00:00
Jayanagar,2 wheeler theft,12.94861,77.55821,2019-11-07 00:00:00.000,19:30:00
Jayanagar,2 wheeler theft,12.95236,77.56241,2019-07-27 00:00:00.000,11:30:00
Jayanagar,2 wheeler theft,12.95544,77.56632,2019-08-16 00:00:00.000,21:15:00
Jayanagar,2 wheeler theft,12.95196,77.56506,2019-09-26 00:00:00.000,10:30:00
Jayanagar,2 wheeler theft,12.95644,77.56345,2019-09-26 00:00:00.000,11:30:00
Jayanagar,2 wheeler theft,12.95685,77.56051,2019-05-10 00:00:00.000,20:45:00
Jayanagar,2 wheeler theft,12.95602,77.56368,2019-08-10 00:00:00.000,19:00:00
Jayanagar,2 wheeler theft,12.94839,77.56155,2019-11-21 00:00:00.000,20:31:00
Jayanagar,2 wheeler theft,12.95171,77.56194,2019-02-12 00:00:00.000,18:30:00
Jayanagar,2 wheeler theft,12.95644,77.56345,2019-04-12 00:00:00.000,20:30:00
Jayanagar,2 wheeler theft,12.94839,77.56121,2019-12-27 00:00:00.000,12:30:00
Jayanagar,2 wheeler theft,12.95174267,77.56906813,2015-05-01 00:00:00.000,
Jayanagar,2 wheeler theft,12.95176411,77.56840735,2015-01-13 00:00:00.000,16:30:00
Jayanagar,2 wheeler theft,12.952574524172,77.5714060595372,2015-01-20 00:00:00.000,10:00:00
Jayanagar,2 wheeler theft,12.9495774521571,77.570523525021,2015-01-22 00:00:00.000,12:30:00
Jayanagar,2 wheeler theft,12.9534447211312,77.5683632353704,2015-02-13 00:00:00.000,19:15:00
Jayanagar,2 wheeler theft,12.95354,78.57194,2015-03-21 00:00:00.000,16:30:00
Jayanagar,2 wheeler theft,12.95289,77.57194,2015-10-04 00:00:00.000,18:00:00
Jayanagar,2 wheeler theft,12.9533,77.57242,2015-09-05 00:00:00.000,10:15:00
Jayanagar,2 wheeler theft,12.9558379488,77.5702345,2015-05-20 00:00:00.000,10:00:00
Jayanagar,2 wheeler theft,12.95513035,77.57032787,2015-06-22 00:00:00.000,10:00:00
Jayanagar,2 wheeler theft,12.95605,77.56759,2015-06-24 00:00:00.000,13:15:00
Jayanagar,2 wheeler theft,12.94977021,77.56895967,2015-07-20 00:00:00.000,10:30:00
Jayanagar,2 wheeler theft,12.95583795,77.57023451,2015-07-30 00:00:00.000,14:30:00
Jayanagar,2 wheeler theft,12.94993383,77.57306533,2015-04-08 00:00:00.000,17:15:00
Jayanagar,2 wheeler theft,12.95289,77.57194,2015-11-08 00:00:00.000,20:15:00
Jayanagar,2 wheeler theft,12.95056,77.56923,2015-02-09 00:00:00.000,18:30:00
Jayanagar,2 wheeler theft,12.95135,77.56877,2015-10-26 00:00:00.000,11:45:00
Jayanagar,2 wheeler theft,12.95501377,77.5702211,2015-12-18 00:00:00.000,14:00:00
Jayanagar,2 wheeler theft,12.9533,77.57242,2016-04-01 00:00:00.000,11:00:00
Jayanagar,2 wheeler theft,12.9533,77.57242,2016-05-01 00:00:00.000,16:30:00
Jayanagar,2 wheeler theft,12.9533,77.57242,2016-06-01 00:00:00.000,11:30:00
Jayanagar,2 wheeler theft,12.95289,77.57194,2016-06-01 00:00:00.000,13:15:00
Jayanagar,2 wheeler theft,12.95154873,77.57048193,2016-02-05 00:00:00.000,09:15:00
Jayanagar,2 wheeler theft,12.95575,77.56975,2016-06-18 00:00:00.000,10:00:00
Jayanagar,2 wheeler theft,12.95289,77.57194,2016-06-25 00:00:00.000,19:00:00
Jayanagar,2 wheeler theft,12.95154873,77.57048193,2016-07-18 00:00:00.000,19:00:00
Jayanagar,2 wheeler theft,12.95289,77.57194,2016-02-08 00:00:00.000,16:00:00
Jayanagar,2 wheeler theft,12.95289,77.57194,2016-12-25 00:00:00.000,12:30:00
Jayanagar,2 wheeler theft,12.9533,77.57242,2017-03-02 00:00:00.000,10:00:00
Jayanagar,2 wheeler theft,12.95128,77.57177,2017-04-21 00:00:00.000,15:00:00
Jayanagar,2 wheeler theft,12.94898752,77.56995676,2017-07-19 00:00:00.000,18:00:00
Jayanagar,2 wheeler theft,12.95154873,77.57048193,2017-08-14 00:00:00.000,14:30:00
Jayanagar,2 wheeler theft,12.94946,77.5713,2017-11-21 00:00:00.000,18:00:00
Jayanagar,2 wheeler theft,12.9525514,77.569814,2018-02-27 00:00:00.000,10:00:00
Jayanagar,2 wheeler theft,12.95128,77.57177,2018-06-03 00:00:00.000,16:00:00
Jayanagar,2 wheeler theft,12.94946,77.5713,2018-05-30 00:00:00.000,17:30:00
Jayanagar,2 wheeler theft,12.95154873,77.57048193,2018-08-22 00:00:00.000,09:00:00
Jayanagar,2 wheeler theft,12.94837,77.57152,2018-03-11 00:00:00.000,10:30:00
Jayanagar,2 wheeler theft,12.95682,77.56796,2018-11-12 00:00:00.000,10:30:00
Jayanagar,2 wheeler theft,12.95416,77.56679,2019-12-02 00:00:00.000,17:00:00
Jayanagar,2 wheeler theft,12.95154873,77.57048193,2019-02-17 00:00:00.000,12:45:00
Jayanagar,2 wheeler theft,12.948775,77.572542,2019-03-18 00:00:00.000,10:30:00
Jayanagar,2 wheeler theft,12.95154873,77.57048193,2019-03-29 00:00:00.000,13:00:00
Jayanagar,2 wheeler theft,12.95416,77.56679,2019-05-14 00:00:00.000,16:00:00
Jayanagar,2 wheeler theft,12.9529,77.5713,2019-06-14 00:00:00.000,16:00:00
Jayanagar,2 wheeler theft,12.948775,77.572542,2019-07-25 00:00:00.000,15:00:00
Jayanagar,2 wheeler theft,12.948775,77.572542,2019-08-16 00:00:00.000,16:30:00
Jayanagar,2 wheeler theft,12.94951,77.5674,2019-07-09 00:00:00.000,03:35:00
Jayanagar,2 wheeler theft,12.9532178,77.5777217,2015-09-01 00:00:00.000,12:30:00
Jayanagar,2 wheeler theft,12.954761,77.5778354,2015-10-01 00:00:00.000,
Jayanagar,2 wheeler theft,12.954761,77.5778354,2015-11-01 00:00:00.000,13:30:00
Jayanagar,2 wheeler theft,12.9582975,77.5696155,,15:30:00
Jayanagar,2 wheeler theft,12.9496921,77.57485996,,18:30:00
Jayanagar,2 wheeler theft,12.954761,77.5778354,,00:00:00
Jayanagar,2 wheeler theft,12.95154815,77.57555399,2015-03-03 00:00:00.000,17:45:00
Jayanagar,2 wheeler theft,12.95344687,77.57686176,2015-05-03 00:00:00.000,12:30:00
Jayanagar,2 wheeler theft,12.9625684,77.571111226,,12:45:00
Jayanagar,2 wheeler theft,12.95154815,77.57555399,,00:00:00
Jayanagar,2 wheeler theft,12.9504095,77.5749664,,00:00:00
Jayanagar,2 wheeler theft,12.95237894,77.57986571,2015-01-04 00:00:00.000,14:30:00
Jayanagar,2 wheeler theft,12.9591802,77.5716622,2015-07-04 00:00:00.000,00:00:00
Jayanagar,2 wheeler theft,12.95274238,77.57638783,,15:30:00
Jayanagar,2 wheeler theft,12.95882913,77.57007146,,12:30:00
Jayanagar,2 wheeler theft,12.94996288,77.57666378,,00:00:00
Jayanagar,2 wheeler theft,12.94864,77.57586657,2015-12-06 00:00:00.000,14:15:00
Jayanagar,2 wheeler theft,12.95072643,77.57692629,2015-01-07 00:00:00.000,00:00:00
Jayanagar,2 wheeler theft,12.95685038,77.57390456,,11:30:00
Jayanagar,2 wheeler theft,12.9532287,77.5777318,,00:00:00
Jayanagar,2 wheeler theft,12.95673846,77.57548011,,00:00:00
Jayanagar,2 wheeler theft,12.94927302,77.57757818,2015-01-08 00:00:00.000,00:00:00
Jayanagar,2 wheeler theft,12.96212533,77.57157822,2015-07-08 00:00:00.000,10:30:00
Jayanagar,2 wheeler theft,12.954052,77.5755385,2015-11-08 00:00:00.000,13:30:00
Jayanagar,2 wheeler theft,12.95040586,77.57496634,,00:00:00
Jayanagar,2 wheeler theft,12.95885752,77.57000986,,00:00:00
Jayanagar,2 wheeler theft,12.96043466,77.57267,,00:00:00
Jayanagar,2 wheeler theft,12.95040586,77.57496634,,00:00:00
Jayanagar,2 wheeler theft,12.95256168,77.57641514,,13:15:00
Jayanagar,2 wheeler theft,12.9496921,77.57485996,,00:00:00
Jayanagar,2 wheeler theft,12.95274238,77.57638783,,00:00:00
Jayanagar,2 wheeler theft,12.9486433,77.57891268,2015-07-10 00:00:00.000,13:40:00
Jayanagar,2 wheeler theft,12.95024852,77.5751806,2015-07-10 00:00:00.000,00:00:00
Jayanagar,2 wheeler theft,12.95154815,77.57555399,2015-09-10 00:00:00.000,10:30:00
Jayanagar,2 wheeler theft,12.952560293,77.5761510453,,00:00:00
Jayanagar,2 wheeler theft,12.95024852,77.5751806,,00:00:00
Jayanagar,2 wheeler theft,12.954761,77.5778354,2015-01-11 00:00:00.000,10:45:00
Jayanagar,2 wheeler theft,12.9511305753879,77.5745267860494,,00:00:00
Jayanagar,2 wheeler theft,12.9521918,77.57584631,,00:00:00
Jayanagar,2 wheeler theft,12.95623846,77.57548011,,00:00:00
Jayanagar,2 wheeler theft,12.9595545,77.57161241,2016-04-01 00:00:00.000,00:00:00
Jayanagar,2 wheeler theft,12.95523508,77.57714495,2016-07-01 00:00:00.000,00:00:00
Jayanagar,2 wheeler theft,12.95423052,77.57956099,,00:00:00
Jayanagar,2 wheeler theft,12.95190448,77.577052119,2016-04-02 00:00:00.000,10:30:00
Jayanagar,2 wheeler theft,12.9593499339,77.5693986366584,2016-12-02 00:00:00.000,00:00:00
Jayanagar,2 wheeler theft,12.9495994,77.57436524,,12:10:00
Jayanagar,2 wheeler theft,12.9576958620577,77.56837183909,,00:00:00
Jayanagar,2 wheeler theft,12.96328453801,77.570560294,,16:30:00
Jayanagar,2 wheeler theft,12.94846316,77.57567858,2016-05-04 00:00:00.000,00:00:00
Jayanagar,2 wheeler theft,12.9496921,77.57485996,2016-07-04 00:00:00.000,18:30:00
Jayanagar,2 wheeler theft,12.9521322141588,77.5771518621966,,12:15:00
Jayanagar,2 wheeler theft,12.95774238,77.57438783,2016-01-06 00:00:00.000,00:00:00
Jayanagar,2 wheeler theft,12.9615484432932,77.5709308494,2016-06-06 00:00:00.000,14:30:00
Jayanagar,2 wheeler theft,12.9512375267017,77.5759692165225,,00:00:00
Jayanagar,2 wheeler theft,12.9625657441,77.57700304,2016-12-07 00:00:00.000,00:00:00
Jayanagar,2 wheeler theft,12.95261221,77.57649985,,10:50:00
Jayanagar,2 wheeler theft,12.94996288,77.57666378,,00:00:00
Jayanagar,2 wheeler theft,12.95685038,77.57380458,2016-06-07 00:00:00.000,16:30:00
Jayanagar,2 wheeler theft,12.94850595,77.57841341,,00:00:00
Jayanagar,2 wheeler theft,12.95261221,77.57649985,,12:30:00
Jayanagar,2 wheeler theft,12.95889589,77.57254008,2016-05-09 00:00:00.000,12:30:00
Jayanagar,2 wheeler theft,12.9625684,77.57111226,,13:50:00
Jayanagar,2 wheeler theft,12.94843113,77.57923945,2016-07-10 00:00:00.000,12:30:00
Jayanagar,2 wheeler theft,12.95882913,77.57007146,,11:30:00
Jayanagar,2 wheeler theft,12.9527423802776,77.5763878294634,,18:15:00
Jayanagar,2 wheeler theft,12.96266135,77.57026712,2016-05-11 00:00:00.000,13:45:00
Jayanagar,2 wheeler theft,12.95523508,77.57714495,2016-10-11 00:00:00.000,13:15:00
Jayanagar,2 wheeler theft,12.95126643,77.57743932,2016-11-11 00:00:00.000,13:30:00
Jayanagar,2 wheeler theft,12.9629643677712,77.5716807782747,,00:00:00
Jayanagar,2 wheeler theft,12.9527423802776,77.5763878294634,2016-09-12 00:00:00.000,00:00:00
Jayanagar,2 wheeler theft,12.9517436478755,77.5761141872403,2017-02-01 00:00:00.000,00:00:00
Jayanagar,2 wheeler theft,12.94843113,77.57923945,,12:30:00
Jayanagar,2 wheeler theft,12.94869453,77.5777437,2017-04-02 00:00:00.000,00:00:00
Jayanagar,2 wheeler theft,12.94870298,77.5787416,,18:10:00
Jayanagar,2 wheeler theft,12.95673846,77.57548011,,18:10:00
Jayanagar,2 wheeler theft,12.9527423802776,77.5763878294634,,00:00:00
Jayanagar,2 wheeler theft,12.94870298,77.5787416,,12:25:00
Jayanagar,2 wheeler theft,12.953928867453,77.5775919862997,,16:30:00
Jayanagar,2 wheeler theft,12.95126643,77.57986571,2017-07-04 00:00:00.000,00:00:00
Jayanagar,2 wheeler theft,12.95934993,77.56939864,,12:30:00
Jayanagar,2 wheeler theft,12.95165784,77.577348,,00:00:00
Jayanagar,2 wheeler theft,12.95166685,77.57461643,,00:00:00
Jayanagar,2 wheeler theft,12.96263068,77.57158931,,00:00:00
Jayanagar,2 wheeler theft,12.9624382,77.5692513,2017-05-06 00:00:00.000,00:00:00
Jayanagar,2 wheeler theft,12.96392124,77.57162291,2017-06-07 00:00:00.000,
Jayanagar,2 wheeler theft,12.96273074,77.57051558,,20:30:00
Jayanagar,2 wheeler theft,12.9512664,77.5774393,2017-03-07 00:00:00.000,18:30:00
Jayanagar,2 wheeler theft,12.94870298,77.5787416,2017-07-07 00:00:00.000,00:00:00
Jayanagar,2 wheeler theft,12.95673846,77.57548011,,12:10:00
Jayanagar,2 wheeler theft,12.9614984104776,77.571738635254,,00:00:00
Jayanagar,2 wheeler theft,12.9525616837651,77.5764151430082,2017-06-09 00:00:00.000,00:00:00
Jayanagar,2 wheeler theft,12.9624382,77.5692513,,18:30:00
Jayanagar,2 wheeler theft,12.95801501,77.56948559,,00:00:00
Jayanagar,2 wheeler theft,12.95801501,77.56948559,2017-12-01 00:00:00.000,
Jayanagar,2 wheeler theft,12.95683284,77.57444924,,10:30:00
Jayanagar,2 wheeler theft,12.95877669,77.56990642,,10:30:00
Jayanagar,2 wheeler theft,12.95683284,77.57444924,,11:30:00
Jayanagar,2 wheeler theft,12.95003587,77.57449356,,12:50:00
Jayanagar,2 wheeler theft,12.95429639,77.57547505,,00:00:00
Jayanagar,2 wheeler theft,12.95274238,77.57638783,2018-06-02 00:00:00.000,12:00:00
Jayanagar,2 wheeler theft,12.95400192,77.57997782,2018-06-03 00:00:00.000,10:30:00
Jayanagar,2 wheeler theft,12.96256574,77.57160528,2018-08-03 00:00:00.000,14:15:00
Jayanagar,2 wheeler theft,12.96256574,77.57160528,2018-09-03 00:00:00.000,10:50:00
Jayanagar,2 wheeler theft,12.95103587,77.57449356,2018-09-03 00:00:00.000,00:00:00
Jayanagar,2 wheeler theft,12.95203683,77.57654602,,17:30:00
Jayanagar,2 wheeler theft,12.96170594,77.57113689,,00:00:00
Jayanagar,2 wheeler theft,12.94870298,77.5787416,,00:00:00
Jayanagar,2 wheeler theft,12.96212533,77.57157822,,19:35:00
Jayanagar,2 wheeler theft,12.9621253332222,77.5715782206541,,10:30:00
Jayanagar,2 wheeler theft,12.96263068,77.57158931,2018-12-06 00:00:00.000,11:15:00
Jayanagar,2 wheeler theft,12.94870298,77.5787416,2018-06-07 00:00:00.000,10:30:00
Jayanagar,2 wheeler theft,12.96263068,77.57158931,,00:00:00
Jayanagar,2 wheeler theft,12.96046307,77.57137206,,15:30:00
Jayanagar,2 wheeler theft,12.9512863856471,77.5772722670717,,11:50:00
Jayanagar,2 wheeler theft,12.95420106,77.57603292,2018-10-08 00:00:00.000,11:35:00
Jayanagar,2 wheeler theft,12.95191839,77.57721728,,14:10:00
Jayanagar,2 wheeler theft,12.96020902,77.57035056,,10:15:00
Jayanagar,2 wheeler theft,12.95195692,77.5744548,2018-04-09 00:00:00.000,
Jayanagar,2 wheeler theft,12.95415476,77.57160528,2018-11-09 00:00:00.000,00:00:00
Jayanagar,2 wheeler theft,12.94870298,77.5787416,,00:00:00
Jayanagar,2 wheeler theft,12.96160834,77.57131654,2018-07-11 00:00:00.000,10:45:00
Jayanagar,2 wheeler theft,12.94870298,77.5787416,,00:00:00
Jayanagar,2 wheeler theft,12.95420106,77.57603292,,14:15:00
Jayanagar,2 wheeler theft,12.95883684,77.57132446,,11:15:00
Jayanagar,2 wheeler theft,12.95432617,77.57909731,2018-04-12 00:00:00.000,10:30:00
Jayanagar,2 wheeler theft,12.95103587,77.57449356,,11:30:00
Jayanagar,2 wheeler theft,12.96256574,77.57160528,,15:30:00
Jayanagar,2 wheeler theft,12.959545,77.57161241,,14:35:00
Jayanagar,2 wheeler theft,12.95274238,77.5763878,2019-11-02 00:00:00.000,09:30:00
Jayanagar,2 wheeler theft,12.94927302,77.57757818,,00:00:00
Jayanagar,2 wheeler theft,12.95172149,77.57793749,,19:30:00
Jayanagar,2 wheeler theft,12.9496921,77.57485996,2019-10-04 00:00:00.000,19:30:00
Jayanagar,2 wheeler theft,12.95429639,77.57547505,,10:30:00
Jayanagar,2 wheeler theft,12.95515912,77.57393844,2019-03-05 00:00:00.000,10:50:00
Jayanagar,2 wheeler theft,12.95525186,77.57700304,2019-06-05 00:00:00.000,16:45:00
Jayanagar,2 wheeler theft,12.96256574,77.57160528,2019-09-05 00:00:00.000,00:00:00
Jayanagar,2 wheeler theft,12.96332603,77.57104599,,00:00:00
Jayanagar,2 wheeler theft,12.96299087,77.57215462,,10:30:00
Jayanagar,2 wheeler theft,12.95883684,77.57132446,,11:30:00
Jayanagar,2 wheeler theft,12.95525186,77.57700304,,11:30:00
Jayanagar,2 wheeler theft,12.95882913,77.57161241,2019-01-07 00:00:00.000,11:15:00
Jayanagar,2 wheeler theft,12.95515912,77.57389864,,11:30:00
Jayanagar,2 wheeler theft,12.95910534,77.57007146,2019-08-07 00:00:00.000,13:30:00
Jayanagar,2 wheeler theft,12.96212533,77.57157822,,14:30:00
Jayanagar,2 wheeler theft,12.96160834,77.57131654,2019-11-08 00:00:00.000,10:15:00
Jayanagar,2 wheeler theft,12.96212533,77.57157822,,11:45:00
Jayanagar,2 wheeler theft,12.96212533,77.57157822,,09:45:00
Jayanagar,2 wheeler theft,12.95432617,77.57909731,,11:30:00
Jayanagar,2 wheeler theft,12.9595545,77.57161241,,10:30:00
Jayanagar,2 wheeler theft,12.949827763063,77.5746000185609,,00:00:00
Jayanagar,2 wheeler theft,12.9624491,77.5729655,2019-09-10 00:00:00.000,14:30:00
Jayanagar,2 wheeler theft,12.96256574,77.57160528,2019-10-10 00:00:00.000,09:30:00
Jayanagar,2 wheeler theft,12.9510189653584,77.5775247971393,,13:30:00
Jayanagar,2 wheeler theft,12.95585076,77.57559967,,00:00:00
Jayanagar,2 wheeler theft,12.9624491,77.5729655,,00:00:00
Jayanagar,2 wheeler theft,12.953672,77.577753,,00:00:00
Jayanagar,2 wheeler theft,12.96078766,77.5720958,,00:00:00
Jayanagar,2 wheeler theft,12.96341,77.57023,,10:30:00
Jayanagar,2 wheeler theft,12.92612,77.575115,2015-04-01 00:00:00.000,11:10:00
Jayanagar,2 wheeler theft,12.941828,77.561823,2015-01-21 00:00:00.000,22:30:00
Jayanagar,2 wheeler theft,12.932685,77.544577,2015-08-04 00:00:00.000,11:30:00
Jayanagar,2 wheeler theft,12.944081,77.55546,,14:30:00
Jayanagar,2 wheeler theft,12.942649,77.544916,,13:45:00
Jayanagar,2 wheeler theft,12.943277,77.555311,,08:50:00
Jayanagar,2 wheeler theft,12.945538,77.553088,,13:30:00
Jayanagar,2 wheeler theft,12.948701,77.551524,,12:00:00
Jayanagar,2 wheeler theft,12.942746,77.545402,2015-04-05 00:00:00.000,16:00:00
Jayanagar,2 wheeler theft,12.94533,77.564184,,12:00:00
Jayanagar,2 wheeler theft,12.938835,77.552467,2015-02-06 00:00:00.000,11:50:00
Jayanagar,2 wheeler theft,12.94201,77.552382,2015-09-06 00:00:00.000,01:30:00
Jayanagar,2 wheeler theft,12.946303,77.550848,,13:00:00
Jayanagar,2 wheeler theft,12.940124,77.559239,,08:00:00
Jayanagar,2 wheeler theft,12.936371,77.553711,,12:00:00
Jayanagar,2 wheeler theft,12.927632,77.568274,,17:00:00
Jayanagar,2 wheeler theft,12.938391,77.567624,2015-08-07 00:00:00.000,12:00:00
Jayanagar,2 wheeler theft,12.941545,77.557568,,11:00:00
Jayanagar,2 wheeler theft,12.945881,77.5626,2015-03-08 00:00:00.000,13:00:00
Jayanagar,2 wheeler theft,12.934504,77.559655,,18:15:00
Jayanagar,2 wheeler theft,12.947553,77.552613,,11:15:00
Jayanagar,2 wheeler theft,12.941265,77.565566,,14:15:00
Jayanagar,2 wheeler theft,12.937318,77.561461,,17:45:00
Jayanagar,2 wheeler theft,12.93898,77.562519,,13:45:00
Jayanagar,2 wheeler theft,12.941265,77.565566,2015-04-09 00:00:00.000,11:00:00
Jayanagar,2 wheeler theft,12.938445,77.560747,2015-08-31 00:00:00.000,12:15:00
Jayanagar,2 wheeler theft,12.9938379,77.564288,,12:00:00
Jayanagar,2 wheeler theft,12.98987,77.564124,,12:00:00
Jayanagar,2 wheeler theft,12.946545,77.560737,2015-01-10 00:00:00.000,21:00:00
Jayanagar,2 wheeler theft,12.94856,77.552215,2015-07-10 00:00:00.000,12:00:00
Jayanagar,2 wheeler theft,12.938325,77.563274,2015-07-10 00:00:00.000,13:00:00
Jayanagar,2 wheeler theft,12.940128,77.553518,,14:30:00
Jayanagar,2 wheeler theft,12.938782,77.561543,,12:00:00
Jayanagar,2 wheeler theft,12.944532,77.563359,,09:30:00
Jayanagar,2 wheeler theft,12.930423,77.553171,,13:30:00
Jayanagar,2 wheeler theft,12.945001,77.555126,,12:00:00
Jayanagar,2 wheeler theft,12.934222,77.559017,,15:00:00
Jayanagar,2 wheeler theft,12.941555,77.56314,,17:30:00
Jayanagar,2 wheeler theft,12.936984,77.561075,2015-01-12 00:00:00.000,10:30:00
Jayanagar,2 wheeler theft,12.941477,77.559944,2015-08-12 00:00:00.000,17:00:00
Jayanagar,2 wheeler theft,12.939464,77.55785,2015-09-12 00:00:00.000,12:30:00
Jayanagar,2 wheeler theft,12.937633,77.562301,2015-11-12 00:00:00.000,13:00:00
Jayanagar,2 wheeler theft,12.938849,77.565144,,16:00:00
Jayanagar,2 wheeler theft,12.948047,77.55195,,12:00:00
Jayanagar,2 wheeler theft,12.43683,77.565527,,10:30:00
Jayanagar,2 wheeler theft,12.941818,77.561845,2015-12-14 00:00:00.000,19:30:00
Jayanagar,2 wheeler theft,12.936474,77.553951,,20:40:00
Jayanagar,2 wheeler theft,12.947014,77.559808,,18:30:00
Jayanagar,2 wheeler theft,12.938984,77.5569874,,19:00:00
Jayanagar,2 wheeler theft,12.949135,77.553108,2016-05-01 00:00:00.000,19:30:00
Jayanagar,2 wheeler theft,12.947301,77.56419,,11:15:00
Jayanagar,2 wheeler theft,12.947134,77.554724,,00:00:00
Jayanagar,2 wheeler theft,12.940849,77.559491,,11:00:00
Jayanagar,2 wheeler theft,12.946687,77.555968,,22:30:00
Jayanagar,2 wheeler theft,12.936584,77.561168,,13:10:00
Jayanagar,2 wheeler theft,12.938387,77.555871,2016-03-03 00:00:00.000,13:25:00
Jayanagar,2 wheeler theft,12.944121,77.566997,2016-09-03 00:00:00.000,18:20:00 PM
Jayanagar,2 wheeler theft,12.937713,77.563224,2016-11-03 00:00:00.000,11:00:00
Jayanagar,2 wheeler theft,12.940737,77.54897,2016-12-03 00:00:00.000,11:50:00
Jayanagar,2 wheeler theft,12.9444,77.55475,,11:30:00
Jayanagar,2 wheeler theft,12.944704,77.555823,,17:30:00
Jayanagar,2 wheeler theft,12.94325,77.555388,2016-12-04 00:00:00.000,14:30:00
Jayanagar,2 wheeler theft,12.943065,77.567071,,11:30:00
Jayanagar,2 wheeler theft,12.942268,77.56044,,11:15:00
Jayanagar,2 wheeler theft,12.943856,77.554011,,00:00:00
Jayanagar,2 wheeler theft,12.944147,77.552753,,11:00:00
Jayanagar,2 wheeler theft,12.943581,77.556408,,00:00:00
Jayanagar,2 wheeler theft,12.943946,77.551643,,11:30:00
Jayanagar,2 wheeler theft,12.944379,77.565626,2016-07-05 00:00:00.000,17:30:00
Jayanagar,2 wheeler theft,12.942876,77.564424,2016-11-05 00:00:00.000,00:00:00
Jayanagar,2 wheeler theft,12.955891,77.55796,,00:00:00
Jayanagar,2 wheeler theft,12.947727,77.566845,,11:00:00
Jayanagar,2 wheeler theft,12.94387,77.54861,2016-07-06 00:00:00.000,11:00:00
Jayanagar,2 wheeler theft,12.933741,77.548654,,01:25:00
Jayanagar,2 wheeler theft,12.940396,77.561433,,00:00:00
Jayanagar,2 wheeler theft,12.941579,77.554914,,11:15:00
Jayanagar,2 wheeler theft,12.942435,77.568036,,14:10:00
Jayanagar,2 wheeler theft,12.949776,77.557949,,00:00:00
Jayanagar,2 wheeler theft,12.942376,77.557949,,10:45:00
Jayanagar,2 wheeler theft,12.96398,77.558069,,20:15:00
Jayanagar,2 wheeler theft,12.946594,77.554582,,00:00:00
Jayanagar,2 wheeler theft,12.946409,77.554114,2016-01-08 00:00:00.000,13:15:00
Jayanagar,2 wheeler theft,12.941292,77.557429,2016-01-08 00:00:00.000,13:30:00
Jayanagar,2 wheeler theft,12.941154,77.556565,2016-10-08 00:00:00.000,00:00:00
Jayanagar,2 wheeler theft,12.941244,77.551365,,12:00:00
Jayanagar,2 wheeler theft,12.997906,77.571392,,00:00:00
Jayanagar,2 wheeler theft,12.949546,77.567682,2016-03-09 00:00:00.000,12:30:00
Jayanagar,2 wheeler theft,12.947954,77.550693,,10:15:00
Jayanagar,2 wheeler theft,12.935265,77.560167,,14:30:00
Jayanagar,2 wheeler theft,12.936411,77.562597,,12:20:00
Jayanagar,2 wheeler theft,12.945547,77.550716,,11:00:00
Jayanagar,2 wheeler theft,12.954893,77.549488,2016-10-10 00:00:00.000,00:00:00
Jayanagar,2 wheeler theft,12.94398,77.555905,,18:30:00
Jayanagar,2 wheeler theft,12.943525,77.560295,,18:30:00 hr
Jayanagar,2 wheeler theft,12.96433,77.555479,2016-03-11 00:00:00.000,19:40:00
Jayanagar,2 wheeler theft,12.950621,77.549072,2016-12-11 00:00:00.000,14:40:00
Jayanagar,2 wheeler theft,12.936647,77.562933,,00:00:00
Jayanagar,2 wheeler theft,12.943242,77.562715,,18:30:00
Jayanagar,2 wheeler theft,12.945068,77.564487,,17:45:00
Jayanagar,2 wheeler theft,12.942493,77.562749,,00:00:00
Jayanagar,2 wheeler theft,12.946035,77.567626,,11:30:00
Jayanagar,2 wheeler theft,12.946035,77.567626,2016-09-12 00:00:00.000,23:00:00
Jayanagar,2 wheeler theft,12.943484,77.56131,2016-12-12 00:00:00.000,13:00:00
Jayanagar,2 wheeler theft,12.941807,77.561796,,11:00:00
Jayanagar,2 wheeler theft,12.939755,77.53564,,10:30:00
Jayanagar,2 wheeler theft,12.93025,77.552845,,12:15:00
Jayanagar,2 wheeler theft,12.947798,77.555929,,11:00:00
Jayanagar,2 wheeler theft,12.947032,77.556724,2017-03-01 00:00:00.000,17:00:00
Jayanagar,2 wheeler theft,12.946231,77.554584,2017-11-01 00:00:00.000,11:15:00
Jayanagar,2 wheeler theft,12.943296,77.5583,,14:00:00
Jayanagar,2 wheeler theft,12.938424,77.563509,,12:00:00
Jayanagar,2 wheeler theft,12.944757,77.561546,,14:30:00
Jayanagar,2 wheeler theft,12.945152,77.567681,,15:30:00
Jayanagar,2 wheeler theft,12.946743,77.564732,,20:45:00
Jayanagar,2 wheeler theft,12.946017,77.550443,2017-01-03 00:00:00.000,14:30:00
Jayanagar,2 wheeler theft,12.937087,77.554725,2017-01-03 00:00:00.000,02:45:00
Jayanagar,2 wheeler theft,12.941787,77.563655,2017-02-03 00:00:00.000,12:00:00
Jayanagar,2 wheeler theft,12.945149,77.558629,2017-06-03 00:00:00.000,13:30:00
Jayanagar,2 wheeler theft,12.94611,77.556185,,20:45:00
Jayanagar,2 wheeler theft,12.9442,77.562025,,14:30:00
Jayanagar,2 wheeler theft,12.944199,77.556471,,10:30:00
Jayanagar,2 wheeler theft,12.948862,77.550299,,11:00:00
Jayanagar,2 wheeler theft,12.945862,77.567542,2017-01-04 00:00:00.000,16:30:00
Jayanagar,2 wheeler theft,12.935655,77.557276,2017-08-04 00:00:00.000,15:10:00
Jayanagar,2 wheeler theft,12.938731,77.557515,,18:30:00
Jayanagar,2 wheeler theft,12.948826,77.550039,2017-06-05 00:00:00.000,10:15:00
Jayanagar,2 wheeler theft,12.947443,77.55347,2017-11-05 00:00:00.000,20:45:00
Jayanagar,2 wheeler theft,12.943931,77.565509,2017-12-05 00:00:00.000,12:15:00
Jayanagar,2 wheeler theft,12.938513,77.565111,,10:30:00
Jayanagar,2 wheeler theft,12.945416,77.55442,,15:30:00
Jayanagar,2 wheeler theft,12.94491,77.567516,2017-01-06 00:00:00.000,11:00:00
Jayanagar,2 wheeler theft,12.955198,77.567472,2017-07-06 00:00:00.000,16:30:00 AM
Jayanagar,2 wheeler theft,12.935385,77.555897,,15:15:00
Jayanagar,2 wheeler theft,12.944544,77.554925,,18:10:00
Jayanagar,2 wheeler theft,12.936651,77.55582,,11:15:00
Jayanagar,2 wheeler theft,12.93578,77.562458,2017-04-07 00:00:00.000,11:30:00
Jayanagar,2 wheeler theft,12.941842,77.561798,,11:30:00
Jayanagar,2 wheeler theft,12.943235,77.564335,,12:15:00
Jayanagar,2 wheeler theft,12.94169,77.557891,,10:30:00
Jayanagar,2 wheeler theft,12.935411,77.555958,2017-05-08 00:00:00.000,11:00:00
Jayanagar,2 wheeler theft,12.934848,77.553935,2017-09-08 00:00:00.000,00:30:00
Jayanagar,2 wheeler theft,12.93535,77.553614,,12:30:00
Jayanagar,2 wheeler theft,12.97171,77.555783,,16:30:00
Jayanagar,2 wheeler theft,12.946161,77.554204,2017-05-09 00:00:00.000,16:30:00
Jayanagar,2 wheeler theft,12.946161,77.554204,,12:30:00
Jayanagar,2 wheeler theft,12.947648,77.555133,,11:30:00
Jayanagar,2 wheeler theft,12.945656,77.55703,,11:30:00
Jayanagar,2 wheeler theft,12.947962,77.56137,,14:15:00
Jayanagar,2 wheeler theft,12.948875,77.558138,,12:30:00
Jayanagar,2 wheeler theft,12.941813,77.563095,,19:30:00
Jayanagar,2 wheeler theft,12.941723,77.561554,,11:30:00
Jayanagar,2 wheeler theft,12.946083,77.566288,,18:00:00
Jayanagar,2 wheeler theft,12.93887,77.563613,,12:30:00
Jayanagar,2 wheeler theft,12.941633,77.55737,,11:30:00
Jayanagar,2 wheeler theft,12.943655,77.551579,,16:00:00
Jayanagar,2 wheeler theft,12.940361,77.557352,,11:45:00
Jayanagar,2 wheeler theft,12.94301,77.554114,,11:45:00
Jayanagar,2 wheeler theft,12.936043,77.56367,,16:00:00
Jayanagar,2 wheeler theft,12.941526,77.560663,2017-01-12 00:00:00.000,12:00:00
Jayanagar,2 wheeler theft,12.941909,77.565285,2017-07-12 00:00:00.000,17:00:00
Jayanagar,2 wheeler theft,12.944881,77.562304,2017-12-13 00:00:00.000,11:00:00
Jayanagar,2 wheeler theft,12.935982,77.562713,2017-12-20 00:00:00.000,20:45:00
Jayanagar,2 wheeler theft,12.941289,77.558351,2017-12-25 00:00:00.000,12:30:00
Jayanagar,2 wheeler theft,12.939522,77.55879,2017-12-27 00:00:00.000,17:30:00
Jayanagar,2 wheeler theft,12.948199,77.562753,2017-12-29 00:00:00.000,11:30:00
Jayanagar,2 wheeler theft,12.940483,77.561484,,16:30:00
Jayanagar,2 wheeler theft,12.944755,77.566436,,15:10:00
Jayanagar,2 wheeler theft,12.93553,77.55892,,18:00:00
Jayanagar,2 wheeler theft,12.94021,77.561484,2018-03-02 00:00:00.000,14:40:00
Jayanagar,2 wheeler theft,12.944365,77.564264,2018-05-02 00:00:00.000,20:45:00
Jayanagar,2 wheeler theft,12.949334,77.555873,2018-12-01 00:00:00.000,12:30:00
Jayanagar,2 wheeler theft,12.947174,77.555448,,19:00:00
Jayanagar,2 wheeler theft,12.940891,77.556298,,11:00:00
Jayanagar,2 wheeler theft,12.942039,77.553681,2018-02-26 00:00:00.000,16:30:00
Jayanagar,2 wheeler theft,12.94911,77.55299,,19:00:00
Jayanagar,2 wheeler theft,12.939847,77.564293,,20:40:00
Jayanagar,2 wheeler theft,12.946133,77.555936,2018-09-03 00:00:00.000,13:00:00
Jayanagar,2 wheeler theft,12.944805,77.568012,,18:15:00
Jayanagar,2 wheeler theft,12.943248,77.557747,,16:40:00
Jayanagar,2 wheeler theft,12.946227,77.567505,,09:00:00
Jayanagar,2 wheeler theft,12.944394,77.554772,,16:00:00
Jayanagar,2 wheeler theft,12.944188,77.555529,,18:00:00
Jayanagar,2 wheeler theft,12.947936,77.550761,2018-06-04 00:00:00.000,13:00:00
Jayanagar,2 wheeler theft,12.948411,77.554547,2018-09-04 00:00:00.000,21:00:00
Jayanagar,2 wheeler theft,12.949157,77.550595,,10:00:00
Jayanagar,2 wheeler theft,12.933774,77.572827,,16:00:00
Jayanagar,2 wheeler theft,12.941233,77.565505,,12:00:00
Jayanagar,2 wheeler theft,12.946113,77.554071,,12:00:00
Jayanagar,2 wheeler theft,12.928164,77.54714,,15:00:00
Jayanagar,2 wheeler theft,12.941623,77.558911,2018-07-05 00:00:00.000,17:00:00
Jayanagar,2 wheeler theft,12.944661,77.567476,,11:00:00
Jayanagar,2 wheeler theft,12.942982,77.564302,,13:00:00
Jayanagar,2 wheeler theft,12.94311,77.558604,,13:00:00
Jayanagar,2 wheeler theft,12.934303,77.565947,2018-02-06 00:00:00.000,11:40:00
Jayanagar,2 wheeler theft,12.94406,77.56423,2018-07-06 00:00:00.000,18:15:00
Jayanagar,2 wheeler theft,12.94255,77.56258,2018-08-06 00:00:00.000,15:45:00
Jayanagar,2 wheeler theft,12.942203,77.562211,2018-10-06 00:00:00.000,15:00:00
Jayanagar,2 wheeler theft,12.93641,77.55977,2018-12-06 00:00:00.000,17:45:00
K G Nagar,2 wheeler theft,12.92220311,77.54077224,2017-03-02 00:00:00.000,19:00:00
K G Nagar,2 wheeler theft,12.92714869,77.54540158,2017-08-02 00:00:00.000,09:30:00
K G Nagar,2 wheeler theft,12.92382755,77.5432181,2017-02-16 00:00:00.000,12:30:00
K G Nagar,2 wheeler theft,12.5489333,77.9229783,2017-02-17 00:00:00.000,16:30:00
K G Nagar,2 wheeler theft,12.92714869,77.54540159,2017-02-21 00:00:00.000,16:00:00
K G Nagar,2 wheeler theft,12.56127336,77.93158689,2017-02-26 00:00:00.000,15:15:00
K G Nagar,2 wheeler theft,12.92382755,77.5432181,2017-04-03 00:00:00.000,16:40:00
K G Nagar,2 wheeler theft,12.5489333,77.9229783,2017-05-03 00:00:00.000,05:00:00
K G Nagar,2 wheeler theft,12.5489333,77.9229783,2017-06-03 00:00:00.000,20:45:00
K G Nagar,2 wheeler theft,12.93137474,77.55488579,2017-11-03 00:00:00.000,11:15:00
K G Nagar,2 wheeler theft,12.56127336,77.93158689,2017-03-14 00:00:00.000,11:50:00
K G Nagar,2 wheeler theft,12.92220578,77.54284293,2017-03-20 00:00:00.000,19:30:00
K G Nagar,2 wheeler theft,12.92220578,77.54284292,2017-03-30 00:00:00.000,18:50:00
K G Nagar,2 wheeler theft,12.93251285,77.56071715,2017-04-04 00:00:00.000,21:30:00
K G Nagar,2 wheeler theft,12.92611271,77.55026554,2017-06-04 00:00:00.000,14:30:00
K G Nagar,2 wheeler theft,12.551859,77.330585,2017-07-04 00:00:00.000,09:30:00
K G Nagar,2 wheeler theft,12.553853,77.33183,2017-10-04 00:00:00.000,23:45:00
K G Nagar,2 wheeler theft,12.555056,77331320.0,2017-04-25 00:00:00.000,16:30:00
K G Nagar,2 wheeler theft,12.92224021,77.55933137,2017-04-05 00:00:00.000,13:20:00
K G Nagar,2 wheeler theft,12.92714869,77.54540158,2017-06-05 00:00:00.000,07:30:00
K G Nagar,2 wheeler theft,12.92224021,77.55933137,2017-12-05 00:00:00.000,10:00:00
K G Nagar,2 wheeler theft,12.92382755,77.5432181,2017-05-20 00:00:00.000,18:30:00
K G Nagar,2 wheeler theft,12.92220579,77.54284293,2017-05-22 00:00:00.000,16:30:00
K G Nagar,2 wheeler theft,12.92220578,77.54284292,2017-05-29 00:00:00.000,18:45:00
K G Nagar,2 wheeler theft,12.92220578,77.54284292,2017-02-06 00:00:00.000,18:00:00
K G Nagar,2 wheeler theft,12.92220578,77.54284292,2017-12-06 00:00:00.000,20:30:00
K G Nagar,2 wheeler theft,12.55406,77.332236,2017-06-19 00:00:00.000,13:30:00
K G Nagar,2 wheeler theft,12.92220579,77.54284292,2017-06-27 00:00:00.000,07:45:00
K G Nagar,2 wheeler theft,12.92714869,77.54540158,2017-04-07 00:00:00.000,08:50:00
K G Nagar,2 wheeler theft,12.92220578,77.54284292,2017-07-07 00:00:00.000,06:00:00
K G Nagar,2 wheeler theft,12.93251285,77.56071715,2017-07-13 00:00:00.000,09:00:00
K G Nagar,2 wheeler theft,12.92220578,77.54284292,2017-07-18 00:00:00.000,07:30:00
K G Nagar,2 wheeler theft,12.555542,77.334934,2017-07-28 00:00:00.000,19:30:00
K G Nagar,2 wheeler theft,12.92714515,77.55837118,2017-07-30 00:00:00.000,08:00:00
K G Nagar,2 wheeler theft,12.9271486,77.540158,201-08-01 00:00:00.000,11:25:00
K G Nagar,2 wheeler theft,12.92468739,77.55875412,2017-05-08 00:00:00.000,14:10:00
K G Nagar,2 wheeler theft,12.92714515,77.55837118,2017-08-13 00:00:00.000,18:00:00
K G Nagar,2 wheeler theft,12.92809656,12.92809656,2017-08-28 00:00:00.000,17:50:00
K G Nagar,2 wheeler theft,12.92465239,77.55567577,2017-08-30 00:00:00.000,16:30:00
K G Nagar,2 wheeler theft,12.552047,77.333325,2017-09-13 00:00:00.000,22:15:00
K G Nagar,2 wheeler theft,12.55486,77.324687,2017-09-19 00:00:00.000,10:30:00
K G Nagar,2 wheeler theft,12.554269,77.325595,2017-10-10 00:00:00.000,22:00:00
K G Nagar,2 wheeler theft,12.553897,77.333401,2017-10-13 00:00:00.000,15:20:00
K G Nagar,2 wheeler theft,12.553254,77.330079,2017-10-27 00:00:00.000,09:00:00
K G Nagar,2 wheeler theft,12.5489333,77.9229783,2017-10-28 00:00:00.000,08:00:00
K G Nagar,2 wheeler theft,12.92543223,77.54973039,2017-10-31 00:00:00.000,22:45:00
K G Nagar,2 wheeler theft,12.553632,77.325491,2017-04-11 00:00:00.000,08:00:00
K G Nagar,2 wheeler theft,12.92543223,77.54973039,2017-11-16 00:00:00.000,19:00:00
K G Nagar,2 wheeler theft,12.555752,77.334953,2017-11-22 00:00:00.000,10:30:00
K G Nagar,2 wheeler theft,12.92220579,77.54284293,2017-11-24 00:00:00.000,07:00:00
K G Nagar,2 wheeler theft,12.92220579,77.54284293,2017-05-12 00:00:00.000,11:15:00
K G Nagar,2 wheeler theft,12.555811,77.334933,2017-08-12 00:00:00.000,09:00:00
K G Nagar,2 wheeler theft,12.92220311,77.54077224,2017-12-29 00:00:00.000,17:00:00
K G Nagar,2 wheeler theft,12.555631,77.335275,2018-06-01 00:00:00.000,14:00:00
K G Nagar,2 wheeler theft,12.5489333,77.9229783,2018-11-01 00:00:00.000,11:15:00
K G Nagar,2 wheeler theft,12.554022,77.330859,2018-01-21 00:00:00.000,15:45 PM
K G Nagar,2 wheeler theft,12.554278,77.324358,2018-01-26 00:00:00.000,18:00 PM
K G Nagar,2 wheeler theft,12.552396,77.32476,2018-01-31 00:00:00.000,10:00:00
K G Nagar,2 wheeler theft,12.5495424,77.92826254,2018-01-02 00:00:00.000,18:00 PM
K G Nagar,2 wheeler theft,12.560038,77.223912,2018-06-02 00:00:00.000,10:00:00
K G Nagar,2 wheeler theft,12.554295,77.330244,2018-02-23 00:00:00.000,05:30:00
K G Nagar,2 wheeler theft,12.551147,77.322244,2018-02-26 00:00:00.000,18:00 PM
K G Nagar,2 wheeler theft,12.554092,77.334384,2018-05-03 00:00:00.000,09:15:00
K G Nagar,2 wheeler theft,12.555746,77.334764,2018-07-03 00:00:00.000,15:00 PM
K G Nagar,2 wheeler theft,12.554996,77.331239,2018-03-19 00:00:00.000,21:30 PM
K G Nagar,2 wheeler theft,12.5489333,77.9229783,2018-03-22 00:00:00.000,07:00:00
K G Nagar,2 wheeler theft,12.55579,77.334951,2018-03-26 00:00:00.000,08:00:00
K G Nagar,2 wheeler theft,12.554358,77.333815,2018-01-04 00:00:00.000,06:45:00
K G Nagar,2 wheeler theft,12.554616,77.334577,2018-02-04 00:00:00.000,21:00 PM
K G Nagar,2 wheeler theft,12.554148,77.334276,2018-04-04 00:00:00.000,08:00:00
K G Nagar,2 wheeler theft,12.554187,77.333795,2018-05-04 00:00:00.000,18:00:00
K G Nagar,2 wheeler theft,12.56041,77.332998,2018-04-17 00:00:00.000,13:30:00
K G Nagar,2 wheeler theft,12.555986,77.334341,2018-01-05 00:00:00.000,16:30:00
K G Nagar,2 wheeler theft,12.92714869,77.54540158,2018-02-05 00:00:00.000,22:30 PM
K G Nagar,2 wheeler theft,12.92714869,77.54540158,2018-05-19 00:00:00.000,09:45:00
K G Nagar,2 wheeler theft,12.555662,77.33564,2018-05-21 00:00:00.000,09:00:00
K G Nagar,2 wheeler theft,12.553458,77.325984,2018-05-29 00:00:00.000,16:30 PM
K G Nagar,2 wheeler theft,12.552546,77.325933,2018-01-06 00:00:00.000,18:30:00
K G Nagar,2 wheeler theft,12.555417,77.335237,2018-04-06 00:00:00.000,09:00:00
K G Nagar,2 wheeler theft,12.555727,77.340067,2018-05-06 00:00:00.000,10:30:00
K G Nagar,2 wheeler theft,12.560542,77.333067,2018-07-06 00:00:00.000,19:00 PM
K G Nagar,2 wheeler theft,12.552227,77.330864,2018-11-06 00:00:00.000,19:00 PM
K G Nagar,2 wheeler theft,12554663.0,77.32485,2018-06-15 00:00:00.000,05:30:00
K G Nagar,2 wheeler theft,12552123.0,77.331111,2018-06-20 00:00:00.000,04:30:00
K G Nagar,2 wheeler theft,12.552193,77.330624,2018-06-21 00:00:00.000,18:00 PM
K G Nagar,2 wheeler theft,12.5544,77.325016,2018-03-07 00:00:00.000,10:30:00
K G Nagar,2 wheeler theft,12.555669,77.340287,2018-05-07 00:00:00.000,08:30:00
K G Nagar,2 wheeler theft,12.552635,77.330175,2018-10-07 00:00:00.000,20:30 PM
K G Nagar,2 wheeler theft,12.551236,77.322867,2018-07-18 00:00:00.000,12:45:00
K G Nagar,2 wheeler theft,12551061.0,77.323773,2018-07-27 00:00:00.000,11: AM
K G Nagar,2 wheeler theft,12.551557,77.323111,2018-01-08 00:00:00.000,13:25 PM
K G Nagar,2 wheeler theft,12.55348,77.331106,2018-04-08 00:00:00.000,11:30:00
K G Nagar,2 wheeler theft,12.552801,77.332249,2018-05-08 00:00:00.000,17:15 PM
K G Nagar,2 wheeler theft,12.92468739,77.55875412,2018-07-08 00:00:00.000,10:30:00
K G Nagar,2 wheeler theft,12.93251285,77.56071715,2018-11-08 00:00:00.000,13:30 PM
K G Nagar,2 wheeler theft,12.5489333,77.9229783,2018-08-13 00:00:00.000,10:00:00
K G Nagar,2 wheeler theft,12.555313,77.332362,2018-08-18 00:00:00.000,15:00 PM
K G Nagar,2 wheeler theft,12.5489333,77.9229783,2018-08-26 00:00:00.000,14:30 PM
K G Nagar,2 wheeler theft,12.55536,77.332481,2018-08-27 00:00:00.000,11:00:00
K G Nagar,2 wheeler theft,12.552743,77.325981,2018-08-28 00:00:00.000,11:30:00
K G Nagar,2 wheeler theft,12.5548,77.330667,2018-08-30 00:00:00.000,15:00 PM
K G Nagar,2 wheeler theft,12.554351,77.332335,2018-04-09 00:00:00.000,11:00:00
K G Nagar,2 wheeler theft,12.552728,77.325245,2018-09-17 00:00:00.000,15:15 PM
K G Nagar,2 wheeler theft,12.93251285,77.56071715,2018-09-29 00:00:00.000,17:00 PM
K G Nagar,2 wheeler theft,12.555196,77.335237,2018-05-10 00:00:00.000,14:00 PM
K G Nagar,2 wheeler theft,12.555662,77.32589,2018-10-16 00:00:00.000,17:30 PM
K G Nagar,2 wheeler theft,12.5539,77.333408,2018-10-17 00:00:00.000,18:00 PM
K G Nagar,2 wheeler theft,12.55492,77.333266,2018-10-23 00:00:00.000,14:30 PM
K G Nagar,2 wheeler theft,12.554478,77.32511,2018-10-26 00:00:00.000,15:30 PM
K G Nagar,2 wheeler theft,12.554428,77.332372,2018-10-30 00:00:00.000,18:30 PM
K G Nagar,2 wheeler theft,12.929584,77.561639,2018-01-11 00:00:00.000,15:45 PM
K G Nagar,2 wheeler theft,12.920024,77.544633,2018-05-11 00:00:00.000,14:30 PM
K G Nagar,ordinary theft,12.564568,77.340948,2017-09-28 00:00:00.000,
K G Nagar,ordinary theft,12.948385,77.577426,2017-10-13 00:00:00.000,
K G Nagar,ordinary theft,12.935135,77.573827,2017-10-14 00:00:00.000,
K G Nagar,ordinary theft,12.93867,77.580302,,
K G Nagar,ordinary theft,12.9446029,77.57686206,2017-03-11 00:00:00.000,
K G Nagar,ordinary theft,12.9458809,77.5757383,2017-09-11 00:00:00.000,
K G Nagar,ordinary theft,12.936943,77.571151,2017-10-12 00:00:00.000,
K G Nagar,ordinary theft,12.94914,77.5799229,2017-12-26 00:00:00.000,
K G Nagar,ordinary theft,12.94745,77.573955,2018-01-01 00:00:00.000,
K G Nagar,ordinary theft,12.564568,77.340948,2018-12-31 00:00:00.000,
K G Nagar,ordinary theft,12.948385,77.577426,2018-01-21 00:00:00.000,
K G Nagar,ordinary theft,12.935135,77.573827,2018-01-27 00:00:00.000,
K G Nagar,ordinary theft,12.93867,77.580302,2018-02-13 00:00:00.000,
K G Nagar,ordinary theft,12.75489,77.89456,2018-04-03 00:00:00.000,
K G Nagar,ordinary theft,12.9357389,77.5707205,2018-03-24 00:00:00.000,
K G Nagar,ordinary theft,12.935295,77.570349,2018-04-15 00:00:00.000,
K G Nagar,ordinary theft,12.34,77.485,2018-04-18 00:00:00.000,
K G Nagar,ordinary theft,12.943653,77.578494,2018-02-05 00:00:00.000,
K G Nagar,ordinary theft,12.94476,77.56998,2018-04-05 00:00:00.000,
K G Nagar,ordinary theft,12.86541,77.68521,2018-05-21 00:00:00.000,
K G Nagar,ordinary theft,12.948287,77.569667,2018-05-29 00:00:00.000,
K G Nagar,ordinary theft,12.944849,77.571818,2018-06-15 00:00:00.000,
K G Nagar,ordinary theft,12.865501,77.865241,2018-06-29 00:00:00.000,
K G Nagar,ordinary theft,12.947402,77.57754,2018-07-21 00:00:00.000,
K G Nagar,ordinary theft,12.948179,77.571832,2018-07-21 00:00:00.000,
K G Nagar,ordinary theft,12.946046,77.567819,2018-07-31 00:00:00.000,
K G Nagar,ordinary theft,12.93907,77.56821,2018-07-08 00:00:00.000,
K G Nagar,ordinary theft,12.940579,77.569651,2018-11-09 00:00:00.000,
K G Nagar,ordinary theft,12.93537,77.570284,2018-09-28 00:00:00.000,
K G Nagar,ordinary theft,12.949626,77.579916,2018-05-10 00:00:00.000,
K G Nagar,ordinary theft,12.941259,77.565207,2018-07-11 00:00:00.000,
K G Nagar,ordinary theft,12.947407,77.57754,2018-11-14 00:00:00.000,
K G Nagar,ordinary theft,12.948287,77.569667,2018-12-15 00:00:00.000,
K G Nagar,ordinary theft,12.939843,77.573197,2018-12-17 00:00:00.000,
K G Nagar,ordinary theft,12.939843,77.573198,2018-12-19 00:00:00.000,
K G Nagar,ordinary theft,12.939843,77.573199,2019-05-01 00:00:00.000,
K G Nagar,ordinary theft,12.940678,77.576308,2019-03-04 00:00:00.000,
K G Nagar,ordinary theft,12.876451,77.87941,2019-08-05 00:00:00.000,
K G Nagar,ordinary theft,12.94895651,77.7654121,2019-05-20 00:00:00.000,
K G Nagar,ordinary theft,12.934466,77.575195,2019-08-06 00:00:00.000,
K G Nagar,ordinary theft,12.934466,77.575196,2019-07-31 00:00:00.000,
K G Nagar,ordinary theft,12.934466,77.575197,2019-08-08 00:00:00.000,
K G Nagar,ordinary theft,12.934466,77.575198,2019-01-09 00:00:00.000,
K G Nagar,ordinary theft,12.94702672,77.57150163,2019-10-15 00:00:00.000,
K G Nagar,ordinary theft,12.9117957,77.5826913,2015-06-01 16:30:00.000,
K G Nagar,ordinary theft,12.9179451,77.5717196,2015-01-20 00:00:00.000,13:15:00
K G Nagar,ordinary theft,12.8978603,77.580407,2015-01-21 00:00:00.000,16:20:00
K G Nagar,ordinary theft,12.9094322,77.5706543,2015-01-26 00:00:00.000,14:15:00
K G Nagar,ordinary theft,12.9073481,77.5925392,2015-01-27 00:00:00.000,18:15:00
K G Nagar,ordinary theft,12.9003431,77.5899003,2015-02-25 00:00:00.000,10:45:00
K G Nagar,ordinary theft,12.9217529,77.5825697,2015-02-27 00:00:00.000,16:30:00
K G Nagar,ordinary theft,12.9097302,77.5836513,2015-03-03 16:20:00.000,
K G Nagar,ordinary theft,12.9097562,77.5770852,2015-03-16 00:00:00.000,22:05:00
K G Nagar,ordinary theft,12.9098583,77.5508203,2015-03-22 00:00:00.000,11:50:00
K G Nagar,ordinary theft,12.9164072,77.5833691,2015-03-23 00:00:00.000,21:20:00
K G Nagar,ordinary theft,12.8949214,77.5817017,2015-06-06 17:00:00.000,
K G Nagar,ordinary theft,12.8949474,77.5751356,2015-06-22 00:00:00.000,18:05:00
K G Nagar,ordinary theft,12.9160929,77.5835311,2015-06-22 00:00:00.000,19:30:00
K G Nagar,ordinary theft,12.9161189,77.576965,2015-07-07 21:45:00.000,
K G Nagar,ordinary theft,12.9110158,77.5842037,2015-07-14 00:00:00.000,15:30:00
K G Nagar,ordinary theft,12.9110418,77.5776376,2015-07-15 00:00:00.000,10:05:00
K G Nagar,ordinary theft,12.9023591,77.5817811,2015-07-16 00:00:00.000,21:55:00
K G Nagar,ordinary theft,12.9023591,77.5817811,2015-07-21 00:00:00.000,21:00:00
K G Nagar,ordinary theft,12.9074668,77.578562,2015-05-04 17:15:00.000,
K G Nagar,ordinary theft,12.9033787,77.58835,2015-10-08 11:00:00.000,
K G Nagar,ordinary theft,12.9034047,77.5817839,2015-10-08 18:45:00.000,
K G Nagar,ordinary theft,12.9081128,77.5818518,2015-08-24 00:00:00.000,14:30:00
K G Nagar,ordinary theft,12.91152,77.5708782,2015-08-27 00:00:00.000,22:05:00
K G Nagar,ordinary theft,12.915769,77.5925054,2015-09-15 00:00:00.000,10:30:00
K G Nagar,ordinary theft,12.9087853,77.5799377,2015-09-15 00:00:00.000,16:10:00
K G Nagar,ordinary theft,12.9062115,77.5912842,2015-09-17 00:00:00.000,11:30:00
K G Nagar,ordinary theft,12.9151204,77.5837865,2015-09-17 00:00:00.000,21:00:00
K G Nagar,ordinary theft,12.9151669,77.5684655,2015-09-24 00:00:00.000,18:15:00
K G Nagar,ordinary theft,12.909258,77.5897063,2015-09-24 00:00:00.000,21:30:00
K G Nagar,ordinary theft,12.9117957,77.5826913,2015-07-10 21:50:00.000,
K G Nagar,ordinary theft,12.9118422,77.5673703,2015-10-13 00:00:00.000,20:35:00
K G Nagar,ordinary theft,12.9119247,77.5673703,2015-10-23 00:00:00.000,22:20:00
K G Nagar,ordinary theft,12.9016695,77.5859681,2015-10-24 00:00:00.000,11:30:00
K G Nagar,ordinary theft,12.8944224,77.574979,2015-11-26 00:00:00.000,11:00:00
K G Nagar,ordinary theft,12.9137384,77.5641774,2015-03-12 18:30:00.000,
K G Nagar,ordinary theft,12.9113466,77.5794193,2015-09-12 20:15:00.000,
K G Nagar,ordinary theft,12.9037722,77.5837253,2015-12-12 19:35:00.000,
K G Nagar,ordinary theft,12.9037982,77.5771592,2015-12-23 00:00:00.000,11:05:00
K G Nagar,ordinary theft,12.8957314,77.579008,2016-09-01 14:15:00.000,
K G Nagar,ordinary theft,12.9077295,77.5782007,2016-01-14 00:00:00.000,12:40:00
K G Nagar,ordinary theft,12.9117957,77.5826913,2016-01-22 00:00:00.000,14:15:00
K G Nagar,ordinary theft,12.9156264,77.5962438,2016-01-22 00:00:00.000,18:30:00
K G Nagar,ordinary theft,12.9156524,77.5896777,2016-01-31 00:00:00.000,22:10:00
K G Nagar,ordinary theft,12.9157545,77.5634128,2016-06-02 00:00:00.000,
K G Nagar,ordinary theft,12.8972427,77.5703299,2016-06-02 00:00:00.000,
K G Nagar,ordinary theft,12.9060303,77.5820099,2016-09-02 00:00:00.000,
K G Nagar,ordinary theft,12.9084786,77.5798039,2016-02-16 00:00:00.000,18:30:00
K G Nagar,ordinary theft,12.9070951,77.5783314,2016-02-17 00:00:00.000,12:05:00
K G Nagar,ordinary theft,12.9024929,77.5877414,2016-03-28 00:00:00.000,12:45:00
K G Nagar,ordinary theft,12.8824103,77.5581059,2016-09-04 13:30:00.000,
K G Nagar,ordinary theft,12.9161725,77.5823337,2016-09-04 13:45:00.000,
K G Nagar,ordinary theft,12.9058011,77.5752642,2016-12-04 13:10:00.000,
K G Nagar,ordinary theft,12.914277,77.5877554,2016-04-14 00:00:00.000,12:10:00
K G Nagar,ordinary theft,12.9124841,77.5910353,2016-05-13 00:00:00.000,15:30:00
K G Nagar,ordinary theft,12.8880151,77.5748036,2016-05-25 00:00:00.000,21:05:00
K G Nagar,ordinary theft,12.9075302,77.5824858,2016-01-06 00:00:00.000,
K G Nagar,ordinary theft,12.9067229,77.5735098,2016-07-06 00:00:00.000,
K G Nagar,ordinary theft,12.8983605,77.573651,2016-06-13 00:00:00.000,18:15:00
K G Nagar,ordinary theft,12.9230649,77.5691731,2016-06-13 00:00:00.000,20:10:00
K G Nagar,ordinary theft,12.9054915,77.5781472,2016-06-20 00:00:00.000,11:40:00
K G Nagar,ordinary theft,12.9358084,77.5222107,2016-06-20 00:00:00.000,12:00:00
K G Nagar,ordinary theft,12.9055524,77.5772974,2016-06-20 00:00:00.000,12:15:00
K G Nagar,ordinary theft,12.9215017,77.5645742,2016-06-25 00:00:00.000,09:00:00
K G Nagar,ordinary theft,12.9060529,77.5915005,2016-02-07 00:30:00.000,
K G Nagar,ordinary theft,12.9062135,77.5959424,2016-02-07 00:45:00.000,
K G Nagar,ordinary theft,12.9056319,77.5964546,2016-02-07 22:40:00.000,
K G Nagar,ordinary theft,12.8986844,77.5701467,2016-04-07 11:15:00.000,
K G Nagar,ordinary theft,12.8987282,77.5537313,2016-05-07 18:35:00.000,
K G Nagar,ordinary theft,12.5977262,76.8381648,2016-06-07 13:30:00.000,
K G Nagar,ordinary theft,12.9110706,77.5737475,2016-07-19 00:00:00.000,16:45:00
K G Nagar,ordinary theft,12.9066249,77.5873944,2016-07-23 00:00:00.000,12:35:00
K G Nagar,ordinary theft,12.9034996,77.593697,2016-07-23 00:00:00.000,13:15:00
K G Nagar,ordinary theft,12.9011822,77.5712258,2016-07-27 00:00:00.000,15:35:00
K G Nagar,ordinary theft,12.9111028,77.5726486,2016-01-08 22:30:00.000,
K G Nagar,ordinary theft,12.9163837,77.5881088,2016-08-08 12:15:00.000,
K G Nagar,ordinary theft,12.9006982,77.5883553,2016-08-16 00:00:00.000,16:00:00
K G Nagar,ordinary theft,12.9084302,77.5854817,2016-08-22 00:00:00.000,21:00:00
K G Nagar,ordinary theft,12.9058661,77.5849725,2016-08-23 00:00:00.000,10:30:00
K G Nagar,ordinary theft,12.9057109,77.5879706,2016-08-24 00:00:00.000,10:15:00
K G Nagar,ordinary theft,12.9057369,77.5814045,2016-03-10 23:30:00.000,
K G Nagar,ordinary theft,12.9045277,77.5896538,2016-07-10 16:45:00.000,
K G Nagar,ordinary theft,12.908317,77.5904558,2016-10-13 00:00:00.000,13:45:00
K G Nagar,ordinary theft,12.8802211,77.5651294,2016-10-18 00:00:00.000,18:20:00
K G Nagar,ordinary theft,12.9057887,77.5929769,2016-12-27 00:00:00.000,19:35:00
K G Nagar,ordinary theft,12.9063322,77.5933172,2017-10-01 19:15:00.000,
K G Nagar,ordinary theft,12.9070982,77.5820122,2017-01-13 00:00:00.000,18:20:00
K G Nagar,ordinary theft,12.9135052,77.5744027,2017-01-28 00:00:00.000,16:20:00
K G Nagar,ordinary theft,12.9063684,77.5781524,2017-02-02 11:15:00.000,
K G Nagar,ordinary theft,12.9077977,77.5873741,2017-02-02 14:30:00.000,
K G Nagar,ordinary theft,12.911373,77.5835228,2017-08-02 19:45:00.000,
K G Nagar,ordinary theft,12.9535277,77.5726056,2017-02-16 00:00:00.000,14:00:00
K G Nagar,ordinary theft,12.9117957,77.5826913,2017-06-05 02:20:00.000,
K G Nagar,ordinary theft,12.9123284,77.5935433,2017-04-06 16:30:00.000,
K G Nagar,ordinary theft,12.9101002,77.5884323,2017-06-06 09:00:00.000,
K G Nagar,ordinary theft,12.9101262,77.5818662,2017-04-07 20:15:00.000,
K G Nagar,ordinary theft,12.9202366,77.5808573,2017-12-07 10:45:00.000,
K G Nagar,ordinary theft,12.9083163,77.586334,2017-07-21 00:00:00.000,11:15:00
K G Nagar,ordinary theft,12.9083423,77.5797679,2017-08-08 12:45:00.000,
K S Layout,2 wheeler theft,12.938858,77.564511,,10:00:00
K S Layout,2 wheeler theft,12.941712,77.562103,,16:00:00
K S Layout,2 wheeler theft,12.938851,77.563303,,10:40:00
K S Layout,2 wheeler theft,12.941957,77.562216,,14:00:00
K S Layout,2 wheeler theft,12.944236,77.563398,,17:00:00
K S Layout,2 wheeler theft,12.940408,77.553785,,18:00:00
K S Layout,2 wheeler theft,12.942478,77.547202,2018-04-07 00:00:00.000,11:30:00
K S Layout,2 wheeler theft,12.945773,77.55929,2018-05-07 00:00:00.000,13:30:00
K S Layout,2 wheeler theft,12.931927,77.569373,2018-10-07 00:00:00.000,10:00:00
K S Layout,2 wheeler theft,12.943647,77.558555,2018-11-04 00:00:00.000,12:30:00
K S Layout,2 wheeler theft,12.943836,77.551622,2018-12-07 00:00:00.000,11:30:00
K S Layout,2 wheeler theft,12.937101,77.562782,,10:30:00
K S Layout,2 wheeler theft,12.939266,77.564272,,11:00:00
K S Layout,2 wheeler theft,12.937216,77.557655,,11:45:00
K S Layout,2 wheeler theft,12.938444,77.563826,2018-06-08 00:00:00.000,12:00:00
K S Layout,2 wheeler theft,12.945461,77.561102,,17:00:00
K S Layout,2 wheeler theft,12.943573,77.564256,2018-12-08 00:00:00.000,17:30:00
K S Layout,2 wheeler theft,12.938089,77.55705,2018-12-08 00:00:00.000,23:30:00
K S Layout,2 wheeler theft,12.9417,77.560041,,11:00:00
K S Layout,2 wheeler theft,12.941914,77.55579,,18:30:00
K S Layout,2 wheeler theft,12.939249,77.564484,,11:20:00
K S Layout,2 wheeler theft,12.939249,77.564484,,11:30:00
K S Layout,2 wheeler theft,12.943463,77.559988,,11:00:00
K S Layout,2 wheeler theft,12.941853,77.556146,,17:30:00
K S Layout,2 wheeler theft,12.944064,77.557831,,12:30:00
K S Layout,2 wheeler theft,12.936234,77.562025,,10:30:00
K S Layout,2 wheeler theft,12.940836,77.565413,,12:30:00
K S Layout,2 wheeler theft,12.945369,77.564151,,10:00:00
K S Layout,2 wheeler theft,12.942101,77.559279,2018-08-10 00:00:00.000,17:00:00
K S Layout,2 wheeler theft,12.939269,77.564319,2018-09-10 00:00:00.000,17:00:00
K S Layout,2 wheeler theft,12.942101,77.559279,2018-11-10 00:00:00.000,17:00:00
K S Layout,2 wheeler theft,12.945148,77.558591,,10:45:00
K S Layout,2 wheeler theft,12.944751,77.552431,,16:00:00
K S Layout,2 wheeler theft,12.94453,77.56323,,11:00:00
K S Layout,2 wheeler theft,12.94036,77.56506,,12:30:00
K S Layout,2 wheeler theft,12.93887,77.56002,,19:30:00
K S Layout,2 wheeler theft,12.93888,77.56465,,20:00:00
K S Layout,2 wheeler theft,12.94606,77.55248,,17:00:00
K S Layout,2 wheeler theft,12.94036,77.56506,2018-01-11 00:00:00.000,11:30:00
K S Layout,2 wheeler theft,12.94036,77.56506,2018-11-11 00:00:00.000,11:40:00
K S Layout,2 wheeler theft,12.94036,77.56506,2018-11-15 00:00:00.000,00:00:00
K S Layout,2 wheeler theft,12.94103,77.5482,2018-11-20 00:00:00.000,00:00:00
K S Layout,2 wheeler theft,12.94103,77.5482,2018-11-28 00:00:00.000,11:00:00
K S Layout,2 wheeler theft,12.94103,77.5482,2018-11-30 00:00:00.000,00:00:00
K S Layout,2 wheeler theft,12.94036,77.56506,2018-06-12 00:00:00.000,00:00:00
K S Layout,2 wheeler theft,12.94036,77.56506,2019-11-12 00:00:00.000,12:30:00
K S Layout,2 wheeler theft,12.94103,77.5482,2018-12-23 00:00:00.000,17:30 PM
K S Layout,2 wheeler theft,12.94103,77.5482,2018-12-25 00:00:00.000,00:00:00
K S Layout,2 wheeler theft,12.94036,77.56506,2018-02-12 00:00:00.000,17:30:00
K S Layout,2 wheeler theft,12.94103,77.5482,2018-12-29 00:00:00.000,12:30:00
K S Layout,2 wheeler theft,12.939817,77.557056,2019-05-01 00:00:00.000,11:30:00
K S Layout,2 wheeler theft,12.950114,77.548385,2019-12-01 00:00:00.000,00:00:00
K S Layout,2 wheeler theft,12.951042,77.548328,2019-01-13 00:00:00.000,00:00:00
K S Layout,2 wheeler theft,12.944694,77.563192,2019-01-13 00:00:00.000,00:00:00
K S Layout,2 wheeler theft,12.944694,77.563193,2019-01-14 00:00:00.000,12:55:00
K S Layout,2 wheeler theft,12.88325,77.608371,2019-01-23 00:00:00.000,11:30:00
K S Layout,2 wheeler theft,12.95104,77.548302,2019-01-28 00:00:00.000,11:30:00
K S Layout,2 wheeler theft,12.936611,77.555965,2019-01-29 00:00:00.000,17:00:00 PM
K S Layout,2 wheeler theft,12.939481,77.557833,2019-08-02 00:00:00.000,00:00:00
K S Layout,2 wheeler theft,12.936611,77.555965,2019-12-02 00:00:00.000,18:00:00 PM
K S Layout,2 wheeler theft,12.925502,77.55489,2019-02-14 00:00:00.000,12:30:00
K S Layout,2 wheeler theft,12.971163,77.645682,2019-02-22 00:00:00.000,17:30:00 PM
K S Layout,2 wheeler theft,12.95104,77.548302,2019-02-27 00:00:00.000,11:45:00
K S Layout,2 wheeler theft,12.94103,77.5482,2019-01-03 00:00:00.000,00:00:00
K S Layout,2 wheeler theft,12.92551,77.5561,2019-03-16 00:00:00.000,16:30:00
K S Layout,2 wheeler theft,12.941913,77.564664,2019-03-27 00:00:00.000,00:00:00
K S Layout,2 wheeler theft,12.94103,77.5482,2019-03-04 00:00:00.000,18:00:00
K S Layout,2 wheeler theft,12.94103,77.5482,2019-08-04 00:00:00.000,12:30:00
K S Layout,2 wheeler theft,12.94103,77.5482,2019-04-28 00:00:00.000,00:00:00
K S Layout,2 wheeler theft,12.94103,7754820.0,2019-04-05 00:00:00.000,16:30:00
K S Layout,2 wheeler theft,12.943227,77.558585,2019-06-05 00:00:00.000,00:00:00
K S Layout,2 wheeler theft,12.94103,77.5492,2019-05-13 00:00:00.000,10:00:00
K S Layout,2 wheeler theft,12.94103,77.5482,2019-05-20 00:00:00.000,10:30:00
K S Layout,2 wheeler theft,12.94085,77.56823,2019-12-06 00:00:00.000,10:30:00
K S Layout,2 wheeler theft,12.944738,77.56989,2019-06-14 00:00:00.000,18:15:00
K S Layout,2 wheeler theft,12.948734,77.561989,2019-06-15 00:00:00.000,11:00:00
K S Layout,2 wheeler theft,12.943751,77.558522,2019-06-20 00:00:00.000,17:30:00
K S Layout,2 wheeler theft,12.945751,77.558522,2019-06-24 00:00:00.000,11:10:00
K S Layout,2 wheeler theft,12.94803,77.5612,2019-06-25 00:00:00.000,16:30:00 hr
K S Layout,2 wheeler theft,12.944242,77.561343,2019-08-07 00:00:00.000,00:00:00
K S Layout,2 wheeler theft,12.938832,77.55328,2019-11-07 00:00:00.000,09:00:00
K S Layout,2 wheeler theft,12.941011,77.54821,2019-12-07 00:00:00.000,00:00:00
K S Layout,2 wheeler theft,12.941201,77.5472,2019-07-25 00:00:00.000,00:00:00
K S Layout,2 wheeler theft,12.943603,77.563806,2019-05-09 00:00:00.000,00:00:00
K S Layout,2 wheeler theft,12.939874,77.566567,2019-09-24 00:00:00.000,11:00:00
K S Layout,2 wheeler theft,12.94103,77.5481,2019-09-27 00:00:00.000,19:30:00
K S Layout,2 wheeler theft,12.934955,77.566136,2019-08-10 00:00:00.000,12:45:00
K S Layout,2 wheeler theft,12.936096,77.556173,2019-10-14 00:00:00.000,00:00:00
K S Layout,2 wheeler theft,12.94103,77.5482,2019-10-16 00:00:00.000,11:30:00
K S Layout,2 wheeler theft,12.934769,77.558239,2019-10-23 00:00:00.000,10:30:00
K S Layout,2 wheeler theft,12.941202,77.5482,2019-10-28 00:00:00.000,13:35:00
K S Layout,2 wheeler theft,12.93695,77.560103,2019-10-30 00:00:00.000,10:30:00
K S Layout,2 wheeler theft,12.94102,77.5481,2019-02-11 00:00:00.000,00:00:00
K S Layout,2 wheeler theft,12.936348,77.553776,2019-11-11 00:00:00.000,00:00:00
K S Layout,2 wheeler theft,12.94102,77.548,2019-11-13 00:00:00.000,00:00:00
K S Layout,2 wheeler theft,12.941168,77.556694,2019-11-18 00:00:00.000,11:00:00
K S Layout,2 wheeler theft,12.94103,77.5482,2019-01-22 00:00:00.000,11:00:00
K S Layout,2 wheeler theft,12.94103,77.5481,2019-11-29 00:00:00.000,00:00:00
K S Layout,2 wheeler theft,12.944277,77.56756,2019-12-13 00:00:00.000,11:30:00
K S Layout,2 wheeler theft,12.940375,77.561594,2019-07-12 00:00:00.000,11:00:00
K S Layout,2 wheeler theft,12.94103,77.5482,2019-12-17 00:00:00.000,15:30:00
K S Layout,2 wheeler theft,12.940695,77.550109,2019-12-18 00:00:00.000,00:00:00
K S Layout,2 wheeler theft,12.936089,77.567469,2019-12-19 00:00:00.000,16:10:00
K S Layout,2 wheeler theft,12.934727,77.560188,2019-12-30 00:00:00.000,10:00:00
K S Layout,2 wheeler theft,12.94102,77.5491,2019-12-31 00:00:00.000,00:00:00
K S Layout,2 wheeler theft,12.921348,77.546131,2015-03-01 00:00:00.000,20:30 PM
K S Layout,2 wheeler theft,12.932845,77.549736,201-01-07 00:00:00.000,19:30 PM
K S Layout,2 wheeler theft,12.926296,77.549812,2015-01-30 00:00:00.000,19:00:00
K S Layout,2 wheeler theft,12.930182,77.551713,2015-03-02 00:00:00.000,20:00 PM
K S Layout,2 wheeler theft,12.932844,77.585943,2015-02-16 00:00:00.000,11:30:00
K S Layout,2 wheeler theft,12.928617,77.558671,2015-02-17 00:00:00.000,14:35 PM
K S Layout,2 wheeler theft,12.932974,77.560001,2015-02-21 00:00:00.000,18:45 PM
K S Layout,2 wheeler theft,12.917831,77.54545,2015-03-13 00:00:00.000,07:00:00
K S Layout,2 wheeler theft,12.925529,77.552112,2015-03-30 00:00:00.000,13:30:00
K S Layout,2 wheeler theft,12.923758,77.546436,2015-04-16 00:00:00.000,05:00:00
K S Layout,2 wheeler theft,12.929599,77.561388,2015-04-28 00:00:00.000,15:00:00
K S Layout,2 wheeler theft,12.93067,77.553675,2015-12-05 00:00:00.000,18:00:00
K S Layout,2 wheeler theft,12.931346,77.554369,2015-05-22 00:00:00.000,13:45 PM
K S Layout,2 wheeler theft,12.92351,77.543624,2015-08-06 00:00:00.000,07:15:00
K S Layout,2 wheeler theft,12.92349,77.543602,2015-06-16 00:00:00.000,10:00:00
K S Layout,2 wheeler theft,12.924302,77.549946,2015-06-17 00:00:00.000,09:30:00
K S Layout,2 wheeler theft,12.933187,77.562638,2015-06-21 00:00:00.000,16:40:00
K S Layout,2 wheeler theft,12.926657,77.545097,2015-07-29 00:00:00.000,09:30:00
K S Layout,2 wheeler theft,12.92414,77.556143,2015-08-08 00:00:00.000,15:00:00
K S Layout,2 wheeler theft,12.934101,77.558938,2015-09-08 00:00:00.000,19:00:00
K S Layout,2 wheeler theft,12.928278,77.558549,2015-09-09 00:00:00.000,11:30:00
K S Layout,2 wheeler theft,12.929704,77.553769,2015-09-28 00:00:00.000,14:00:00
K S Layout,2 wheeler theft,12.921711,77.552801,2015-02-10 00:00:00.000,10:30:00
K S Layout,2 wheeler theft,12.923092,77.556213,2015-02-10 00:00:00.000,17:30:00
K S Layout,2 wheeler theft,12.921128,77.545196,2015-10-30 00:00:00.000,11:30:00
K S Layout,2 wheeler theft,12.925167,77.540889,2015-10-30 00:00:00.000,14:30:00
K S Layout,2 wheeler theft,12.934004,77.555083,2015-10-31 00:00:00.000,23:00 PM
K S Layout,2 wheeler theft,12.924796,77.541136,2015-04-11 00:00:00.000,18:30:00
K S Layout,2 wheeler theft,12.919496,77.539556,2015-11-14 00:00:00.000,20:00:00
K S Layout,2 wheeler theft,12.92004,77.54464,2015-02-12 00:00:00.000,11:00:00
K S Layout,2 wheeler theft,12.930425,77.553714,2015-06-12 00:00:00.000,17:00:00
K S Layout,2 wheeler theft,12.923021,77.556486,2017-12-18 00:00:00.000,10:15:00
K S Layout,2 wheeler theft,12.92782373,77.56038839,2015-12-23 00:00:00.000,19:30 PM
K S Layout,2 wheeler theft,12.92220579,77.54284293,2016-01-22 00:00:00.000,11:00:00
K S Layout,2 wheeler theft,12.9295802,77.54444947,2016-01-23 00:00:00.000,13:30:00
K S Layout,2 wheeler theft,12.92224021,77.55933137,2016-02-02 00:00:00.000,18:30:00
K S Layout,2 wheeler theft,12.92611271,77.55026554,2016-02-22 00:00:00.000,11:30:00
K S Layout,2 wheeler theft,12.92826253,77.5495424,2016-02-29 00:00:00.000,16:30:00
K S Layout,2 wheeler theft,12.92714515,77.55837118,2016-01-03 00:00:00.000,20:30:00
K S Layout,2 wheeler theft,12.92999253,77.55916218,2016-02-03 00:00:00.000,21:30:00
K S Layout,2 wheeler theft,12.93125084,77.55737522,2016-07-03 00:00:00.000,20:10:00
K S Layout,2 wheeler theft,12.92714869,77.54540158,2016-03-18 00:00:00.000,21:00 PM
K S Layout,2 wheeler theft,12.92380368,77.55320498,2016-10-04 00:00:00.000,19:30:00
K S Layout,2 wheeler theft,12.93036119,77.54744102,2016-04-26 00:00:00.000,12:30:00
K S Layout,2 wheeler theft,12.5489333,77.9229783,2016-04-28 00:00:00.000,16:00:00
K S Layout,2 wheeler theft,12.92220314,77.54077224,2016-04-05 00:00:00.000,22:30 PM
K S Layout,2 wheeler theft,12.92192281,77.5422287,2016-05-05 00:00:00.000,20:00 PM
K S Layout,2 wheeler theft,12.92192282,77.5422288,2016-09-05 00:00:00.000,09:00:00
K S Layout,2 wheeler theft,12.92220579,77.54284293,2016-12-05 00:00:00.000,15:15:00 PM
K S Layout,2 wheeler theft,12.92293004,77.54890478,2016-05-14 00:00:00.000,22:30 PM
K S Layout,2 wheeler theft,12.56127336,77.93158689,2016-05-18 00:00:00.000,10:00:00
K S Layout,2 wheeler theft,12.93288478,77.55468555,2016-05-29 00:00:00.000,13:45 PM
K S Layout,2 wheeler theft,12.93133715,77.5593083,2016-06-06 00:00:00.000,20:00 PM
K S Layout,2 wheeler theft,12.926676919,77.55864008,2016-09-06 00:00:00.000,16:00 PM
K S Layout,2 wheeler theft,12.92305995,77.55101146,2016-08-07 00:00:00.000,08:00:00
K S Layout,2 wheeler theft,12.9271486,77.540158,2016-12-07 00:00:00.000,07:00:00
K S Layout,2 wheeler theft,12.93185939,77.5484261,2016-07-15 00:00:00.000,10:00:00
K S Layout,2 wheeler theft,12.92382754,77.54321889,2016-07-21 00:00:00.000,05:30:00
K S Layout,2 wheeler theft,12.93116477,77.553211,2016-12-08 00:00:00.000,07:00:00
K S Layout,2 wheeler theft,12.92382754,77.54821889,2016-08-19 00:00:00.000,05:00:00
K S Layout,2 wheeler theft,12.92826252,77.5495424,2016-08-27 00:00:00.000,08:30:00
K S Layout,2 wheeler theft,12.92714869,77.54540158,2016-08-29 00:00:00.000,16:30 PM
K S Layout,2 wheeler theft,12.92382754,77.54821889,2016-12-09 00:00:00.000,11:00:00
K S Layout,2 wheeler theft,12.93036117,77.54741,2016-09-14 00:00:00.000,21:30 PM
K S Layout,2 wheeler theft,12.92468097,77.547555,2019-09-19 00:00:00.000,21:00 PM
K S Layout,2 wheeler theft,12.92220311,77.54077224,2016-06-10 00:00:00.000,15:45 PM
K S Layout,2 wheeler theft,12.9275396,77.55135618,2016-11-10 00:00:00.000,10:30:00
K S Layout,2 wheeler theft,12.92714869,77.54540158,2016-10-14 00:00:00.000,21:00 PM
K S Layout,2 wheeler theft,12.92468739,77.55875412,2016-10-22 00:00:00.000,11:30:00
K S Layout,2 wheeler theft,12.92382754,77.54821889,2016-01-11 00:00:00.000,11:20:00
K S Layout,2 wheeler theft,12.92380368,77.55320498,2014-07-11 00:00:00.000,12:30:00
K S Layout,2 wheeler theft,12.551566,77.332138,2016-11-14 00:00:00.000,10:28:00
K S Layout,2 wheeler theft,12.9323487,77.55561016,2016-11-16 00:00:00.000,18:30:00
K S Layout,2 wheeler theft,12.5489333,77.9229783,2016-11-17 00:00:00.000,14:00:00
K S Layout,2 wheeler theft,12.9316735,77.54922909,2016-11-21 00:00:00.000,22:00 PM
K S Layout,2 wheeler theft,12.92224021,77.55933137,2016-11-23 00:00:00.000,10:00:00
K S Layout,2 wheeler theft,12.56127336,77.93158689,2016-05-12 00:00:00.000,16:00:00
K S Layout,2 wheeler theft,12.9275397,77.55135618,2016-11-12 00:00:00.000,17:00 PM
K S Layout,2 wheeler theft,12.93036118,77.54744103,2016-12-12 00:00:00.000,05:00:00
K S Layout,2 wheeler theft,12.92714515,77.55837118,2016-12-15 00:00:00.000,09:45:00
K S Layout,2 wheeler theft,12.92793815,77.55418783,2016-12-25 00:00:00.000,22:00 PM
K S Layout,2 wheeler theft,12.92809656,77.55620281,2016-12-22 00:00:00.000,08:45:00
K S Layout,2 wheeler theft,12.93125084,77.55737522,2017-09-01 00:00:00.000,14:00:00
K S Layout,2 wheeler theft,12.93251285,77.56071715,2017-11-01 00:00:00.000,21:00 PM
K S Layout,2 wheeler theft,12.5489333,77.9229783,2017-12-01 00:00:00.000,08:00:00
K S Layout,2 wheeler theft,12.92714869,77.54540158,2017-01-19 00:00:00.000,11:00:00
K S Layout,2 wheeler theft,12.93288477,77.55468556,2017-01-24 00:00:00.000,10:20:00
K S Layout,2 wheeler theft,12.92220578,77.54284292,2017-01-26 00:00:00.000,12:30:00
K S Layout,2 wheeler theft,12.92380368,77.55,2017-01-28 00:00:00.000,17:00:00
K S Layout,2 wheeler theft,12.554873,77.334984,2017-01-02 00:00:00.000,19:00:00
K S Layout,2 wheeler theft,12.927981,77.557327,2018-12-11 00:00:00.000,11:00:00
K S Layout,2 wheeler theft,12.928161,77.557262,2018-12-11 00:00:00.000,18:25 PM
K S Layout,2 wheeler theft,12.923171,77.555936,2018-01-12 00:00:00.000,10:00:00
K S Layout,2 wheeler theft,12.934342,77.557262,2018-04-12 00:00:00.000,11:00:00
K S Layout,2 wheeler theft,12.932454,77.559855,2018-11-12 00:00:00.000,18:14 PM
K S Layout,2 wheeler theft,12.9218,77.54423,2018-12-17 00:00:00.000,00:00:00
K S Layout,2 wheeler theft,12.927585,77.553824,2018-12-19 00:00:00.000,11:30:00
K S Layout,2 wheeler theft,12.929281,77.556975,2018-12-24 00:00:00.000,11:30:00
K S Layout,2 wheeler theft,12.926065,77.550154,2018-12-17 00:00:00.000,17:10 PM
K S Layout,2 wheeler theft,12.909037,77.64683,2019-08-01 00:00:00.000,00:00:00
K S Layout,2 wheeler theft,12.921697,77.543009,2019-10-01 00:00:00.000,10:00:00
K S Layout,2 wheeler theft,12.935785,77.543343,2019-10-01 00:00:00.000,10:30:00
K S Layout,2 wheeler theft,12.994327,77.8492,2019-11-01 00:00:00.000,10:30:00
K S Layout,2 wheeler theft,12.926735,77.540531,2019-01-17 00:00:00.000,10:00:00
K S Layout,2 wheeler theft,12.923475,77.553254,2019-02-02 00:00:00.000,10:30:00
K S Layout,2 wheeler theft,12.9232415,77.548245,2019-02-19 00:00:00.000,10:00:00
K S Layout,2 wheeler theft,12.926369,77.55818,2019-02-24 00:00:00.000,15:30 PM
K S Layout,2 wheeler theft,12.92995,77.555174,2019-02-03 00:00:00.000,12:30:00
K S Layout,2 wheeler theft,12.938805,77.555873,2019-03-03 00:00:00.000,10:30:00
K S Layout,2 wheeler theft,12.936458,77.542019,2019-03-14 00:00:00.000,11:15:00
K S Layout,2 wheeler theft,12.930977,77.539886,2019-03-15 00:00:00.000,14:00 PM
K S Layout,2 wheeler theft,12.921977,77.546792,2019-03-18 00:00:00.000,10:30:00
K S Layout,2 wheeler theft,12.922858,77.54036,2019-03-28 00:00:00.000,11:15:00
K S Layout,2 wheeler theft,12.920915,77.551366,2019-08-04 00:00:00.000,15:00 PM
K S Layout,2 wheeler theft,12.932112,77.540144,2019-04-20 00:00:00.000,11:00:00
K S Layout,2 wheeler theft,12.932261,77.561432,2019-04-22 00:00:00.000,14:00 PM
K S Layout,2 wheeler theft,12.923431,77.55337,2019-04-30 00:00:00.000,06:00:00
K S Layout,2 wheeler theft,12.929835,77.561032,2019-11-05 00:00:00.000,13:00 PM
K S Layout,2 wheeler theft,12.928219,77.561045,2019-05-17 00:00:00.000,19:30 PM
K S Layout,2 wheeler theft,12.922051,77.545731,2019-05-26 00:00:00.000,10:00:00
K S Layout,2 wheeler theft,12.921643,77.54754,2019-05-30 00:00:00.000,12:30:00
K S Layout,2 wheeler theft,12.928037,77.561969,2019-08-06 00:00:00.000,16:00 PM
K S Layout,2 wheeler theft,12.927757,77.555928,2019-11-06 00:00:00.000,14:00 PM
K S Layout,2 wheeler theft,12.930761,77.54681,2019-05-07 00:00:00.000,12:15:00
K S Layout,2 wheeler theft,12.923237,77.549222,2019-07-20 00:00:00.000,10:45:00
K S Layout,2 wheeler theft,12.925478,77.543311,,19:30 PM
K S Layout,2 wheeler theft,12.92338,77.545354,2019-08-14 00:00:00.000,15:15 PM
K S Layout,2 wheeler theft,12.924522,77.556745,2019-08-16 00:00:00.000,16:30 PM
K S Layout,2 wheeler theft,12.930204,77.550247,2019-08-23 00:00:00.000,11:00:00
K S Layout,2 wheeler theft,12.922928,77.549485,2019-08-25 00:00:00.000,15:00 PM
K S Layout,2 wheeler theft,12.932062,77.567332,2019-08-27 00:00:00.000,19:30 PM
K S Layout,2 wheeler theft,12.928152,77.541456,2019-07-09 00:00:00.000,15:30 PM
K S Layout,2 wheeler theft,12.924104,77.543617,2019-09-30 00:00:00.000,19:00 PM
K S Layout,2 wheeler theft,12.924778,77.541163,2019-09-15 00:00:00.000,15:15 PM
K S Layout,2 wheeler theft,12.939681,77.55726,2019-09-18 00:00:00.000,10:30:00
K S Layout,2 wheeler theft,12.919656,77.539511,2019-09-30 00:00:00.000,10:00:00
K S Layout,2 wheeler theft,12.924868,77.549211,2019-04-10 00:00:00.000,12:30:00
K S Layout,2 wheeler theft,12.919756,77.542113,2019-05-10 00:00:00.000,14:15:00
K S Layout,2 wheeler theft,12.92516,77.55646,2019-09-10 00:00:00.000,14:00:00
K S Layout,2 wheeler theft,12.922746,77.545253,2019-12-10 00:00:00.000,09:30:00
K S Layout,2 wheeler theft,12.930359,77.547661,2019-10-21 00:00:00.000,13:00:00
K S Layout,2 wheeler theft,12.929444,77.556264,2019-10-27 00:00:00.000,15:00:00
K S Layout,2 wheeler theft,12.932583,77.553005,2019-08-11 00:00:00.000,13:30:00
K S Layout,2 wheeler theft,12.930174,77.560579,2019-11-11 00:00:00.000,12:00:00
K S Layout,2 wheeler theft,12.922977,77.543699,2019-11-17 00:00:00.000,18:00:00
K S Layout,2 wheeler theft,12.933654,77.560956,2019-11-20 00:00:00.000,11:00:00
K S Layout,2 wheeler theft,12.933051,77.563834,2019-02-18 00:00:00.000,06:00:00
K S Layout,2 wheeler theft,12.922185,77.542037,2019-12-27 00:00:00.000,14:00:00
K S Layout,2 wheeler theft,12.924836,77.555671,2019-12-31 00:00:00.000,14:40:00
K S Layout,2 wheeler theft,12.92803,77.552027,2019-12-31 00:00:00.000,15:00:00
K S Layout,4 wheeler theft,12.92043,77.5819,2015-05-01 00:00:00.000,18:40:00
K S Layout,4 wheeler theft,12.915668,77.589964,2015-06-02 00:00:00.000,13:00:00
K S Layout,4 wheeler theft,12.918081,77.587101,2015-04-09 00:00:00.000,13:30:00
K S Layout,4 wheeler theft,12.92819,77.62512,2015-11-20 00:00:00.000,17:30:00
K S Layout,4 wheeler theft,12.92334,77.58484,2015-08-12 00:00:00.000,17:15:00
K S Layout,4 wheeler theft,12.92875,77.5801,2015-10-12 00:00:00.000,18:45:00
K S Layout,4 wheeler theft,12.931037,77.585842,2016-05-07 00:00:00.000,14:45:00
K S Layout,4 wheeler theft,12.922657,77.589563,2016-10-19 00:00:00.000,13:00:00
K S Layout,4 wheeler theft,12.917125,77.578344,2016-10-21 00:00:00.000,11:30:00
K S Layout,4 wheeler theft,12.922461,77.589557,2016-10-24 00:00:00.000,17:00:00
K S Layout,4 wheeler theft,12.891917,77.589229,2016-10-25 00:00:00.000,15:00:00
K S Layout,4 wheeler theft,12.93744,77.56426,2017-03-02 00:00:00.000,11:30:00
K S Layout,4 wheeler theft,12.928459,77.576972,2017-03-27 00:00:00.000,12:15:00
K S Layout,4 wheeler theft,12.919182,77.57765,2017-08-21 00:00:00.000,12:45:00
K S Layout,4 wheeler theft,12.926192,77.586141,2018-04-14 00:00:00.000,11:30:00
K S Layout,4 wheeler theft,12.91743,77.583465,2018-09-06 00:00:00.000,16:30:00
K S Layout,4 wheeler theft,12.920162,77.587113,2018-06-29 00:00:00.000,16:00:00
K S Layout,4 wheeler theft,12.92204,77.58221,2018-03-09 00:00:00.000,18:00:00
K S Layout,4 wheeler theft,12.916744,77.597456,2018-11-14 00:00:00.000,11:00:00
K S Layout,4 wheeler theft,12.9057223,77.53558126,2019-05-27 00:00:00.000,11:00:00
K S Layout,4 wheeler theft,12.9362949,77.5724694,2016-01-02 00:00:00.000,
K S Layout,4 wheeler theft,12.94834644,77.57843315,2016-04-25 00:00:00.000,
K S Layout,4 wheeler theft,12.9478532,77.57521804,2016-06-16 00:00:00.000,
K S Layout,4 wheeler theft,12.94754935,77.57928407,2016-12-02 00:00:00.000,
K S Layout,4 wheeler theft,12.93865317,77.57654392,2017-05-25 00:00:00.000,
K S Layout,4 wheeler theft,12.94589054,77.5708001,2017-08-20 00:00:00.000,
K S Layout,4 wheeler theft,12.9362949,77.5724694,2018-08-02 00:00:00.000,
K S Layout,4 wheeler theft,12.9448453,77.57005559,2018-06-09 00:00:00.000,
K S Layout,4 wheeler theft,12.94625337,77.57034708,2019-02-21 00:00:00.000,
K S Layout,4 wheeler theft,12.9013564,77.5897255,2015-08-01 00:00:00.000,10:55:00
K S Layout,4 wheeler theft,12.8940057,77.5828137,2015-01-21 00:00:00.000,11:20:00
K S Layout,4 wheeler theft,12.9045368,77.5843208,2015-05-03 00:00:00.000,19:35:00
K S Layout,4 wheeler theft,12.9359949,77.5664314,2015-12-03 00:00:00.000,18:30:00
K S Layout,4 wheeler theft,12.9082055,77.5817295,2015-03-17 00:00:00.000,21:00:00
K S Layout,4 wheeler theft,12.8820672,77.5798883,2015-04-15 00:00:00.000,22:10:00
K S Layout,4 wheeler theft,12.9009867,77.584761,2015-04-17 00:00:00.000,22:30:00
K S Layout,4 wheeler theft,12.8093213,77.2940594,2015-11-06 00:00:00.000,17:45:00
K S Layout,4 wheeler theft,12.8920076,77.5837341,2015-07-10 00:00:00.000,08:40:00
K S Layout,4 wheeler theft,12.9059669,77.5793992,2015-10-19 00:00:00.000,11:30:00
K S Layout,4 wheeler theft,12.9059929,77.5728331,2015-03-12 00:00:00.000,11:00:00
K S Layout,4 wheeler theft,12.9092966,77.5739359,2016-09-01 00:00:00.000,20:05:00
K S Layout,4 wheeler theft,12.904328,77.5961512,2016-05-03 00:00:00.000,15:30:00
K S Layout,4 wheeler theft,12.913173,77.597754,2016-12-05 00:00:00.000,13:00:00
K S Layout,4 wheeler theft,12.9118554,77.5723761,2016-01-08 00:00:00.000,20:05:00
K S Layout,4 wheeler theft,12.8971425,77.5818036,2016-03-08 00:00:00.000,19:35:00
K S Layout,4 wheeler theft,12.9107989,77.5758887,2016-07-08 00:00:00.000,09:20:00
K S Layout,4 wheeler theft,12.9015479,77.5801482,2016-12-24 00:00:00.000,17:00:00
K S Layout,4 wheeler theft,12.9015739,77.5735821,2016-12-26 00:00:00.000,11:20:00
K S Layout,4 wheeler theft,12.9386699,77.5402407,2017-11-04 00:00:00.000,11:30:00
K S Layout,4 wheeler theft,12.9388326,77.5402407,2017-08-05 00:00:00.000,13:00:00
K S Layout,4 wheeler theft,12.9389952,77.5402406,2017-05-27 00:00:00.000,18:00:00
K S Layout,4 wheeler theft,12.9178748,77.5845514,2017-05-29 00:00:00.000,17:30:00
K S Layout,4 wheeler theft,12.9211693,77.5799377,2017-07-29 00:00:00.000,13:00:00
K S Layout,4 wheeler theft,12.916245,77.5932261,2017-11-10 00:00:00.000,17:30:00
K S Layout,4 wheeler theft,12.9077254,77.5978325,2017-10-12 00:00:00.000,12:30:00
K S Layout,4 wheeler theft,12.9097302,77.5836513,2018-02-14 00:00:00.000,13:00:00
K S Layout,4 wheeler theft,12.9154951,77.5931886,2018-05-06 00:00:00.000,09:30:00
K S Layout,4 wheeler theft,12.9159378,77.5855939,2018-12-08 00:00:00.000,15:15:00
K S Layout,4 wheeler theft,12.911032,77.5759036,2019-09-05 00:00:00.000,09:30:00
K S Layout,4 wheeler theft,12.908631,77.5866536,2019-10-19 00:00:00.000,11:00:00
K S Layout,4 wheeler theft,12.92945278,77.57361111,2015-01-28 00:00:00.000,11:00:00
K S Layout,4 wheeler theft,12.91519722,77.55861111,2015-07-30 00:00:00.000,13:30:00
K S Layout,4 wheeler theft,12.92516111,77.56138889,2015-08-19 00:00:00.000,13:30:00
K S Layout,4 wheeler theft,12.92543056,77.56083333,2015-02-11 00:00:00.000,05:30:00
K S Layout,4 wheeler theft,12.92439444,77.56805556,2016-04-25 00:00:00.000,13:00:00
K S Layout,4 wheeler theft,12.93251111,77.57555556,2016-07-15 00:00:00.000,19:30:00
K S Layout,4 wheeler theft,12.92543056,77.56083333,2017-07-13 00:00:00.000,10:00:00
K S Layout,4 wheeler theft,12.92635556,77.57694444,2017-07-31 00:00:00.000,18:00:00
K S Layout,4 wheeler theft,12.91542222,77.56194444,2017-02-08 00:00:00.000,09:30:00
K S Layout,4 wheeler theft,12.92088,77.56191,2018-11-17 00:00:00.000,19:00:00
K S Layout,4 wheeler theft,12.9169,77.559677,2018-06-12 00:00:00.000,16:15:00
K S Layout,4 wheeler theft,12.92124722,77.57305556,2019-01-16 00:00:00.000,19:30:00
K S Layout,4 wheeler theft,12.919,77.55535,2019-02-20 00:00:00.000,09:00:00
K S Layout,4 wheeler theft,12.87823,77.50026,2019-07-17 00:00:00.000,12:15:00
K S Layout,4 wheeler theft,12.935347,77.587477,2015-04-29 00:00:00.000,15:00:00
K S Layout,4 wheeler theft,12.942437,77.591254,2015-06-24 00:00:00.000,13:00:00
K S Layout,4 wheeler theft,12.936294,77.593072,2015-10-29 00:00:00.000,15:30:00
K S Layout,4 wheeler theft,12.938159,77.590823,2015-12-17 00:00:00.000,17:50:00
K S Layout,4 wheeler theft,12.93605,77.585719,2017-01-11 00:00:00.000,13:00:00
K S Layout,4 wheeler theft,12.942522,77.58286,2017-04-11 00:00:00.000,18:15:00
K S Layout,4 wheeler theft,12.947692,77.591893,2018-04-07 00:00:00.000,12:30:00
K S Layout,4 wheeler theft,12.943024,77.5871144,2018-11-19 00:00:00.000,16:00:00
K S Layout,4 wheeler theft,12.935347,77.587477,2019-07-14 00:00:00.000,12:30:00
K S Layout,4 wheeler theft,12.941058,77.586061,2019-07-27 00:00:00.000,14:00:00
K S Layout,4 wheeler theft,12.90471042,77.54488816,2015-01-18 00:00:00.000,14:45:00
K S Layout,4 wheeler theft,12.90626715,77.55057549,2015-01-18 00:00:00.000,20:00:00
K S Layout,4 wheeler theft,12.90245473,77.54181407,2015-11-02 00:00:00.000,22:10:00
K S Layout,4 wheeler theft,12.88924511,77.57370198,2015-06-04 00:00:00.000,21:00:00
K S Layout,4 wheeler theft,12.88496438,77.55767556,2015-04-14 00:00:00.000,08:00:00
K S Layout,4 wheeler theft,12.91633747,77.54077845,2015-07-17 00:00:00.000,23:30:00
K S Layout,4 wheeler theft,12.90505271,77.54189573,2015-10-09 00:00:00.000,20:30:00
K S Layout,4 wheeler theft,12.88211726,77.55729374,2015-09-26 00:00:00.000,02:45:00
K S Layout,4 wheeler theft,77.53502225,12.90784268,2015-08-10 00:00:00.000,09:30:00
K S Layout,4 wheeler theft,12.90759817,77.53481056,2015-12-23 00:00:00.000,23:00:00
K S Layout,4 wheeler theft,12.88982145,77.57974701,2016-06-01 00:00:00.000,10:02:00
K S Layout,4 wheeler theft,12.89890617,77.54993736,2016-10-11 00:00:00.000,10:00:00
K S Layout,4 wheeler theft,12.8754426,77.5829255,2016-01-25 00:00:00.000,
K S Layout,4 wheeler theft,12.89537161,77.55032355,2016-09-02 00:00:00.000,20:45:00
K S Layout,4 wheeler theft,12.88982145,77.57974701,2016-06-03 00:00:00.000,21:45:00
K S Layout,4 wheeler theft,12.88947089,77.57420817,2016-03-28 00:00:00.000,08:40:00
K S Layout,4 wheeler theft,12.90759817,77.53481056,2016-06-16 00:00:00.000,10:15:00
K S Layout,4 wheeler theft,12.8887116,77.57377343,2016-08-20 00:00:00.000,22:30:00
K S Layout,4 wheeler theft,12.8776868,77.58071703,2016-09-24 00:00:00.000,00:00:00
K S Layout,4 wheeler theft,12.8887116,77.57377343,2016-10-16 00:00:00.000,16:00:00
K S Layout,4 wheeler theft,12.8776868,77.58071703,2016-11-22 00:00:00.000,14:00:00
K S Layout,4 wheeler theft,12.90504139,77.54315768,2016-06-12 00:00:00.000,19:15:00
K S Layout,4 wheeler theft,12.91688388,77.54201107,2017-03-27 00:00:00.000,10:30:00
K S Layout,4 wheeler theft,12.88376625,77.56842522,2017-07-27 00:00:00.000,14:50:00
K S Layout,4 wheeler theft,12.9057223,77.53558126,2018-03-21 00:00:00.000,21:30:00
K S Layout,4 wheeler theft,12.89180481,77.55394005,2018-01-12 00:00:00.000,16:00:00
K S Layout,4 wheeler theft,12.88316591,77.56520086,2018-12-21 00:00:00.000,17:30:00
K S Layout,4 wheeler theft,12.88627829,77.57129098,2019-03-19 00:00:00.000,15:00:00
K S Layout,4 wheeler theft,12.89157884,77.58142943,2019-03-19 00:00:00.000,18:30:00
K S Layout,4 wheeler theft,12.90711393,77.5439924,2019-03-13 00:00:00.000,12:45:00
K S Layout,4 wheeler theft,12.9072655,77.53613997,2019-03-24 00:00:00.000,05:30:00
K S Layout,4 wheeler theft,12.90912148,77.55154907,2019-04-20 00:00:00.000,11:30:00
K S Layout,4 wheeler theft,12.91147818,77.55291868,2019-04-26 00:00:00.000,13:00:00
K S Layout,4 wheeler theft,12.9057223,77.53558126,2019-09-13 00:00:00.000,20:00:00
K S Layout,4 wheeler theft,12.87239,77.542482,2015-11-28 00:00:00.000,18:30:00
K S Layout,4 wheeler theft,12.865651,77.539388,2016-06-12 00:00:00.000,18:00:00
K S Layout,4 wheeler theft,12.872337,77.562521,2016-11-12 00:00:00.000,19:45:00
K S Layout,4 wheeler theft,12.870018,77.565913,2016-12-19 00:00:00.000,15:00:00
K S Layout,4 wheeler theft,12.89083,77.538516,2017-10-24 00:00:00.000,11:30:00
K S Layout,4 wheeler theft,12.892083,77.542315,2017-12-18 00:00:00.000,13:00:00
K S Layout,4 wheeler theft,12.870325,77.547321,2019-02-20 00:00:00.000,11:00:00
K S Layout,4 wheeler theft,12.858186,77.578695,2019-05-03 00:00:00.000,20:10:00
K S Layout,4 wheeler theft,12.891881,77.519617,2019-12-03 00:00:00.000,09:30:00
K S Layout,4 wheeler theft,12.857243,77.573414,2019-09-15 00:00:00.000,11:30:00
K S Layout,4 wheeler theft,12.869623,77.572816,2019-05-11 00:00:00.000,21:00:00
K S Layout,4 wheeler theft,12.895925,77.585328,2017-01-07 00:00:00.000,
K S Layout,4 wheeler theft,12.883242,77.575999,2017-02-12 00:00:00.000,
K S Layout,4 wheeler theft,12.85514,77.588799,2017-04-04 00:00:00.000,10:30:00
K S Layout,4 wheeler theft,12.896403,77.570289,2017-04-05 00:00:00.000,
K S Layout,4 wheeler theft,12.862054,77.585957,2017-05-19 00:00:00.000,
K S Layout,4 wheeler theft,12.896403,77.570289,2017-05-29 00:00:00.000,14:00:00
K S Layout,4 wheeler theft,12.895925,77.585328,2017-05-30 00:00:00.000,20:40:00
K S Layout,4 wheeler theft,12.8764,77.581172,2018-02-07 00:00:00.000,
K S Layout,4 wheeler theft,12.869404,77.582054,2018-03-05 00:00:00.000,
K S Layout,4 wheeler theft,12.866559,77.571249,2019-01-09 00:00:00.000,
K S Layout,4 wheeler theft,12.876526,77.562358,2019-03-16 00:00:00.000,
K S Layout,4 wheeler theft,12.866559,77.571249,2019-09-27 00:00:00.000,
K S Layout,4 wheeler theft,12.884996,77.580771,2019-10-13 00:00:00.000,
K S Layout,4 wheeler theft,12.88840833,77.59361111,2017-01-24 00:00:00.000,11:00:00
K S Layout,4 wheeler theft,12.90121944,77.59055556,2017-03-03 00:00:00.000,16:30:00
K S Layout,4 wheeler theft,12.903028,77.590791,2017-07-16 00:00:00.000,11:30:00
K S Layout,4 wheeler theft,12.88985,77.59277778,2018-01-09 00:00:00.000,13:00:00
K S Layout,4 wheeler theft,12.894823,77.59862,2018-02-10 00:00:00.000,12:30:00
K S Layout,4 wheeler theft,12.90393889,77.5825,2018-04-04 00:00:00.000,12:00:00
K S Layout,4 wheeler theft,12.535581,77.354721,2018-10-19 00:00:00.000,14:30:00
K S Layout,4 wheeler theft,12.893183,77.572113,2019-03-07 00:00:00.000,18:30:00
K S Layout,4 wheeler theft,12.904658,77.58838,2019-07-08 00:00:00.000,10:30:00
K S Layout,4 wheeler theft,12.88087,77.5855,2019-07-20 00:00:00.000,13:45:00
K S Layout,4 wheeler theft,12.889763,77.585588,2019-11-06 00:00:00.000,10:30:00
K S Layout,4 wheeler theft,12.9086134369316,77.5613874770157,2015-07-06 00:00:00.000,10:30:00
K S Layout,4 wheeler theft,12.9155719870194,77.5732155912695,2015-09-07 00:00:00.000,12:00:00
K S Layout,4 wheeler theft,12.9134090702506,77.5708340532347,2017-05-19 00:00:00.000,11:00:00
K S Layout,4 wheeler theft,12.9061712471247,77.5698458437946,2017-06-03 00:00:00.000,12:00:00
K S Layout,4 wheeler theft,12.9035617084344,77.5595982000289,2018-06-17 00:00:00.000,
K S Layout,4 wheeler theft,12.8928133912158,77.5666300513369,2018-09-17 00:00:00.000,
K S Layout,4 wheeler theft,12.9108218496637,77.5682452113819,2018-09-26 00:00:00.000,
K S Layout,4 wheeler theft,12.9124182556892,77.5641048370764,2018-10-30 00:00:00.000,18:30:00
K S Layout,4 wheeler theft,12.9011494733062,77.5706465675149,2018-11-18 00:00:00.000,
K S Layout,4 wheeler theft,12.9108218496637,77.5682452113819,2018-11-28 00:00:00.000,
K S Layout,4 wheeler theft,12.9094534210642,77.5650951734528,2018-11-29 00:00:00.000,02:30:00
K S Layout,4 wheeler theft,12.9114198115401,77.5620768564236,2019-03-03 00:00:00.000,09:15:00
K S Layout,4 wheeler theft,12.9085203452405,77.5725265251381,2019-03-14 00:00:00.000,12:45:00
K S Layout,4 wheeler theft,12.9123064265589,77.5670610408862,2019-11-11 00:00:00.000,
K S Layout,4 wheeler theft,12.936359,77.354721,2016-02-21 00:00:00.000,19:50:00
K S Layout,4 wheeler theft,12.936275,77.550704,2016-12-05 00:00:00.000,19:45:00
K S Layout,4 wheeler theft,12.555043,77.322021,2016-11-14 00:00:00.000,10:30:00
K S Layout,4 wheeler theft,12.560156,77.320937,2016-11-21 00:00:00.000,20:30:00
K S Layout,4 wheeler theft,12.945085,77.548612,2018-07-06 00:00:00.000,12:30:00
K S Layout,4 wheeler theft,12.943637,77.844691,2019-03-12 00:00:00.000,14:00:00
K S Layout,4 wheeler theft,12.938298,77.544986,2019-03-18 00:00:00.000,12:30:00
K S Layout,4 wheeler theft,12.931394,77.544233,2019-03-29 00:00:00.000,19:30:00
K S Layout,4 wheeler theft,12.939574,77.542507,2019-06-14 00:00:00.000,17:30:00
K S Layout,4 wheeler theft,12.941095,77.553129,2019-08-14 00:00:00.000,12:45:00
K S Layout,4 wheeler theft,12.9578264,77.55941741,2015-11-27 00:00:00.000,18:00:00
K S Layout,4 wheeler theft,12.9578264,77.55941741,2016-02-09 00:00:00.000,17:15:00
K S Layout,4 wheeler theft,12.94983,77.56041,2018-08-18 00:00:00.000,16:15:00
K S Layout,4 wheeler theft,12.9556,77.56883,2015-08-12 00:00:00.000,08:15:00
K S Layout,4 wheeler theft,12.95206739,77.57928102,2015-10-07 00:00:00.000,16:30:00
K S Layout,4 wheeler theft,12.952067391,77.57928102343,2016-09-06 00:00:00.000,12:15:00
K S Layout,4 wheeler theft,12.9629908655537,77.5721546177927,,12:00:00
K S Layout,4 wheeler theft,12.95428659,77.57768197,2018-05-09 00:00:00.000,11:30:00
K S Layout,4 wheeler theft,12.9532178,77.5777217,,13:50:00
K S Layout,4 wheeler theft,12.962125333,77.57157822,,10:45:00
K S Layout,4 wheeler theft,12.94253,77.55534,2016-01-13 00:00:00.000,13:45:00
K S Layout,4 wheeler theft,12.94176,77.55656,2016-04-11 00:00:00.000,11:15:00
K S Layout,4 wheeler theft,12.93526,77.56042,2016-08-21 00:00:00.000,11:00:00
K S Layout,4 wheeler theft,12.943648,77.549789,2016-12-09 00:00:00.000,12:30:00
K S Layout,4 wheeler theft,12.9422,77.552401,2017-11-03 00:00:00.000,10:30:00
K S Layout,4 wheeler theft,12.930861,77.554069,2015-01-29 00:00:00.000,20:00:00
K S Layout,4 wheeler theft,12.926837,77.544735,2015-03-29 00:00:00.000,08:00:00
K S Layout,4 wheeler theft,12.924688,77.548142,2015-01-31 00:00:00.000,08:00:00
K S Layout,4 wheeler theft,12.930228,77.547624,2015-04-24 00:00:00.000,23:00:00
K S Layout,4 wheeler theft,12.924729,77.558486,2015-07-23 00:00:00.000,07:00:00
K S Layout,4 wheeler theft,12.929702,77.553766,2015-08-31 00:00:00.000,18:00:00
K S Layout,4 wheeler theft,12.9212651,77.54999552,2016-08-17 00:00:00.000,11:30:00
K S Layout,4 wheeler theft,12.552074,77333558.0,2017-03-10 00:00:00.000,10:00:00
K S Layout,4 wheeler theft,12.2553,77.552298,2018-09-11 00:00:00.000,11:00:00
K S Layout,4 wheeler theft,12.932284,77.54988,2019-05-22 00:00:00.000,10:15:00
K S Layout,4 wheeler theft,12.929298,77.54597,2019-09-23 00:00:00.000,09:30:00
K S Layout,4 wheeler theft,12.926366,77.549813,2019-10-18 00:00:00.000,00:00:00
K S Layout,ordinary theft,12.92256,77.58698,2015-01-01 00:00:00.000,12:30:00
K S Layout,ordinary theft,12.918025,7758835.0,2015-01-14 00:00:00.000,22:40:00
K S Layout,ordinary theft,12.92746121,77.58628835,2015-01-29 00:00:00.000,19:25:00
K S Layout,ordinary theft,12.93692755,77.57899468,2015-04-02 00:00:00.000,20:00:00
K S Layout,ordinary theft,12.934423,77.592768,2015-09-02 00:00:00.000,13:30:00
K S Layout,ordinary theft,12.91856,77.58466,2015-03-03 00:00:00.000,18:00:00
K S Layout,ordinary theft,12.947111,77.594474,2015-09-03 00:00:00.000,19:30:00
K S Layout,ordinary theft,12.929333,77.58168,2015-03-28 00:00:00.000,19:30:00
K S Layout,ordinary theft,12.952429,77.543605,2015-07-04 00:00:00.000,20:00:00
K S Layout,ordinary theft,12.9388,77.859975,2015-07-04 00:00:00.000,21:40:00
K S Layout,ordinary theft,12.919098,77.589485,2015-04-29 00:00:00.000,13:00:00
K S Layout,ordinary theft,12.912976,77.573242,2015-01-05 00:00:00.000,15:00:00
K S Layout,ordinary theft,12.552347,77.35059,2015-02-05 00:00:00.000,00:20:00
K S Layout,ordinary theft,12.946444,77.579988,2015-02-05 00:00:00.000,11:40:00
K S Layout,ordinary theft,12.928613,77.585359,2015-06-05 00:00:00.000,11:00:00
K S Layout,ordinary theft,12.918025,77.58835,2015-05-22 00:00:00.000,17:30:00
K S Layout,ordinary theft,12.930433,77.549761,2015-05-26 00:00:00.000,19:20:00
K S Layout,ordinary theft,12.924603,77.588906,2015-05-30 00:00:00.000,13:30:00
K S Layout,ordinary theft,12.93349,77.576628,2015-03-06 00:00:00.000,13:30:00
K S Layout,ordinary theft,12.928613,77.585359,2015-06-18 00:00:00.000,13:00:00
K S Layout,ordinary theft,12.927136,77.5907,2015-07-07 00:00:00.000,14:15:00
K S Layout,ordinary theft,12.926523,77.579647,2015-07-15 00:00:00.000,19:00:00
K S Layout,ordinary theft,12.916757,77.593434,2015-05-09 00:00:00.000,21:15:00
K S Layout,ordinary theft,12.909694,77.634426,2015-07-09 00:00:00.000,17:30:00
K S Layout,ordinary theft,12.265842,77.248562,2015-09-15 00:00:00.000,14:30:00
K S Layout,ordinary theft,12.91756,77.58486,2015-09-23 00:00:00.000,16:00:00
K S Layout,ordinary theft,12.922536,77.587568,2015-12-10 00:00:00.000,20:45:00
K S Layout,ordinary theft,12.92253,77.585898,2015-10-18 00:00:00.000,12:15:00
K S Layout,ordinary theft,12.918028,77.58842,2015-10-25 00:00:00.000,20:20:00
K S Layout,ordinary theft,12.922535,77.58565,2015-11-14 00:00:00.000,18:00:00
K S Layout,ordinary theft,12.95645,77.786586,2015-12-29 00:00:00.000,09:15:00
K S Layout,ordinary theft,12.93443,77.592708,2015-07-02 00:00:00.000,13:00:00
K S Layout,ordinary theft,12.9165885,77.589965,2015-09-02 00:00:00.000,13:10:00
K S Layout,ordinary theft,12.931988,77.590196,2015-01-03 00:00:00.000,13:30:00
K S Layout,ordinary theft,12.931921,77.58029,2015-05-21 00:00:00.000,10:30:00
K S Layout,ordinary theft,12.88605,77.494843,2015-06-19 00:00:00.000,13:00:00
K S Layout,ordinary theft,13.05669,77.6256687,2015-04-08 00:00:00.000,19:30:00
K S Layout,ordinary theft,12.919774,77.577703,2015-12-08 00:00:00.000,15:00:00
K S Layout,ordinary theft,12.928613,77.585359,2015-10-09 00:00:00.000,14:30:00
K S Layout,ordinary theft,12.93192,77.58016,2015-11-14 00:00:00.000,13:00:00
K S Layout,ordinary theft,12.88605,77.494843,2015-09-12 00:00:00.000,04:00:00
K S Layout,ordinary theft,12.93192,77.580106,2015-11-12 00:00:00.000,19:35:00
K S Layout,ordinary theft,12.924857,77.583759,2015-03-24 00:00:00.000,11:00:00
K S Layout,ordinary theft,12.92885,77.5785,2015-06-01 00:00:00.000,15:00:00
K S Layout,ordinary theft,12.9273,77.57806,2015-01-18 00:00:00.000,16:30:00
K S Layout,ordinary theft,12.930535,77.586997,2015-03-23 00:00:00.000,17:00:00
K S Layout,ordinary theft,12.928613,77.585359,2015-04-15 00:00:00.000,12:00:00
K S Layout,ordinary theft,12.934891,77.581991,2015-02-05 00:00:00.000,14:00:00
K S Layout,ordinary theft,12.936652,77.576437,2015-07-22 00:00:00.000,15:40:00
K S Layout,ordinary theft,12.923852,77.576402,2015-01-15 00:00:00.000,19:30:00
K S Layout,ordinary theft,12.93067,77.581281,2015-01-16 00:00:00.000,21:20:00
K S Layout,ordinary theft,12.923852,77.576402,2015-03-03 00:00:00.000,12:30:00
K S Layout,ordinary theft,12.923852,77.576402,2015-09-03 00:00:00.000,17:30:00
K S Layout,ordinary theft,12.930397,77.585753,2015-08-04 00:00:00.000,11:30:00
K S Layout,ordinary theft,12.919817,77.58481,2015-04-30 00:00:00.000,19:40:00
K S Layout,ordinary theft,12.927082,77.588137,2015-04-05 00:00:00.000,14:45:00
K S Layout,ordinary theft,12.925458,77.584816,2015-06-25 00:00:00.000,09:50:00
K S Layout,ordinary theft,12.932553,77.580342,2015-08-28 00:00:00.000,19:10:00
K S Layout,ordinary theft,12.935566,77.589964,2015-11-26 00:00:00.000,09:15:00
K S Layout,ordinary theft,12.545787,77.342621,2016-02-24 00:00:00.000,19:00:00
K S Layout,ordinary theft,23.823643,90.35341,2016-03-05 00:00:00.000,10:30:00
K S Layout,ordinary theft,12.55018,77.380103,2016-12-05 00:00:00.000,10:00:00
K S Layout,ordinary theft,12.926858,77.583552,2016-08-11 00:00:00.000,13:00:00
K S Layout,ordinary theft,12.91945,77.58582,2016-04-20 00:00:00.000,15:00:00
K S Layout,ordinary theft,12.917758,77.588496,,12:00:00
K S Layout,ordinary theft,12.923975,77.579868,2016-06-28 00:00:00.000,12:30:00
K S Layout,ordinary theft,12.916869,77.589571,2016-05-07 00:00:00.000,13:30:00
K S Layout,ordinary theft,12.91845,77.584881,2016-03-09 00:00:00.000,14:00:00
K S Layout,ordinary theft,12.921458,77.58764,2016-09-21 00:00:00.000,13:30:00
K S Layout,ordinary theft,12.92556,77.59763,2016-09-28 00:00:00.000,14:00:00
K S Layout,ordinary theft,12.92556,77.59763,2016-11-22 00:00:00.000,17:00:00
K S Layout,ordinary theft,12.92074,77.59957,2016-01-16 00:00:00.000,18:00:00
K S Layout,ordinary theft,12.92847,77.58374,2016-01-21 00:00:00.000,13:30:00
K S Layout,ordinary theft,12.92825,77.57483,2016-09-04 00:00:00.000,16:30:00
K S Layout,ordinary theft,12.922084,77.589585,2016-04-22 00:00:00.000,12:00:00
K S Layout,ordinary theft,12.935688,77.586954,2016-10-20 00:00:00.000,10:00:00
K S Layout,ordinary theft,12.92847,77.58374,2016-12-11 00:00:00.000,08:30:00
K S Layout,ordinary theft,12.9167,77.59763,2016-03-01 00:00:00.000,18:50:00
K S Layout,ordinary theft,12.91945,77.58582,2016-01-22 00:00:00.000,17:00:00
K S Layout,ordinary theft,12.92556,77.57561,2016-02-19 00:00:00.000,18:00:00
K S Layout,ordinary theft,12.92367,77.58014,2016-02-27 00:00:00.000,16:00:00
K S Layout,ordinary theft,12.92556,77.57591,2016-04-22 00:00:00.000,12:00:00
K S Layout,ordinary theft,12.915868,77.58954,2016-05-31 00:00:00.000,09:00:00
K S Layout,ordinary theft,12.91699,77.58934,2016-07-22 00:00:00.000,10:35:00
K S Layout,ordinary theft,12.92367,77.58014,2016-08-09 00:00:00.000,22:15:00
K S Layout,ordinary theft,12.92556,77.57561,2016-06-11 00:00:00.000,15:35:00
K S Layout,ordinary theft,12.909645,77.632545,2016-11-29 00:00:00.000,10:25:00
K S Layout,ordinary theft,12.92556,77.57591,2016-01-24 00:00:00.000,22:30:00
K S Layout,ordinary theft,12.915785,77.58695,2016-02-29 00:00:00.000,18:30:00
K S Layout,ordinary theft,12.91945,77.58582,2016-01-03 00:00:00.000,12:35:00
K S Layout,ordinary theft,12.91945,77.58582,2016-01-03 00:00:00.000,13:30:00
K S Layout,ordinary theft,12.92311,77.5807,2016-11-03 00:00:00.000,18:40:00
K S Layout,ordinary theft,12.91945,77.58582,2016-04-13 00:00:00.000,10:30:00
K S Layout,ordinary theft,12.923675,77.580145,2016-04-28 00:00:00.000,19:30:00
K S Layout,ordinary theft,12.9237885,77.589685,2016-06-15 00:00:00.000,16:45:00
K S Layout,ordinary theft,12.92367,77.58014,2016-06-22 00:00:00.000,10:00:00
K S Layout,ordinary theft,12.92397,77.57968,2016-07-07 00:00:00.000,23:10:00
K S Layout,ordinary theft,12.93047,77.57957,2016-07-19 00:00:00.000,02:45:00
K S Layout,ordinary theft,12.93091,77.57812,2016-09-08 00:00:00.000,17:00:00
K S Layout,ordinary theft,12.91945,77.585805,2016-08-15 00:00:00.000,23:15:00
K S Layout,ordinary theft,12.92164,77.59149,2016-06-10 00:00:00.000,19:35:00
K S Layout,ordinary theft,12.92178,77.57923,2016-08-10 00:00:00.000,21:30:00
K S Layout,ordinary theft,12.92239,77.58076,2016-11-18 00:00:00.000,13:15:00
K S Layout,ordinary theft,12.92266,77.5854,2016-01-19 00:00:00.000,21:00:00
K S Layout,ordinary theft,12.921455,77.587621,2016-01-21 00:00:00.000,17:30:00
K S Layout,ordinary theft,12.92297,77.5807,2016-01-29 00:00:00.000,12:30:00
K S Layout,ordinary theft,12.92234,77.58076,2016-09-02 00:00:00.000,13:30:00
K S Layout,ordinary theft,12.914568,77.587485,2016-02-15 00:00:00.000,10:30:00
K S Layout,ordinary theft,12.91945,77.58582,2016-02-19 00:00:00.000,12:30:00
K S Layout,ordinary theft,12.92458,77.584796,2016-02-26 00:00:00.000,10:30:00
K S Layout,ordinary theft,12.919458,77.585795,2016-06-29 00:00:00.000,17:15:00
K S Layout,ordinary theft,12.919458,77.585795,2016-01-07 00:00:00.000,11:30:00
K S Layout,ordinary theft,12.914758,77.587965,2016-07-20 00:00:00.000,21:45:00
K S Layout,ordinary theft,12.93457,77.578685,2016-07-26 00:00:00.000,14:45:00
K S Layout,ordinary theft,12.92266,77.585845,2016-03-10 00:00:00.000,17:30:00
K S Layout,ordinary theft,12.916576,77.586945,2016-05-10 00:00:00.000,17:30:00
K S Layout,ordinary theft,12.86984,77.575962,2016-11-17 00:00:00.000,17:45:00
K S Layout,ordinary theft,12.92234,77.582254,2016-10-09 00:00:00.000,13:00:00
K S Layout,ordinary theft,12.9167,77.59763,2017-12-21 00:00:00.000,16:40:00
K S Layout,ordinary theft,12.91992,77.59044,2017-10-01 00:00:00.000,18:15:00
K S Layout,ordinary theft,12.92556,77.57561,2017-01-30 00:00:00.000,16:00:00
K S Layout,ordinary theft,12.92865,77.58178,2017-01-30 00:00:00.000,20:15:00
K S Layout,ordinary theft,12.93183,77.58355,2017-04-21 00:00:00.000,18:00:00
K S Layout,ordinary theft,12.94158,77.58758,2017-04-23 00:00:00.000,09:45:00
K S Layout,ordinary theft,12.9179,77.58718,2017-06-14 00:00:00.000,20:30:00
K S Layout,ordinary theft,12.92316,77.59376,2017-05-07 00:00:00.000,20:40:00
K S Layout,ordinary theft,12.92367,77.58014,2017-09-16 00:00:00.000,11:00:00
K S Layout,ordinary theft,12.92367,77.58014,2017-01-17 00:00:00.000,11:30:00
K S Layout,ordinary theft,12.92023,77.5819,2017-07-18 00:00:00.000,13:25:00
K S Layout,ordinary theft,12.92458,77.5846852,2017-09-17 00:00:00.000,08:45:00
K S Layout,ordinary theft,12.914686,77.5776952,2017-09-17 00:00:00.000,12:30:00
K S Layout,ordinary theft,12.945852,77.576951,2017-09-17 00:00:00.000,14:30:00
K S Layout,ordinary theft,12.92952,77.57891,2017-08-12 00:00:00.000,18:00:00
K S Layout,ordinary theft,12.92963,77.57702,2017-12-15 00:00:00.000,11:00:00
K S Layout,ordinary theft,12.92085,77.58139,2017-12-16 00:00:00.000,11:30:00
K S Layout,ordinary theft,12.92125,77.57905,2017-05-26 00:00:00.000,17:40:00
K S Layout,ordinary theft,12.92596,77.55321,2017-07-23 00:00:00.000,11:45:00
K S Layout,ordinary theft,12.93006,77.57958,2017-07-26 00:00:00.000,15:00:00
K S Layout,ordinary theft,12.92367,77.58014,2017-07-27 00:00:00.000,10:50:00
K S Layout,ordinary theft,12.91986,77.58274,2017-09-21 00:00:00.000,10:30:00
K S Layout,ordinary theft,12.92141,77.58077,2017-10-18 00:00:00.000,09:30:00
K S Layout,ordinary theft,12.92603,77.57362,2017-11-09 00:00:00.000,22:00:00
K S Layout,ordinary theft,12.92115,77.58075,2017-12-15 00:00:00.000,12:30:00
K S Layout,ordinary theft,12.92847,77.58374,2017-04-07 00:00:00.000,13:00:00
K S Layout,ordinary theft,12.929578,77.585484,2017-03-08 00:00:00.000,14:00:00
K S Layout,ordinary theft,12.92234,77.58076,2017-05-08 00:00:00.000,13:00:00
K S Layout,ordinary theft,12.9321,77.59005,2017-08-30 00:00:00.000,11:00:00
K S Layout,ordinary theft,12.924845,77.586384,2017-10-16 00:00:00.000,12:00:00
K S Layout,ordinary theft,12.92028,77.58801,2017-10-19 00:00:00.000,14:15:00
K S Layout,ordinary theft,12.91945,77.58582,2017-11-08 00:00:00.000,19:00:00
K S Layout,ordinary theft,12.923852,77.576401,2017-02-12 00:00:00.000,10:00:00
K S Layout,ordinary theft,12.9248555,77.58965,2017-08-01 00:00:00.000,14:15:00
K S Layout,ordinary theft,12.92367,77.58014,2017-05-03 00:00:00.000,18:00:00
K S Layout,ordinary theft,12.9218,77.58027,2017-09-03 00:00:00.000,20:00:00
K S Layout,ordinary theft,12.92338,77.58074,2017-04-25 00:00:00.000,12:20:00
K S Layout,ordinary theft,12.9218,77.58027,2017-05-31 00:00:00.000,13:00:00
K S Layout,ordinary theft,12.9184,77.58268,2017-01-06 00:00:00.000,14:30:00
K S Layout,ordinary theft,12.92161,77.580742,2017-07-27 00:00:00.000,18:30:00
K S Layout,ordinary theft,12.92367,77.58014,2017-04-08 00:00:00.000,16:30:00
K S Layout,ordinary theft,12.91945,77.58582,2017-09-10 00:00:00.000,19:00:00
K S Layout,ordinary theft,12.92367,77.58014,2017-11-18 00:00:00.000,21:00:00
K S Layout,ordinary theft,12.92239,77.580757,2017-05-12 00:00:00.000,11:50:00
K S Layout,ordinary theft,12.9167,77.59763,2017-12-15 00:00:00.000,23:50:00
K S Layout,ordinary theft,12.92053,77.58274,2017-03-22 00:00:00.000,00:45:00
K S Layout,ordinary theft,12.924885,77.586855,2017-08-29 00:00:00.000,16:00:00
K S Layout,ordinary theft,12.92367,77.58014,2017-07-10 00:00:00.000,17:00:00
K S Layout,ordinary theft,12.9218,77.58027,2018-01-13 00:00:00.000,15:10:00
K S Layout,ordinary theft,12.91457,77.586042,2018-03-02 00:00:00.000,14:00:00
K S Layout,ordinary theft,12.9184578,77.58458,2018-04-17 00:00:00.000,08:45:00
K S Layout,ordinary theft,12.91945,77.58582,2018-04-21 00:00:00.000,19:30:00
K S Layout,ordinary theft,12.92367,77.58014,2018-05-05 00:00:00.000,14:30:00
K S Layout,ordinary theft,12.925458,77.57486,2018-05-16 00:00:00.000,10:45:00
K S Layout,ordinary theft,12.92397,77.579678,2018-12-06 00:00:00.000,19:30:00
K S Layout,ordinary theft,12.9309485,77.57875,2018-06-23 00:00:00.000,13:30:00
K S Layout,ordinary theft,12.92847,77.585475,2018-06-25 00:00:00.000,18:00:00
K S Layout,ordinary theft,12.93443,77.5927,2018-08-24 00:00:00.000,15:30:00
K S Layout,ordinary theft,12.928748,777.583475,2018-10-15 00:00:00.000,11:00:00
K S Layout,ordinary theft,12.9167,77.58953,2018-10-27 00:00:00.000,18:00:00
K S Layout,ordinary theft,12.925648,77.575869,2018-01-23 00:00:00.000,12:05:00
K S Layout,ordinary theft,12.921648,77.580745,2018-02-17 00:00:00.000,21:30:00
K S Layout,ordinary theft,12.924586,77.580145,2018-07-21 00:00:00.000,14:30:00
K S Layout,ordinary theft,12.930911,77.578156,2018-10-09 00:00:00.000,17:15:00
K S Layout,ordinary theft,12.925684,77.575458,2018-10-13 00:00:00.000,17:30:00
K S Layout,ordinary theft,12.925568,77.580145,2018-10-29 00:00:00.000,20:45:00
K S Layout,ordinary theft,12.9235485,77.58948,2018-09-02 00:00:00.000,17:35:00
K S Layout,ordinary theft,12.921645,77.580286,2018-02-27 00:00:00.000,10:40:00
K S Layout,ordinary theft,12.921645,77.580286,2018-02-27 00:00:00.000,11:00:00
K S Layout,ordinary theft,12.9145885,77.58514,2018-02-27 00:00:00.000,11:30:00
K S Layout,ordinary theft,12.9145885,77.58514,2018-02-27 00:00:00.000,13:00:00
K S Layout,ordinary theft,12.921458,77.580478,,12:30:00
K S Layout,ordinary theft,12.917775,77.5854769,2018-11-11 00:00:00.000,17:00:00
K S Layout,ordinary theft,12.9124856,77.585478,2018-12-19 00:00:00.000,13:00:00
K S Layout,ordinary theft,12.92861,77.58447,2019-08-01 00:00:00.000,11:00:00
K S Layout,ordinary theft,12.92457,77.57899,2019-10-01 19:30:00.000,
K S Layout,ordinary theft,12.91965,77.5924,2019-01-21 00:00:00.000,14:00:00
K S Layout,ordinary theft,12.92385,77.576402,2019-01-26 00:00:00.000,14:00:00
K S Layout,ordinary theft,12.92367,77.58014,2019-01-31 00:00:00.000,10:00:00
K S Layout,ordinary theft,12.92385,77.576402,2019-03-02 10:00:00.000,
K S Layout,ordinary theft,12.91945,77.58582,2019-09-02 10:00:00.000,
K S Layout,ordinary theft,12.92367,77.58374,2019-02-14 00:00:00.000,14:30:00
K S Layout,ordinary theft,12.914588,77.587654,2019-02-17 00:00:00.000,11:00:00
K S Layout,ordinary theft,12.94247,77.55049,2019-02-24 00:00:00.000,11:30:00
K S Layout,ordinary theft,12.92253,77.58589,2019-02-26 00:00:00.000,10:00:00
K S Layout,ordinary theft,12.92847,77.58347,2019-02-03 00:00:00.000,21:00:00
K S Layout,ordinary theft,12.92009,77.58204,2019-04-03 00:00:00.000,22:00:00
K S Layout,ordinary theft,12.92861,77.58447,2019-03-15 00:00:00.000,11:30:00
K S Layout,ordinary theft,12.93486,77.58008,2019-03-17 00:00:00.000,12:00:00
K S Layout,ordinary theft,12.91921,77.57745,2019-04-04 00:00:00.000,23:15:00
K S Layout,ordinary theft,12.92178,77.58074,2019-04-16 00:00:00.000,23:45:00
K S Layout,ordinary theft,12.922657,77.589563,2019-04-24 00:00:00.000,12:00:00
K S Layout,ordinary theft,12921652.0,77579288.0,2019-12-05 00:00:00.000,11:30:00
K S Layout,ordinary theft,12921652.0,77579288.0,2019-05-26 00:00:00.000,18:00:00
K S Layout,ordinary theft,12.92819,77.62512,2019-05-27 00:00:00.000,18:30:00
K S Layout,ordinary theft,12.91691,77.585701,2019-01-06 00:00:00.000,18:45:00
K S Layout,ordinary theft,12.92253,77.58589,2019-06-20 00:00:00.000,12:00:00
K S Layout,ordinary theft,12.92253,77.58589,2019-06-23 00:00:00.000,17:00:00
K S Layout,ordinary theft,12.91953,77.57458,2019-08-07 00:00:00.000,21:45:00
K S Layout,ordinary theft,12.28784,76.63313,2019-07-23 00:00:00.000,19:00:00
K S Layout,ordinary theft,12.92253,77.58589,2019-08-14 00:00:00.000,20:00:00
K S Layout,ordinary theft,12.92334,77.58484,2019-12-09 00:00:00.000,11:00:00
K S Layout,ordinary theft,12.92875,77.5801,2019-09-27 00:00:00.000,11:35:00
K S Layout,ordinary theft,12.928459,77.576972,2019-10-29 00:00:00.000,20:30:00
K S Layout,ordinary theft,12.926192,77.586141,2019-11-13 00:00:00.000,20:00:00
K S Layout,ordinary theft,12.91743,77.583465,2019-11-15 00:00:00.000,18:00:00
K S Layout,ordinary theft,12.92367,77.58374,2019-05-12 00:00:00.000,23:40:00
K S Layout,ordinary theft,12.92556,77.57561,2019-12-14 00:00:00.000,12:00:00
K S Layout,ordinary theft,12.564374,77.341661,2015-01-15 00:00:00.000,
K S Layout,ordinary theft,12.561293,77.343747,2015-01-23 00:00:00.000,
K S Layout,ordinary theft,12.565316,77.343807,2015-01-27 00:00:00.000,
K S Layout,ordinary theft,12.562855,77.343709,2015-01-02 00:00:00.000,
K S Layout,ordinary theft,12.56289,77.343644,2015-03-02 00:00:00.000,
K S Layout,ordinary theft,12.56954,77.342605,2015-12-02 00:00:00.000,
K S Layout,ordinary theft,12.564676,77.34493,2015-02-17 00:00:00.000,
K S Layout,ordinary theft,12.561757,77.344339,2015-02-21 00:00:00.000,
K S Layout,ordinary theft,12.56186,77.343899,2015-02-23 00:00:00.000,
K S Layout,ordinary theft,12.56216,77.341909,2015-02-26 00:00:00.000,
K S Layout,ordinary theft,12.563693,77.344746,2015-11-03 00:00:00.000,
K S Layout,ordinary theft,12.57358,77.302982,2015-03-17 00:00:00.000,
K S Layout,ordinary theft,12.57358,77.302983,2015-03-28 00:00:00.000,
K S Layout,ordinary theft,12.57358,77.302984,2015-01-05 00:00:00.000,
K S Layout,ordinary theft,12.562344,77.343973,2015-05-13 00:00:00.000,
K S Layout,ordinary theft,12.564231,77.343092,2015-05-14 00:00:00.000,
K S Layout,ordinary theft,12.564231,77.343093,2015-05-21 00:00:00.000,
K S Layout,ordinary theft,12.564547,77.341371,2015-05-31 00:00:00.000,
K S Layout,ordinary theft,12.564897,77.34936,2015-06-16 00:00:00.000,
K S Layout,ordinary theft,12.564505,77.341432,2015-06-18 00:00:00.000,
K S Layout,ordinary theft,12.995296,77.568251,2015-07-30 00:00:00.000,
K S Layout,ordinary theft,12.936777,77.580124,2015-03-08 00:00:00.000,
K S Layout,ordinary theft,12.948374,77.580058,2015-10-08 00:00:00.000,
K S Layout,ordinary theft,12.941681,77.576788,2015-08-25 00:00:00.000,
K S Layout,ordinary theft,12.942909,77.567924,2015-10-09 00:00:00.000,
K S Layout,ordinary theft,12.938699,77.578183,2015-09-15 00:00:00.000,
K S Layout,ordinary theft,12.938661,77.575417,2015-09-17 00:00:00.000,
K S Layout,ordinary theft,12.939818,77.577399,2015-09-21 00:00:00.000,
K S Layout,ordinary theft,12.943393,77.57127,2015-04-10 00:00:00.000,
K S Layout,ordinary theft,12.564527,77.341371,2015-05-10 00:00:00.000,
K S Layout,ordinary theft,12.564897,77.34936,2015-10-30 00:00:00.000,
K S Layout,ordinary theft,12.936507,77.575417,2015-07-11 00:00:00.000,
K S Layout,ordinary theft,12.562881,77.344556,2015-11-25 00:00:00.000,
K S Layout,ordinary theft,12.943401,77.57713,2015-02-12 00:00:00.000,
K S Layout,ordinary theft,12.94495,77.571928,2015-07-12 00:00:00.000,
K S Layout,ordinary theft,12.948048,77.56886,2015-12-19 00:00:00.000,
K S Layout,ordinary theft,12.94232,77.573877,2015-12-26 00:00:00.000,
K S Layout,ordinary theft,12.944929,77.571964,2015-12-27 00:00:00.000,
K S Layout,ordinary theft,12.942268,77.573885,2015-12-31 00:00:00.000,
K S Layout,ordinary theft,12.944837,77.574089,2016-01-29 00:00:00.000,
K S Layout,ordinary theft,12.9478532,77.57521804,2016-02-28 00:00:00.000,
K S Layout,ordinary theft,12.93865317,77.57654392,2016-01-03 00:00:00.000,
K S Layout,ordinary theft,12.9362949,77.5724694,2016-02-03 00:00:00.000,
K S Layout,ordinary theft,12.9448453,77.57005559,2016-11-03 00:00:00.000,
K S Layout,ordinary theft,12.94754935,77.57928407,2016-03-17 00:00:00.000,
K S Layout,ordinary theft,12.94589054,77.5708001,2016-03-20 00:00:00.000,
K S Layout,ordinary theft,12.94625337,77.57034708,2016-10-04 00:00:00.000,
K S Layout,ordinary theft,12.94742039,77.57992022,2016-04-13 00:00:00.000,
K S Layout,ordinary theft,12.94749498,77.5799164,2016-04-25 00:00:00.000,
K S Layout,ordinary theft,12.94691818,77.56872328,2016-09-06 00:00:00.000,
K S Layout,ordinary theft,12.9466329,77.5704523,2016-06-16 00:00:00.000,
K S Layout,ordinary theft,12.94289924,77.5718275,2016-07-29 00:00:00.000,
K S Layout,ordinary theft,12.94064,77.57925,2016-10-08 00:00:00.000,
K S Layout,ordinary theft,12.9458785,77.5694501,2016-12-08 00:00:00.000,
K S Layout,ordinary theft,12.995296,77.568251,2016-08-15 00:00:00.000,
K S Layout,ordinary theft,12.936777,77.580124,2016-08-20 00:00:00.000,
K S Layout,ordinary theft,12.948374,77.580058,,
K S Layout,ordinary theft,12.941681,77.576788,2016-10-09 00:00:00.000,
K S Layout,ordinary theft,12.942909,77.567924,2016-09-21 00:00:00.000,
K S Layout,ordinary theft,12.938699,77.578183,2016-10-17 00:00:00.000,
K S Layout,ordinary theft,12.938661,77.575417,2016-10-17 00:00:00.000,
K S Layout,ordinary theft,12.939818,77.577399,2016-10-27 00:00:00.000,
K S Layout,ordinary theft,12.943393,77.57127,2016-01-11 00:00:00.000,
K S Layout,ordinary theft,12.564527,77.341371,2016-11-15 00:00:00.000,
K S Layout,ordinary theft,12.564897,77.34936,2016-11-19 00:00:00.000,
K S Layout,ordinary theft,12.936507,77.575417,2016-01-12 00:00:00.000,
K S Layout,ordinary theft,12.562881,77.344556,2016-09-12 00:00:00.000,
K S Layout,ordinary theft,12.943401,77.57713,2016-12-14 00:00:00.000,
K S Layout,ordinary theft,12.94495,77.571928,2016-12-30 00:00:00.000,
K S Layout,ordinary theft,12.948048,77.56886,2017-01-27 00:00:00.000,
K S Layout,ordinary theft,12.94232,77.573877,2017-05-02 00:00:00.000,
K S Layout,ordinary theft,12.944929,77.571964,2017-06-02 00:00:00.000,
K S Layout,ordinary theft,12.942268,77.573885,2017-11-02 00:00:00.000,
K S Layout,ordinary theft,12.944837,77.574089,2017-02-14 00:00:00.000,
K S Layout,ordinary theft,12.944602,77.57686206,2017-07-03 00:00:00.000,
K S Layout,ordinary theft,12.9458809,77.5757383,2017-11-03 00:00:00.000,
K S Layout,ordinary theft,12.936943,77.571151,2017-03-26 00:00:00.000,
K S Layout,ordinary theft,12.94914,77.5799229,2017-07-04 00:00:00.000,
K S Layout,ordinary theft,12.94745,77.573955,2017-09-04 00:00:00.000,
K S Layout,ordinary theft,12.564568,77.340948,2017-12-04 00:00:00.000,
K S Layout,ordinary theft,12.948385,77.577426,2017-04-27 00:00:00.000,
K S Layout,ordinary theft,12.935135,77.573827,2017-06-05 00:00:00.000,
K S Layout,ordinary theft,12.93867,77.580302,2017-06-05 00:00:00.000,
K S Layout,ordinary theft,12.9446029,77.57686206,2017-08-05 00:00:00.000,
K S Layout,ordinary theft,12.9458809,77.5757383,2017-12-05 00:00:00.000,
K S Layout,ordinary theft,12.936943,77.571151,2017-05-14 00:00:00.000,
K S Layout,ordinary theft,12.94914,77.5799229,2017-05-29 00:00:00.000,
K S Layout,ordinary theft,12.94745,77.573955,2017-06-15 00:00:00.000,
K S Layout,ordinary theft,12.564568,77.340948,2017-06-16 00:00:00.000,
K S Layout,ordinary theft,12.948385,77.577426,2017-07-21 00:00:00.000,
K S Layout,ordinary theft,12.935135,77.573827,2017-02-08 00:00:00.000,
K S Layout,ordinary theft,12.93867,77.580302,2017-03-08 00:00:00.000,
K S Layout,ordinary theft,12.9446029,77.57686206,2017-07-08 00:00:00.000,
K S Layout,ordinary theft,12.9458809,77.5757383,2017-11-08 00:00:00.000,
K S Layout,ordinary theft,12.936943,77.571151,2017-08-21 00:00:00.000,
K S Layout,ordinary theft,12.94914,77.5799229,2017-08-29 00:00:00.000,
K S Layout,ordinary theft,12.94745,77.573955,2017-09-22 00:00:00.000,
K S Layout,ordinary theft,12.929235,77.534782,2016-12-28 00:00:00.000,21:00:00
K S Layout,ordinary theft,12.934203,77.546257,2017-06-20 00:00:00.000,12:45:00
K S Layout,ordinary theft,12.922214,77.538914,2017-09-07 00:00:00.000,
K S Layout,ordinary theft,12.930782,77.53998,2017-10-08 00:00:00.000,
K S Layout,ordinary theft,12.935149,77.537055,2017-09-16 00:00:00.000,14:20:00
K S Layout,ordinary theft,12.928692,77.540906,2017-10-10 00:00:00.000,
K S Layout,ordinary theft,12.938683,77.551304,2017-10-14 00:00:00.000,17:30:00
K S Layout,ordinary theft,12.935612,77.54536,2017-12-27 00:00:00.000,12:05:00
K S Layout,ordinary theft,12.939623,77.528977,2018-01-15 11:15:00.000,
K S Layout,ordinary theft,12.93866,77.548997,2018-01-29 20:15:00.000,
K S Layout,ordinary theft,12.940213,77.547241,2018-02-14 15:00:00.000,
K S Layout,ordinary theft,12.930844,77.539062,2018-03-12 14:15:00.000,
K S Layout,ordinary theft,12.934568,77.542365,2018-03-18 21:30:00.000,
K S Layout,ordinary theft,12938296.0,77.537588,2018-05-25 14:30:00.000,
K S Layout,ordinary theft,12.936884,77.536097,2018-05-25 16:00:00.000,
K S Layout,ordinary theft,12.934381,77.539059,2018-06-19 15:00:00.000,
K S Layout,ordinary theft,12.938641,77.543143,2018-12-20 15:15:00.000,
K S Layout,ordinary theft,12.928676,77.545563,2019-02-04 13:30:00.000,
K S Layout,ordinary theft,12.534358,77.543003,2019-02-06 17:00:00.000,
K S Layout,ordinary theft,12.929708,77.53311,2019-05-07 15:50:00.000,
K S Layout,ordinary theft,12.930817,77.539821,2019-08-19 18:00:00.000,
K S Layout,ordinary theft,12.938422,77.543215,2019-10-18 13:00:00.000,
K S Layout,ordinary theft,12.940936,77.547361,2019-12-07 08:40:00.000,
K S Layout,ordinary theft,12.938095,77.543951,2019-05-22 18:30:00.000,
K S Layout,ordinary theft,12.948212,77.562999,2015-03-02 00:00:00.000,04:30:00
K S Layout,ordinary theft,12.565868,77.333824,2015-04-04 00:00:00.000,14:15:00
K S Layout,ordinary theft,12.9522989999415,77.5644119997618,2015-04-15 00:00:00.000,14:30:00
K S Layout,ordinary theft,12.94801,77.56771,2015-07-24 00:00:00.000,17:30:00
K S Layout,ordinary theft,12.94801,77.56771,2015-10-23 00:00:00.000,18:00:00
K S Layout,ordinary theft,12.9508,77.56371,2015-11-29 00:00:00.000,17:00:00
K S Layout,ordinary theft,12.953286,77.561639,2016-02-15 00:00:00.000,10:00:00
K S Layout,ordinary theft,12.95388,77.56341,2016-07-03 00:00:00.000,13:00:00
K S Layout,ordinary theft,12.955074,77.562575,2016-08-09 00:00:00.000,17:00:00
K S Layout,ordinary theft,12.9491686,77.5662899,2016-09-27 00:00:00.000,18:00:00
K S Layout,ordinary theft,12.955174,77.567121,2017-07-01 00:00:00.000,11:30:00
K S Layout,ordinary theft,12.956997,77.564332,2017-02-03 00:00:00.000,14:30:00
K S Layout,ordinary theft,12.957033,77.564308,2017-04-26 00:00:00.000,18:15:00
K S Layout,ordinary theft,12.95695346,77.56145099,2017-05-05 00:00:00.000,18:15:00
K S Layout,ordinary theft,12.953503,77.56495,2017-09-22 00:00:00.000,13:00:00
K S Layout,ordinary theft,12.948212,77.562999,2017-08-19 00:00:00.000,11:00:00
K S Layout,ordinary theft,12.948212,77.562999,2017-11-15 00:00:00.000,15:00:00
K S Layout,ordinary theft,12.948212,77.562999,2017-11-25 00:00:00.000,11:45:00
K S Layout,ordinary theft,12.94896,77.56008,2017-12-27 00:00:00.000,14:00:00
K S Layout,ordinary theft,12.94896,77.56008,2017-12-28 00:00:00.000,15:00:00
K S Layout,ordinary theft,12.951642,77.567167,2018-01-17 00:00:00.000,14:00:00
K S Layout,ordinary theft,12.95522,77.56742,2018-10-03 00:00:00.000,19:00:00
K S Layout,ordinary theft,12.9491686,77.5662899,2018-05-29 00:00:00.000,11:40:00
K S Layout,ordinary theft,12.94868,77.55791,2018-05-06 00:00:00.000,20:30:00
K S Layout,ordinary theft,12.9542,77.56451,2018-06-25 00:00:00.000,15:30:00
K S Layout,ordinary theft,12.95707,77.56642,2018-07-24 00:00:00.000,10:45:00
K S Layout,ordinary theft,12.95521,77.56497,2018-07-08 00:00:00.000,18:15:00
K S Layout,ordinary theft,12.9578264,77.55941741,2018-01-10 00:00:00.000,14:30:00
K S Layout,ordinary theft,12.956997,77.564332,2018-10-22 00:00:00.000,16:00:00
K S Layout,ordinary theft,12.94966,77.55928,2018-10-12 00:00:00.000,15:10:00
K S Layout,ordinary theft,12.95709,77.56445,2019-02-16 00:00:00.000,18:50:00
K S Layout,ordinary theft,12.955052,77.566014,2019-02-25 00:00:00.000,17:00:00
K S Layout,ordinary theft,12.957028,77.565483,2019-03-21 00:00:00.000,09:00:00
K S Layout,ordinary theft,12.957045,77.562861,2019-03-22 00:00:00.000,17:30:00
K S Layout,ordinary theft,12.94973,77.56443,2019-07-20 00:00:00.000,11:30:00
Konanakunte,ordinary theft,12.9067229,77.5735098,2017-08-08 16:30:00.000,
Konanakunte,ordinary theft,12.9084615,77.5808686,2017-08-14 00:00:00.000,16:30:00
Konanakunte,ordinary theft,12.9187108,77.5856202,2017-08-17 00:00:00.000,21:45:00
Konanakunte,ordinary theft,12.9081128,77.5818518,2017-12-09 08:15:00.000,
Konanakunte,ordinary theft,12.9086808,77.5943062,2017-12-09 09:30:00.000,
Konanakunte,ordinary theft,12.9071033,77.5819105,2017-12-09 10:15:00.000,
Konanakunte,ordinary theft,12.9071899,77.5490795,2017-09-14 00:00:00.000,12:00:00
Konanakunte,ordinary theft,12.9155867,77.576883,2017-09-19 00:00:00.000,11:00:00
Konanakunte,ordinary theft,12.9068718,77.5705817,2017-09-20 00:00:00.000,09:30:00
Konanakunte,ordinary theft,12.9085532,77.5813653,2017-09-22 00:00:00.000,10:30:00
Konanakunte,ordinary theft,12.9054972,77.5732814,2017-09-22 00:00:00.000,11:00:00
Konanakunte,ordinary theft,12.9084481,77.5880616,2017-09-24 00:00:00.000,13:30:00
Konanakunte,ordinary theft,12.9119387,77.5943141,2017-10-10 12:30:00.000,
Konanakunte,ordinary theft,12.898444,77.5462742,2017-10-15 00:00:00.000,10:30:00
Konanakunte,ordinary theft,12.9070514,77.5826242,2017-10-17 00:00:00.000,17:00:00
Konanakunte,ordinary theft,12.887715,77.5673984,2017-10-26 00:00:00.000,12:00:00
Konanakunte,ordinary theft,12.909989,77.5850446,2017-12-21 00:00:00.000,12:20:00
Konanakunte,ordinary theft,12.9094052,77.5852783,2017-12-21 00:00:00.000,12:40:00
Konanakunte,ordinary theft,12.9138985,77.5922627,2017-12-25 00:00:00.000,11:00:00
Konanakunte,ordinary theft,12.9139245,77.5856966,2017-12-27 00:00:00.000,12:00:00
Konanakunte,ordinary theft,12.9217529,77.5825697,2018-03-01 15:00:00.000,
Konanakunte,ordinary theft,12.9111344,77.5893471,2018-04-01 12:30:00.000,
Konanakunte,ordinary theft,12.9111604,77.582781,2018-01-24 00:00:00.000,13:00:00
Konanakunte,ordinary theft,12.9174923,77.5905657,2018-01-24 00:00:00.000,15:00:00
Konanakunte,ordinary theft,12.9067229,77.5735098,2018-03-02 00:00:00.000,
Konanakunte,ordinary theft,12.9093977,77.5743495,2018-02-20 00:00:00.000,11:00:00
Konanakunte,ordinary theft,12.9117957,77.5826913,2018-09-03 16:00:00.000,
Konanakunte,ordinary theft,12.9084498,77.5742016,2018-09-04 13:30:00.000,
Konanakunte,ordinary theft,12.9102953,77.6014317,2018-05-30 00:00:00.000,19:00:00
Konanakunte,ordinary theft,12.9037825,77.5649329,2018-03-06 00:00:00.000,
Konanakunte,ordinary theft,12.9109337,77.5768905,2018-06-15 00:00:00.000,10:00:00
Konanakunte,ordinary theft,12.9164782,77.5901863,2018-08-13 00:00:00.000,20:50:00
Konanakunte,ordinary theft,12.9165247,77.5748653,2018-07-09 10:30:00.000,
Konanakunte,ordinary theft,12.9067229,77.5735098,2018-09-10 11:30:00.000,
Konanakunte,ordinary theft,12.9133742,77.5744027,2018-07-11 11:00:00.000,
Konanakunte,ordinary theft,12.9121733,77.5904941,2018-12-16 00:00:00.000,15:00:00
Konanakunte,ordinary theft,12.9154502,77.5886665,2018-12-29 00:00:00.000,13:00:00
Konanakunte,ordinary theft,12.9144517,77.5801036,2019-01-18 00:00:00.000,12:00:00
Konanakunte,ordinary theft,12.9094322,77.5706543,2019-12-02 14:00:00.000,
Konanakunte,ordinary theft,12.9094787,77.5553333,2019-02-13 00:00:00.000,18:00:00
Konanakunte,ordinary theft,12.9077254,77.5978325,2019-11-04 20:00:00.000,
Konanakunte,ordinary theft,12.9068433,77.572815,2019-04-06 11:00:00.000,
Konanakunte,ordinary theft,12.9199123,77.5510782,2019-07-06 17:30:00.000,
Konanakunte,ordinary theft,12.9117957,77.5826913,2019-08-16 00:00:00.000,09:10:00
Konanakunte,ordinary theft,12.9154896,77.594723,2019-09-26 00:00:00.000,10:45:00
Konanakunte,ordinary theft,12.9104019,77.5890694,2019-10-24 00:00:00.000,18:00:00
Konanakunte,ordinary theft,12.9151736,77.5753765,2019-06-11 23:30:00.000,
Konanakunte,ordinary theft,12.91152,77.5708782,2019-11-25 00:00:00.000,21:15:00
Konanakunte,ordinary theft,12.9142916,77.5909833,2019-12-29 00:00:00.000,04:30:00
Konanakunte,ordinary theft,12.91678611,77.56083333,2015-02-26 00:00:00.000,13:30:00
Konanakunte,ordinary theft,12.93115556,77.57611111,2015-11-03 00:00:00.000,16:00:00
Konanakunte,ordinary theft,12.92954722,77.56416667,2015-04-23 00:00:00.000,14:00:00
Konanakunte,ordinary theft,12.92588611,77.56416667,2015-06-23 00:00:00.000,17:30:00
Konanakunte,ordinary theft,12.92172222,77.57361111,2015-07-31 00:00:00.000,14:45:00
Konanakunte,ordinary theft,12.92793333,77.56527778,2015-08-24 00:00:00.000,14:00:00
Konanakunte,ordinary theft,12.92248611,77.595,2015-01-12 00:00:00.000,17:00:00
Konanakunte,ordinary theft,12.92558889,77.56305556,2015-12-17 00:00:00.000,15:00:00
Konanakunte,ordinary theft,12.92393889,77.56055556,2016-03-24 00:00:00.000,12:00:00
Konanakunte,ordinary theft,12.91854167,77.57138889,2016-11-04 00:00:00.000,19:45:00
Konanakunte,ordinary theft,12.92945278,77.57361111,2016-05-17 00:00:00.000,10:30:00
Konanakunte,ordinary theft,12.92393889,77.56055556,2016-05-22 00:00:00.000,16:30:00
Konanakunte,ordinary theft,12.91569722,77.55888889,2016-06-06 00:00:00.000,18:00:00
Konanakunte,ordinary theft,12.91569722,77.55888889,2016-04-07 00:00:00.000,14:30:00
Konanakunte,ordinary theft,12.91615833,77.57,2016-06-08 00:00:00.000,16:00:00
Konanakunte,ordinary theft,12.91566944,77.56166667,2016-08-25 00:00:00.000,18:00:00
Konanakunte,ordinary theft,12.92279444,77.57138889,2016-03-09 00:00:00.000,13:00:00
Konanakunte,ordinary theft,12.91837222,77.56638889,2016-09-19 00:00:00.000,17:50:00
Konanakunte,ordinary theft,12.87743,77.500191,2017-09-03 00:00:00.000,14:40:00
Konanakunte,ordinary theft,40.0446,75.08734,2017-04-10 00:00:00.000,18:30:00
Konanakunte,ordinary theft,77.554811,12.91595,2017-01-12 00:00:00.000,10:30:00
Konanakunte,ordinary theft,12.92578,77.566693,2018-07-29 00:00:00.000,11:45:00
Konanakunte,ordinary theft,12.91762,77.55959,2018-09-21 00:00:00.000,15:00:00
Konanakunte,ordinary theft,16.864691,-79.553238,2018-11-21 00:00:00.000,11:00:00
Konanakunte,ordinary theft,16.864691,-79.553238,2018-11-23 00:00:00.000,13:30:00
Konanakunte,ordinary theft,12.94351,77.546,2018-12-15 00:00:00.000,13:30:00
Konanakunte,ordinary theft,12.91191,77.56723,2019-10-01 00:00:00.000,19:00:00
Konanakunte,ordinary theft,12.927296,77.56474,2019-01-02 00:00:00.000,15:45:00
Konanakunte,ordinary theft,33.92954,93.00935,2019-12-02 00:00:00.000,16:10:00
Konanakunte,ordinary theft,12.92666,77.54795,2019-03-27 00:00:00.000,11:30:00
Konanakunte,ordinary theft,12.92199,77.5692,2019-07-04 00:00:00.000,15:00:00
Konanakunte,ordinary theft,12.88999,77.5614,2019-04-20 00:00:00.000,12:00:00
Konanakunte,ordinary theft,12.97194,77.593689,2019-04-24 00:00:00.000,11:00:00
Konanakunte,ordinary theft,12.92804,77.562111,2019-11-08 00:00:00.000,17:30:00
Konanakunte,ordinary theft,12.92804,77.562111,2019-12-08 00:00:00.000,11:45:00
Konanakunte,ordinary theft,33.92954,93.00935,2019-09-26 00:00:00.000,12:00:00
Konanakunte,ordinary theft,12.9171403,77.5709063,2019-10-17 00:00:00.000,11:00:00
Konanakunte,ordinary theft,12.942789,77.5632,2019-12-15 00:00:00.000,12:15:00
Konanakunte,ordinary theft,12.942789,77.596405,2015-08-01 00:00:00.000,09:30:00
Konanakunte,ordinary theft,12.935919,77.585853,2015-11-01 00:00:00.000,10:30:00
Konanakunte,ordinary theft,12.935211,77.585661,2015-01-15 00:00:00.000,12:30:00
Konanakunte,ordinary theft,12.952192,77.585083,2015-01-18 00:00:00.000,18:30:00
Konanakunte,ordinary theft,12.942789,77.596405,2015-01-21 00:00:00.000,16:30:00
Konanakunte,ordinary theft,12.943529,77.58517,2015-01-21 00:00:00.000,18:00:00
Konanakunte,ordinary theft,12.941945,77.585178,2015-02-02 00:00:00.000,15:00:00
Konanakunte,ordinary theft,12.936654,77.585267,2015-02-20 00:00:00.000,23:00:00
Konanakunte,ordinary theft,12.943529,77.58517,2015-03-16 00:00:00.000,19:00:00
Konanakunte,ordinary theft,12.941945,77.585178,2015-03-20 00:00:00.000,16:30:00
Konanakunte,ordinary theft,12.941058,77.586061,2015-03-24 00:00:00.000,18:00:00
Konanakunte,ordinary theft,12.940924,77.580135,2015-03-27 00:00:00.000,11:30:00
Konanakunte,ordinary theft,12.952192,77.585083,2015-10-04 00:00:00.000,13:30:00
Konanakunte,ordinary theft,12.944089,77.597031,2015-04-13 00:00:00.000,17:00:00
Konanakunte,ordinary theft,12.952192,77.585083,2015-01-06 00:00:00.000,10:30:00
Konanakunte,ordinary theft,12.941116,77.587038,2015-06-15 00:00:00.000,10:30:00
Konanakunte,ordinary theft,12.939949,77.597681,2015-06-24 00:00:00.000,14:00:00
Konanakunte,ordinary theft,12.944009,77.59594,2015-11-07 00:00:00.000,20:00:00
Konanakunte,ordinary theft,12.948133,77.580087,2015-07-21 00:00:00.000,20:00:00
Konanakunte,ordinary theft,12.944045,77.597072,2015-07-28 00:00:00.000,18:40:00
Konanakunte,ordinary theft,12.944045,77.597072,2015-05-09 00:00:00.000,17:00:00
Konanakunte,ordinary theft,12.951199,77.591267,2015-06-09 00:00:00.000,10:00:00
Konanakunte,ordinary theft,12.944045,77.597072,2015-09-28 00:00:00.000,13:00:00
Konanakunte,ordinary theft,12.939261,77.585214,2015-06-10 00:00:00.000,13:30:00
Konanakunte,ordinary theft,12.938621,77.580436,2015-10-10 00:00:00.000,10:30:00
Konanakunte,ordinary theft,12.940924,77.580135,2015-10-30 00:00:00.000,14:00:00
Konanakunte,ordinary theft,12.941866,77.59739,2015-11-14 00:00:00.000,06:00:00
Konanakunte,ordinary theft,12.939172,77.594614,2015-11-17 00:00:00.000,15:00:00
Konanakunte,ordinary theft,12.944323,77.587775,2015-11-24 00:00:00.000,19:00:00
Konanakunte,ordinary theft,12.944045,77.597072,2015-03-12 00:00:00.000,11:00:00
Konanakunte,ordinary theft,12.945061,77.585683,2015-12-16 00:00:00.000,10:50:00
Konanakunte,ordinary theft,12.940163,77.597572,2015-12-29 00:00:00.000,19:40:00
Konanakunte,ordinary theft,12.950296,77.584509,2016-01-27 00:00:00.000,10:30:00
Konanakunte,ordinary theft,12.938784,77.593298,2016-01-27 00:00:00.000,14:20:00
Konanakunte,ordinary theft,12.942789,77.596405,2016-06-02 00:00:00.000,21:30:00
Konanakunte,ordinary theft,12.938784,77.593298,2016-08-02 00:00:00.000,14:00:00
Konanakunte,ordinary theft,12.941866,77.59739,2016-12-02 00:00:00.000,11:00:00
Konanakunte,ordinary theft,12.944045,77.597072,2016-03-24 00:00:00.000,18:20:00
Konanakunte,ordinary theft,12.938889,77.582073,2016-03-30 00:00:00.000,14:00:00
Konanakunte,ordinary theft,12.938784,77.593298,2016-04-13 00:00:00.000,16:30:00
Konanakunte,ordinary theft,12.951485,77.590503,2016-01-05 00:00:00.000,23:30:00
Konanakunte,ordinary theft,12.951485,77.590503,2016-01-05 00:00:00.000,23:35:00
Konanakunte,ordinary theft,12.939261,77.585214,2016-06-17 00:00:00.000,13:00:00
Konanakunte,ordinary theft,12.946087,77.588063,2016-06-19 00:00:00.000,17:00:00
Konanakunte,ordinary theft,12.94296,77.585117,2016-06-20 00:00:00.000,15:00:00
Konanakunte,ordinary theft,12.951485,77.590503,2016-06-26 00:00:00.000,11:45:00
Konanakunte,ordinary theft,12.940373,77.58702,2016-02-07 00:00:00.000,12:00:00
Konanakunte,ordinary theft,12.939543,77.584092,2016-08-27 00:00:00.000,09:30:00
Konanakunte,ordinary theft,12.940163,77.597572,2016-09-16 00:00:00.000,11:00:00
Konanakunte,ordinary theft,12.93455,77.588483,2017-07-24 00:00:00.000,13:00:00
Konanakunte,ordinary theft,12.935164,77.592701,2017-07-25 00:00:00.000,17:30:00
Konanakunte,ordinary theft,12.947819,77.593877,2017-10-19 00:00:00.000,18:40:00
Konanakunte,ordinary theft,12.953955,77.585205,2017-10-27 00:00:00.000,12:30:00
Konanakunte,ordinary theft,12.941771,77.585065,2017-07-11 00:00:00.000,15:00:00
Konanakunte,ordinary theft,12.947183,77.593819,2018-12-07 00:00:00.000,13:00:00
Konanakunte,ordinary theft,12.942983,77.583639,2018-07-08 00:00:00.000,13:30:00
Konanakunte,ordinary theft,12.94783,77.59203,2019-04-15 00:00:00.000,13:00:00
Konanakunte,ordinary theft,12.937991,77.598547,2019-03-09 00:00:00.000,17:30:00
Konanakunte,ordinary theft,12.951485,77.590503,2019-09-21 00:00:00.000,20:00:00
Konanakunte,ordinary theft,12.940004,77.597646,2019-10-25 00:00:00.000,13:30:00
Konanakunte,ordinary theft,12.88012131,77.55853349,2015-01-29 00:00:00.000,23:45:00
Konanakunte,ordinary theft,12.90716514,77.53591462,2015-02-02 00:00:00.000,12:30:00
Konanakunte,ordinary theft,12.88211726,77.55729374,2015-02-21 00:00:00.000,16:15:00
Konanakunte,ordinary theft,12.9057223,77.53558126,2015-02-28 00:00:00.000,16:40:00
Konanakunte,ordinary theft,12.9069403,77.53562112,2015-03-15 00:00:00.000,17:30:00
Konanakunte,ordinary theft,12.91396307,77.53932649,2015-03-23 00:00:00.000,18:00:00
Konanakunte,ordinary theft,12.8801656,77.57497677,2015-06-22 00:00:00.000,18:50:00
Konanakunte,ordinary theft,12.91390096,77.55882025,2015-03-07 00:00:00.000,10:45:00
Konanakunte,ordinary theft,12.88276934,77.55756281,2015-01-10 00:00:00.000,18:40:00
Konanakunte,ordinary theft,12.90626715,77.55057549,2015-10-17 00:00:00.000,10:45:00
Konanakunte,ordinary theft,12.88858018,77.56120326,2015-07-12 00:00:00.000,11:30:00
Konanakunte,ordinary theft,12.91147627,77.5401234,2015-11-26 00:00:00.000,21:35:00
Konanakunte,ordinary theft,12.88316724,77.55773978,2015-05-12 00:00:00.000,23:10:00
Konanakunte,ordinary theft,12.90645643,77.54253804,2015-07-12 00:00:00.000,18:30:00
Konanakunte,ordinary theft,12.90471042,77.54488816,2016-07-01 00:00:00.000,17:40:00
Konanakunte,ordinary theft,12.9159205,77.53957438,2016-01-14 00:00:00.000,
Konanakunte,ordinary theft,12.88293147,77.56708988,2016-01-21 00:00:00.000,
Konanakunte,ordinary theft,12.88683128,77.56992868,2016-02-23 00:00:00.000,23:15:00
Konanakunte,ordinary theft,12.89246857,77.57540769,2016-12-03 00:00:00.000,
Konanakunte,ordinary theft,12.88867402,77.57312221,2016-03-30 00:00:00.000,08:40:00
Konanakunte,ordinary theft,12.9066004,77.53756529,2016-01-04 00:00:00.000,02:45:00
Konanakunte,ordinary theft,12.8831411,77.56498259,2016-12-04 00:00:00.000,06:00:00
Konanakunte,ordinary theft,12.8941218,77.5507072,2016-07-05 00:00:00.000,11:06:00
Konanakunte,ordinary theft,12.86717163,77.58310043,2016-05-23 00:00:00.000,16:00:00
Konanakunte,ordinary theft,12.90931424,77.55526626,2016-05-23 00:00:00.000,16:30:00
Konanakunte,ordinary theft,12.90862205,77.55531561,2016-05-31 00:00:00.000,13:50:00
Konanakunte,ordinary theft,12.9057223,77.53558126,2016-08-29 00:00:00.000,20:00:00
Konanakunte,ordinary theft,12.90519495,77.54491162,2016-08-30 00:00:00.000,17:00:00
Konanakunte,ordinary theft,12.90795681,77.53644101,2016-09-27 00:00:00.000,17:00:00
Konanakunte,ordinary theft,12.87795004,77.53644101,2016-06-10 00:00:00.000,18:30:00
Konanakunte,ordinary theft,12.90626715,77.55057549,2016-10-21 00:00:00.000,12:45:00
Konanakunte,ordinary theft,12.87547634,77.57041839,2016-10-27 00:00:00.000,18:40:00
Konanakunte,ordinary theft,12.90616017,77.52982708,2016-12-27 00:00:00.000,10:40:00
Konanakunte,ordinary theft,12.91564682,77.53910415,2017-06-03 00:00:00.000,14:00:00
Konanakunte,ordinary theft,12.89537161,77.55032355,2017-04-04 00:00:00.000,18:00:00
Konanakunte,ordinary theft,12.8831411,77.56498259,2017-06-14 00:00:00.000,13:45:00
Konanakunte,ordinary theft,12.88992359,77.58079977,2017-06-15 00:00:00.000,13:00:00
Konanakunte,ordinary theft,12.904705,77.53011,2017-06-16 00:00:00.000,11:30:00
Konanakunte,ordinary theft,12.89977036,77.54865692,2017-07-16 00:00:00.000,21:30:00
Konanakunte,ordinary theft,12.9144943,77.55021425,2017-07-19 00:00:00.000,10:00:00
Konanakunte,ordinary theft,12.88296498,77.55735933,2017-07-25 00:00:00.000,15:45:00
Konanakunte,ordinary theft,12.9057223,77.53558126,2017-07-29 00:00:00.000,10:30:00
Konanakunte,ordinary theft,12.90868716,77.54411899,2017-09-14 00:00:00.000,
Konanakunte,ordinary theft,12.8831411,77.56498259,2017-08-16 00:00:00.000,14:00:00
Konanakunte,ordinary theft,12.88376625,77.56842522,2017-08-27 00:00:00.000,17:15:00
Konanakunte,ordinary theft,12.91386713,77.54283946,2017-05-09 00:00:00.000,
Konanakunte,ordinary theft,12.90958449,77.55159728,2017-05-10 00:00:00.000,22:30:00
Konanakunte,ordinary theft,12.88316724,77.55773978,2017-11-30 00:00:00.000,11:30:00
Konanakunte,ordinary theft,12.90912148,77.55154907,2018-01-14 00:00:00.000,11:00:00
Konanakunte,ordinary theft,12.88566566,77.55349801,2018-01-28 00:00:00.000,04:00:00
Konanakunte,ordinary theft,12.90590517,77.54273152,2018-06-02 00:00:00.000,01:30:00
Konanakunte,ordinary theft,12.89977036,77.54865692,2018-02-19 00:00:00.000,02:00:00
Konanakunte,ordinary theft,12.87638468,77.57835281,2018-03-05 00:00:00.000,04:45:00
Konanakunte,ordinary theft,12.90809631,77.54853759,2018-05-20 00:00:00.000,07:30:00
Konanakunte,ordinary theft,12.89246857,77.57540769,2018-05-07 00:00:00.000,09:30:00
Konanakunte,ordinary theft,12.89108917,77.55497675,2018-07-17 00:00:00.000,08:20:00
Konanakunte,ordinary theft,12.91590055,77.54746898,2018-03-08 00:00:00.000,05:30:00
Konanakunte,ordinary theft,12.9057223,77.53558126,2018-01-10 00:00:00.000,01:11:00
Konanakunte,ordinary theft,12.9159205,77.53957438,2018-05-11 00:00:00.000,10:30:00
Konanakunte,ordinary theft,12.90657165,77.54644706,2018-11-12 00:00:00.000,04:00:00
Konanakunte,ordinary theft,12.88293147,77.56708988,2019-01-24 00:00:00.000,06:30:00
Konanakunte,ordinary theft,12.9069823,77.552059,2019-11-02 00:00:00.000,04:00:00
Konanakunte,ordinary theft,12.89900112,77.544042,2019-12-02 00:00:00.000,11:30:00
Konanakunte,ordinary theft,12.9069823,77.552059,2019-12-02 00:00:00.000,09:45:00
Konanakunte,ordinary theft,12.90912148,77.55154907,2019-05-24 00:00:00.000,05:00:00
Konanakunte,ordinary theft,12.91242363,77.54851768,2019-05-28 00:00:00.000,10:30:00
Konanakunte,ordinary theft,12.9057223,77.53558126,2019-05-07 00:00:00.000,11:50:00
Konanakunte,ordinary theft,12.91209012,77.54629226,2019-04-08 00:00:00.000,05:30:00
Konanakunte,ordinary theft,12.91119993,77.54670654,2019-12-09 00:00:00.000,02:00:00
Konanakunte,ordinary theft,12.91381524,77.54861884,2019-09-14 00:00:00.000,07:00:00
Konanakunte,ordinary theft,12.9057223,77.53558126,2019-10-17 00:00:00.000,05:30:00
Konanakunte,ordinary theft,12.8790848983184,77.5678096465074,2019-11-25 00:00:00.000,09:00:00
Konanakunte,ordinary theft,12.885537,77.542174,2015-01-15 00:00:00.000,17:00:00
Konanakunte,ordinary theft,12.898497,77.531456,2015-01-21 00:00:00.000,12:00:00
Konanakunte,ordinary theft,12.882547,77.531487,2015-04-02 00:00:00.000,10:30:00
Konanakunte,ordinary theft,12.894879,77.531497,2015-11-02 00:00:00.000,10:30:00
Konanakunte,ordinary theft,12.882457,77.534879,2015-04-24 00:00:00.000,08:00:00
Konanakunte,ordinary theft,12.894578,77.543257,2015-06-16 00:00:00.000,10:00:00
Konanakunte,ordinary theft,12.883578,77.546789,2015-06-21 00:00:00.000,11:30:00
Konanakunte,ordinary theft,12.897588,77.548791,2015-08-27 00:00:00.000,20:10:00
Konanakunte,ordinary theft,12.887891,77.545712,2015-08-28 00:00:00.000,13:45:00
Konanakunte,ordinary theft,12.882457,77.545721,2015-07-10 00:00:00.000,19:00:00
Konanakunte,ordinary theft,12.892457,77.565478,2015-04-11 00:00:00.000,13:00:00
Konanakunte,ordinary theft,12.882487,77.545321,2015-04-11 00:00:00.000,13:00:00
Konanakunte,ordinary theft,12.875461,77.545211,2015-11-28 00:00:00.000,11:00:00
Konanakunte,ordinary theft,12.887489,77.546881,2015-12-21 00:00:00.000,15:00:00
Konanakunte,ordinary theft,12.894781,77.546621,2016-01-16 00:00:00.000,12:30:00
Konanakunte,ordinary theft,12.889541,77.546913,2016-01-25 00:00:00.000,12:40:00
Konanakunte,ordinary theft,12.891231,77.543871,2016-04-02 00:00:00.000,13:00:00
Konanakunte,ordinary theft,12.88381,77.546289,2016-02-18 00:00:00.000,11:45:00
Konanakunte,ordinary theft,12.893471,77.552697,2016-02-25 00:00:00.000,19:00:00
Konanakunte,ordinary theft,12.882138,77.542211,2016-02-29 00:00:00.000,11:00:00
Konanakunte,ordinary theft,12.884451,77.546187,2016-03-03 00:00:00.000,11:30:00
Konanakunte,ordinary theft,12.872431,77.546971,2016-03-20 00:00:00.000,19:00:00
Konanakunte,ordinary theft,12.88591,77.546978,2016-03-22 00:00:00.000,14:30:00
Konanakunte,ordinary theft,12.88112,77.54662,2016-04-14 00:00:00.000,21:40:00
Konanakunte,ordinary theft,12.894257,77.54691,2016-05-21 00:00:00.000,18:00:00
Konanakunte,ordinary theft,12.883891,77.5413,2016-11-19 00:00:00.000,12:00:00
Konanakunte,ordinary theft,12.884496,77.541287,2016-12-29 00:00:00.000,15:20:00
Konanakunte,ordinary theft,12.875419,77.551481,2017-01-29 00:00:00.000,22:30:00
Konanakunte,ordinary theft,12.882148,77.545514,2017-04-02 00:00:00.000,10:00:00
Konanakunte,ordinary theft,12.885124,77.546871,2017-02-21 00:00:00.000,14:30:00
Konanakunte,ordinary theft,12.881133,77.541236,2017-02-21 00:00:00.000,12:00:00
Konanakunte,ordinary theft,12.889457,77.541887,2017-08-26 00:00:00.000,21:00:00
Konanakunte,ordinary theft,12.881137,77.54461,2017-10-26 00:00:00.000,15:15:00
Konanakunte,ordinary theft,12.881497,77.54487,2017-05-12 00:00:00.000,15:00:00
Konanakunte,ordinary theft,12.88991,77.544001,2017-05-12 00:00:00.000,16:30:00
Konanakunte,ordinary theft,12.881128,77.541978,2017-07-12 00:00:00.000,18:00:00
Konanakunte,ordinary theft,12.876128,77.546139,2017-12-19 00:00:00.000,13:00:00
Konanakunte,ordinary theft,12.881276,77.5546123,2018-05-01 00:00:00.000,21:00:00
Konanakunte,ordinary theft,12.894257,77.55461,,19:30:00
Konanakunte,ordinary theft,12.894438,77.559917,2018-02-05 00:00:00.000,10:15:00
Konanakunte,ordinary theft,12.884297,77.543971,2018-06-20 00:00:00.000,13:00:00
Konanakunte,ordinary theft,12.894781,77.546913,2018-10-29 00:00:00.000,14:00:00
Konanakunte,ordinary theft,12.884331,77.549177,2018-11-11 00:00:00.000,13:00:00
Konanakunte,ordinary theft,12.89771,77.551288,2018-12-30 00:00:00.000,10:00:00
Konanakunte,ordinary theft,12.886114,77.554697,2018-06-07 00:00:00.000,18:30:00
Konanakunte,ordinary theft,12.88921,77.546991,2019-04-03 00:00:00.000,23:30:00
Konanakunte,ordinary theft,12.879241,77.54813,2019-06-27 00:00:00.000,14:30:00
Konanakunte,ordinary theft,12.88411,77.548118,2019-08-13 00:00:00.000,17:00:00
Konanakunte,ordinary theft,12.897001,77.55416,2019-10-26 00:00:00.000,14:45:00
Konanakunte,ordinary theft,12.87161,77.54891,2019-10-30 00:00:00.000,19:00:00
Konanakunte,ordinary theft,12.861944,77.589989,2017-07-01 00:00:00.000,12:30:00
Konanakunte,ordinary theft,12.843663,77.58176,2017-02-20 00:00:00.000,
Konanakunte,ordinary theft,12.8523663,77.58176,2017-02-28 00:00:00.000,
Konanakunte,ordinary theft,12.881514,77.565853,2017-07-03 00:00:00.000,17:00:00
Konanakunte,ordinary theft,12.885954,77.575194,2017-03-18 00:00:00.000,19:00:00
Konanakunte,ordinary theft,12.880369,77.575178,2017-03-24 00:00:00.000,
Konanakunte,ordinary theft,12.88365,77.567108,2017-03-27 00:00:00.000,
Konanakunte,ordinary theft,12856115.0,77.57564,2017-06-04 00:00:00.000,
Konanakunte,ordinary theft,12.88365,77.567108,2017-04-20 00:00:00.000,
Konanakunte,ordinary theft,12.88365,77.567108,2017-04-20 00:00:00.000,16:00:00
Konanakunte,ordinary theft,12.8890144,77.581716,2017-02-07 00:00:00.000,13:40:00
Konanakunte,ordinary theft,12.854933,77.588491,2017-08-18 00:00:00.000,20:45:00
Konanakunte,ordinary theft,12.882116,77.574506,2017-08-22 00:00:00.000,15:40:00
Konanakunte,ordinary theft,12.88207,77.57099,2017-09-20 00:00:00.000,18:15:00
Konanakunte,ordinary theft,12.884707,77.55162,2017-06-10 00:00:00.000,18:25:00
Konanakunte,ordinary theft,12.892301,77.570581,2017-07-10 00:00:00.000,07:35:00
Konanakunte,ordinary theft,12.86121,77.579766,2017-01-12 00:00:00.000,14:00:00
Konanakunte,ordinary theft,12.884707,77.55162,2017-08-12 00:00:00.000,19:15:00
Konanakunte,ordinary theft,12.884587,77.569498,2018-01-14 00:00:00.000,10:00:00
Konanakunte,ordinary theft,12.845696,77.584186,2018-10-02 00:00:00.000,19:30:00
Konanakunte,ordinary theft,12.845696,77.584186,2018-12-02 00:00:00.000,20:20:00
Konanakunte,ordinary theft,12.883196,77.566016,2018-02-14 00:00:00.000,11:30:00
Konanakunte,ordinary theft,12.891883,77.5783,2018-07-03 00:00:00.000,18:30:00
Konanakunte,ordinary theft,12.869362,77.581945,2018-03-21 00:00:00.000,12:00:00
Konanakunte,ordinary theft,12.88861,77.582243,2018-05-05 00:00:00.000,
Konanakunte,ordinary theft,12.87046,77.557984,2018-05-24 00:00:00.000,11:00:00
Konanakunte,ordinary theft,12.89046,77.567984,2018-10-07 00:00:00.000,11:00:00
Konanakunte,ordinary theft,12.856442,77.589423,2018-07-23 00:00:00.000,12:00:00
Konanakunte,ordinary theft,12.866,77.580872,2018-10-30 00:00:00.000,19:05:00
Konanakunte,ordinary theft,12.885353,77.567029,2018-12-18 00:00:00.000,11:00:00
Konanakunte,ordinary theft,12.885016,77.577965,2019-11-03 00:00:00.000,15:00:00
Konanakunte,ordinary theft,12.885887,77.566884,2019-04-21 00:00:00.000,14:00:00
Konanakunte,ordinary theft,12.884592,77.551678,2019-03-07 00:00:00.000,19:00:00
Konanakunte,ordinary theft,12.888167,77.570945,2019-10-08 00:00:00.000,18:30:00
Konanakunte,ordinary theft,12.887851,77.573581,2019-09-21 00:00:00.000,13:00:00
Konanakunte,ordinary theft,12.90496,77.580906,2017-06-04 23:10:00.000,
Konanakunte,ordinary theft,12.535581,77.354721,2017-08-18 11:00:00.000,
Konanakunte,ordinary theft,12.54897,77.89564,2018-06-15 17:30:00.000,
Konanakunte,ordinary theft,12.904562,77.585546,2018-08-24 15:00:00.000,
Konanakunte,ordinary theft,12.9041938,77.5736388,2018-09-19 13:00:00.000,
Konanakunte,ordinary theft,12.893694,77.581685,2019-01-05 19:50:00.000,
Konanakunte,ordinary theft,12.897,77.571152,2019-10-19 11:00:00.000,
Konanakunte,ordinary theft,12.890028,77.59122,2019-11-16 11:30:00.000,
Konanakunte,ordinary theft,12.8996965673904,77.5716115576741,2015-01-05 00:00:00.000,14:30:00
Konanakunte,ordinary theft,12.8928133912158,77.5666300513369,2015-01-07 00:00:00.000,13:00:00
Konanakunte,ordinary theft,12.8928133912158,77.5666300513369,2015-01-14 00:00:00.000,11:30:00
Konanakunte,ordinary theft,12.8928133912158,77.56663005133,2015-03-18 00:00:00.000,19:20:00
Konanakunte,ordinary theft,12.9166716189819,77.5734553925553,2015-03-20 00:00:00.000,10:40:00
Konanakunte,ordinary theft,12.9124941271334,77.5724056559576,2015-03-23 00:00:00.000,10:00:00
Konanakunte,ordinary theft,12.9008927627643,77.5698813716385,2015-04-03 00:00:00.000,14:15:00
Konanakunte,ordinary theft,12.9142072407114,77.5618648043771,2015-04-17 00:00:00.000,15:45:00
Konanakunte,ordinary theft,12.9076945341477,77.5719852228203,2015-05-11 00:00:00.000,11:30:00
Konanakunte,ordinary theft,12.9133048035839,77.5680350394204,2015-05-21 00:00:00.000,10:00:00
Konanakunte,ordinary theft,12.9084899772541,77.5597687026855,2015-06-09 00:00:00.000,12:45:00
Konanakunte,ordinary theft,12.8928133912158,77.5666300513369,2015-06-19 00:00:00.000,11:30:00
Konanakunte,ordinary theft,12.8928133912158,77.5666300513369,2015-06-28 00:00:00.000,12:45:00
Konanakunte,ordinary theft,12.9155719870194,77.5732155912695,2015-07-30 00:00:00.000,17:00:00
Konanakunte,ordinary theft,12.8928133912158,77.5666300513369,2015-08-27 00:00:00.000,16:00:00
Konanakunte,ordinary theft,12.8966729945995,77.5607513795297,2015-09-01 00:00:00.000,15:00:00
Konanakunte,ordinary theft,12.9155719870194,77.5732155912695,2015-09-22 00:00:00.000,21:45:00
Konanakunte,ordinary theft,12.9107445184317,77.561412474338,2015-10-28 00:00:00.000,18:00:00
Konanakunte,ordinary theft,12.8928133912158,77.5666300513369,2015-12-04 00:00:00.000,15:30:00
Konanakunte,ordinary theft,12.9094534210642,77.5650951734528,2015-12-08 00:00:00.000,10:00:00
Konanakunte,ordinary theft,12.9021874622456,77.5726241709647,2015-12-16 00:00:00.000,10:10:00
Konanakunte,ordinary theft,12.9072110220065,77.569757509609,2016-01-14 00:00:00.000,13:00:00
Konanakunte,ordinary theft,12.9166716189819,77.5734553925553,2016-01-25 00:00:00.000,10:30:00
Konanakunte,ordinary theft,12.9011494733062,77.5706465675149,2016-03-02 00:00:00.000,21:30:00
Konanakunte,ordinary theft,12.9058822540435,77.5714810872207,2016-07-02 00:00:00.000,21:15:00
Konanakunte,ordinary theft,12.9124182556892,77.5641048370764,2016-02-19 00:00:00.000,15:45:00
Konanakunte,ordinary theft,12.8928133912158,77.5666300513369,2016-04-03 00:00:00.000,14:20:00
Konanakunte,ordinary theft,12.8928133912158,77.5666300513369,2016-04-03 00:00:00.000,14:35:00
Konanakunte,ordinary theft,12.9021874622456,77.5726241709647,2016-03-21 00:00:00.000,13:15:00
Konanakunte,ordinary theft,12.8985572712756,77.5691445545836,2016-04-18 00:00:00.000,09:10:00
Konanakunte,ordinary theft,12.9008927627643,77.5698813716385,2016-04-22 00:00:00.000,
Konanakunte,ordinary theft,12.8982406355415,77.5583846171189,2016-04-25 00:00:00.000,
Konanakunte,ordinary theft,12.9026072787272,77.5614887435773,2016-05-16 00:00:00.000,20:00:00
Konanakunte,ordinary theft,12.9106184436134,77.5668939212685,2016-06-18 00:00:00.000,21:30:00
Konanakunte,ordinary theft,12.9076945341477,77.5719852228203,2016-06-26 00:00:00.000,10:00:00
Konanakunte,ordinary theft,12.8928133912158,77.5666300513369,2016-11-07 00:00:00.000,13:30:00
Konanakunte,ordinary theft,12.9045264921368,77.5661519120365,2016-07-18 00:00:00.000,14:00:00
Konanakunte,ordinary theft,12.9020804066762,77.5651518006063,2016-09-28 00:00:00.000,17:30:00
Konanakunte,ordinary theft,12.9021874622456,77.5726241709647,2016-07-10 00:00:00.000,14:00:00
Konanakunte,ordinary theft,12.9124182556892,77.5641048370764,2016-11-10 00:00:00.000,13:00:00
Konanakunte,ordinary theft,12.8928133912158,77.5666300513369,2016-10-15 00:00:00.000,11:30:00
Konanakunte,ordinary theft,12.9085203452405,77.5725265251381,2016-10-21 00:00:00.000,23:40:00
Konanakunte,ordinary theft,12.9085203452405,77.5725265251381,2016-10-31 00:00:00.000,15:00:00
Konanakunte,ordinary theft,12.895284445528,77.5662128659953,2016-12-14 00:00:00.000,17:20:00
Konanakunte,ordinary theft,12.898358820125,77.5613959011009,2016-12-15 00:00:00.000,15:00:00
Konanakunte,ordinary theft,12.8928133912158,77.5666300513369,2016-12-23 00:00:00.000,14:00:00
Konanakunte,ordinary theft,12.9166716189819,77.5734553925553,2017-01-06 00:00:00.000,16:00:00
Konanakunte,ordinary theft,12.8928133912158,77.5666300513369,2017-01-12 00:00:00.000,14:15:00
Konanakunte,ordinary theft,12.9108218496637,77.5682452113819,2017-01-14 00:00:00.000,11:00:00
Konanakunte,ordinary theft,12.9079107980595,77.5667368067783,2017-01-15 00:00:00.000,16:00:00
Konanakunte,ordinary theft,12.9124941271334,77.5724056559576,2017-01-19 00:00:00.000,11:30:00
Konanakunte,ordinary theft,12.9114198115401,77.5620768564236,2017-03-03 00:00:00.000,
Konanakunte,ordinary theft,12.9108218496637,77.5682452113819,2017-03-17 00:00:00.000,17:00:00
Konanakunte,ordinary theft,12.8928133912158,77.5666300513369,2017-03-24 00:00:00.000,
Konanakunte,ordinary theft,12.8928133912158,77.5666300513369,2017-04-07 00:00:00.000,03:00:00
Konanakunte,ordinary theft,12.898358820125,77.5613959011009,2017-04-11 00:00:00.000,14:00:00
Konanakunte,ordinary theft,12.9166716189819,77.5734553925553,2017-04-28 00:00:00.000,16:00:00
Konanakunte,ordinary theft,12.9108218496637,77.5682452113819,2017-06-13 00:00:00.000,
Konanakunte,ordinary theft,12.9085203452405,77.5725265251381,2017-06-16 00:00:00.000,
Konanakunte,ordinary theft,12.9133048035839,77.5680350394204,2017-06-26 00:00:00.000,14:00:00
Konanakunte,ordinary theft,12.9076945341477,77.5719852228203,2017-08-06 00:00:00.000,
Konanakunte,ordinary theft,12.9155359324014,77.5616258170776,2017-09-08 00:00:00.000,
Konanakunte,ordinary theft,12.9166716189819,77.5734553925553,2017-09-25 00:00:00.000,
Konanakunte,ordinary theft,12.8928133912158,77.5666300513369,2017-09-28 00:00:00.000,
Konanakunte,ordinary theft,12.9109359450741,77.5646696875901,2017-10-14 00:00:00.000,
Konanakunte,ordinary theft,12.8928133912158,77.5666300513369,2017-10-16 00:00:00.000,
Konanakunte,ordinary theft,12.9166716189819,77.5734553925553,2017-11-03 00:00:00.000,
Konanakunte,ordinary theft,12.9124941271334,77.5724056559576,2017-11-17 00:00:00.000,
Konanakunte,ordinary theft,12.9133048035839,77.5680350394204,2017-11-30 00:00:00.000,14:00:00
Konanakunte,ordinary theft,12.9166716189819,77.5680350394204,2017-12-11 00:00:00.000,
Konanakunte,ordinary theft,12.9166716189819,77.5734553925553,2017-12-16 00:00:00.000,
Konanakunte,ordinary theft,12.9109606088058,77.5639518648031,2017-12-25 00:00:00.000,09:00:00
Konanakunte,ordinary theft,12.8928133912158,77.5666300513369,2018-02-13 00:00:00.000,09:00:00
Konanakunte,ordinary theft,12.9166716189819,77.5734553925553,2018-04-01 00:00:00.000,
Konanakunte,ordinary theft,12.9008927627643,77.5698813716385,2018-04-19 00:00:00.000,
Konanakunte,ordinary theft,12.892719430893,77.5668159621641,2018-04-20 00:00:00.000,03:45:00
Konanakunte,ordinary theft,12.8928133912158,77.5666300513369,2018-04-27 00:00:00.000,
Konanakunte,ordinary theft,12.8928133912158,77.5666300513369,2018-05-04 00:00:00.000,
Konanakunte,ordinary theft,12.9166716189819,77.5734553925553,2018-06-22 00:00:00.000,
Konanakunte,ordinary theft,12.9166716189819,77.5734553925553,2018-07-13 00:00:00.000,
Konanakunte,ordinary theft,12.9166716189819,77.5734553925553,2018-07-13 00:00:00.000,
Konanakunte,ordinary theft,12.9109606088058,77.5639518648031,2018-07-27 00:00:00.000,
Konanakunte,ordinary theft,12.9166716189819,77.5734553925553,2018-08-04 00:00:00.000,
Konanakunte,ordinary theft,12.9061712471247,77.5698458437946,2018-08-09 00:00:00.000,
Konanakunte,ordinary theft,12.8928133912158,77.5666300513369,2018-08-26 00:00:00.000,
Konanakunte,ordinary theft,12.8928133912158,77.5666300513369,2018-10-26 00:00:00.000,
Konanakunte,ordinary theft,12.9166716189819,77.5734553925553,2018-11-06 00:00:00.000,
Konanakunte,ordinary theft,12.9166716189819,77.5734553925553,2018-11-15 00:00:00.000,
Konanakunte,ordinary theft,12.9109359450741,77.5646696875901,2018-12-06 00:00:00.000,22:00:00
Konanakunte,ordinary theft,12.8999136414243,77.5724909471076,2018-12-08 00:00:00.000,12:30:00
Konanakunte,ordinary theft,12.8928133912158,77.5666300513369,2019-01-11 00:00:00.000,17:20:00
Konanakunte,ordinary theft,12.9166716189819,77.5734553925553,2019-01-22 00:00:00.000,17:30:00
Konanakunte,ordinary theft,12.8928133912158,77.5666300513369,2019-01-23 00:00:00.000,17:00:00
Konanakunte,ordinary theft,12.898358820125,77.5613959011009,2019-02-02 00:00:00.000,19:00:00
Konanakunte,ordinary theft,12.9124941271334,77.5724056559576,2019-03-29 00:00:00.000,13:30:00
Konanakunte,ordinary theft,12.9061712471247,77.5698458437946,2019-05-17 00:00:00.000,11:30:00
Konanakunte,ordinary theft,12.901535365652,77.5628862575246,2019-06-15 00:00:00.000,14:30:00
Konanakunte,ordinary theft,12.9166716189819,77.5734553925553,2019-06-16 00:00:00.000,16:00:00
Konanakunte,ordinary theft,12.9136600912658,77.5652671305881,2019-08-15 00:00:00.000,
Konanakunte,ordinary theft,12.9061712471247,77.5698458437946,2019-09-03 00:00:00.000,
Konanakunte,ordinary theft,12.9073405371661,77.5726119249203,2019-09-22 00:00:00.000,12:30:00
Konanakunte,ordinary theft,12.8903442323649,77.5642779498096,2019-11-02 00:00:00.000,12:45:00
Konanakunte,ordinary theft,12.9156668834348,77.5615653226641,2019-11-15 00:00:00.000,12:45:00
Konanakunte,ordinary theft,12.9124941271334,77.5724056559576,2019-11-19 00:00:00.000,11:45:00
Konanakunte,ordinary theft,12.898598198697,77.556897937156,2019-11-23 00:00:00.000,19:30:00
Konanakunte,ordinary theft,12.940137,77.540757,2015-06-20 00:00:00.000,19:00:00
Konanakunte,ordinary theft,12.933405,77.537907,2015-07-13 00:00:00.000,11:30:00
Konanakunte,ordinary theft,12.932997,77.535741,2015-07-27 00:00:00.000,12:30:00
Konanakunte,ordinary theft,12.938936,77.555474,2015-01-11 12:25:00.000,
Konanakunte,ordinary theft,12.930253,77.539685,2015-11-11 14:10:00.000,
Konanakunte,ordinary theft,12.93719,77.539685,2016-02-17 00:00:00.000,18:30:00
Konanakunte,ordinary theft,12.929235,77.534782,2016-03-28 00:00:00.000,11:30:00
Konanakunte,ordinary theft,12.941071,77.545496,2016-06-30 00:00:00.000,11:45:00
Konanakunte,ordinary theft,12.928816,77.545496,2016-11-08 21:30:00.000,
Konanakunte,ordinary theft,12.934489,77.535962,2016-12-13 00:00:00.000,11:00:00
Puttenahalli,ordinary theft,12.95142,77.558217,2019-12-30 00:00:00.000,01:30:00
Puttenahalli,ordinary theft,12.9548104164414,77.5678155931017,2015-05-03 00:00:00.000,20:25:00
Puttenahalli,ordinary theft,12.95501377,77.5702211,2015-07-16 00:00:00.000,20:45:00
Puttenahalli,ordinary theft,12.95682,77.56796,2015-08-27 00:00:00.000,15:00:00
Puttenahalli,ordinary theft,12.95568836,77.56907015,2015-09-15 00:00:00.000,07:30:00
Puttenahalli,ordinary theft,12.95682,77.56796,2015-07-10 00:00:00.000,12:15:00
Puttenahalli,ordinary theft,12.95682,77.56796,2015-11-10 00:00:00.000,15:00:00
Puttenahalli,ordinary theft,12.95176411,77.56840735,2015-10-30 00:00:00.000,17:30:00
Puttenahalli,ordinary theft,12.94951,77.5674,2016-02-19 00:00:00.000,12:30:00
Puttenahalli,ordinary theft,12.95682,77.56796,2016-07-20 00:00:00.000,15:00:00
Puttenahalli,ordinary theft,12.95682,77.56796,2017-03-17 00:00:00.000,14:30:00
Puttenahalli,ordinary theft,12.95289,77.57194,2017-05-08 00:00:00.000,12:30:00
Puttenahalli,ordinary theft,12.95682,77.56796,2017-11-19 00:00:00.000,18:00:00
Puttenahalli,ordinary theft,12.94946,77.5713,2017-11-26 00:00:00.000,17:15:00
Puttenahalli,ordinary theft,12.94946,77.5713,2018-05-06 00:00:00.000,11:00:00
Puttenahalli,ordinary theft,12.95722,77.57187,2018-11-29 00:00:00.000,15:00:00
Puttenahalli,ordinary theft,12.950731,77.568905,2019-12-06 00:00:00.000,11:45:00
Puttenahalli,ordinary theft,12.95154815,77.57555399,,16:30:00
Puttenahalli,ordinary theft,12.95961958,77.5722658501574,,15:00:00
Puttenahalli,ordinary theft,12.96046307,77.57137206,2015-08-01 00:00:00.000,19:00:00
Puttenahalli,ordinary theft,12.95432617,77.57909731,,10:30:00
Puttenahalli,ordinary theft,12.95882913,77.57007146,,12:00:00
Puttenahalli,ordinary theft,12.9522543,77.5770338,,09:00:00
Puttenahalli,ordinary theft,12.95882913,77.57007146,,17:50:00
Puttenahalli,ordinary theft,12.95882913,77.57007146,,12:10:00
Puttenahalli,ordinary theft,12.96215233,77.57157822,,21:15:00
Puttenahalli,ordinary theft,12.9625684,77.57111226,2015-01-08 00:00:00.000,21:30:00
Puttenahalli,ordinary theft,12.95148371,77.57477819,,12:00:00
Puttenahalli,ordinary theft,12.95237894,77.57986374,,11:30:00
Puttenahalli,ordinary theft,12.95206739,77.57928105,,15:30:00
Puttenahalli,ordinary theft,12.94925415,77.57387502,,12:10:00
Puttenahalli,ordinary theft,12.9486433,77.57586657,2015-11-01 00:00:00.000,10:30:00
Puttenahalli,ordinary theft,12.95728569,77.57009534,,14:30:00
Puttenahalli,ordinary theft,12.9512664,77.5774393,2015-05-04 00:00:00.000,16:00:00
Puttenahalli,ordinary theft,12.95126643,77.57743932,2015-04-01 00:00:00.000,13:45:00
Puttenahalli,ordinary theft,12.963508,77.57371142,2015-05-01 00:00:00.000,11:30:00
Puttenahalli,ordinary theft,12.9512664,77.5774393,2015-05-01 00:00:00.000,12:30:00
Puttenahalli,ordinary theft,12.95072643,77.57692629,2015-10-01 00:00:00.000,17:00:00
Puttenahalli,ordinary theft,12.954782,77.577846,2015-11-01 00:00:00.000,11:00:00
Puttenahalli,ordinary theft,12.95072643,77.57692629,2015-11-01 00:00:00.000,13:45:00
Puttenahalli,ordinary theft,12.95072643,77.57692629,2015-11-01 00:00:00.000,22:30:00
Puttenahalli,ordinary theft,12.95072643,77.57692629,2015-12-01 00:00:00.000,20:45:00
Puttenahalli,ordinary theft,12.95072643,77.57692629,2015-12-01 00:00:00.000,12:45:00
Puttenahalli,ordinary theft,12.95072643,77.57692629,2015-12-01 00:00:00.000,13:30:00
Puttenahalli,ordinary theft,12.95072643,77.57692629,2015-12-01 00:00:00.000,15:00:00
Puttenahalli,ordinary theft,12.9570854,77.5789789,2015-11-01 00:00:00.000,15:15:00
Puttenahalli,ordinary theft,12.9570854,77.5789789,2015-12-01 00:00:00.000,15:30:00
Puttenahalli,ordinary theft,12.9567385,77.5754801,,18:10:00
Puttenahalli,ordinary theft,12.9643471,77.57316377,2015-09-02 00:00:00.000,08:30:00
Puttenahalli,ordinary theft,12.96266135,77.57026712,,14:30:00
Puttenahalli,ordinary theft,12.95333165,77.57620989,,22:30:00
Puttenahalli,ordinary theft,12.95076191,77.5781067884147,2015-02-03 00:00:00.000,06:30:00
Puttenahalli,ordinary theft,12.95167503,77.5771409537751,2015-03-27 00:00:00.000,
Puttenahalli,ordinary theft,12.96140182,77.57205841,2015-02-04 00:00:00.000,13:30:00
Puttenahalli,ordinary theft,12.95568857,77.5738870248748,,20:30:00
Puttenahalli,ordinary theft,12.95685038,77.57380458,,15:00:00
Puttenahalli,ordinary theft,12.95673846,77.57548011,2015-04-07 00:00:00.000,16:00:00
Puttenahalli,ordinary theft,12.9595589,77.5706847,,15:45:00
Puttenahalli,ordinary theft,12.94846316,77.57567858,,19:00:00
Puttenahalli,ordinary theft,12.95274238,77.57638783,,20:30:00
Puttenahalli,ordinary theft,12.95126643,77.57743932,,20:30:00
Puttenahalli,ordinary theft,12.95685038,77.57380458,,11:00:00
Puttenahalli,ordinary theft,12.95237894,77.57986571,,10:30:00
Puttenahalli,ordinary theft,12.95066753,77.5777656528882,,21:00:00
Puttenahalli,ordinary theft,12.95126643,77.57743932,2015-08-10 00:00:00.000,21:00:00
Puttenahalli,ordinary theft,12.95126643,77.57555399,,17:00:00
Puttenahalli,ordinary theft,12.96299087,77.57215462,,07:00:00
Puttenahalli,ordinary theft,12.95673846,77.5754801092758,,12:30:00
Puttenahalli,ordinary theft,12.95261221,77.57649985,2015-08-12 00:00:00.000,11:30:00
Puttenahalli,ordinary theft,12.95673846,77.57548011,2015-11-12 00:00:00.000,15:00:00
Puttenahalli,ordinary theft,12.95191839,77.57721728,,11:00:00
Puttenahalli,ordinary theft,12.9512664,77.5774393,2016-11-01 00:00:00.000,13:00:00
Puttenahalli,ordinary theft,12.95206739,77.57928105,,10:15:00
Puttenahalli,ordinary theft,12.95191839,77.5772172757554,2016-01-02 00:00:00.000,12:30:00
Puttenahalli,ordinary theft,12.96328454,77.57056029,2016-07-02 00:00:00.000,17:30:00
Puttenahalli,ordinary theft,12.96046307,77.57137206,,18:45:00
Puttenahalli,ordinary theft,121.9527424,77.57638783,,11:45:00
Puttenahalli,ordinary theft,12.94864454,77.5781619010304,,12:00:00
Puttenahalli,ordinary theft,12.95213221,77.5771518621806,,11:30:00
Puttenahalli,ordinary theft,12.95066753,77.57776565,2016-08-05 00:00:00.000,14:30:00
Puttenahalli,ordinary theft,12.95274238,77.57638783,,16:00:00
Puttenahalli,ordinary theft,12.95113443,77.5774716034912,,14:30:00
Puttenahalli,ordinary theft,12.95154815,77.57555399,2016-12-07 00:00:00.000,11:30:00
Puttenahalli,ordinary theft,12.95190448,77.57705219,2016-04-08 00:00:00.000,14:10:00
Puttenahalli,ordinary theft,12.95154815,77.57555399,,15:00:00
Puttenahalli,ordinary theft,12.95194183,77.57757907,,18:30:00
Puttenahalli,ordinary theft,12.95154815,77.57791253,2016-12-01 00:00:00.000,17:00:00
Puttenahalli,ordinary theft,12.9512664,77.5774393,,13:30:00
Puttenahalli,ordinary theft,12.95966544,77.5704064952055,,21:30:00
Puttenahalli,ordinary theft,12.95882913,77.57007146,,11:45:00
Puttenahalli,ordinary theft,12.95515912,77.573898640519,,11:00:00
Puttenahalli,ordinary theft,12.96363745,77.57107157,,18:15:00
Puttenahalli,ordinary theft,12.95961958,77.57226585,,18:30:00
Puttenahalli,ordinary theft,12.9512837,77.5774537675972,,20:40:00
Puttenahalli,ordinary theft,12.95072643,77.57692629,,16:30:00
Puttenahalli,ordinary theft,12.96078292,77.56879496,2016-04-07 00:00:00.000,14:00:00
Puttenahalli,ordinary theft,12.95454204,77.57478975,,13:00:00
Puttenahalli,ordinary theft,12.96078292,77.5687649604976,,14:10:00
Puttenahalli,ordinary theft,12.96392124,77.57162291,,11:30:00
Puttenahalli,ordinary theft,12.94927302,77.57757817764,2017-06-02 00:00:00.000,19:55:00
Puttenahalli,ordinary theft,12.96328454,77.57056029,2017-12-02 00:00:00.000,06:00:00
Puttenahalli,ordinary theft,12.95685038,77.57380458,,12:30:00
Puttenahalli,ordinary theft,12.95040586,77.57496634,,18:00:00
Puttenahalli,ordinary theft,12.95737612,77.5714323167873,,17:00:00
Puttenahalli,ordinary theft,12.94854669,77.57877927,,15:00:00
Puttenahalli,ordinary theft,12.95471784,77.579118892137,2017-06-09 00:00:00.000,16:00:00
Puttenahalli,ordinary theft,12.95683284,77.57444924,2017-07-10 00:00:00.000,17:30:00
Puttenahalli,ordinary theft,12.95099804,77.5785349287854,,21:00:00
Puttenahalli,ordinary theft,12.95113443,77.5774716,,09:45:00
Puttenahalli,ordinary theft,12.94846316,77.5756785758817,,09:00:00
Puttenahalli,ordinary theft,12.96392124,77.57162291,,12:00:00
Puttenahalli,ordinary theft,12.9496921,77.57485996,,09:30:00
Puttenahalli,ordinary theft,12.95674373,77.57442724,2018-02-01 00:00:00.000,17:00:00
Puttenahalli,ordinary theft,12.95683284,77.57444924,,13:00:00
Puttenahalli,ordinary theft,12.94870298,77.5787416,,10:15:00
Puttenahalli,ordinary theft,12.94870298,77.5787416,2018-05-02 00:00:00.000,12:00:00
Puttenahalli,ordinary theft,12.94870298,77.5787416,2018-01-03 00:00:00.000,20:00:00
Puttenahalli,ordinary theft,12.95454204,77.5747897516931,2018-11-04 00:00:00.000,20:50:00
Puttenahalli,ordinary theft,12.95485335,77.57484909,2018-01-06 00:00:00.000,17:10:00
Puttenahalli,ordinary theft,12.95078529,77.5768374741,2018-09-06 00:00:00.000,20:30:00
Puttenahalli,ordinary theft,12.95454204,77.57478975,,19:00:00
Puttenahalli,ordinary theft,12.95225434,77.5770338,2018-06-08 00:00:00.000,10:15:00
Puttenahalli,ordinary theft,12.9512664,77.5774393,2018-01-09 00:00:00.000,21:30:00
Puttenahalli,ordinary theft,12.95801501,77.56948559,,15:00:00
Puttenahalli,ordinary theft,12.95190448,77.57705219,,12:00:00
Puttenahalli,ordinary theft,12.95154815,77.57555399,,07:30:00
Puttenahalli,ordinary theft,12.95515912,77.57393844,2019-03-05 00:00:00.000,11:30:00
Puttenahalli,ordinary theft,12.96256574,77.57160528,2019-08-06 00:00:00.000,10:15:00
Puttenahalli,ordinary theft,12.95204802,77.57714549,2019-12-08 00:00:00.000,11:30:00
Puttenahalli,ordinary theft,12.96028533,77.5726168164569,2019-12-10 00:00:00.000,19:00:00
Puttenahalli,ordinary theft,12.94103,77.5482,2015-02-02 00:00:00.000,20:45:00
Puttenahalli,ordinary theft,12.938832,77.55328,2015-02-19 00:00:00.000,16:15:00
Puttenahalli,ordinary theft,12.934955,77.566136,2015-12-03 00:00:00.000,12:30:00
Puttenahalli,ordinary theft,12.94103,77.5482,2015-01-04 00:00:00.000,12:00:00
Puttenahalli,ordinary theft,12.938832,77.55328,2015-11-04 00:00:00.000,19:00:00
Puttenahalli,ordinary theft,12.938832,77.55328,2015-12-05 00:00:00.000,14:15:00
Puttenahalli,ordinary theft,12.938832,77.55328,2015-05-20 00:00:00.000,16:45:00
Puttenahalli,ordinary theft,12.938822,77.55128,2015-08-08 00:00:00.000,21:30:00
Puttenahalli,ordinary theft,12.938102,77.55128,2015-08-31 00:00:00.000,20:25:00
Puttenahalli,ordinary theft,12.948832,77.55328,2015-09-22 00:00:00.000,13:00:00
Puttenahalli,ordinary theft,12.938722,77.55128,2015-08-10 00:00:00.000,03:00:00
Puttenahalli,ordinary theft,12.938832,77.55328,2015-08-11 00:00:00.000,21::00
Puttenahalli,ordinary theft,12.938832,77.55328,2015-04-12 00:00:00.000,10:20:00
Puttenahalli,ordinary theft,12.938822,77.55328,2015-08-12 00:00:00.000,17:00:00
Puttenahalli,ordinary theft,12.938822,77.55328,2015-12-29 00:00:00.000,18:30:00
Puttenahalli,ordinary theft,12.938822,77.55328,2016-08-01 00:00:00.000,11:00:00
Puttenahalli,ordinary theft,12.938822,77.55328,2016-01-25 00:00:00.000,22:30:00
Puttenahalli,ordinary theft,12.938822,77.55328,2016-01-28 00:00:00.000,16:00:00
Puttenahalli,ordinary theft,12.938832,77.55328,2016-02-20 00:00:00.000,11:15:00
Puttenahalli,ordinary theft,12.938832,77.55328,2016-02-29 00:00:00.000,10:30:00
Puttenahalli,ordinary theft,12.937832,77.55328,2016-12-03 00:00:00.000,11:10:00
Puttenahalli,ordinary theft,12.937832,77.55329,2016-05-26 00:00:00.000,13:00:00
Puttenahalli,ordinary theft,12.937832,77.55329,2016-05-30 00:00:00.000,20:30:00
Puttenahalli,ordinary theft,12.938102,77.55128,2016-08-20 00:00:00.000,15:00:00
Puttenahalli,ordinary theft,12.94103,77.5482,2016-09-22 00:00:00.000,17:00:00
Puttenahalli,ordinary theft,12.94103,77.5482,2016-11-24 00:00:00.000,14:30:00
Puttenahalli,ordinary theft,12.94103,77.5482,2016-12-27 00:00:00.000,10:30:00
Puttenahalli,ordinary theft,12.934955,77.566136,2017-09-01 00:00:00.000,15:30:00
Puttenahalli,ordinary theft,12.934955,77.566136,2017-10-01 00:00:00.000,16:00:00
Puttenahalli,ordinary theft,12.934855,77.566137,2017-01-23 00:00:00.000,21:00:00
Puttenahalli,ordinary theft,12.934955,77.566138,2017-08-02 00:00:00.000,17:00:00
Puttenahalli,ordinary theft,12.934955,77.566139,2017-02-20 00:00:00.000,14:30:00
Puttenahalli,ordinary theft,12.934955,77.56614,2017-02-25 00:00:00.000,21:20:00
Puttenahalli,ordinary theft,12.94103,77.5482,2017-01-04 00:00:00.000,10:30:00
Puttenahalli,ordinary theft,12.934955,77.566138,2017-10-06 00:00:00.000,19:00:00
Puttenahalli,ordinary theft,12.94103,77.5482,2017-06-30 00:00:00.000,03:00:00
Puttenahalli,ordinary theft,12.94103,77.5482,2017-07-08 00:00:00.000,16:30:00
Puttenahalli,ordinary theft,12.934955,77.566138,2017-10-11 00:00:00.000,07:30:00
Puttenahalli,ordinary theft,12.94103,77.5482,2017-12-16 00:00:00.000,15:00:00
Puttenahalli,ordinary theft,12.94103,77.5482,2018-01-26 00:00:00.000,13:45:00
Puttenahalli,ordinary theft,12.934955,77.566138,2018-02-22 00:00:00.000,15:30:00
Puttenahalli,ordinary theft,12.94103,77.5482,2018-06-20 00:00:00.000,14:00:00
Puttenahalli,ordinary theft,12.937832,77.55328,2018-12-08 00:00:00.000,23:30:00
Puttenahalli,ordinary theft,12.94103,77.5482,2018-09-10 00:00:00.000,09:45:00
Puttenahalli,ordinary theft,12.937932,77.55328,2018-10-18 00:00:00.000,13:15:00
Puttenahalli,ordinary theft,12.934955,77.566138,2019-03-15 00:00:00.000,18:00:00
Puttenahalli,ordinary theft,12.934955,77.566138,2019-08-04 00:00:00.000,21:15:00
Puttenahalli,ordinary theft,12.94103,77.5482,2019-07-05 00:00:00.000,13:15:00
Puttenahalli,ordinary theft,12.934955,77.566138,2019-05-21 00:00:00.000,19:00:00
Puttenahalli,ordinary theft,12.94103,77.5482,2019-01-06 00:00:00.000,23:30:00
Puttenahalli,ordinary theft,12.934955,77.566138,2019-10-10 00:00:00.000,18:00:00
Puttenahalli,ordinary theft,12.94103,77.5482,2019-11-26 00:00:00.000,10:30:00
Puttenahalli,ordinary theft,12.934955,77.566138,2019-11-27 00:00:00.000,20:00:00
Puttenahalli,ordinary theft,12.926291,77.547338,2015-02-01 00:00:00.000,19:00:00
Puttenahalli,ordinary theft,12.934434,77.56055,201-02-12 00:00:00.000,15:25:00
Puttenahalli,ordinary theft,12.928179,77.55161,2015-02-18 00:00:00.000,09:00:00
Puttenahalli,ordinary theft,12.928197,77.550652,2015-03-24 00:00:00.000,15:20:00
Puttenahalli,ordinary theft,12.935006,77.5437545,2015-10-04 00:00:00.000,11:00:00
Puttenahalli,ordinary theft,12.930121,77.560592,2015-04-24 00:00:00.000,11:00:00
Puttenahalli,ordinary theft,12.946995,77.552044,2015-05-21 00:00:00.000,15:00:00
Puttenahalli,ordinary theft,12.930147,77.560524,2015-06-17 00:00:00.000,21:00:00
Puttenahalli,ordinary theft,12.923311,77.549288,2015-06-22 00:00:00.000,18:00:00
Puttenahalli,ordinary theft,12.934049,77.548061,2015-07-21 00:00:00.000,12:45:00
Puttenahalli,ordinary theft,12.928378,77.556654,2015-06-09 00:00:00.000,09:00:00
Puttenahalli,ordinary theft,12.921303,77.549263,2015-09-21 00:00:00.000,12:30:00
Puttenahalli,ordinary theft,12.925561,77.554801,2016-02-24 00:00:00.000,11:00:00
Puttenahalli,ordinary theft,12.926701,77.56077,2016-05-26 00:00:00.000,22:42:00
Puttenahalli,ordinary theft,12.930108,77.560549,2016-06-23 00:00:00.000,11:00:00
Puttenahalli,ordinary theft,12.92320855,77.550565,2016-08-11 00:00:00.000,15:30:00
Puttenahalli,ordinary theft,12.923029,77.553841,2016-10-12 00:00:00.000,14:45:00
Puttenahalli,ordinary theft,12.930108,77.560549,2017-01-16 00:00:00.000,17:00:00
Puttenahalli,ordinary theft,12.930108,77.560549,2017-01-18 00:00:00.000,12:30:00
Puttenahalli,ordinary theft,12.930106,77.555115,2017-01-22 00:00:00.000,15:30:00
Puttenahalli,ordinary theft,12.925223,77.550043,2017-05-04 00:00:00.000,23:15:00
Puttenahalli,ordinary theft,12.925255,77.550376,2017-04-27 00:00:00.000,14:45:00
Puttenahalli,ordinary theft,12.934218,77.553412,2017-05-05 19:00:00.000,
Puttenahalli,ordinary theft,12.928742,77.556882,2017-08-19 00:00:00.000,10:30:00
Puttenahalli,ordinary theft,12.92286,77.543799,2017-08-20 00:00:00.000,06:30:00
Puttenahalli,ordinary theft,12.93079,77.774284,2017-08-22 00:00:00.000,09:30:00
Puttenahalli,ordinary theft,13.025089,77.02631,2017-01-09 10:15:00.000,
Puttenahalli,ordinary theft,12.922719,77.559596,2017-09-13 00:00:00.000,10:15:00
Puttenahalli,ordinary theft,12.926616,77.551001,2017-10-06 10:30:00.000,
Puttenahalli,ordinary theft,12.929455,77.55393,2017-06-16 00:00:00.000,03:00:00
Puttenahalli,ordinary theft,12.928169,77.556016,2017-09-19 00:00:00.000,12:45:00
Puttenahalli,ordinary theft,12.924486,77.55189,2017-09-24 00:00:00.000,10:00:00
Puttenahalli,ordinary theft,12.922643,77.532899,2017-09-24 00:00:00.000,02:30:00
Puttenahalli,ordinary theft,12.923575,77.553426,2017-09-27 00:00:00.000,10:00:00
Puttenahalli,ordinary theft,12.928425,77.555103,2017-04-10 05:00:00.000,
Puttenahalli,ordinary theft,12.932863,77.556597,2017-12-10 07:00:00.000,
Puttenahalli,ordinary theft,12.919271,77.539332,2017-08-11 02:00:00.000,
Puttenahalli,ordinary theft,12.93424856,77.560608,2017-11-24 00:00:00.000,10:30:00
Puttenahalli,ordinary theft,12.925357,77.551042,2017-11-26 00:00:00.000,11:15:00
Puttenahalli,ordinary theft,12.924286,77.549405,2017-12-11 02:30:00.000,
Puttenahalli,ordinary theft,12.926615,77.559433,2018-01-18 00:00:00.000,03:30:00
Puttenahalli,ordinary theft,12.922988,77.543718,2018-01-23 00:00:00.000,07:00:00
Puttenahalli,ordinary theft,12.928717,77.546084,2018-03-02 00:00:00.000,
Puttenahalli,ordinary theft,12.925671,77.548944,2018-02-22 00:00:00.000,03:30:00
Puttenahalli,ordinary theft,12.925293,77.549804,2018-02-24 00:00:00.000,02:00:00
Puttenahalli,ordinary theft,12.926135,77.550311,2018-03-21 00:00:00.000,10:50:00
Puttenahalli,ordinary theft,12.932048,77.549266,2018-08-17 00:00:00.000,07:30:00
Puttenahalli,ordinary theft,12.928496,77.545938,2018-08-23 00:00:00.000,09:15:00
Puttenahalli,ordinary theft,12.919309,77.53946,2018-08-29 00:00:00.000,12:15:00
Puttenahalli,ordinary theft,12.027957,77.632495,2018-08-31 00:00:00.000,10:30:00
Puttenahalli,ordinary theft,12.028642,77.631795,2018-06-09 00:00:00.000,
Puttenahalli,ordinary theft,12.028642,77.631795,2018-08-09 00:00:00.000,
Puttenahalli,ordinary theft,12.930316,77.553379,2018-04-10 00:00:00.000,
Puttenahalli,ordinary theft,12.923881,77.553337,2018-11-22 00:00:00.000,11:50:00
Puttenahalli,ordinary theft,12.921312,77.548304,2018-07-12 03:00:00.000,
Puttenahalli,ordinary theft,12.923268,77.5479842,2018-12-17 00:00:00.000,05:30:00
Puttenahalli,ordinary theft,12.928504,77.562012,2019-02-22 00:00:00.000,06:37:00
Puttenahalli,ordinary theft,12.923777,77.553303,2019-02-27 00:00:00.000,10:00:00
Puttenahalli,ordinary theft,12.929218,77.552071,2019-07-04 00:00:00.000,
Puttenahalli,ordinary theft,12.924268,77.551878,2019-05-27 00:00:00.000,02:00:00
Puttenahalli,ordinary theft,12.93263,77.556518,2019-09-07 00:00:00.000,
Puttenahalli,kidnap,12.544211,77.342996,2016-02-24 00:00:00.000,13:30:00
Puttenahalli,kidnap,12.926974,77.576626,2016-01-09 00:00:00.000,12:35:00
Puttenahalli,kidnap,12.919712,77.575901,2017-09-01 00:00:00.000,11:20:00
Puttenahalli,kidnap,12.912479,77.574069,2017-09-13 00:00:00.000,16:00:00
Puttenahalli,kidnap,12.922032,77.575659,2017-10-24 00:00:00.000,12:45:00
Puttenahalli,kidnap,12.933466,77.584554,2017-10-31 00:00:00.000,18:15:00
Puttenahalli,kidnap,12.929851,77.585404,2018-03-20 00:00:00.000,13:00:00
Puttenahalli,kidnap,12.932018,77.586094,2018-10-04 00:00:00.000,16:15:00
Puttenahalli,kidnap,12.91974,77.578194,2018-04-24 00:00:00.000,11:00:00
Puttenahalli,kidnap,12.922096,77.57601,2018-07-29 00:00:00.000,17:00:00
Puttenahalli,kidnap,13.08022,80.16636,2018-02-11 00:00:00.000,10:00:00
Puttenahalli,kidnap,12.93091,77.57812,2019-03-30 00:00:00.000,20:45:00
Puttenahalli,kidnap,12.935478,77.589671,2019-06-27 00:00:00.000,21:30:00
Puttenahalli,kidnap,12.92924,77.57816,2019-10-08 00:00:00.000,18:00:00
Puttenahalli,kidnap,12.2879,76.63267,2019-11-19 00:00:00.000,20:30:00
Puttenahalli,kidnap,12.28792,76.63243,2019-11-20 00:00:00.000,16:00:00
Puttenahalli,kidnap,12.943265,77.574663,2015-07-18 00:00:00.000,20:45:00
Puttenahalli,kidnap,12.940063,77.573045,2015-11-26 00:00:00.000,18:15:00
Puttenahalli,kidnap,12.940191,77.568224,2015-11-30 00:00:00.000,23:50:00
Puttenahalli,kidnap,12.947992,77.573527,2015-12-19 00:00:00.000,20:45:00
Puttenahalli,kidnap,12.94156,77.567074,2016-01-13 00:00:00.000,12:30:00
Puttenahalli,kidnap,12.91347888,77.59338068,2016-02-09 00:00:00.000,
Puttenahalli,kidnap,12.946572,77.572895,2017-03-02 00:00:00.000,
Puttenahalli,kidnap,12.563457,77.343049,2017-03-28 00:00:00.000,14:00:00
Puttenahalli,kidnap,12.9353841,77.570115,2017-07-05 00:00:00.000,
Puttenahalli,kidnap,12.943671,77.578616,2017-09-06 00:00:00.000,
Puttenahalli,kidnap,12.9402772,77.572097,2017-06-25 00:00:00.000,14:30:00
Puttenahalli,kidnap,12.93543,77.5668,2017-10-16 00:00:00.000,21:10:00
Puttenahalli,kidnap,12.943663,77.574706,2017-12-26 00:00:00.000,17:00:00
Puttenahalli,kidnap,12.9353841,77.570115,2017-07-05 00:00:00.000,
Puttenahalli,kidnap,12.935967,77.567808,2018-10-02 00:00:00.000,
Puttenahalli,kidnap,12.944817,77.578516,2018-07-19 00:00:00.000,22:30:00
Puttenahalli,kidnap,12.942306,77.57861,2018-05-08 00:00:00.000,
Puttenahalli,kidnap,12.940079,77.577179,2018-10-09 00:00:00.000,
Puttenahalli,kidnap,12.946418,77.573537,2018-06-11 00:00:00.000,
Puttenahalli,kidnap,12.940471,77.572534,2015-01-02 00:00:00.000,
Puttenahalli,kidnap,12.941435,77.571215,2019-02-16 00:00:00.000,10:40:00
Puttenahalli,kidnap,12.943343,77.574201,2019-01-10 00:00:00.000,
Puttenahalli,kidnap,12.936851,77.568538,2019-11-11 00:00:00.000,
Puttenahalli,kidnap,12.906409,77.5714701,2015-01-14 00:00:00.000,04:10:00
Puttenahalli,kidnap,15.2401726,75.8673004,2015-10-03 02:30:00.000,
Puttenahalli,kidnap,12.9116975,77.591605,2015-02-05 10:15:00.000,
Puttenahalli,kidnap,12.9000874,77.5702607,2015-12-07 03:30:00.000,
Puttenahalli,kidnap,12.9177553,77.5400844,2015-06-08 06:01:00.000,
Puttenahalli,kidnap,12.8976927,77.5808958,2015-08-24 00:00:00.000,07:30:00
Puttenahalli,kidnap,12.8977965,77.5836728,2015-09-24 00:00:00.000,03:05:00
Puttenahalli,kidnap,12.9040774,77.5814306,2015-09-11 06:45:00.000,
Puttenahalli,kidnap,12.8969434,77.5653774,2015-02-12 12:10:00.000,
Puttenahalli,kidnap,12.9131535,77.5336382,2015-02-12 08:30:00.000,
Puttenahalli,kidnap,12.9059617,77.5793992,2015-12-24 00:00:00.000,01:45:00
Puttenahalli,kidnap,12.8986817,77.5690523,2015-12-30 00:00:00.000,05:05:00
Puttenahalli,kidnap,12.8980073,77.5939724,2016-01-23 00:00:00.000,01:00:00
Puttenahalli,kidnap,12.8842383,77.5748654,2016-07-02 03:05:00.000,
Puttenahalli,kidnap,12.8842378,77.5595444,2016-04-14 00:00:00.000,06:10:00
Puttenahalli,kidnap,12.9070893,77.5781946,2016-01-07 04:01:00.000,
Puttenahalli,kidnap,12.9089964,77.5756453,2016-09-08 11:01:00.000,
Puttenahalli,kidnap,12.9052883,77.5764984,2016-08-17 00:00:00.000,03:25:00
Puttenahalli,kidnap,12.9096707,77.5790691,2016-08-18 00:00:00.000,08:30:00
Puttenahalli,kidnap,12.8980035,77.5688626,2016-03-12 00:00:00.000,
Puttenahalli,kidnap,12.911281,77.5902845,2016-12-25 00:00:00.000,09:30:00
Puttenahalli,kidnap,12.915219,77.5818953,2017-01-28 00:00:00.000,04:00:00
Puttenahalli,kidnap,12.9085194,77.5796617,2018-09-28 00:00:00.000,04:00:00
Puttenahalli,kidnap,12.9085194,77.5796617,2018-11-17 00:00:00.000,04:00:00
Puttenahalli,kidnap,12.9096936,77.5792533,2018-11-17 00:00:00.000,04:45:00
Puttenahalli,kidnap,12.9074697,77.5904753,2018-12-13 00:00:00.000,04:25:00
Puttenahalli,kidnap,12.9085194,77.5796617,2018-12-19 00:00:00.000,10:00:00
Puttenahalli,kidnap,12.9113414,77.5794193,2019-02-02 10:00:00.000,
Puttenahalli,kidnap,12.9112903,77.5760705,2019-02-03 01:40:00.000,
Puttenahalli,kidnap,12.9107582,77.5767422,2019-08-20 00:00:00.000,12:00:00
Puttenahalli,kidnap,12.9107559,77.5439111,2019-03-11 00:00:00.000,
Puttenahalli,kidnap,12.9117832,77.5929617,2019-11-21 00:00:00.000,08:35:00
Puttenahalli,kidnap,12.9261268,77.575693,2018-12-29 00:00:00.000,10:30:00
Puttenahalli,kidnap,12.551022,77.334785,2017-01-16 00:00:00.000,13:00:00
Shankarapua,kidnap,12.9261268,77.575693,2018-11-10 00:00:00.000,21:00:00
Shankarapua,kidnap,12.94355,77.60976,2018-10-25 00:00:00.000,11:30:00
Shankarapua,kidnap,12.9261268,77.575693,2018-12-29 00:00:00.000,18:30:00
Shankarapua,kidnap,12.934299,77.591433,2015-04-05 00:00:00.000,15:30:00
Shankarapua,kidnap,12.946052,77.591889,2015-06-13 00:00:00.000,19:30:00
Shankarapua,kidnap,12.944562,77.592138,2015-07-13 00:00:00.000,18:45:00
Shankarapua,kidnap,12.936308,77.593096,2015-08-29 00:00:00.000,11:00:00
Shankarapua,kidnap,12.934135,77.591152,2015-04-09 00:00:00.000,13:00:00
Shankarapua,kidnap,12.934263,77.592712,2016-01-15 00:00:00.000,12:30:00
Shankarapua,kidnap,12.943446,77.594168,2016-02-23 00:00:00.000,12:40:00
Shankarapua,kidnap,12.946683,77.594379,2016-03-30 00:00:00.000,11:10:00
Shankarapua,kidnap,12.936308,77.593096,2016-06-16 00:00:00.000,14:00:00
Shankarapua,kidnap,12.943578,77.591104,2016-07-15 00:00:00.000,17:30:00
Shankarapua,kidnap,12.942478,77.589838,2016-07-28 00:00:00.000,15:00:00
Shankarapua,kidnap,12.942789,77.596405,2016-10-17 00:00:00.000,18:30:00
Shankarapua,kidnap,12.936244,77.596173,2017-07-01 00:00:00.000,08:20:00
Shankarapua,kidnap,12.945109,77.592747,2017-04-29 00:00:00.000,22:05:00
Shankarapua,kidnap,12.946168,77.591807,2017-01-05 00:00:00.000,18:00:00
Shankarapua,kidnap,12.942161,77.592299,2017-04-07 00:00:00.000,17:00:00
Shankarapua,kidnap,12.945109,77.592747,2017-08-07 00:00:00.000,15:00:00
Shankarapua,kidnap,12.935645,77.591333,2017-07-17 00:00:00.000,20:00:00
Shankarapua,kidnap,12.945109,77.592747,2017-10-24 00:00:00.000,17:00:00
Shankarapua,kidnap,12.940933,77.580283,2018-05-02 00:00:00.000,20:00:00
Shankarapua,kidnap,12.940022,77.594191,2018-04-30 00:00:00.000,14:00:00
Shankarapua,kidnap,12.944786,77.592797,2018-05-17 00:00:00.000,16:00:00
Shankarapua,kidnap,12.942787,77.58337,2018-04-07 00:00:00.000,10:00:00
Shankarapua,kidnap,12.936244,77.596173,2018-09-19 00:00:00.000,14:30:00
Shankarapua,kidnap,12.935678,77.597567,2019-07-24 00:00:00.000,14:00:00
Shankarapua,kidnap,12.933417,77.590693,2019-05-09 00:00:00.000,12:00:00
Shankarapua,kidnap,12.942787,77.58337,2019-09-16 00:00:00.000,16:00:00
Shankarapua,kidnap,12.944786,77.592797,2019-11-16 00:00:00.000,18:00:00
Shankarapua,kidnap,12.90353394,77.54124559,2015-09-01 00:00:00.000,05:00:00
Shankarapua,kidnap,12.91094209,77.5562327,2015-02-24 00:00:00.000,18:15:00
Shankarapua,kidnap,12.9060275,77.54555561,2015-12-03 00:00:00.000,09:15:00
Shankarapua,kidnap,12.91147627,77.5401234,2015-08-05 00:00:00.000,14:20:00
Shankarapua,kidnap,12.88273731,77.55652345,2015-12-06 00:00:00.000,11:45:00
Shankarapua,kidnap,12.88289563,77.56647782,2015-08-18 00:00:00.000,13:00:00
Shankarapua,kidnap,12.90557877,77.55645958,2015-01-09 00:00:00.000,15:00:00
Shankarapua,kidnap,12.91429834,77.55075847,2015-10-15 00:00:00.000,14:10:00
Shankarapua,kidnap,12.88982145,77.57974701,2015-10-26 00:00:00.000,16:00:00
Shankarapua,kidnap,12.90795681,77.53644101,2015-10-30 00:00:00.000,10:00:00
Shankarapua,kidnap,12.8894463,77.57152367,2015-11-20 00:00:00.000,12:00:00
Shankarapua,kidnap,12.90874577,77.55546611,2015-07-12 00:00:00.000,17:50:00
Shankarapua,kidnap,12.91766067,77.57653512,2015-12-16 00:00:00.000,01:00:00
Shankarapua,kidnap,12.91242363,77.54851768,2016-03-24 00:00:00.000,17:50:00
Shankarapua,kidnap,12.89153086,77.58114868,2016-03-30 00:00:00.000,22:10:00
Shankarapua,kidnap,12.88948381,77.56232091,2016-12-04 00:00:00.000,13:30:00
Shankarapua,kidnap,12.89153086,77.58114868,2016-04-13 00:00:00.000,22:50:00
Shankarapua,kidnap,12.88168453,77.56599502,2016-04-21 00:00:00.000,03:30:00
Shankarapua,kidnap,12.89047086,77.57081006,2016-02-05 00:00:00.000,05:00:00
Shankarapua,kidnap,12.89157884,77.58142943,2016-09-05 00:00:00.000,14:00:00
Shankarapua,kidnap,12.8894463,77.57152367,2016-05-16 00:00:00.000,10:30:00
Shankarapua,kidnap,12.8967726,77.5445644,2016-05-18 00:00:00.000,17:40:00
Shankarapua,kidnap,12.91684492,77.54985732,2016-05-23 00:00:00.000,18:30:00
Shankarapua,kidnap,12.89594801,77.55219028,2016-02-06 00:00:00.000,07:30:00
Shankarapua,kidnap,12.87685568,77.58185534,2016-07-06 00:00:00.000,10:00:00
Shankarapua,kidnap,12.88274382,77.55727251,2016-06-25 00:00:00.000,14:00:00
Shankarapua,kidnap,12.88376625,77.56842522,2016-07-18 00:00:00.000,20:00:00
Shankarapua,kidnap,12.88613796,77.5717955,2016-07-22 00:00:00.000,13:00:00
Shankarapua,kidnap,12.89138852,77.57009241,2016-12-11 00:00:00.000,10:45:00
Shankarapua,kidnap,12.90868716,77.54411899,2016-12-25 00:00:00.000,
Shankarapua,kidnap,12.90711393,77.5439924,2016-12-26 00:00:00.000,13:50:00
Shankarapua,kidnap,12.88255509,77.5563552,2017-01-17 00:00:00.000,16:30:00
Shankarapua,kidnap,12.89528068,77.55067452,2017-06-02 00:00:00.000,11:00:00
Shankarapua,kidnap,12.90827601,77.55022679,2017-02-21 00:00:00.000,12:30:00
Shankarapua,kidnap,12.89189796,77.55236918,2017-02-22 00:00:00.000,11:30:00
Shankarapua,kidnap,12.89043496,77.5635394,2017-03-25 00:00:00.000,14:00:00
Shankarapua,kidnap,12.88613796,77.5717955,2017-03-28 00:00:00.000,12:45:00
Shankarapua,kidnap,12.91429834,77.55075847,2017-04-26 00:00:00.000,16:00:00
Shankarapua,kidnap,12.89594801,77.55219028,2017-05-05 00:00:00.000,17:00:00
Shankarapua,kidnap,12.87236619,77.56684297,2017-05-31 00:00:00.000,23:00:00
Shankarapua,kidnap,12.91900624,77.5453977,2017-10-09 00:00:00.000,08:30:00
Shankarapua,kidnap,12.91242457,77.53558039,2017-08-10 00:00:00.000,17:45:00
Shankarapua,kidnap,12.904705,77.53011,2017-09-11 00:00:00.000,12:30:00
Shankarapua,kidnap,12.91590055,77.54746898,2018-01-10 00:00:00.000,
Shankarapua,kidnap,12.88584755,77.56773183,2018-01-31 00:00:00.000,
Shankarapua,kidnap,12.90657165,77.54644706,2018-02-14 00:00:00.000,23:00:00
Shankarapua,kidnap,12.88023219,77.57384591,2018-02-19 00:00:00.000,15:30:00
Shankarapua,kidnap,12.88948381,77.56232091,2018-02-22 00:00:00.000,08:50:00
Shankarapua,kidnap,12.86881387,77.58083431,2018-02-03 00:00:00.000,14:00:00
Shankarapua,kidnap,12.91031858,77.5563932,2018-03-17 00:00:00.000,21:40:00
Shankarapua,kidnap,12.91022894,77.5481594,2018-04-17 00:00:00.000,12:15:00
Shankarapua,kidnap,12.88290759,77.56690606,2018-05-19 00:00:00.000,15:45:00
Shankarapua,kidnap,12.90532964,77.54489953,2018-06-07 00:00:00.000,18:30:00
Shankarapua,kidnap,12.905759,77.542703,2018-07-26 00:00:00.000,10:30:00
Shankarapua,kidnap,12.91739661,77.54533797,2018-05-08 00:00:00.000,19:10:00
Shankarapua,kidnap,12.88888678,77.57180041,2018-08-13 00:00:00.000,17:45:00
Shankarapua,kidnap,12.89486583,77.55129522,2018-08-16 00:00:00.000,06:50:00
Shankarapua,kidnap,12.90476548,77.5371549,2018-08-29 00:00:00.000,10:15:00
Shankarapua,kidnap,12.90913455,77.55325268,2018-11-09 00:00:00.000,14:30:00
Shankarapua,kidnap,12.89043496,77.5635394,2018-09-22 00:00:00.000,12:30:00
Shankarapua,kidnap,12.91555088,77.53947694,2018-10-24 00:00:00.000,18:00:00
Shankarapua,kidnap,12.90512329,77.54375125,2018-10-27 00:00:00.000,11:10:00
Shankarapua,kidnap,12.87024907,77.57579285,2018-11-14 00:00:00.000,18:30:00
Shankarapua,kidnap,12.91298108,77.55815356,2018-11-17 00:00:00.000,12:10:00
Siddapura,kidnap,12.917986,77.553778,2018-11-20 00:00:00.000,16:00:00
Siddapura,kidnap,12.89528068,77.55067452,2018-04-12 00:00:00.000,12:15:00
Siddapura,kidnap,12.8967726,77.5445644,2018-12-17 00:00:00.000,13:00:00
Siddapura,kidnap,12.88292452,77.58206937,2019-01-28 00:00:00.000,08:15:00
Siddapura,kidnap,12.88992359,77.58079977,2019-03-13 00:00:00.000,13:10:00
Siddapura,kidnap,12.91739661,77.54533797,2019-04-15 00:00:00.000,23:00:00
Siddapura,kidnap,12.90108207,77.54753806,2019-04-22 00:00:00.000,17:40:00
Siddapura,kidnap,12.9057223,77.53558126,2019-04-24 00:00:00.000,23:15:00
Siddapura,kidnap,12.89760184,77.54575434,2019-03-05 00:00:00.000,14:45:00
Siddapura,kidnap,12.8836526,77.58177943,2019-05-29 00:00:00.000,21:00:00
Siddapura,kidnap,12.90958258,77.55696166,2019-06-09 00:00:00.000,
Siddapura,kidnap,12.89157884,77.58142943,2019-03-07 00:00:00.000,12:30:00
Siddapura,kidnap,12.90958258,77.55696166,2019-07-28 00:00:00.000,20:45:00
Siddapura,kidnap,12.87991967,77.55749353,2019-09-26 00:00:00.000,14:10:00
Siddapura,kidnap,12.88962293,77.57213196,2019-10-26 00:00:00.000,12:45:00
Siddapura,kidnap,12.9100853,77.55656592,2019-12-11 00:00:00.000,14:30:00
Siddapura,kidnap,12.89594801,77.55219028,2019-11-26 00:00:00.000,11:45:00
Siddapura,kidnap,12.868638,77.533289,2015-12-03 00:00:00.000,12:30:00
Siddapura,kidnap,12.874392,77.567161,2015-07-13 00:00:00.000,14:00:00
Siddapura,kidnap,12.86388,77.535496,2015-11-30 00:00:00.000,14:00:00
Siddapura,kidnap,12.859705,77.580537,2015-07-12 00:00:00.000,12:30:00
Siddapura,kidnap,12.865177,77.51857,2016-01-29 00:00:00.000,08:45:00
Siddapura,kidnap,12.859851,77.574956,2016-01-30 00:00:00.000,20:00:00
Siddapura,kidnap,12.874882,77.539331,2016-03-18 00:00:00.000,23:10:00
Siddapura,kidnap,12.868078,77.53468,2016-03-26 00:00:00.000,9:00 to 14:00
Siddapura,kidnap,12.863415,77.527177,2016-04-13 00:00:00.000,16:00:00
Siddapura,kidnap,12.885824,77.546078,2016-09-20 00:00:00.000,19:45:00
Siddapura,kidnap,12.875491,77.537771,2017-06-02 00:00:00.000,20:00:00
Siddapura,kidnap,12.891469,77.541803,2017-01-04 00:00:00.000,05:30:00
Siddapura,kidnap,12.863955,77.556258,2017-04-27 00:00:00.000,17:00:00
Siddapura,kidnap,12.86562,77.537673,2017-05-14 00:00:00.000,15:00:00
Siddapura,kidnap,12.873222,77.534888,2017-08-07 00:00:00.000,04:00:00
Siddapura,kidnap,12.866595,77.529815,2017-08-17 00:00:00.000,12:00:00
Siddapura,kidnap,12.889883,77.544416,2017-08-22 00:00:00.000,16:00:00
Siddapura,kidnap,12.871322,77.532192,2017-01-11 00:00:00.000,12:00:00
Siddapura,kidnap,12.864404,77.554397,2017-11-16 00:00:00.000,11:00:00
Siddapura,kidnap,12.886135,77.545482,2017-10-12 00:00:00.000,10:00:00
Siddapura,kidnap,12.857223,77.548885,2017-12-16 00:00:00.000,13:00:00
Siddapura,kidnap,12.870656,77.536163,2017-12-18 00:00:00.000,22:00:00
Siddapura,kidnap,12.852892,77.553711,2018-06-01 00:00:00.000,13:00:00
Siddapura,kidnap,12.878402,77.55041,2018-01-29 00:00:00.000,16:00:00
Siddapura,kidnap,12.875019,77.529843,2018-10-13 00:00:00.000,21:00:00
Siddapura,kidnap,12.867056,77.536419,2018-12-17 00:00:00.000,21:00:00
Siddapura,kidnap,12.878899,77.485867,2018-01-17 00:00:00.000,15:00:00
Siddapura,kidnap,12.876592,77.491665,2018-01-19 00:00:00.000,10:00:00
Siddapura,kidnap,12.86738,77.563821,2019-02-25 00:00:00.000,13:13:00
Siddapura,kidnap,12.867925,77.563568,2019-03-22 00:00:00.000,16:00:00
Siddapura,kidnap,12.853787,77.573044,2019-03-29 00:00:00.000,10:00:00
Siddapura,kidnap,12.87418,77.549659,2019-04-13 00:00:00.000,
Siddapura,kidnap,12.857401,77.561101,2019-05-24 00:00:00.000,16:30:00
Siddapura,kidnap,12.869011,77.565298,2019-07-06 00:00:00.000,21:30:00
Siddapura,kidnap,12.880097,77.513418,2019-08-14 00:00:00.000,16:40:00
Siddapura,kidnap,12.861796,77.538009,2019-08-21 00:00:00.000,04:00:00
Siddapura,kidnap,12.85984,77.575677,2019-09-25 00:00:00.000,21:15:00
Siddapura,kidnap,12.870019,77.564431,2019-01-10 00:00:00.000,18:00:00
Siddapura,kidnap,12.888188,77.570812,2017-05-01 00:00:00.000,16:35:00
Siddapura,kidnap,12.87466,77.579319,2017-01-17 00:00:00.000,
Siddapura,kidnap,12.87769,77.56715,2017-02-14 00:00:00.000,17:30:00
Siddapura,kidnap,12.883525,77.563547,2017-02-17 00:00:00.000,10:50:00
Siddapura,kidnap,12.86409,77.584085,2017-03-03 00:00:00.000,10:30:00
Siddapura,kidnap,12.89122,77.623724,2017-03-15 00:00:00.000,
Siddapura,kidnap,12.878194,77.57011,2017-06-04 00:00:00.000,09:30:00
Siddapura,kidnap,12.884022,77.583093,2017-04-16 00:00:00.000,17:00:00
Siddapura,kidnap,12.840839,77.581043,2017-02-05 00:00:00.000,12:00:00
Siddapura,kidnap,12.878992,77.562182,2017-05-05 00:00:00.000,15:00:00
Siddapura,kidnap,12.887529,77.573481,2017-05-30 00:00:00.000,16:00:00
Siddapura,kidnap,12.87822,77.570138,2017-09-09 00:00:00.000,12:00:00
Siddapura,kidnap,12.846865,77.582922,2017-10-26 00:00:00.000,09:00:00
Siddapura,kidnap,12.748862,77.486417,2017-10-30 00:00:00.000,08:00:00
Siddapura,kidnap,12.860378,77.571322,2018-09-01 00:00:00.000,13:00:00
Siddapura,kidnap,12.886841,77.567815,2018-03-16 00:00:00.000,21:35:00
Siddapura,kidnap,12.84564,77.584142,2018-10-05 00:00:00.000,13:15:00
Siddapura,kidnap,12.880104,77.567961,2018-05-29 00:00:00.000,10:30:00
Siddapura,kidnap,12.88288,77.578462,2018-01-06 00:00:00.000,19:15:00
Siddapura,kidnap,12.8667989,77.580991,2018-03-06 00:00:00.000,16:00:00
Siddapura,kidnap,12.8813,77.570951,2018-06-13 00:00:00.000,15:00:00
Siddapura,kidnap,12.966528,77.401109,2018-07-07 00:00:00.000,12:45:00
Siddapura,kidnap,12.85706,77.58406,2018-07-29 00:00:00.000,09:30:00
Siddapura,kidnap,12.884005,77.56634,2018-03-11 00:00:00.000,09:00:00
Siddapura,kidnap,12.878655,77.566708,2018-12-11 00:00:00.000,17:30:00
Siddapura,kidnap,12.794486,77.62091,2018-06-12 00:00:00.000,09:50:00
Siddapura,kidnap,12.872893,77.582921,2019-01-17 00:00:00.000,13:30:00
Siddapura,kidnap,12.87331,77.574396,2019-02-02 00:00:00.000,11:30:00
Siddapura,kidnap,12.8863383,77.573795,2019-03-02 00:00:00.000,19:00:00
Siddapura,kidnap,12.869624,77.58232,2019-01-03 00:00:00.000,16:40:00
Siddapura,kidnap,12.89341,77.580255,2019-08-03 00:00:00.000,10:30:00
Siddapura,kidnap,12.86383,77.57767,2019-09-04 00:00:00.000,21:00:00
Siddapura,kidnap,12.873437,77.583593,2019-04-29 00:00:00.000,21:30:00
Siddapura,kidnap,12.89065,77.564006,2019-01-05 00:00:00.000,21:00:00
Siddapura,kidnap,12.8824024,77.560456,2019-07-05 00:00:00.000,15:00:00
Siddapura,kidnap,12.861253,77.579712,2019-09-05 00:00:00.000,21:00:00
Siddapura,kidnap,12.844501,77.584473,2019-05-22 00:00:00.000,13:00:00
Siddapura,kidnap,12.885465,77.569815,2019-05-29 00:00:00.000,21:30:00
Siddapura,kidnap,12.88829,77.580217,2019-06-13 00:00:00.000,15:15:00
Siddapura,kidnap,12.882462,77.569158,2019-10-08 00:00:00.000,15:30:00
Siddapura,kidnap,12.845799,77.584087,2019-08-19 00:00:00.000,19:00:00
Siddapura,kidnap,12.835799,77.584087,2019-08-25 00:00:00.000,15:00:00
Siddapura,kidnap,12.878746,77.5622,2019-08-31 00:00:00.000,12:15:00
Siddapura,kidnap,12.863913,77.585848,2019-10-21 00:00:00.000,12:30:00
Siddapura,kidnap,12.881754,77.569001,2019-11-19 00:00:00.000,14:30:00
Siddapura,kidnap,12.877836,77.583787,2018-04-26 00:00:00.000,21:45:00
Siddapura,kidnap,12.897937,77.581866,2018-06-06 21:30:00.000,
Siddapura,kidnap,12.893748,77.582169,2018-08-07 16:30:00.000,
Siddapura,kidnap,12.894594,77.59806,2018-12-07 17:30:00.000,
Siddapura,kidnap,12.887819,77.589648,2018-07-13 00:00:00.000,22:15:00
Siddapura,kidnap,12.903894,77.575222,2018-07-09 00:00:00.000,
Siddapura,kidnap,12.897128,77.585597,2018-09-16 00:00:00.000,11:30:00
Siddapura,kidnap,12.877897,77.583659,2018-10-13 00:00:00.000,14:30:00
Siddapura,kidnap,12892865.0,77.577889,2018-11-21 00:00:00.000,13:45:00
Siddapura,kidnap,12.893382,77.577596,2018-12-28 00:00:00.000,14:30:00
Siddapura,kidnap,12.900451,77.587543,2019-07-01 17:00:00.000,
Siddapura,kidnap,12.894823,77.59349,2019-06-03 17:45:00.000,
Siddapura,kidnap,12.890461,77.589768,2019-12-04 14:40:00.000,
Siddapura,kidnap,12.900451,77.587543,2019-01-05 13:30:00.000,
Siddapura,kidnap,12.893735,77.578614,2019-05-28 00:00:00.000,20:00:00
Siddapura,kidnap,12.926562,77.583264,2019-06-13 00:00:00.000,21:00:00
Siddapura,kidnap,12892865.0,77.577889,2019-08-14 00:00:00.000,10:40:00
Siddapura,kidnap,12.902374,77.597165,2019-06-09 10:30:00.000,
Siddapura,kidnap,12.889403,77.590344,2019-08-11 10:15:00.000,
Siddapura,kidnap,12.900451,77.587543,2019-08-12 20:35:00.000,
Siddapura,kidnap,12.8928133912158,77.5666300513369,2015-06-01 00:00:00.000,17:00:00
Siddapura,kidnap,12.8928133912158,77.5666300513369,2015-12-01 00:00:00.000,17:30:00
Siddapura,kidnap,12.905037,77.560909,2016-06-14 00:00:00.000,13:30:00
Siddapura,kidnap,12.910991,77.561872,2015-03-07 00:00:00.000,14:00:00
Siddapura,kidnap,12.904553,77.560433,2015-07-14 00:00:00.000,18:30:00
Siddapura,kidnap,12.893906,77.556449,2015-07-30 00:00:00.000,06:30:00
Siddapura,kidnap,12.902361,77.56838,2015-11-23 00:00:00.000,18:45:00
Siddapura,kidnap,12.9157553,77.571373,,15:30:00
Siddapura,kidnap,12.9157553,77.571373,2016-02-13 00:00:00.000,13:00:00
Siddapura,kidnap,12.904553,77.560433,2016-03-31 00:00:00.000,13:30:00
Siddapura,kidnap,12.9116,77.572476,2016-07-22 00:00:00.000,20:00:00
Siddapura,kidnap,12.893906,77.556449,2016-03-10 00:00:00.000,23:45:00
Siddapura,kidnap,12.910991,77.561872,2016-11-18 00:00:00.000,18:00:00
Siddapura,kidnap,12.894779,77.562256,2016-02-12 00:00:00.000,16:45:00
Siddapura,kidnap,12.906422,77.570394,2017-01-27 00:00:00.000,12:00:00
Siddapura,kidnap,12.893906,77.556449,2017-01-02 00:00:00.000,23:30:00
Siddapura,kidnap,12.898577,77.569538,2017-08-02 00:00:00.000,16:40:00
Siddapura,kidnap,12.906422,77.570394,,01:35:00
Siddapura,kidnap,12.90237,77.55504,2018-11-03 00:00:00.000,10:30:00
Siddapura,kidnap,12.893906,77.556449,2017-07-05 00:00:00.000,11:15:00
Siddapura,kidnap,12.893906,77.556449,2017-05-13 00:00:00.000,16:00:00
Siddapura,kidnap,12.91267,77.562103,2017-05-31 00:00:00.000,10:00:00
Siddapura,kidnap,12.900415,77.569332,2017-05-06 00:00:00.000,13:00:00
Siddapura,kidnap,12.900415,77.569332,2017-06-27 00:00:00.000,20:45:00
Siddapura,kidnap,12.904553,77.560433,2017-07-17 00:00:00.000,12:30:00
Siddapura,kidnap,12.91267,77.562103,2017-08-28 00:00:00.000,13:00:00
Siddapura,kidnap,12.894779,77.562256,2017-12-13 00:00:00.000,14:00:00
Siddapura,kidnap,12.904553,77.560433,2018-01-08 00:00:00.000,10:30:00
Siddapura,kidnap,12.904553,77.560433,2018-02-11 00:00:00.000,16:00:00
Siddapura,kidnap,12.902361,77.56838,2018-02-17 00:00:00.000,17:00:00
Siddapura,kidnap,12.896566,77.557231,2018-02-22 00:00:00.000,16:00:00
Siddapura,kidnap,12.904553,77.560433,2018-02-26 00:00:00.000,15:10:00
Siddapura,kidnap,12.8928133912158,77.5666300513369,2018-03-02 00:00:00.000,15:00:00
Siddapura,kidnap,12.894779,77.562256,2018-03-13 00:00:00.000,14:00:00
Siddapura,kidnap,12.904553,77.560433,2018-04-04 00:00:00.000,15:00:00
Siddapura,kidnap,12.9157553,77.571373,2018-04-20 00:00:00.000,19:00:00
Siddapura,kidnap,12.910991,77.561872,2018-05-27 00:00:00.000,13:00:00
Siddapura,kidnap,12.904553,77.560433,2018-07-07 00:00:00.000,18:00:00
Siddapura,kidnap,12.904553,77.560433,2018-11-07 00:00:00.000,17:00:00
Siddapura,kidnap,12.906422,77.570394,2018-07-27 00:00:00.000,23:00:00
Siddapura,kidnap,12.902556,77.562012,2018-10-08 00:00:00.000,15:00:00
Siddapura,kidnap,12.9116,77.572476,2018-08-17 00:00:00.000,14:00:00
Siddapura,kidnap,12.9157553,77.571373,2018-08-31 00:00:00.000,18:00:00
Siddapura,kidnap,12.9157553,77.571373,2018-04-09 00:00:00.000,18:00:00
Siddapura,kidnap,12.894779,77.562256,2018-08-09 00:00:00.000,18:00:00
Siddapura,kidnap,12.906422,77.570394,2018-12-12 00:00:00.000,10:30:00
Siddapura,kidnap,12.892905,77.561042,2018-12-19 00:00:00.000,13:00:00
Siddapura,kidnap,12.91267,77.562103,2018-12-29 00:00:00.000,14:15:00
Siddapura,kidnap,12.9157553,77.571373,2019-05-01 00:00:00.000,10:30:00
Siddapura,kidnap,12.9157553,77.571373,2019-02-15 00:00:00.000,14:00:00
Siddapura,kidnap,12.910581,77.558642,2019-02-15 00:00:00.000,20:00:00
Siddapura,kidnap,12.9157553,77.571373,2019-02-27 00:00:00.000,12:00:00
Siddapura,kidnap,12.904531,77.565234,2019-11-03 00:00:00.000,12:20:00
Siddapura,kidnap,12.894779,77.562256,2019-03-15 00:00:00.000,20:20:00
Siddapura,kidnap,12.904553,77.560433,2019-04-26 00:00:00.000,11:50:00
Siddapura,kidnap,12.902361,77.56838,2019-08-05 00:00:00.000,11:00:00
Siddapura,kidnap,12.894779,77.562256,2019-07-21 00:00:00.000,
Siddapura,kidnap,12.9157553,77.571373,2019-07-31 00:00:00.000,15:00:00
Siddapura,kidnap,12.904553,77.560433,2019-12-08 00:00:00.000,12:00:00
Siddapura,kidnap,12.894779,77.562256,2019-10-23 00:00:00.000,23:00:00
Siddapura,kidnap,12.8928133912158,77.5666300513369,2019-10-24 00:00:00.000,19:30:00
Siddapura,kidnap,12.904553,77.560433,2019-11-16 00:00:00.000,11:00:00
Siddapura,kidnap,12.894779,77.562256,2019-12-14 00:00:00.000,14:15:00
Siddapura,kidnap,12.8928133912158,77.5666300513369,2019-12-26 00:00:00.000,11:30:00
Siddapura,kidnap,12.9157553,77.571373,2019-12-25 00:00:00.000,13:00:00
Siddapura,kidnap,12.941058,77.538891,2015-02-07 22:45:00.000,
Siddapura,kidnap,12.930253,77.539685,2015-07-14 00:00:00.000,21:50:00
Siddapura,kidnap,12.932605,77.545341,2015-03-08 00:00:00.000,
Siddapura,kidnap,12.942079,77.544154,2015-12-26 00:00:00.000,11:50:00
Siddapura,kidnap,12.93796,77.536465,2015-12-31 00:00:00.000,13:00:00
Siddapura,kidnap,12.943504,77.551545,2016-08-02 00:00:00.000,
Siddapura,kidnap,12.921688,77.535582,2016-03-28 00:00:00.000,18:30:00
Siddapura,kidnap,12.942908,77.538157,2016-12-17 00:00:00.000,11:00:00
Siddapura,kidnap,12.941531,77.540823,2016-12-21 00:00:00.000,20:30:00
Siddapura,kidnap,12.934989,77.551589,2016-07-29 00:00:00.000,09:30:00
Siddapura,kidnap,12.928223,77.535324,2017-08-01 00:00:00.000,20:30:00
Siddapura,kidnap,12.938646,77.549677,2017-09-01 00:00:00.000,
Siddapura,kidnap,12.943098,77.542106,2017-01-17 00:00:00.000,18:30:00
Siddapura,kidnap,12.928169,77.536215,2017-07-06 00:00:00.000,23:00:00
Siddapura,kidnap,12.929142,77.540449,2017-06-28 00:00:00.000,11:00:00
Siddapura,kidnap,12.93629,77.539916,2017-07-07 00:00:00.000,10:30:00
Siddapura,kidnap,12.922056,77.537204,2017-07-19 00:00:00.000,23:30:00
Siddapura,kidnap,12.768354,77.549231,2017-10-24 00:00:00.000,18:45:00
Siddapura,kidnap,12.930393,77.542147,2018-01-12 00:00:00.000,18:45:00
Siddapura,kidnap,12.93423,77.543063,2018-03-09 00:00:00.000,12:15:00
Siddapura,kidnap,12.941407,77.540401,2018-02-20 00:00:00.000,19:30:00
Siddapura,kidnap,12.946259,77.544006,2018-05-21 00:00:00.000,18:30:00
Siddapura,kidnap,12.936859,77.539964,2018-07-27 00:00:00.000,13:00:00
Siddapura,kidnap,12.943885,77.54317,2018-08-26 00:00:00.000,11:30:00
Siddapura,kidnap,12.937898,77.535541,2018-10-15 00:00:00.000,10:20:00
Siddapura,kidnap,12.938148,77.534806,2018-12-18 00:00:00.000,20:15:00
Siddapura,kidnap,12.938312,77.536783,2019-01-30 00:00:00.000,18:00:00
Siddapura,kidnap,12.943145,77.545449,2019-02-01 00:00:00.000,18:00:00
Siddapura,kidnap,12.931922,77.543705,2019-02-04 00:00:00.000,12:00:00
Siddapura,kidnap,12.929536,77.534776,2019-03-14 00:00:00.000,13:45:00
Siddapura,kidnap,12.939643,77.535322,2019-07-24 00:00:00.000,18:15:00
Siddapura,kidnap,12.943788,77.541996,2019-10-17 00:00:00.000,11:30:00
Siddapura,kidnap,12.94098,77.551554,2019-11-07 00:00:00.000,13:00:00
Siddapura,kidnap,12.925814,77.537995,2019-12-21 00:00:00.000,22:30:00
Siddapura,kidnap,77.563213,12.953436,2016-07-09 00:00:00.000,11:15:00
Siddapura,kidnap,77.561639,12.953286,2016-10-13 00:00:00.000,17:45:00
Siddapura,kidnap,77.55926598,12.95689834,2017-05-05 00:00:00.000,14:00:00
Siddapura,kidnap,77.5643001,12.95046684,2017-07-06 00:00:00.000,10:15:00
Siddapura,kidnap,77.5643001,12.95046684,2017-07-06 00:00:00.000,10:40:00
Siddapura,kidnap,12.94655,77.561969,2018-03-16 00:00:00.000,17:00:00
Siddapura,kidnap,12.95367,77.55837,2018-03-04 00:00:00.000,18:00:00
Siddapura,kidnap,12.9532,77.562441,2018-07-05 00:00:00.000,19:30:00
Siddapura,kidnap,12.953624,77.558171,2018-02-06 00:00:00.000,23:15:00
Siddapura,kidnap,12.94739018,77.57228106,2018-06-21 00:00:00.000,17:00:00
Siddapura,kidnap,12.95331,77.55839,2018-08-18 00:00:00.000,18:30:00
Siddapura,kidnap,12.94682,77.560151,2018-08-10 00:00:00.000,15:45:00
Siddapura,kidnap,12.953238,77.557978,2019-02-25 00:00:00.000,12:30:00
Siddapura,kidnap,12.95151,77.55573,2019-05-16 00:00:00.000,18:30:00
Siddapura,kidnap,12.9562,77.56349,2019-10-06 00:00:00.000,12:30:00
Siddapura,kidnap,12.95226481,77.56999599,2015-04-03 00:00:00.000,22:15:00
Siddapura,kidnap,12.94946,77.5713,2016-07-28 00:00:00.000,08:30:00
Siddapura,kidnap,12.9588958871409,77.5725400779745,,14:15:00
Siddapura,kidnap,12.96046307,77.57137206,,13:30:00
Siddapura,kidnap,12.9504085896878,77.5749663400693,2017-10-03 00:00:00.000,14:00:00
Siddapura,kidnap,12.95882913,77.57007146,,18:00:00
Siddapura,kidnap,12.9504085896878,77.5749663400693,,15:00:00
Siddapura,kidnap,12.9558507587663,77.5755996713555,2018-08-01 00:00:00.000,11:30:00
Siddapura,kidnap,12.96240552,77.57056907,2018-01-02 00:00:00.000,12:10:00
Siddapura,kidnap,12.96170594,77.57113689,2018-01-03 00:00:00.000,11:00:00
Siddapura,kidnap,12.96240552,77.57056907,,19:45:00
Siddapura,kidnap,12.95801501,77.56948559,2018-08-08 00:00:00.000,11:30:00
Siddapura,kidnap,12.9595545,77.57161241,2018-10-11 00:00:00.000,11:00:00
Siddapura,kidnap,12.95078529,77.57683747,,21:00:00
Siddapura,kidnap,12.95608437,77.57561273,,02:15:00
Siddapura,kidnap,12.95585487,77.57783568,,18:30:00
Siddapura,kidnap,12.94525,77.55439,2015-02-02 00:00:00.000,16:30:00
Siddapura,kidnap,12.94757,77.5507,2015-09-05 00:00:00.000,23:30:00
Siddapura,kidnap,12.94735,77.55611,2015-07-06 00:00:00.000,15:00:00
Siddapura,kidnap,12.94223,77.56522,2015-08-09 00:00:00.000,15:30:00
Siddapura,kidnap,12.94364,77.55295,2015-10-13 00:00:00.000,23:50:00
Siddapura,kidnap,12.94503,77.55863,2016-01-13 00:00:00.000,15:00:00
Siddapura,kidnap,12.94319,77.55245,2016-03-20 00:00:00.000,20:40:00
Siddapura,kidnap,12.93624,77.55372,2016-04-22 00:00:00.000,20:00:00
Siddapura,kidnap,12.94418,77.55125,2016-10-06 00:00:00.000,18:30:00
Siddapura,kidnap,12.93655,77.5602,2016-12-06 00:00:00.000,21:30:00
Siddapura,kidnap,12.93576,77.56037,2016-07-13 00:00:00.000,14:15:00
Siddapura,kidnap,12.9375,77.55484,2016-11-08 00:00:00.000,09:00:00
Siddapura,kidnap,12.94255,77.56258,2016-02-09 00:00:00.000,19:30:00
Siddapura,kidnap,12.94242,77.56085,2016-12-12 00:00:00.000,17:30:00
Siddapura,kidnap,12.93524,77.56337,2016-12-27 00:00:00.000,11:00:00
Siddapura,kidnap,12.93471,77.55548,2016-12-27 00:00:00.000,11:20:00
Siddapura,kidnap,12.94716,77.55464,2017-03-03 00:00:00.000,12:00:00
Siddapura,kidnap,12.93943,77.5542,2017-03-28 00:00:00.000,11:30:00
Siddapura,kidnap,12.94234,77.56534,2017-04-22 00:00:00.000,11:30:00
Siddapura,kidnap,12.94852,77.55155,2017-05-18 00:00:00.000,11:00:00
Siddapura,kidnap,12.93481,77.56529,2017-08-06 00:00:00.000,22:15:00
Siddapura,kidnap,12.94255,77.56258,2017-08-30 00:00:00.000,17:30:00
Siddapura,kidnap,12.9471,77.5553,2017-09-24 00:00:00.000,16:00:00
Siddapura,kidnap,12.95078,77.55267,2017-08-10 00:00:00.000,12:45:00
Siddapura,kidnap,12.94666,77.55441,2017-08-10 00:00:00.000,18:45:00
Siddapura,kidnap,12.94486,77.55427,2017-10-27 00:00:00.000,21:50:00
Siddapura,kidnap,12.94318,77.55112,2017-11-18 00:00:00.000,20:30:00
Siddapura,kidnap,12.94136,77.55381,2017-12-14 00:00:00.000,21:00:00
Siddapura,kidnap,12.94716,77.55464,2018-02-02 00:00:00.000,19:30:00
Siddapura,kidnap,12.9464,77.55544,2018-04-14 00:00:00.000,11:15:00
Siddapura,kidnap,12.94584,77.55967,2018-06-20 00:00:00.000,19:30:00
Siddapura,kidnap,12.93524,77.56337,2018-09-21 00:00:00.000,18:00:00
Siddapura,kidnap,12.94353,77.56601,2018-09-27 00:00:00.000,16:30:00
Siddapura,kidnap,12.94141,77.56263,2019-02-21 00:00:00.000,21:00:00
Siddapura,kidnap,12.94165,77.56075,2019-09-07 00:00:00.000,12:00:00
Siddapura,kidnap,12.9466,77.56138,2019-08-27 00:00:00.000,14:15:00
Siddapura,kidnap,12.94662,77.55213,2019-09-17 00:00:00.000,12:30:00
Siddapura,kidnap,12.96153,77.54295,2019-10-15 00:00:00.000,18:20:00
Siddapura,kidnap,12.94369,77.55238,2019-11-15 00:00:00.000,20:30:00
Siddapura,kidnap,12.9494,77.55375,2019-12-16 00:00:00.000,21:00:00
Siddapura,kidnap,12.920302,77.547338,2015-11-30 00:00:00.000,07:30:00
Siddapura,kidnap,12.928069,77.556175,2015-06-12 00:00:00.000,01:30:00
Siddapura,kidnap,12.927006,77.551285,2016-11-02 00:00:00.000,03:00:00
Siddapura,kidnap,12.92678,77.550591,2016-02-27 00:00:00.000,02:30:00
Siddapura,kidnap,12.927961,77.552001,2016-02-05 00:00:00.000,05:00:00
Siddapura,kidnap,12.932815,77.555745,2016-04-05 00:00:00.000,09:40:00
Siddapura,kidnap,12.921142,77.545256,2016-10-05 00:00:00.000,01:30:00
Siddapura,kidnap,12.921812,77.540898,2016-06-06 00:00:00.000,02:00:00
Siddapura,kidnap,12.926301,77.547585,2016-04-07 00:00:00.000,11:00:00
Siddapura,kidnap,12.91985,77.54513,2017-03-02 00:00:00.000,09:15:00
Siddapura,kidnap,12.933133,77.554945,2017-02-22 00:00:00.000,07:00:00
Siddapura,kidnap,12.921085,77.545753,2017-05-29 00:00:00.000,09:45:00
Siddapura,kidnap,12.933591,77.550183,2017-06-25 00:00:00.000,12:30:00
Siddapura,kidnap,12.919566,77.541079,2017-10-23 00:00:00.000,01:45:00
Siddapura,kidnap,12.921535,77.543298,2017-11-11 00:00:00.000,01:00:00
Siddapura,kidnap,12.927335,77.558155,2017-11-14 00:00:00.000,05:00:00
Siddapura,kidnap,12.919443,77.541827,2018-02-28 00:00:00.000,03:00:00
Siddapura,kidnap,12.929312,77.552932,2018-03-26 00:00:00.000,10:15:00
Siddapura,kidnap,12.924527,77.543744,2018-05-05 00:00:00.000,01:45:00
Siddapura,kidnap,12.927768,77.558389,2018-10-05 00:00:00.000,11:00:00
Siddapura,kidnap,12.923513,77.547378,2018-10-05 00:00:00.000,12:00:00
Siddapura,kidnap,12.922241,77.549207,2018-12-06 00:00:00.000,04:00:00
Siddapura,kidnap,12.923399,77.542044,2018-06-30 00:00:00.000,10:30:00
Siddapura,kidnap,12.92661,77.543612,2018-07-21 00:00:00.000,05:00:00
Siddapura,kidnap,12.924851,77.559989,2018-06-08 00:00:00.000,07:30:00
Siddapura,kidnap,12.920918,77.553001,2018-02-08 00:00:00.000,10:20:00
Siddapura,kidnap,12.931713,77.55831,,05:00:00
Siddapura,kidnap,12.919726,77.540096,,10:45:00
Siddapura,kidnap,12.931113,77.562066,,06:10:00
Siddapura,kidnap,12.934536,77.558654,2018-12-11 00:00:00.000,04:15:00
Siddapura,kidnap,12.928254,77.559942,2018-11-17 00:00:00.000,01:00:00
Siddapura,kidnap,12.931165,77.561615,2018-11-28 00:00:00.000,12:15:00
Siddapura,kidnap,12.930523,77.553762,2018-10-12 00:00:00.000,06:00:00
Siddapura,kidnap,12.921935,77.552745,2018-12-17 00:00:00.000,03:30:00
Siddapura,kidnap,12.921096,77.542289,2019-03-01 00:00:00.000,09:30:00
Siddapura,kidnap,12.930533,77.56006,2019-07-02 00:00:00.000,02:00:00
Siddapura,kidnap,12.919938,77.539316,2019-09-02 00:00:00.000,10:00:00
Siddapura,kidnap,12.922189,77.547143,2019-02-16 00:00:00.000,03:00:00
Siddapura,kidnap,12.923744,77.553371,2019-02-26 00:00:00.000,
Siddapura,kidnap,12.932799,77.563597,2019-03-18 00:00:00.000,10:35:00
Siddapura,kidnap,12.931299,77.557662,2019-06-22 18:00:00.000,
Siddapura,kidnap,12.920858,77.545245,2019-06-24 19:30:00.000,
Siddapura,kidnap,12.920577,77.543161,2019-07-30 19:30:00.000,
Siddapura,kidnap,12.931525,77.56159,2019-10-01 17:00:00.000,
Siddapura,rape,12.94197,77.50588,2015-02-06 10:50:00.000,
Siddapura,rape,12.933274,77.583281,2017-10-26 00:00:00.000,14:00:00
Siddapura,rape,12.888238,77.569679,2017-12-26 00:00:00.000,20:00:00
Siddapura,rape,12.939824,77.57269,2015-10-30 00:00:00.000,13:30:00
Siddapura,rape,12.943541,77.57964,2019-09-04 00:00:00.000,
Siddapura,rape,12.936987,77.568395,2019-05-20 00:00:00.000,12:00:00
Siddapura,rape,12.9117826,77.5776407,2015-02-23 00:00:00.000,12:00:00
Siddapura,rape,12.909427,77.5706543,2015-05-18 00:00:00.000,12:00:00
Siddapura,rape,12.9147223,77.5968094,2016-04-02 04:30:00.000,
Siddapura,rape,12.9075563,77.5708723,2018-03-15 00:00:00.000,08:30:00
Siddapura,rape,12.9067545,77.5882936,2018-03-24 00:00:00.000,12:30:00
Siddapura,rape,13.0184,77.6781,2017-01-11 00:00:00.000,17:00:00
Siddapura,rape,12.933186,77.591077,2015-02-26 00:00:00.000,22:30:00
Siddapura,rape,12.943525,77.594291,2016-04-05 00:00:00.000,11:00:00
Siddapura,rape,12.91226037,77.59215042,2015-01-29 00:00:00.000,11:30:00
Siddapura,rape,12.91033123,77.55156956,2015-03-04 00:00:00.000,13:50:00
Siddapura,rape,12.87795004,77.58300166,2015-04-22 00:00:00.000,14:30:00
Siddapura,rape,12.91452342,77.54777923,2016-03-19 00:00:00.000,01:30:00
Siddapura,rape,12.89157884,77.58142943,2016-07-15 00:00:00.000,17:00:00
Siddapura,rape,12.89825057,77.54800705,2016-07-20 00:00:00.000,21:45:00
Siddapura,rape,12.88280504,77.56504176,2017-03-27 00:00:00.000,17:00:00
Siddapura,rape,12.90975822,77.55423858,2017-11-05 00:00:00.000,18:40:00
Siddapura,rape,12.89688992,77.57136348,2018-05-29 00:00:00.000,22:45:00
Siddapura,rape,12.880629,77.543807,2015-10-09 00:00:00.000,22:00:00
Siddapura,rape,12.881293,77.547893,2015-10-09 00:00:00.000,22:00:00
Siddapura,rape,12.398776,77.590802,2016-02-01 00:00:00.000,
Siddapura,rape,12.874197,77.52783,2018-12-22 00:00:00.000,16:00:00
Siddapura,rape,12.882585,77.546078,2019-04-03 00:00:00.000,20:00:00
Siddapura,rape,12.892543,77.366609,2019-07-05 00:00:00.000,20:00:00
Siddapura,rape,12.870965,77.53059,2019-06-20 00:00:00.000,19:00:00
Siddapura,rape,12.870947,77.536765,2019-07-20 00:00:00.000,21:00:00
Siddapura,rape,12.861982,77.563524,2019-08-17 00:00:00.000,11:45:00
Siddapura,rape,12.891973,77.541607,2019-02-10 00:00:00.000,10:00:00
Siddapura,rape,12.865267,77.557889,2019-03-11 00:00:00.000,20:00:00
Siddapura,rape,12.8834428,77.569808,2017-10-20 00:00:00.000,10:00:00
Siddapura,rape,12.88822,77.578284,2017-12-17 00:00:00.000,13:00:00
Siddapura,rape,12.88296,77.570727,2018-03-23 00:00:00.000,22:30:00
Siddapura,rape,12.88086,77.57472,2018-03-24 00:00:00.000,12:40:00
Siddapura,rape,12.840419,77.576783,2018-03-24 00:00:00.000,21:00:00
Siddapura,rape,12.866994,77.591193,2018-06-07 00:00:00.000,09:30:00
Siddapura,rape,12.887741,77.56966,2018-05-08 00:00:00.000,18:10:00
Siddapura,rape,12.8807444,77.57559,2018-11-26 00:00:00.000,19:45:00
Siddapura,rape,12.888224,77.570902,2019-03-07 00:00:00.000,12:30:00
Siddapura,rape,12.88226,77.56431,2019-08-23 00:00:00.000,23:30:00
Siddapura,rape,12.844683,77.583062,2019-10-24 00:00:00.000,17:00:00
Siddapura,rape,12.889349,77.578031,2019-12-11 00:00:00.000,07:00:00
Siddapura,rape,12.8976881,77.584369,2018-11-16 00:00:00.000,16:30:00
Siddapura,rape,12.89745,77.5945,2019-01-25 00:00:00.000,10:50:00
Siddapura,rape,12.9050964485764,77.571337000055,2015-01-12 00:00:00.000,03:15:00
Siddapura,rape,12.895284445528,77.5662128659953,2017-07-04 00:00:00.000,21:00:00
Siddapura,rape,12.9155719870194,77.5732155912695,2017-07-01 00:00:00.000,20:00:00
Siddapura,rape,12.895284445528,77.5662128659953,2018-06-12 00:00:00.000,18:00:00
Siddapura,rape,12.8979064683143,77.5594980995282,2019-03-27 00:00:00.000,16:00:00
Siddapura,rape,12.9026408373789,77.5697430368268,2019-04-12 00:00:00.000,16:00:00
Siddapura,rape,12.937248,77.536549,2015-11-24 00:00:00.000,16:00:00
Siddapura,rape,12.932668,77.54142,2018-05-26 00:00:00.000,
Siddapura,rape,12.951275,77.56574,2019-03-25 00:00:00.000,21:20:00
Siddapura,rape,12.95534,77.56122,2019-12-04 00:00:00.000,20:30:00
Siddapura,rape,12.95506,77.56706,2019-10-31 00:00:00.000,18:30:00
Siddapura,rape,12.57023,77.331323,2015-01-28 00:00:00.000,
Siddapura,rape,12.933008,77.560953,2016-08-01 00:00:00.000,03:00:00
Siddapura,rape,12.923288,77.542503,2016-08-05 00:00:00.000,11:30:00
Siddapura,rape,12.923332,77.548353,2018-02-26 00:00:00.000,08:45:00
Siddapura,rape,12.930748,77.554886,2019-05-27 00:00:00.000,09:00:00
Siddapura,assault,12.915668,77.569861,2015-01-20 00:00:00.000,11:00:00
Siddapura,assault,12.92397,77.57968,2015-01-22 00:00:00.000,12:00:00
Siddapura,assault,12.88605,77.494843,2015-03-02 00:00:00.000,01:00:00
Siddapura,assault,12.88605,77.494843,2015-03-22 00:00:00.000,10:30:00
Siddapura,assault,12.92875,77.5801,2015-03-30 00:00:00.000,
Siddapura,assault,12.971599,77.594563,2015-03-31 00:00:00.000,12:00:00
Siddapura,assault,12.919817,77.58481,2015-04-13 00:00:00.000,04:00:00
Siddapura,assault,12.926384,77.578007,2015-04-22 00:00:00.000,05:00:00
Siddapura,assault,12.926254,77.584896,2015-05-31 00:00:00.000,06:00:00
Siddapura,assault,12.550228,77.350844,2015-06-27 00:00:00.000,07:00:00
Siddapura,assault,12.9373,77.584642,2015-07-22 00:00:00.000,11:00:00
Siddapura,assault,12.926254,77.584896,2015-08-18 00:00:00.000,11:30:00
Siddapura,assault,12.927258,77.585571,2015-08-21 00:00:00.000,11:40:00
Siddapura,assault,12.922537,77.616736,2015-10-09 00:00:00.000,12:10:00
Siddapura,assault,12.919691,77.561583,,
Siddapura,assault,12.920121,77.571397,2015-09-14 00:00:00.000,09:00:00
Siddapura,assault,12.971599,77.594563,2015-10-31 00:00:00.000,09:30:00
Siddapura,assault,12.9298,77.621739,2015-12-23 00:00:00.000,10:00:00
Siddapura,assault,12.919774,77.577703,2016-02-22 00:00:00.000,12:00:00
Siddapura,assault,12.930901,77.579527,2016-02-22 00:00:00.000,09:30:00
Siddapura,assault,12.942117,77.575361,2016-09-03 00:00:00.000,09:15:00
Siddapura,assault,12.971599,77.594563,2016-03-19 00:00:00.000,11:15:00
Siddapura,assault,12.92594,77.583042,2016-03-21 00:00:00.000,11:35:00
Siddapura,assault,12.928807,77.58585,2016-08-04 00:00:00.000,12:00:00
Siddapura,assault,12.930877,77.57673,2016-02-05 00:00:00.000,09:30:00
Siddapura,assault,12.544272,77.342621,2016-09-06 00:00:00.000,05:30:00
Siddapura,assault,12.92367,77.58014,2016-09-06 00:00:00.000,04:00:00
Siddapura,assault,12.35554,77.345587,2016-03-07 00:00:00.000,08:00:00
Siddapura,assault,12.926793,77.588426,2016-05-08 00:00:00.000,09:00:00
Siddapura,assault,12.582316,77.362914,2016-10-13 00:00:00.000,09:30:00
Siddapura,assault,12.94518,77.58715,2016-12-12 00:00:00.000,04:15:00
Siddapura,assault,12.554571,77.351017,2016-12-12 00:00:00.000,05:30:00
Siddapura,assault,12.971599,77.594563,2016-12-12 00:00:00.000,04:00:00
Siddapura,assault,12.971599,77.594563,2016-12-18 00:00:00.000,05:00:00
Siddapura,assault,12.971599,77.594563,2016-12-22 00:00:00.000,05:30:00
Siddapura,assault,12.92634,77.57802,2017-01-21 00:00:00.000,11:00:00
Siddapura,assault,12.91945,77.58825,2017-01-29 00:00:00.000,11:30:00
Siddapura,assault,12.91945,77.58825,2017-06-04 00:00:00.000,12:00:00
Siddapura,assault,12.91756,77.58832,2017-04-25 00:00:00.000,12:30:00
Siddapura,assault,12.92723,77.58548,2017-06-27 00:00:00.000,11:15:00
Siddapura,assault,12.92208,77.58953,2017-10-07 00:00:00.000,12:00:00
Siddapura,assault,12.92367,77.58014,2017-08-29 00:00:00.000,12:30:00
Siddapura,assault,12.925668,77.592755,2017-08-29 00:00:00.000,01:00:00
Siddapura,assault,12.921556,77.589475,2017-02-09 00:00:00.000,05:00:00
Siddapura,assault,12.9248566,77.576998,2017-07-09 00:00:00.000,04:30:00
Siddapura,assault,12.92485,77.5868,2017-09-13 00:00:00.000,09:15:00
Siddapura,assault,12.921752,77.586995,2017-09-29 00:00:00.000,10:20:00
Subramanyapura,assault,12.92208,77.58953,2017-02-10 00:00:00.000,11:30:00
Subramanyapura,assault,12.920536,77.5827886,2017-10-28 00:00:00.000,11:45:00
Subramanyapura,assault,12.9237563,77.586952,2017-01-11 00:00:00.000,12:00:00
Subramanyapura,assault,12.924178,77.590603,2017-08-11 00:00:00.000,01:00:00
Subramanyapura,assault,12.92938,77.586042,2017-11-16 00:00:00.000,
Subramanyapura,assault,12.26607,76.58227,2017-11-22 00:00:00.000,
Subramanyapura,assault,12.560022,77.344577,2017-11-26 00:00:00.000,
Subramanyapura,assault,12.553641,77.350641,2017-11-28 00:00:00.000,08:45:00
Subramanyapura,assault,12.9313,77.09397,2017-11-29 00:00:00.000,09:45:00
Subramanyapura,assault,12.555585,77.35006,2017-07-12 00:00:00.000,01:50:00
Subramanyapura,assault,12.554511,77.350073,2017-12-23 00:00:00.000,02:00:00
Subramanyapura,assault,12.545464,77.342616,2017-12-25 00:00:00.000,10:20:00
Subramanyapura,assault,12.16216,77.70683,2017-12-31 00:00:00.000,11:00:00
Subramanyapura,assault,12.47337,77.47787,2018-01-16 00:00:00.000,11:30:00
Subramanyapura,assault,12.926745,77.579258,2018-01-16 00:00:00.000,01:00:00
Subramanyapura,assault,12.555288,77.350521,2018-11-02 00:00:00.000,02:30:00
Subramanyapura,assault,12.92753,77576600.0,2018-03-20 00:00:00.000,11:30:00
Subramanyapura,assault,12.922517,77.587116,2018-04-18 00:00:00.000,12:00:00
Subramanyapura,assault,12.930749,77.582961,2018-01-06 00:00:00.000,08:45:00
Subramanyapura,assault,12.551592,77.351339,2018-12-08 00:00:00.000,09:15:00
Subramanyapura,assault,12.931904,77.585883,2018-08-31 00:00:00.000,09:45:00
Subramanyapura,assault,12.929561,77.575507,2018-08-09 00:00:00.000,10:50:00
Subramanyapura,assault,12.922517,77.587116,2019-02-18 00:00:00.000,11:00:00
Subramanyapura,assault,12.945182,77.597825,2019-03-14 00:00:00.000,11:15:00
Subramanyapura,assault,12.931566,77.584634,2019-03-27 00:00:00.000,12:30:00
Subramanyapura,assault,12.32331,76.61077,2019-04-20 00:00:00.000,01:00:00
Subramanyapura,assault,12.92626,77.58598,2019-05-05 00:00:00.000,02:00:00
Subramanyapura,assault,12.555156,77.350063,2019-06-05 00:00:00.000,10:00:00
Subramanyapura,assault,12.55474,77.350605,2019-05-20 00:00:00.000,10:30:00
Subramanyapura,assault,12.93087,77.58145,2019-05-22 00:00:00.000,11:15:00
Subramanyapura,assault,12.920789,77.58415,2019-05-27 00:00:00.000,11:50:00
Subramanyapura,assault,12.971599,77.594563,2019-06-20 00:00:00.000,12:00:00
Subramanyapura,assault,12.91795,77.58878,2019-06-24 00:00:00.000,04:00:00
Subramanyapura,assault,12.241653,77.363421,2019-01-10 00:00:00.000,05:00:00
Subramanyapura,assault,12.92938,77.582961,2019-01-11 00:00:00.000,06:00:00
Subramanyapura,assault,12.361236,77.396512,2019-11-24 00:00:00.000,09:15:00
Subramanyapura,assault,12.241653,77.349614,2019-11-29 00:00:00.000,10:45:00
Subramanyapura,assault,12.241652,77.363942,2019-12-23 00:00:00.000,11:30:00
Subramanyapura,assault,12.91796,77.600883,2019-12-28 00:00:00.000,12:00:00
Subramanyapura,assault,12.947483,77.567938,2015-03-03 00:00:00.000,15:15:00
Subramanyapura,assault,12.947657,77.580014,2015-07-03 00:00:00.000,
Subramanyapura,assault,12.947999,77.571559,2015-03-24 00:00:00.000,21:05:00
Subramanyapura,assault,12.94262,77.570347,2015-06-05 00:00:00.000,19:30:00
Subramanyapura,assault,12.940197,77.57321,2015-05-16 00:00:00.000,21:00:00
Subramanyapura,assault,12.939577,77.571341,2015-05-22 00:00:00.000,18:30:00
Subramanyapura,assault,12.938381,77.572111,2015-06-20 00:00:00.000,22:25:00
Subramanyapura,assault,12.938381,77.572111,2015-06-22 00:00:00.000,13:00:00
Subramanyapura,assault,12.945012,77.570275,2015-11-07 00:00:00.000,18:30:00
Subramanyapura,assault,13.940623,77.575326,2015-07-17 00:00:00.000,10:30:00
Subramanyapura,assault,12.936641,77.5755,2015-08-19 00:00:00.000,15:00:00
Subramanyapura,assault,12.948113,77.56867,2015-10-09 00:00:00.000,
Subramanyapura,assault,12.946584,77.570663,2015-12-09 00:00:00.000,20:56:00
Subramanyapura,assault,12.948113,77.56867,2015-03-10 00:00:00.000,20:00:00
Subramanyapura,assault,12.942869,77.579878,2015-04-11 00:00:00.000,
Subramanyapura,assault,12.941737,77.573275,2015-03-12 00:00:00.000,22:00:00
Subramanyapura,assault,12.948132,77.579756,2015-12-15 00:00:00.000,13:45:00
Subramanyapura,assault,12.942133,77.578746,2015-12-22 00:00:00.000,17:05:00
Subramanyapura,assault,12.943177,77.571162,2016-01-21 00:00:00.000,20:10:00
Subramanyapura,assault,12.943177,77.571162,2016-02-13 00:00:00.000,13:45:00
Subramanyapura,assault,12.93599,77.574076,2016-04-14 00:00:00.000,17:30:00
Subramanyapura,assault,12.942133,77.578746,2016-01-05 00:00:00.000,21:15:00
Subramanyapura,assault,12.942133,77.578746,2016-10-05 00:00:00.000,
Subramanyapura,assault,12.940208,77.579802,2016-05-15 00:00:00.000,18:00:00
Subramanyapura,assault,12.94255243,77.5798338,2016-05-21 00:00:00.000,14:30:00
Subramanyapura,assault,12.9415428,77.577026,2016-05-31 00:00:00.000,12:15:00
Subramanyapura,assault,12.94629544,77.57029688,2016-06-30 00:00:00.000,23:45:00
Subramanyapura,assault,12.93917139,77.57183068,2016-07-18 00:00:00.000,21:00:00
Subramanyapura,assault,12.9399106,77.56776662,2016-08-22 00:00:00.000,16:45:00
Subramanyapura,assault,12.94419644,77.57926095,2016-09-18 00:00:00.000,23:00:00
Subramanyapura,assault,12.94235652,77.57242618,2016-09-26 00:00:00.000,10:30:00
Subramanyapura,assault,12.94600147,77.56838223,2016-09-26 00:00:00.000,11:45:00
Subramanyapura,assault,12.9417117,77.57477473,2016-09-29 00:00:00.000,11:00:00
Subramanyapura,assault,12.94357002,77.5799236,2016-12-16 00:00:00.000,11:30:00
Subramanyapura,assault,12.93711028,77.58005565,2016-12-31 00:00:00.000,17:56:00
Subramanyapura,assault,12.942133,77.578746,2017-01-31 00:00:00.000,15:00:00
Subramanyapura,assault,12.93594305,77.5753617,2017-03-02 00:00:00.000,
Subramanyapura,assault,12.942133,77.578746,2017-02-19 00:00:00.000,17:30:00
Subramanyapura,assault,12.936325,77.571876,2017-04-24 00:00:00.000,18:45:00
Subramanyapura,assault,12.940447,77.568217,2017-04-30 00:00:00.000,20:15:00
Subramanyapura,assault,12.941295,77.580022,2017-05-13 00:00:00.000,13:00:00
Subramanyapura,assault,12.947533,77.573701,2017-05-23 00:00:00.000,18:00:00
Subramanyapura,assault,12.9391113,77.5697017,2017-05-24 00:00:00.000,20:10:00
Subramanyapura,assault,12.937585,77.573808,2017-05-25 00:00:00.000,17:45:00
Subramanyapura,assault,12.9472534,77.57479008,2017-11-06 00:00:00.000,
Subramanyapura,assault,12.9397949,77.5773812,2017-06-18 00:00:00.000,13:30:00
Subramanyapura,assault,12.941459,77.571213,2017-06-21 00:00:00.000,19:00:00
Subramanyapura,assault,12.941409,77.57992,2017-01-07 00:00:00.000,
Subramanyapura,assault,12.94332042,77.57721061,2017-04-07 00:00:00.000,
Subramanyapura,assault,12.936325,77.56892,2017-08-16 00:00:00.000,17:30:00
Subramanyapura,assault,12.9447574,77.5784909,2017-06-09 00:00:00.000,
Subramanyapura,assault,12.93528104,77.57011754,2017-09-15 00:00:00.000,17:00:00
Subramanyapura,assault,12.9378719,77.5787329,2017-09-30 00:00:00.000,11:00:00
Subramanyapura,assault,12.940373,77.579131,2017-10-18 00:00:00.000,12:45:00
Subramanyapura,assault,12.946453,77.575328,2017-01-08 00:00:00.000,
Subramanyapura,assault,12.944758,77.578493,2017-10-19 00:00:00.000,16:45:00
Subramanyapura,assault,12.933297,77.344217,2017-10-25 00:00:00.000,17:20:00
Subramanyapura,assault,12.943761,77.567843,2017-11-17 00:00:00.000,19:50:00
Subramanyapura,assault,12.9415428,77.577026,2017-06-12 00:00:00.000,
Subramanyapura,assault,12.937788,77.580148,2017-07-12 00:00:00.000,
Subramanyapura,assault,12.93087,77.568371,2017-12-21 00:00:00.000,22:00:00
Subramanyapura,assault,12.940508,77.576202,2018-11-01 00:00:00.000,
Subramanyapura,assault,12.94797384,77.57988959,2018-01-17 00:00:00.000,12:30:00
Subramanyapura,assault,12.9376775,77.57472052,2018-02-18 00:00:00.000,13:00:00
Subramanyapura,assault,12.939976,77.573271,2018-03-23 00:00:00.000,16:30:00
Subramanyapura,assault,12.947461,77.568853,2018-10-04 00:00:00.000,
Subramanyapura,assault,12.943653,77.571144,2018-09-05 00:00:00.000,
Subramanyapura,assault,12.934866,77.5686996,2018-10-05 00:00:00.000,
Subramanyapura,assault,12.93695,77.572194,2018-08-26 00:00:00.000,21:30:00
Subramanyapura,assault,12.93551,77.570118,2018-09-14 00:00:00.000,11:30:00
Subramanyapura,assault,12.94005639,77.5798523,2019-02-26 00:00:00.000,23:50:00
Subramanyapura,assault,12.944576,77.572059,2019-03-18 00:00:00.000,11:00:00
Subramanyapura,assault,12.941085,77.579968,2019-03-21 00:00:00.000,20:00:00
Subramanyapura,assault,12.940298,77.573495,2019-11-04 00:00:00.000,
Subramanyapura,assault,12.935622,77.566853,2019-12-04 00:00:00.000,
Subramanyapura,assault,12.943699,77.579185,2019-04-16 00:00:00.000,19:30:00
Subramanyapura,assault,12.936805,77.571808,2019-06-19 00:00:00.000,13:00:00
Subramanyapura,assault,12.944821,77.5464026,2015-02-01 00:00:00.000,
Subramanyapura,assault,12.911291,77.5907463,2015-03-01 00:00:00.000,
Subramanyapura,assault,12.9012051,77.5718812,2015-01-14 00:00:00.000,10:31:00
Subramanyapura,assault,12.9124458,77.5764631,2015-01-28 00:00:00.000,08:40:00
Subramanyapura,assault,12.9081467,77.5903808,2015-02-02 00:00:00.000,
Subramanyapura,assault,12.9161079,77.5760984,2015-02-01 00:00:00.000,
Subramanyapura,assault,12.8980801,77.5804562,2015-02-28 00:00:00.000,06:20:00
Subramanyapura,assault,12.8377589,77.5641545,2015-06-03 00:00:00.000,
Subramanyapura,assault,12.899377,77.5892173,2015-07-03 00:00:00.000,
Subramanyapura,assault,12.899377,77.5892173,2015-03-22 00:00:00.000,01:35:00
Subramanyapura,assault,12.8965749,77.5947362,2015-01-04 00:00:00.000,
Subramanyapura,assault,12.8949156,77.5496055,2015-10-04 00:00:00.000,
Subramanyapura,assault,12.8917637,77.5925495,2015-04-22 00:00:00.000,07:01:00
Subramanyapura,assault,12.9103402,77.5902664,2015-04-26 00:00:00.000,08:35:00
Subramanyapura,assault,12.9020117,77.5698675,2015-05-05 00:00:00.000,
Subramanyapura,assault,12.8983501,77.573651,2015-05-22 00:00:00.000,01:00:00
Subramanyapura,assault,12.8983494,77.5605187,2015-05-22 00:00:00.000,07:30:00
Subramanyapura,assault,12.9011377,77.5742566,2015-04-06 00:00:00.000,
Subramanyapura,assault,12.8904403,77.5756712,2015-07-06 00:00:00.000,
Subramanyapura,assault,12.9017397,77.5944419,2015-10-06 00:00:00.000,
Subramanyapura,assault,12.8966002,77.5884719,2015-07-06 00:00:00.000,
Subramanyapura,assault,12.9100206,77.579554,2015-01-07 00:00:00.000,
Subramanyapura,assault,12.9022102,77.5785973,2015-10-07 00:00:00.000,
Subramanyapura,assault,13.5905586,75.103462,2015-12-07 00:00:00.000,
Subramanyapura,assault,12.9083706,77.5861531,2015-02-08 00:00:00.000,
Subramanyapura,assault,12.9062082,77.5937537,2015-08-14 00:00:00.000,09:31:00
Subramanyapura,assault,12.9046491,77.5785133,2015-08-18 00:00:00.000,08:46:00
Subramanyapura,assault,12.897498,77.594366,2015-08-26 00:00:00.000,08:05:00
Subramanyapura,assault,12.9167674,77.5872982,2015-09-15 00:00:00.000,06:10:00
Subramanyapura,assault,12.9116517,77.5859494,2015-09-22 00:00:00.000,09:46:00
Subramanyapura,assault,12.908521,77.5715554,2015-09-25 00:00:00.000,01:10:00
Subramanyapura,assault,12.9085187,77.5387243,2015-09-30 00:00:00.000,06:11:00
Subramanyapura,assault,12.908514,77.5387242,2015-10-26 00:00:00.000,05:45:00
Subramanyapura,assault,12.8980801,77.5804562,2015-11-19 00:00:00.000,08:35:00
Subramanyapura,assault,12.9019706,77.5702781,2016-01-25 00:00:00.000,11:05:00
Subramanyapura,assault,12.9116859,77.5838471,2016-03-02 00:00:00.000,
Subramanyapura,assault,12.9116856,77.5838471,2016-06-02 00:00:00.000,
Subramanyapura,assault,12.911297,77.5723463,2016-10-02 00:00:00.000,
Subramanyapura,assault,12.9105026,77.5866048,2016-02-27 00:00:00.000,09:30:00
Subramanyapura,assault,12.9105026,77.5866048,2016-03-13 00:00:00.000,05:16:00
Subramanyapura,assault,12.8934589,77.5831639,2016-03-30 00:00:00.000,04:05:00
Subramanyapura,assault,12.909725,77.5836513,2016-02-04 00:00:00.000,
Subramanyapura,assault,12.8986817,77.5690523,2016-04-15 00:00:00.000,03:00:00
Subramanyapura,assault,12.8979429,77.5838175,2016-03-19 00:00:00.000,12:01:00
Subramanyapura,assault,12.8979423,77.5684965,2015-12-28 00:00:00.000,11:00:00
Subramanyapura,assault,12.9156234,77.5960689,2016-06-19 00:00:00.000,12:15:00
Subramanyapura,assault,12.9069939,77.5720367,2016-07-17 00:00:00.000,08:16:00
Subramanyapura,assault,12.8992455,77.5891666,2016-07-23 00:00:00.000,12:05:00
Subramanyapura,assault,12.915434,77.5843151,2016-07-26 00:00:00.000,05:01:00
Subramanyapura,assault,12.910852,77.5764323,2016-07-27 00:00:00.000,11:45:00
Subramanyapura,assault,12.9067177,77.5735098,2016-08-08 00:00:00.000,
Subramanyapura,assault,12.8923493,77.5835991,2016-08-16 00:00:00.000,11:35:00
Subramanyapura,assault,12.9412604,77.3016302,2016-07-09 00:00:00.000,
Subramanyapura,assault,12.9573655,77.5672906,2016-09-18 00:00:00.000,02:31:00
Subramanyapura,assault,12.9573631,77.5344595,2016-08-09 00:00:00.000,
Subramanyapura,assault,12.9151812,77.5951825,2016-09-21 00:00:00.000,08:50:00
Subramanyapura,assault,12.9078662,77.587606,2016-02-11 00:00:00.000,
Subramanyapura,assault,12.9155865,77.5770282,2016-10-28 00:00:00.000,06:40:00
Subramanyapura,assault,12.9155772,77.5091754,2016-02-12 00:00:00.000,
Subramanyapura,assault,12.89698,77.5954387,2016-02-12 00:00:00.000,
Subramanyapura,assault,12.9009065,77.5578968,2016-10-12 00:00:00.000,
Subramanyapura,assault,12.9115768,77.5723387,2016-12-24 00:00:00.000,06:00:00
Subramanyapura,assault,12.916473,77.5901863,2017-01-20 00:00:00.000,07:35:00
Subramanyapura,assault,12.9148967,77.572527,2016-10-12 00:00:00.000,
Subramanyapura,assault,12.9109285,77.5768905,2017-01-25 00:00:00.000,06:15:00
Subramanyapura,assault,12.9318198,77.6205415,2017-09-03 00:00:00.000,
Subramanyapura,assault,12.9116975,77.591605,2017-05-16 00:00:00.000,01:05:00
Subramanyapura,assault,12.9116952,77.5587738,2017-06-15 00:00:00.000,03:30:00
Subramanyapura,assault,12.9118162,77.5854349,2017-06-30 00:00:00.000,08:50:00
Subramanyapura,assault,12.911291,77.5907463,2015-03-01 00:00:00.000,
Subramanyapura,assault,12.9138435,77.5767104,2017-07-26 00:00:00.000,11:45:00
Subramanyapura,assault,12.9101273,77.5708777,2017-06-08 00:00:00.000,
Subramanyapura,assault,12.9107024,77.5877975,2017-05-09 00:00:00.000,
Subramanyapura,assault,12.9091286,77.5782822,2017-09-28 00:00:00.000,11:10:00
Subramanyapura,assault,12.9116975,77.591605,2017-08-10 00:00:00.000,
Subramanyapura,assault,12.9118162,77.5854349,2017-12-10 00:00:00.000,
Subramanyapura,assault,12.9118139,77.5526038,2017-10-19 00:00:00.000,09:10:00
Subramanyapura,assault,12.9142864,77.5909833,2017-01-11 00:00:00.000,
Subramanyapura,assault,12.9142862,77.5844172,2018-02-01 00:00:00.000,
Subramanyapura,assault,12.9114511,77.5859762,2018-07-01 00:00:00.000,
Subramanyapura,assault,12.9120988,77.588872,2018-11-01 00:00:00.000,
Subramanyapura,assault,12.9108936,77.575867,2018-01-20 00:00:00.000,11:45:00
Subramanyapura,assault,12.9088884,77.5733033,2018-01-20 00:00:00.000,09:10:00
Subramanyapura,assault,12.9152493,77.5836839,2018-02-02 00:00:00.000,
Subramanyapura,assault,12.9116975,77.591605,2018-02-20 00:00:00.000,08:35:00
Subramanyapura,assault,12.9116973,77.5850389,2018-03-24 00:00:00.000,02:40:00
Subramanyapura,assault,12.9215368,77.5690028,2018-05-19 00:00:00.000,01:35:00
Subramanyapura,assault,12.9109881,77.577546,2018-05-19 00:00:00.000,07:10:00
Subramanyapura,assault,12.8956489,77.558425,2018-05-27 00:00:00.000,06:10:00
Subramanyapura,assault,12.8956477,77.558425,2018-10-06 00:00:00.000,
Subramanyapura,assault,12.9135204,77.5567911,2018-03-07 00:00:00.000,
Subramanyapura,assault,12.9151616,77.5844195,2018-06-30 00:00:00.000,11:00:00
Subramanyapura,assault,12.9073713,77.5818356,2018-07-09 00:00:00.000,
Subramanyapura,assault,12.9073713,77.5818356,2018-09-21 00:00:00.000,11:10:00
Subramanyapura,assault,12.9367008,77.6226694,2018-10-10 00:00:00.000,
Subramanyapura,assault,12.915389,77.5929853,2018-10-23 00:00:00.000,06:30:00
Subramanyapura,assault,12.8998564,77.5661581,2018-01-11 00:00:00.000,
Subramanyapura,assault,12.8998564,77.5661581,2018-07-11 00:00:00.000,
Subramanyapura,assault,12.916271,77.5871377,2018-11-22 00:00:00.000,06:25:00
Subramanyapura,assault,12.9113466,77.5794193,2018-09-12 00:00:00.000,
Subramanyapura,assault,12.9901083,77.6641461,2018-12-16 00:00:00.000,12:35:00
Subramanyapura,assault,12.9083647,77.5828273,2019-04-01 00:00:00.000,
Subramanyapura,assault,12.9355559,77.6309975,2019-01-20 00:00:00.000,01:50:00
Subramanyapura,assault,12.8998631,77.5898921,2019-01-26 00:00:00.000,06:40:00
Subramanyapura,assault,12.916734,77.5911325,2019-07-03 00:00:00.000,
Subramanyapura,assault,12.9063922,77.5715423,2019-11-03 00:00:00.000,
Subramanyapura,assault,12.8123831,77.2943312,2019-02-05 00:00:00.000,
Subramanyapura,assault,12.9117027,77.591605,2019-05-18 00:00:00.000,10:15:00
Subramanyapura,assault,12.9102145,77.5929493,2019-06-27 00:00:00.000,07:10:00
Subramanyapura,assault,12.9117027,77.591605,2019-10-08 00:00:00.000,
Subramanyapura,assault,12.9163635,77.5902506,2019-08-22 00:00:00.000,06:30:00
Subramanyapura,assault,12.9083908,77.5925425,2019-08-09 00:00:00.000,
Subramanyapura,assault,12.911398,77.5764744,2019-09-30 00:00:00.000,09:15:00
Subramanyapura,assault,12.8095916,77.2936558,2019-10-22 00:00:00.000,09:20:00
Subramanyapura,assault,12.9093122,77.5977983,2019-10-27 00:00:00.000,10:00:00
Subramanyapura,assault,12.9070454,77.5904311,2019-12-11 00:00:00.000,
Subramanyapura,assault,12.9093151,77.5731743,2018-11-20 00:00:00.000,11:10:00
Subramanyapura,assault,12.9117027,77.591605,2019-12-14 00:00:00.000,05:30:00
Subramanyapura,assault,12.9088289,77.590309,2019-12-15 00:00:00.000,06:00:00
Subramanyapura,assault,12.931114,77.572438,2017-01-04 00:00:00.000,13:00:00
Subramanyapura,assault,12.91507,77.56806,2017-01-05 00:00:00.000,16:00:00
Subramanyapura,assault,12.909288,77.645849,2017-07-31 00:00:00.000,19:30:00
Subramanyapura,assault,12.934824,77.56557,2017-07-31 00:00:00.000,20:20:00
Subramanyapura,assault,12.932416,77.567696,2017-07-08 00:00:00.000,12:00:00
Subramanyapura,assault,12.921254,77.55559,2017-07-08 00:00:00.000,12:30:00
Subramanyapura,assault,12.923069,72.7574224,2017-08-26 00:00:00.000,20:00:00
Subramanyapura,assault,12.928339,77.56206,2018-05-21 00:00:00.000,10:40:00
Subramanyapura,assault,12.909288,77.645849,2018-08-08 00:00:00.000,17:10:00
Subramanyapura,assault,12.909288,77.645849,2018-02-09 00:00:00.000,15:15:00
Subramanyapura,assault,12.91795,77.55935,2018-11-09 00:00:00.000,12:30:00
Subramanyapura,assault,13.08595,77.54681,2018-10-21 00:00:00.000,23:15:00
Subramanyapura,assault,12.87745,77.49977,2018-11-16 00:00:00.000,17:00:00
Subramanyapura,assault,12.91507,77.56806,2019-04-26 00:00:00.000,12:30:00
Subramanyapura,assault,12.933159,77.562189,2019-08-22 00:00:00.000,13:30:00
Subramanyapura,assault,12.931114,77.572438,2019-09-17 00:00:00.000,10:00:00
Subramanyapura,assault,12.931114,77.572438,2019-07-10 00:00:00.000,12:00:00
Subramanyapura,assault,12.92171,77.58182,2019-12-31 00:00:00.000,12:30:00
Subramanyapura,assault,12.943049,77.593932,2015-07-01 00:00:00.000,13:30:00
Subramanyapura,assault,12.944431,77.592409,2015-07-01 00:00:00.000,17:00:00
Subramanyapura,assault,12.945278,77.595524,2015-07-01 00:00:00.000,20:15:00
Subramanyapura,assault,12.944233,77.59324,2015-09-03 00:00:00.000,23:15:00
Subramanyapura,assault,12.946857,77.590644,2015-09-04 00:00:00.000,12:00:00
Subramanyapura,assault,12.943434,77.591206,2015-04-21 00:00:00.000,15:30:00
Subramanyapura,assault,12.939397,77.581866,2015-04-21 00:00:00.000,19:00:00
Subramanyapura,assault,12.944892,77.592975,2015-02-05 00:00:00.000,14:00:00
Subramanyapura,assault,12.945817,77.591605,2015-08-05 00:00:00.000,17:30:00
Subramanyapura,assault,12.944759,77.588346,2015-08-05 00:00:00.000,20:00:00
Subramanyapura,assault,12.93316,77.591128,2015-04-07 00:00:00.000,09:00:00
Subramanyapura,assault,12.934473,77.59165,2015-09-07 00:00:00.000,20:45:00
Subramanyapura,assault,12.939379,77.5811,2015-07-24 00:00:00.000,18:00:00
Subramanyapura,assault,12.943708,77.591165,2015-02-08 00:00:00.000,21:30:00
Subramanyapura,assault,12.945817,77.591605,2015-08-22 00:00:00.000,09:30:00
Subramanyapura,assault,12.944967,77.591029,2015-08-27 00:00:00.000,14:00:00
Subramanyapura,assault,12.947976,77.593348,2015-08-28 00:00:00.000,00:00:00
Subramanyapura,assault,12.941112,77.587016,2015-02-09 00:00:00.000,13:00:00
Subramanyapura,assault,12.935734,77.590385,2015-09-14 00:00:00.000,19:00:00
Subramanyapura,assault,12.93448,77.590688,2015-09-16 00:00:00.000,11:50:00
Subramanyapura,assault,12.934277,77.591799,2015-09-17 00:00:00.000,11:45:00
Subramanyapura,assault,12.945227,77.595169,2015-09-20 00:00:00.000,06:30:00
Subramanyapura,assault,12.942829,77.583746,2015-10-17 00:00:00.000,17:30:00
Subramanyapura,assault,12.935734,77.590385,2015-10-19 00:00:00.000,13:30:00
Subramanyapura,assault,12.952162,77.586903,2015-10-23 00:00:00.000,16:00:00
Subramanyapura,assault,12.93498,77.594952,2015-10-29 00:00:00.000,19:20:00
Subramanyapura,assault,12.934298,77.591304,2015-11-22 00:00:00.000,15:00:00
Subramanyapura,assault,12.934298,77.591304,2015-11-22 00:00:00.000,15:05:00
Subramanyapura,assault,12.944595,77.592055,2015-10-12 00:00:00.000,18:30:00
Subramanyapura,assault,12.939306,77.584061,2015-12-17 00:00:00.000,20:00:00
Subramanyapura,assault,12.938934,77.58403,2016-08-01 00:00:00.000,17:15:00
Subramanyapura,assault,12.945515,77.595353,2016-10-01 00:00:00.000,13:30:00
Subramanyapura,assault,12.942576,77.586741,2016-01-19 00:00:00.000,13:00:00
Subramanyapura,assault,12.945497,77.589562,2016-05-02 00:00:00.000,12:45:00
Subramanyapura,assault,12.943625,77.585229,2016-02-27 00:00:00.000,16:00:00
Subramanyapura,assault,12.948081,77.59328,2016-05-03 00:00:00.000,09:00:00
Subramanyapura,assault,12.948081,77.59328,2016-11-03 00:00:00.000,10:30:00
Subramanyapura,assault,12.942031,77.59273,2016-03-28 00:00:00.000,11:00:00
Subramanyapura,assault,12.943805,77.593021,2016-03-30 00:00:00.000,17:00:00
Subramanyapura,assault,12.942846,77.594419,2016-06-04 00:00:00.000,10:20:00
Subramanyapura,assault,12.938627,77.581218,2016-04-30 00:00:00.000,20:00:00
Subramanyapura,assault,12.94434,77.587818,2016-01-05 00:00:00.000,20:00:00
Subramanyapura,assault,12.94434,77.587818,2016-01-05 00:00:00.000,20:15:00
Subramanyapura,assault,12.939312,77.586619,2016-11-05 00:00:00.000,18:00:00
Subramanyapura,assault,12.939312,77.586619,2016-11-05 00:00:00.000,18:15:00
Subramanyapura,assault,12.94476,77.592926,2016-05-22 00:00:00.000,19:00:00
Subramanyapura,assault,12.945174,77.595589,2016-07-06 00:00:00.000,14:00:00
Subramanyapura,assault,12.935381,77.591364,2016-10-06 00:00:00.000,19:10:00
Subramanyapura,assault,12.946363,77.592187,2016-10-06 00:00:00.000,20:00:00
Subramanyapura,assault,12.942031,77.59273,2016-06-29 00:00:00.000,14:25:00
Subramanyapura,assault,12.942031,77.59273,2016-06-29 00:00:00.000,14:50:00
Subramanyapura,assault,12.946363,77.592187,2016-03-07 00:00:00.000,19:50:00
Subramanyapura,assault,12.944326,77.592316,2016-07-20 00:00:00.000,18:00:00
Subramanyapura,assault,12.945767,77.588683,2016-07-21 00:00:00.000,18:00:00
Subramanyapura,assault,12.935043,77.594564,2016-09-15 00:00:00.000,14:00:00
Subramanyapura,assault,12.944326,77.592316,2016-06-10 00:00:00.000,22:30:00
Subramanyapura,assault,12.946363,77.592187,2016-10-22 00:00:00.000,18:00:00
Subramanyapura,assault,12.938845,77.584454,2016-10-26 00:00:00.000,16:00:00
Subramanyapura,assault,12.946363,77.592187,2016-02-11 00:00:00.000,16:00:00
Subramanyapura,assault,12.9443,77.594642,2016-09-11 00:00:00.000,23:00:00
Subramanyapura,assault,12.946293,77.587991,2016-11-22 00:00:00.000,12:00:00
Subramanyapura,assault,12.94204,77.580231,2016-11-22 00:00:00.000,21:15:00
Subramanyapura,assault,12.933298,77.590399,2016-11-24 00:00:00.000,18:00:00
Subramanyapura,assault,12.943037,77.592151,2016-11-29 00:00:00.000,20:00:00
Subramanyapura,assault,12.94613,77.591819,2016-11-30 00:00:00.000,11:30:00
Subramanyapura,assault,12.937929,77.583003,2016-01-12 00:00:00.000,18:00:00
Subramanyapura,assault,12.944854,77.593404,2016-07-12 00:00:00.000,17:00:00
Subramanyapura,assault,12.944557,77.593306,2016-12-17 00:00:00.000,16:00:00
Subramanyapura,assault,12.935789,77.590731,2016-12-19 00:00:00.000,20:45:00
Subramanyapura,assault,12.944551,77.590853,2016-12-22 00:00:00.000,21:40:00
Subramanyapura,assault,12.945644,77.591948,2017-01-01 00:00:00.000,10:00:00
Subramanyapura,assault,12.940822,77.585287,2017-07-01 00:00:00.000,19:30:00
Subramanyapura,assault,12.947517,77.593858,2017-11-01 00:00:00.000,20:00:00
Subramanyapura,assault,12.947683,77.591842,2017-01-25 00:00:00.000,20:00:00
Subramanyapura,assault,12.94426,77.593698,2017-01-28 00:00:00.000,17:30:00
Subramanyapura,assault,12.934502,77.589918,2017-04-02 00:00:00.000,23:45:00
Subramanyapura,assault,12.947683,77.591842,2017-02-25 00:00:00.000,18:05:00
Subramanyapura,assault,12.940926,77.58016,2017-01-03 00:00:00.000,19:45:00
Subramanyapura,assault,12.935789,77.590731,2017-06-04 00:00:00.000,02:45:00
Subramanyapura,assault,12.947683,77.591842,2017-11-04 00:00:00.000,19:00:00
Subramanyapura,assault,12.938615,77.592593,2017-04-24 00:00:00.000,16:50:00
Subramanyapura,assault,12.94002,77.597691,2017-04-29 00:00:00.000,17:00:00
Subramanyapura,assault,12.94002,77.597691,2017-04-29 00:00:00.000,17:45:00
Subramanyapura,assault,12.947021,77.594827,2017-01-05 00:00:00.000,21:45:00
Subramanyapura,assault,12.942212,77.593014,2017-06-29 00:00:00.000,15:00:00
Subramanyapura,assault,12.938615,77.592593,2017-06-07 00:00:00.000,21:30:00
Subramanyapura,assault,12.94464,77.58856,2017-07-25 00:00:00.000,17:00:00
Subramanyapura,assault,12.94464,77.588556,2017-07-25 00:00:00.000,21:00:00
Subramanyapura,assault,12.941003,77.59305,2017-08-08 00:00:00.000,17:20:00
Subramanyapura,assault,12.946687,77.594214,2017-12-08 00:00:00.000,11:00:00
Subramanyapura,assault,12.946207,77.591757,2017-12-08 00:00:00.000,15:30:00
Subramanyapura,assault,12.937039,77.601442,2017-08-21 00:00:00.000,14:00:00
Subramanyapura,assault,12.94641,77.59122,2017-08-29 00:00:00.000,18:00:00
Subramanyapura,assault,12.949986,77.593303,2017-09-29 00:00:00.000,11:30:00
Subramanyapura,assault,12.944593,77.590967,2017-02-10 00:00:00.000,18:30:00
Subramanyapura,assault,12.945678,77.588087,2017-10-10 00:00:00.000,21:00:00
Subramanyapura,assault,12.952296,77.586374,2017-10-19 00:00:00.000,19:45:00
Subramanyapura,assault,12.933404,77.591176,2017-06-12 00:00:00.000,14:50:00
Subramanyapura,assault,12.939902,77.597686,2018-10-01 00:00:00.000,11:00:00
Subramanyapura,assault,12.937022,77.59812,2018-07-02 00:00:00.000,13:00:00
Subramanyapura,assault,12.949789,77.586582,2018-02-25 00:00:00.000,18:30:00
Subramanyapura,assault,12.944704,77.591956,2018-11-03 00:00:00.000,09:00:00
Subramanyapura,assault,12.942789,77.596405,2018-03-31 00:00:00.000,11:00:00
Subramanyapura,assault,12.943061,77.583877,2018-03-04 00:00:00.000,09:30:00
Subramanyapura,assault,12.946702,77.591877,2018-04-04 00:00:00.000,09:30:00
Subramanyapura,assault,12.936928,77.622424,2018-04-29 00:00:00.000,10:10:00
Subramanyapura,assault,12.933684,77.592256,2018-05-05 00:00:00.000,12:30:00
Subramanyapura,assault,12.934515,77.591787,2018-05-25 00:00:00.000,23:15:00
Subramanyapura,assault,12.945881,77.591753,2018-03-06 00:00:00.000,19:00:00
Subramanyapura,assault,12.945874,77.589693,2018-03-06 00:00:00.000,21:30:00
Subramanyapura,assault,12.946975,77.594347,2018-09-06 00:00:00.000,13:45:00
Subramanyapura,assault,12.946019,77.592086,2018-06-21 00:00:00.000,20:45:00
Subramanyapura,assault,12.936066,77.585757,2018-06-07 00:00:00.000,10:00:00
Subramanyapura,assault,12.944786,77.588481,2018-08-15 00:00:00.000,19:00:00
Subramanyapura,assault,12.944786,77.588481,2018-08-15 00:00:00.000,19:30:00
Subramanyapura,assault,12.93336,77.590672,2018-07-09 00:00:00.000,14:30:00
Subramanyapura,assault,12.946717,77.592068,2018-10-09 00:00:00.000,18:30:00
Subramanyapura,assault,12.9427756,77.593901,2019-04-18 00:00:00.000,19:00:00
Subramanyapura,assault,12.941015,77.580237,2019-04-24 00:00:00.000,15:30:00
Subramanyapura,assault,12.944998,77.593114,2019-04-30 00:00:00.000,17:30:00
Subramanyapura,assault,12.944719,77.588085,2019-06-14 00:00:00.000,18:10:00
Subramanyapura,assault,12.947918,77.593337,2019-08-17 00:00:00.000,21:00:00
Subramanyapura,assault,12.935595,77.591482,2019-08-30 00:00:00.000,21:30:00
Subramanyapura,assault,12.946237,77.591288,2019-09-18 00:00:00.000,17:00:00
Subramanyapura,assault,12.943253,77.592759,2019-06-11 00:00:00.000,13:00:00
Subramanyapura,assault,12.943611,77.588305,2019-11-11 00:00:00.000,14:00:00
Subramanyapura,assault,12.932763,77.599692,2019-12-13 00:00:00.000,11:00:00
Subramanyapura,assault,12.932763,77.599692,2019-12-13 00:00:00.000,17:45:00
Subramanyapura,assault,12.88292452,77.58206937,,11:30:00
Subramanyapura,assault,12.88259022,77.55804118,2015-06-01 00:00:00.000,10:00:00
Subramanyapura,assault,12.90353394,77.54124559,2015-12-01 00:00:00.000,18:00:00
Subramanyapura,assault,12.90353394,77.54124559,2015-12-01 00:00:00.000,17:00:00
Subramanyapura,assault,12.88849116,77.55160999,2015-01-14 00:00:00.000,23:15:00
Subramanyapura,assault,12.89342871,77.55070305,2015-01-23 00:00:00.000,10:45:00
Subramanyapura,assault,12.89957983,77.57417171,2015-01-23 00:00:00.000,19:30:00
Subramanyapura,assault,12.91386713,77.54283946,2015-01-24 00:00:00.000,08:45:00
Subramanyapura,assault,12.89594801,77.55219028,2015-01-27 00:00:00.000,21:00:00
Subramanyapura,assault,12.89263457,77.58263211,2015-01-27 00:00:00.000,09:00:00
Subramanyapura,assault,12.90661057,77.54316239,2015-01-28 00:00:00.000,22:30:00
Subramanyapura,assault,12.90661057,77.54316239,2015-01-29 00:00:00.000,16:45:00
Subramanyapura,assault,12.90827601,77.55022679,2015-01-31 00:00:00.000,15:10:00
Subramanyapura,assault,12.89110885,77.56991103,2015-01-31 00:00:00.000,16:00:00
Subramanyapura,assault,12.88332979,77.55808014,2015-04-02 00:00:00.000,19:45:00
Subramanyapura,assault,12.89020726,77.56311454,2015-09-02 00:00:00.000,11:35:00
Subramanyapura,assault,12.86918089,77.5857439,2015-02-14 00:00:00.000,01:30:00
Subramanyapura,assault,12.91039335,77.53743981,2015-02-20 00:00:00.000,02:00:00
Subramanyapura,assault,12.91039335,77.53743981,2015-02-20 00:00:00.000,06:40:00
Subramanyapura,assault,12.90108207,77.54753806,2015-02-22 00:00:00.000,05:30:00
Subramanyapura,assault,12.88924511,77.57370198,2015-02-26 00:00:00.000,05:00:00
Subramanyapura,assault,12.88566566,77.55349801,2015-02-26 00:00:00.000,12:30:00
Subramanyapura,assault,12.87284621,77.58266707,2015-02-27 00:00:00.000,14:00:00
Subramanyapura,assault,12.8887116,77.57377343,2015-02-27 00:00:00.000,15:00:00
Subramanyapura,assault,12.87284621,77.58266707,2015-02-27 00:00:00.000,10:10:00
Subramanyapura,assault,12.91381524,77.54861884,2015-02-03 00:00:00.000,05:10:00
Subramanyapura,assault,12.89047086,77.57081006,2015-04-03 00:00:00.000,12:10:00
Subramanyapura,assault,12.89108202,77.57815502,2015-06-03 00:00:00.000,15:00:00
Subramanyapura,assault,13.00748497,77.56788031,2015-06-03 00:00:00.000,21:10:00
Subramanyapura,assault,12.90353394,77.54124559,2015-09-03 00:00:00.000,18:40:00
Subramanyapura,assault,12.91147627,77.5401234,2015-03-18 00:00:00.000,19:30:00
Subramanyapura,assault,12.90471042,77.54488816,2015-03-25 00:00:00.000,17:00:00
Subramanyapura,assault,12.88328789,77.58130555,2015-03-29 00:00:00.000,19:00:00
Subramanyapura,assault,12.88328789,77.58130555,2015-03-29 00:00:00.000,12:15:00
Subramanyapura,assault,12.90958449,77.55159728,2015-02-04 00:00:00.000,14:45:00
Subramanyapura,assault,12.89528068,77.55067452,2015-04-04 00:00:00.000,08:40:00
Subramanyapura,assault,12.88398975,77.56552231,2015-05-04 00:00:00.000,11:15:00
Subramanyapura,assault,12.87645503,77.58473542,2015-08-04 00:00:00.000,02:45:00
Subramanyapura,assault,12.9057223,77.53558126,2015-04-14 00:00:00.000,10:15:00
Subramanyapura,assault,12.90545457,77.54187553,2015-04-21 00:00:00.000,13:35:00
Subramanyapura,assault,12.87915064,77.57683666,2015-04-25 00:00:00.000,11:15:00
Subramanyapura,assault,12.88864991,77.5613003,2015-10-05 00:00:00.000,17:45:00
Subramanyapura,assault,12.91564682,77.53910415,2015-12-05 00:00:00.000,10:20:00
Subramanyapura,assault,12.8790849,77.56780965,2015-05-17 00:00:00.000,18:15:00
Subramanyapura,assault,12.90353394,77.54124559,2015-05-18 00:00:00.000,18:40:00
Subramanyapura,assault,12.90468502,77.54288417,2015-05-19 00:00:00.000,14:20:00
Subramanyapura,assault,12.870236,77.57874006,2015-05-21 00:00:00.000,18:20:00
Subramanyapura,assault,12.90874577,77.55546611,2015-05-31 00:00:00.000,09:00:00
Subramanyapura,assault,12.86854765,77.5801126,2015-08-06 00:00:00.000,23:20:00
Subramanyapura,assault,12.91688388,77.54201107,2015-06-26 00:00:00.000,14:35:00
Subramanyapura,assault,12.91688388,77.54201107,2015-02-07 00:00:00.000,17:40:00
Subramanyapura,assault,12.91022894,77.5481594,2015-04-07 00:00:00.000,14:40:00
Subramanyapura,assault,12.91739661,77.54533797,2015-07-16 00:00:00.000,14:15:00
Subramanyapura,assault,12.89825057,77.54800705,2015-07-16 00:00:00.000,14:30:00
Subramanyapura,assault,12.89110885,77.56991103,2015-07-16 00:00:00.000,19:00:00
Subramanyapura,assault,12.9060275,77.54555561,2015-07-19 00:00:00.000,12:50:00
Subramanyapura,assault,12.87795004,77.58300166,2015-07-25 00:00:00.000,15:30:00
Subramanyapura,assault,12.88211726,77.55729374,2015-03-08 00:00:00.000,11:10:00
Subramanyapura,assault,12.88211726,77.55729374,2015-11-08 00:00:00.000,16:30:00
Subramanyapura,assault,12.89528068,77.55067452,2015-08-29 00:00:00.000,15:30:00
Subramanyapura,assault,12.89964065,77.54399956,2015-03-09 00:00:00.000,10:15:00
Subramanyapura,assault,12.89964065,77.54399956,2015-04-09 00:00:00.000,10:30:00
Subramanyapura,assault,12.86854765,77.5801126,2015-11-09 00:00:00.000,19:20:00
Subramanyapura,assault,12.86854765,77.5801126,2015-09-13 00:00:00.000,18:30:00
Subramanyapura,assault,12.90620929,77.53659557,2015-09-14 00:00:00.000,19:45:00
Subramanyapura,assault,12.89062558,77.56405571,2015-09-15 00:00:00.000,16:04:00
Subramanyapura,assault,12.88045896,77.56403544,2015-09-27 00:00:00.000,21:15:00
Subramanyapura,assault,12.91390096,77.55882025,2015-09-19 00:00:00.000,15:10:00
Subramanyapura,assault,12.89528068,77.55067452,2015-08-29 00:00:00.000,13:00:00
Subramanyapura,assault,12.89071518,77.5768453,2015-06-10 00:00:00.000,17:30:00
Subramanyapura,assault,12.9154534,77.54004271,2015-07-10 00:00:00.000,11:40:00
Subramanyapura,assault,12.9154534,77.54004271,2015-08-10 00:00:00.000,23:30:00
Subramanyapura,assault,12.89071518,77.5768453,2015-08-10 00:00:00.000,17:10:00
Subramanyapura,assault,12.89071518,77.5768453,2015-11-10 00:00:00.000,10:00:00
Subramanyapura,assault,12.88211726,77.55729374,2015-10-15 00:00:00.000,20:00:00
Subramanyapura,assault,12.89637642,77.54752793,2015-10-18 00:00:00.000,18:50:00
Subramanyapura,assault,12.89637642,77.54752793,2015-10-18 00:00:00.000,14:00:00
Subramanyapura,assault,12.90108207,77.54753806,2015-10-30 00:00:00.000,12:00:00
Subramanyapura,assault,12.91641215,77.55006231,2015-04-11 00:00:00.000,15:30:00
Subramanyapura,assault,12.90862205,77.55531561,2015-04-11 00:00:00.000,10:00:00
Subramanyapura,assault,12.89033243,77.56334831,2015-11-28 00:00:00.000,22:00:00
Subramanyapura,assault,12.90552889,77.55685074,2015-11-12 00:00:00.000,16:00:00
Subramanyapura,assault,12.88242852,77.55732835,2015-12-15 00:00:00.000,17:00:00
Subramanyapura,assault,12.88242852,77.55732835,2015-12-15 00:00:00.000,21:20:00
Subramanyapura,assault,12.88242852,77.55732835,2015-12-25 00:00:00.000,10:30:00
Subramanyapura,assault,12.91766067,77.54218713,2015-12-30 00:00:00.000,13:20:00
Subramanyapura,assault,12.86938358,77.58391056,2015-12-31 00:00:00.000,20:45:00
Subramanyapura,assault,12.90552889,77.55685074,2015-12-31 00:00:00.000,23:50:00
Subramanyapura,assault,12.91390096,77.55882025,2016-07-01 00:00:00.000,15:15:00
Subramanyapura,assault,12.89050892,77.57361002,2016-01-22 00:00:00.000,18:00:00
Subramanyapura,assault,12.8887116,77.57377343,2016-08-02 00:00:00.000,15:30:00
Subramanyapura,assault,12.8656847,77.58241633,2016-10-02 00:00:00.000,12:20:00
Subramanyapura,assault,12.91081042,77.53771819,2016-02-15 00:00:00.000,15:20:00
Subramanyapura,assault,12.8967726,77.5445644,2016-02-16 00:00:00.000,18:00:00
Subramanyapura,assault,12.91429834,77.55075847,2016-02-18 00:00:00.000,22:30:00
Subramanyapura,assault,12.91688388,77.54201107,2016-02-23 00:00:00.000,07:10:00
Subramanyapura,assault,12.8656847,77.58241633,2016-02-03 00:00:00.000,09:30:00
Subramanyapura,assault,12.91739661,77.54533797,2016-03-13 00:00:00.000,14:40:00
Subramanyapura,assault,12.8887116,77.57377343,2016-03-14 00:00:00.000,10:00:00
Subramanyapura,assault,12.91242363,77.54851768,2016-03-22 00:00:00.000,18:30:00
Subramanyapura,assault,12.90868716,77.54411899,2016-03-25 00:00:00.000,16:00:00
Subramanyapura,assault,12.9158664,77.53979815,2016-03-29 00:00:00.000,20:45:00
Subramanyapura,assault,12.86717163,77.58310043,2016-01-04 00:00:00.000,18:30:00
Subramanyapura,assault,12.89572496,77.5719447,2016-09-04 00:00:00.000,18:30:00
Subramanyapura,assault,12.91081042,77.53771819,2016-04-28 00:00:00.000,09:30:00
Subramanyapura,assault,12.91242457,77.53558039,2016-02-05 00:00:00.000,17:30:00
Subramanyapura,assault,12.91084893,77.53745649,2016-05-13 00:00:00.000,07:50:00
Subramanyapura,assault,12.88864991,77.5613003,2016-05-24 00:00:00.000,12:50:00
Subramanyapura,assault,12.88350116,77.56902319,2016-05-30 00:00:00.000,12:50:00
Subramanyapura,assault,12.8833525,77.55998912,2016-02-06 00:00:00.000,13:00:00
Subramanyapura,assault,12.88496438,77.55767556,2016-06-14 00:00:00.000,15:30:00
Subramanyapura,assault,12.9072655,77.53613997,2016-06-16 00:00:00.000,11:00:00
Subramanyapura,assault,12.91242363,77.54851768,2016-06-20 00:00:00.000,11:45:00
Subramanyapura,assault,12.89180481,77.55394005,2016-05-07 00:00:00.000,11:30:00
Subramanyapura,assault,12.90419243,77.54053594,2016-10-07 00:00:00.000,14:30:00
Subramanyapura,assault,12.89572496,77.5719447,2016-07-20 00:00:00.000,18:15:00
Subramanyapura,assault,12.9067446,77.5437391,2016-07-28 00:00:00.000,10:45:00
Subramanyapura,assault,12.8776868,77.58071703,2016-07-28 00:00:00.000,13:15:00
Subramanyapura,assault,12.8776868,77.58071703,2016-07-28 00:00:00.000,10:30:00
Subramanyapura,assault,12.88376625,77.56842522,2016-03-08 00:00:00.000,14:00:00
Subramanyapura,assault,12.91828297,77.55232885,2016-08-15 00:00:00.000,10:40:00
Subramanyapura,assault,12.91157239,77.53877462,2016-08-28 00:00:00.000,12:15:00
Subramanyapura,assault,12.88806808,77.56973981,2016-02-09 00:00:00.000,13:00:00
Subramanyapura,assault,12.9031545,77.5438607,2016-03-09 00:00:00.000,14:00:00
Subramanyapura,assault,12.9098892799034,77.5509633514439,2016-04-09 00:00:00.000,20:15:00
Subramanyapura,assault,12.88350116,77.56902319,2016-05-09 00:00:00.000,21:10:00
Subramanyapura,assault,12.90512329,77.54375125,2016-09-09 00:00:00.000,22:45:00
Subramanyapura,assault,12.9067446,77.5437391,2016-09-30 00:00:00.000,08:00:00
Subramanyapura,assault,12.90977693,77.55646166,2016-10-25 00:00:00.000,15:00:00
Subramanyapura,assault,12.91663814,77.56259702,2016-11-11 00:00:00.000,20:00:00
Subramanyapura,assault,12.91009902,77.55485809,2016-11-29 00:00:00.000,11:00:00
Subramanyapura,assault,12.911738,77.556877,2016-12-26 00:00:00.000,11:35:00
Subramanyapura,assault,12.88292452,77.58206937,2017-01-15 00:00:00.000,12:15:00
Subramanyapura,assault,12.88023219,77.57384591,2017-01-22 00:00:00.000,13:00:00
Subramanyapura,assault,13.00748497,77.56788031,2017-01-28 00:00:00.000,14:00:00
Subramanyapura,assault,12.89021991,77.56305833,2017-01-30 00:00:00.000,18:00:00
Subramanyapura,assault,12.88056739,77.56692379,2017-01-31 00:00:00.000,17:00:00
Subramanyapura,assault,12.9144943,77.55021425,2017-06-02 00:00:00.000,09:00:00
Subramanyapura,assault,12.8952806790666,77.5506745177223,2017-02-03 00:00:00.000,09:30:00
Subramanyapura,assault,12.88339446,77.55687281,2017-05-03 00:00:00.000,18:30:00
Subramanyapura,assault,12.90977693,77.55646166,2017-03-23 00:00:00.000,09:00:00
Subramanyapura,assault,12.88292452,77.58206937,2017-03-29 00:00:00.000,10:15:00
Subramanyapura,assault,12.88292452,77.58206937,2017-12-04 00:00:00.000,12:20:00
Subramanyapura,assault,12.911738,77.556877,2017-05-19 00:00:00.000,15:30:00
Subramanyapura,assault,12.90623249,77.54272573,2017-06-06 00:00:00.000,11:30:00
Subramanyapura,assault,12.88255509,77.5563552,2017-07-18 00:00:00.000,14:40:00
Subramanyapura,assault,12.88211726,77.55729374,2017-08-24 00:00:00.000,20:15:00
Subramanyapura,assault,12.90419243,77.54053594,2017-08-28 00:00:00.000,13:00:00
Subramanyapura,assault,12.89189796,77.55236918,2017-02-09 00:00:00.000,11:10:00
Subramanyapura,assault,12.88255509,77.5563552,2017-09-19 00:00:00.000,15:00:00
Subramanyapura,assault,12.89246857,77.57540769,2017-09-19 00:00:00.000,18:30:00
Subramanyapura,assault,12.9057223,77.53558126,2017-03-10 00:00:00.000,10:00:00
Subramanyapura,assault,12.89246857,77.57540769,2017-12-10 00:00:00.000,20:15:00
Subramanyapura,assault,12.905759,77.542703,2017-10-18 00:00:00.000,13:00:00
Subramanyapura,assault,12.91828297,77.55232885,2017-10-31 00:00:00.000,18:30:00
Subramanyapura,assault,12.91688388,77.54201107,2017-11-23 00:00:00.000,18:30:00
Subramanyapura,assault,12.91945321,77.54680384,2017-01-12 00:00:00.000,09:00:00
Subramanyapura,assault,12.88858018,77.56120326,2017-11-12 00:00:00.000,11:00:00
Subramanyapura,assault,12.9069823,77.552059,2017-12-12 00:00:00.000,07:00:00
Subramanyapura,assault,12.88948381,77.56232091,2017-12-22 00:00:00.000,10:00:00
Subramanyapura,assault,12.91147627,77.5401234,2017-12-27 00:00:00.000,11:15:00
Subramanyapura,assault,12.90471042,77.54488816,2018-07-01 00:00:00.000,13:00:00
Subramanyapura,assault,12.91424733,77.54961937,2018-01-13 00:00:00.000,11:15:00
Subramanyapura,assault,12.9031545,77.5438607,2018-01-13 00:00:00.000,18:30:00
Subramanyapura,assault,12.9145439,77.54016178,2018-01-14 00:00:00.000,11:15:00
Subramanyapura,assault,12.90773892,77.53628814,2018-01-30 00:00:00.000,11:15:00
Subramanyapura,assault,12.88948381,77.56232091,2018-10-02 00:00:00.000,11:15:00
Subramanyapura,assault,12.91031858,77.5563932,2018-02-21 00:00:00.000,18:30:00
Subramanyapura,assault,12.89200041,77.57428171,2018-02-21 00:00:00.000,20:00:00
Subramanyapura,assault,12.90989234,77.55673516,2018-09-03 00:00:00.000,09:00:00
Subramanyapura,assault,12.88023219,77.57384591,2018-03-21 00:00:00.000,09:40:00
Subramanyapura,assault,12.91424733,77.54961937,2018-04-13 00:00:00.000,09:00:00
Subramanyapura,assault,12.91688388,77.54201107,2018-04-23 00:00:00.000,10:00:00
Subramanyapura,assault,12.90809631,77.54853759,2018-05-16 00:00:00.000,11:15:00
Subramanyapura,assault,12.89020726,77.56311454,2018-05-22 00:00:00.000,13:00:00
Subramanyapura,assault,12.88566566,77.55349801,2018-06-18 00:00:00.000,
Subramanyapura,assault,12.90931424,77.55526626,2018-07-10 00:00:00.000,
Subramanyapura,assault,12.91564682,77.53910415,2018-07-29 00:00:00.000,20:15:00
Subramanyapura,assault,12.90545457,77.54187553,2018-08-08 00:00:00.000,09:00:00
Subramanyapura,assault,12.90353394,77.54124559,2018-08-22 00:00:00.000,11:00:00
Subramanyapura,assault,12.90353394,77.54124559,2018-08-22 00:00:00.000,18:30:00
Subramanyapura,assault,12.88010332,77.57426142,2018-08-24 00:00:00.000,09:00:00
Subramanyapura,assault,12.89638857,77.54451167,2018-08-24 00:00:00.000,09:00:00
Subramanyapura,assault,12.905759,77.5427,2018-08-29 00:00:00.000,09:00:00
Subramanyapura,assault,12.89025011,77.58218798,2018-11-19 00:00:00.000,10:00:00
Subramanyapura,assault,12.88992359,77.58079977,2018-11-23 00:00:00.000,13:00:00
Subramanyapura,assault,12.91563196,77.55525352,2018-12-14 00:00:00.000,18:30:00
Subramanyapura,assault,12.90836274,77.55368473,2018-12-18 00:00:00.000,09:00:00
Subramanyapura,assault,12.91242363,77.54851768,2019-06-01 00:00:00.000,09:00:00
Subramanyapura,assault,12.91242363,77.54851768,2019-06-01 00:00:00.000,11:15:00
Subramanyapura,assault,12.90108207,77.54753806,2019-01-23 00:00:00.000,09:00:00
Subramanyapura,assault,12.88292452,77.58206937,2019-01-28 00:00:00.000,13:00:00
Subramanyapura,assault,12.9060275,77.54555561,2019-01-30 00:00:00.000,20:15:00
Subramanyapura,assault,12.91016458,77.53811823,2019-02-22 00:00:00.000,10:00:00
Subramanyapura,assault,12.9057223,77.53558126,2019-02-26 00:00:00.000,09:00:00
Subramanyapura,assault,12.89594801,77.55219028,2019-05-03 00:00:00.000,09:00:00
Subramanyapura,assault,12.91412376,77.54086376,2019-11-03 00:00:00.000,09:00:00
Subramanyapura,assault,12.91641215,77.55006231,2019-11-03 00:00:00.000,21:00:00
Subramanyapura,assault,12.91390096,77.55882025,2019-03-18 00:00:00.000,09:00:00
Subramanyapura,assault,12.90505271,77.54189573,2019-03-19 00:00:00.000,21:00:00
Subramanyapura,assault,12.8836526,77.58177943,2019-03-22 00:00:00.000,21:00:00
Subramanyapura,assault,12.9144943,77.55021425,2019-03-25 00:00:00.000,21:00:00
Subramanyapura,assault,12.86717163,77.58310043,2019-03-29 00:00:00.000,21:00:00
Subramanyapura,assault,12.89200041,77.57428171,2019-08-04 00:00:00.000,21:00:00
Subramanyapura,assault,12.91548032,77.54962241,2019-08-04 00:00:00.000,18:00:00
Subramanyapura,assault,12.89825057,77.54800705,2019-11-04 00:00:00.000,10:00:00
Subramanyapura,assault,12.9057223,77.53558126,2019-04-20 00:00:00.000,11:15:00
Subramanyapura,assault,12.903573,77.543788,2019-04-25 00:00:00.000,10:00:00
Subramanyapura,assault,12.90860182,77.53621018,2019-04-05 00:00:00.000,17:00:00
Subramanyapura,assault,12.908367,77.541598,2019-05-14 00:00:00.000,13:00:00
Subramanyapura,assault,12.909619,77.549214,2019-05-14 00:00:00.000,18:30:00
Subramanyapura,assault,12.90699357,77.53582623,2019-06-27 00:00:00.000,21:00:00
Subramanyapura,assault,12.88376625,77.56842522,2019-01-07 00:00:00.000,21:00:00
Subramanyapura,assault,12.89157884,77.58142943,2019-10-07 00:00:00.000,18:30:00
Subramanyapura,assault,12.91429834,77.55075847,2019-05-08 00:00:00.000,21:00:00
Subramanyapura,assault,12.89025011,77.58218798,2019-06-08 00:00:00.000,18:20:00
Subramanyapura,assault,12.9057223,77.53558126,2019-08-22 00:00:00.000,13:00:00
Subramanyapura,assault,12.9057223,77.53558126,2019-09-09 00:00:00.000,21:00:00
Subramanyapura,assault,12.91564682,77.53910415,2019-11-09 00:00:00.000,11:15:00
Subramanyapura,assault,12.90797019,77.53636053,2019-11-11 00:00:00.000,21:00:00
Subramanyapura,assault,12.88292452,77.58206937,2019-11-29 00:00:00.000,10:00:00
Subramanyapura,assault,12.88292452,77.58206937,2019-12-15 00:00:00.000,11:15:00
Subramanyapura,assault,12.869623,77.561821,2015-01-18 00:00:00.000,16:45:00
Subramanyapura,assault,12.871692,77.54315,2015-01-28 00:00:00.000,21:30:00
Subramanyapura,assault,12.871191,77.543016,2015-01-28 00:00:00.000,22:15:00
Subramanyapura,assault,12.859118,77.572322,2015-11-02 00:00:00.000,17:30:00
Subramanyapura,assault,12.894204,77.54277,2015-02-22 00:00:00.000,18:00:00
Subramanyapura,assault,12.893191,77.542505,2015-08-03 00:00:00.000,23:30:00
Subramanyapura,assault,12.871628,77.561261,2015-03-13 00:00:00.000,14:00:00
Subramanyapura,assault,12.893554,77.538895,2015-03-14 00:00:00.000,13:00:00
Subramanyapura,assault,12.8698,77.555385,2015-03-22 00:00:00.000,14:05:00
Subramanyapura,assault,12.877426,77.539985,2015-03-26 00:00:00.000,13:30:00
Subramanyapura,assault,12.876958,77.539428,2015-03-26 00:00:00.000,14:00:00
Subramanyapura,assault,12.856172,77.555703,2015-04-15 00:00:00.000,11:00:00
Subramanyapura,assault,12.860333,77.523031,2015-04-19 00:00:00.000,13:15:00
Subramanyapura,assault,12.883543,77.547526,2015-04-24 00:00:00.000,15:10:00
Subramanyapura,assault,12.881747,77.546289,2015-04-29 00:00:00.000,11:00:00
Subramanyapura,assault,12.881747,77.546289,2015-03-04 00:00:00.000,14:00:00
Subramanyapura,assault,12.863652,77.555527,2015-08-05 00:00:00.000,16:00:00
Subramanyapura,assault,12.891342,77.523967,2015-05-19 00:00:00.000,21:00:00
Subramanyapura,assault,12.864784,77.55421,2015-05-22 00:00:00.000,22:00:00
Subramanyapura,assault,12.856018,77.564528,2015-05-26 00:00:00.000,18:30:00
Subramanyapura,assault,12.890073,77.542276,2015-05-26 00:00:00.000,00:15:00
Subramanyapura,assault,12.866266,77.543685,2015-01-06 00:00:00.000,13:50:00
Subramanyapura,assault,12.866541,77.567617,2015-06-06 00:00:00.000,15:00:00
Subramanyapura,assault,12.855414,77.565999,2015-08-06 00:00:00.000,10:30:00
Subramanyapura,assault,12.867267,77.543673,2015-03-07 00:00:00.000,14:00:00
Subramanyapura,assault,12.871688,77.555856,2015-09-07 00:00:00.000,13:15:00
Subramanyapura,assault,12.869293,77.572492,2015-08-13 00:00:00.000,16:15:00
Subramanyapura,assault,12.869297,77.525191,2015-01-09 00:00:00.000,14:10:00
Subramanyapura,assault,12.856072,77.576919,2015-09-14 00:00:00.000,01:30:00
Subramanyapura,assault,12.878058,77.511198,2015-09-21 00:00:00.000,18:00:00
Subramanyapura,assault,12.869635,77.534393,2015-09-30 00:00:00.000,22:45:00
Subramanyapura,assault,12.869635,77.534393,2015-01-10 00:00:00.000,10:10:00
Subramanyapura,assault,12.876895,77.545061,2015-10-29 00:00:00.000,18:30:00
Subramanyapura,assault,12.861869,77.558201,2015-02-11 00:00:00.000,10:30:00
Subramanyapura,assault,12.878629,77.545068,2015-02-11 00:00:00.000,11:30:00
Subramanyapura,assault,12.869541,77.546971,2015-03-11 00:00:00.000,17:30:00
Subramanyapura,assault,12.866147,77.546218,2015-11-19 00:00:00.000,18:30:00
Subramanyapura,assault,12.864551,77.542888,2015-08-12 00:00:00.000,12:30:00
Subramanyapura,assault,12.868749,77.542331,2015-08-12 00:00:00.000,22:49:00
Subramanyapura,assault,12.869944,77.549881,2016-10-01 00:00:00.000,14:00:00
Subramanyapura,assault,12.861122,77.549811,2016-04-02 00:00:00.000,23:30:00
Subramanyapura,assault,12.867781,77.542544,2016-03-19 00:00:00.000,15:30:00
Subramanyapura,assault,12.865478,77.541168,2016-03-20 00:00:00.000,13:00:00
Subramanyapura,assault,12.865221,77.543077,2016-03-21 00:00:00.000,13:15:00
Subramanyapura,assault,12.86611,77.546988,2016-03-23 00:00:00.000,23:30:00
Subramanyapura,assault,12.879408,77.545308,2016-03-25 00:00:00.000,20:00:00
Subramanyapura,assault,12.864789,77.541129,2016-02-04 00:00:00.000,17:00:00
Subramanyapura,assault,12.8661,77.54678,2016-04-04 00:00:00.000,12:00:00
Subramanyapura,assault,12.864977,77.546611,2016-07-04 00:00:00.000,16:00:00
Subramanyapura,assault,12.86112,77.54997,2016-02-06 00:00:00.000,10:30:00
Subramanyapura,assault,12.868478,77.546611,2016-06-19 00:00:00.000,16:00:00
Subramanyapura,assault,12.876147,77.546997,2016-06-21 00:00:00.000,20:00:00
Subramanyapura,assault,12.862001,77.54811,2016-06-29 00:00:00.000,21:15:00
Subramanyapura,assault,12.866147,77.548811,2016-07-18 00:00:00.000,14:30:00
Subramanyapura,assault,12.879147,77.541197,2016-07-18 00:00:00.000,14:30:00
Subramanyapura,assault,12.863331,77.548994,2016-07-24 00:00:00.000,11:00:00
Subramanyapura,assault,12.864778,77.544617,2016-07-25 00:00:00.000,21:30:00
Subramanyapura,assault,12.869714,77.548791,2016-11-08 00:00:00.000,18:30:00
Subramanyapura,assault,12.861174,77.5463271,2016-06-09 00:00:00.000,16:00:00
Subramanyapura,assault,12.863971,77.548741,2016-09-13 00:00:00.000,18:00:00
Subramanyapura,assault,12.869108,77.545478,2016-09-28 00:00:00.000,09:00:00
Subramanyapura,assault,12.863974,77.542119,2016-07-10 00:00:00.000,10:30:00
Subramanyapura,assault,12.862397,77.542974,2016-10-24 00:00:00.000,00:15:00
Subramanyapura,assault,12.862674,77.541191,2016-10-29 00:00:00.000,14:30:00
Subramanyapura,assault,12.863971,77.541228,2016-03-11 00:00:00.000,11:15:00
Subramanyapura,assault,12.867448,77.543691,2016-06-11 00:00:00.000,16:30:00
Subramanyapura,assault,12.861587,77.543947,2016-07-11 00:00:00.000,22:00:00
Subramanyapura,assault,12.862551,77.543557,2016-09-11 00:00:00.000,22:00:00
Subramanyapura,assault,12.865517,77.543381,2016-11-14 00:00:00.000,23:00:00
Subramanyapura,assault,12.869417,77.547194,2016-11-16 00:00:00.000,11:00:00
Subramanyapura,assault,12.866221,77.543187,2016-11-16 00:00:00.000,12:00:00
Subramanyapura,assault,12.862947,77.568471,2016-11-15 00:00:00.000,17:00:00
Subramanyapura,assault,12.876178,77.542841,2016-11-18 00:00:00.000,16:30:00
Subramanyapura,assault,12.862178,77.541884,2016-11-29 00:00:00.000,10:00:00
Subramanyapura,assault,12.861578,77.542134,2016-05-01 00:00:00.000,10:00:00
Subramanyapura,assault,12.863971,77.541557,2017-06-01 00:00:00.000,11:30:00
Subramanyapura,assault,12.861874,77.541977,2017-10-01 00:00:00.000,21:30:00
Subramanyapura,assault,12.869871,77.543378,2017-01-18 00:00:00.000,12:00:00
Subramanyapura,assault,12.861578,77.549557,2017-01-29 00:00:00.000,03:30:00
Subramanyapura,assault,12.866114,77.543448,2017-02-19 00:00:00.000,21:00:00
Subramanyapura,assault,12.869594,77.5436217,2017-03-13 00:00:00.000,14:15:00
Subramanyapura,assault,12.861437,77.5428171,,17:35:00
Subramanyapura,assault,12.866178,77.543947,2017-03-28 00:00:00.000,09:05:00
Subramanyapura,assault,12.8621781,77.543319,2017-04-04 00:00:00.000,09:30:00
Subramanyapura,assault,12.8665478,77.546781,2017-02-05 00:00:00.000,17:00:00
Subramanyapura,assault,12.862178,77.545443,2017-05-25 00:00:00.000,03:00:00
Subramanyapura,assault,12.861287,77.546719,2017-06-25 00:00:00.000,20:20:00
Subramanyapura,assault,12.862214,77.543384,,16:30:00
Subramanyapura,assault,12.863974,77.549917,,23:00:00
Subramanyapura,assault,12.865547,77.543994,2017-04-08 00:00:00.000,10:00:00
Subramanyapura,assault,12.861547,77.541487,2017-09-24 00:00:00.000,15;35
Subramanyapura,assault,12.863388,77.5415478,2017-09-24 00:00:00.000,15:35:00
Subramanyapura,assault,12.878478,77.542174,2017-03-10 00:00:00.000,21:00:00
Subramanyapura,assault,12.862881,77.544487,2017-12-10 00:00:00.000,12:00:00
Subramanyapura,assault,12.861278,77.543957,2017-10-17 00:00:00.000,17:00:00
Subramanyapura,assault,12.861478,77.568457,2017-10-24 00:00:00.000,17:00:00
Subramanyapura,assault,12.878781,77.546147,2017-08-11 00:00:00.000,23:00:00
Subramanyapura,assault,12.8621789,77.542144,2017-11-26 00:00:00.000,23:15:00
Subramanyapura,assault,12.861947,77.54,2017-05-12 00:00:00.000,16:00:00
Subramanyapura,assault,12.863447,77.54,2017-10-12 00:00:00.000,10:30:00
Subramanyapura,assault,12.862174,77.546112,2015-12-31 00:00:00.000,12:15:00
Subramanyapura,assault,12.860171,77.546471,2018-04-01 00:00:00.000,22:15:00
Subramanyapura,assault,12.860118,77.543697,2018-06-01 00:00:00.000,20:15:00
Subramanyapura,assault,12.860018,77.54447,2018-01-18 00:00:00.000,16:00:00
Subramanyapura,assault,12.865517,77.5491478,2018-01-18 00:00:00.000,17:00:00
Subramanyapura,assault,12.863947,77.542178,2018-01-20 00:00:00.000,04:00:00
Subramanyapura,assault,12.863178,77.540157,2018-01-29 00:00:00.000,16:00:00
Subramanyapura,assault,12.860017,77.54674,2018-09-02 00:00:00.000,15:00:00
Subramanyapura,assault,12.863314,77.546614,2018-02-16 00:00:00.000,13:15:00
Subramanyapura,assault,12.86288,77.546974,2018-02-24 00:00:00.000,12:30:00
Subramanyapura,assault,12.863178,77.548841,,16:30:00
Subramanyapura,assault,12.86987,77.543884,2018-03-25 00:00:00.000,12:30:00
Subramanyapura,assault,12.862178,77.543971,2018-02-04 00:00:00.000,17:00:00
Subramanyapura,assault,12.862271,77.540187,2018-03-04 00:00:00.000,14:30:00
Subramanyapura,assault,12.863971,77.542177,2018-04-13 00:00:00.000,15:00:00
Subramanyapura,assault,12.865541,77.559741,2018-04-13 00:00:00.000,19:00:00
Subramanyapura,assault,12.862178,77.543301,2018-04-17 00:00:00.000,19:00:00
Subramanyapura,assault,12.866108,77.547841,2018-04-26 00:00:00.000,10:15:00
Subramanyapura,assault,12.862174,77.547617,2018-12-05 00:00:00.000,17:00:00
Subramanyapura,assault,12.862178,77.542991,2018-05-28 00:00:00.000,16:00:00
Subramanyapura,assault,12.862217,77.543974,2018-06-20 00:00:00.000,10;30
Subramanyapura,assault,12.860178,77.543971,2018-06-23 00:00:00.000,17:00:00
Subramanyapura,assault,12.863391,77.549631,2018-07-16 00:00:00.000,21:00:00
Subramanyapura,assault,12.862871,77.542208,2018-07-25 00:00:00.000,
Subramanyapura,assault,12.869713,77.54228,2018-07-26 00:00:00.000,12:00:00
Subramanyapura,assault,12.863971,77.541498,2018-07-30 00:00:00.000,16:00:00
Subramanyapura,assault,12.863971,77.542871,2018-07-30 00:00:00.000,17:00:00
Subramanyapura,assault,12.86331,77.548714,2018-04-08 00:00:00.000,10:30:00
Subramanyapura,assault,12.869941,77.543971,2018-08-13 00:00:00.000,20:45:00
Subramanyapura,assault,12.863741,77.54331,2018-08-13 00:00:00.000,23:00:00
Subramanyapura,assault,12.862178,77.543971,2018-08-26 00:00:00.000,14:58:00
Subramanyapura,assault,12.878179,77.551471,2018-04-10 00:00:00.000,23:00:00
Subramanyapura,assault,12.847479,77.558479,2018-07-10 00:00:00.000,17:45:00
Subramanyapura,assault,12.862147,77.548814,2018-10-14 00:00:00.000,10:00:00
Subramanyapura,assault,12.8601789,77.545471,2018-10-16 00:00:00.000,15:00:00
Subramanyapura,assault,12.86441,77.549381,2018-10-20 00:00:00.000,02:00:00
Subramanyapura,assault,12.864578,77.543974,2018-10-27 00:00:00.000,10:10:00
Subramanyapura,assault,12.862147,77.541478,2018-05-11 00:00:00.000,13:15:00
Subramanyapura,assault,12.862879,77.543971,2018-05-22 00:00:00.000,11:00:00
Subramanyapura,assault,12.861107,77.546971,2018-11-17 00:00:00.000,15:30:00
Subramanyapura,assault,12.866671,77.544487,2018-11-24 00:00:00.000,21:00:00
Subramanyapura,assault,12.862178,77.546717,2018-05-12 00:00:00.000,13:00:00
Subramanyapura,assault,12.862284,77.543017,2018-12-13 00:00:00.000,22:00:00
Subramanyapura,assault,12.863278,77.540141,2018-11-18 00:00:00.000,20:15:00
Subramanyapura,assault,12.862178,77.543271,2018-05-29 00:00:00.000,22:00:00
Subramanyapura,assault,12.863971,77.542178,2019-02-26 00:00:00.000,14:00:00
Subramanyapura,assault,12.870174,77.542211,2019-05-03 00:00:00.000,18:30:00
Subramanyapura,assault,12.863971,77.540157,2019-07-03 00:00:00.000,13:30:00
Subramanyapura,assault,12.866617,77.545732,2019-03-14 00:00:00.000,15:00:00
Subramanyapura,assault,12.863976,77.544131,2019-03-28 00:00:00.000,21:50:00
Subramanyapura,assault,12.872208,77.566316,2019-03-04 00:00:00.000,17:00:00
Subramanyapura,assault,12.874712,77.533853,2019-03-04 00:00:00.000,22:30:00
Subramanyapura,assault,12.875183,77.533083,2019-08-04 00:00:00.000,11:30:00
Subramanyapura,assault,12.89413,77.541369,2019-08-04 00:00:00.000,13:00:00
Subramanyapura,assault,12.873542,77.53235,2019-03-05 00:00:00.000,19:30:00
Subramanyapura,assault,12.871934,77.533441,2019-10-07 00:00:00.000,03:30:00
Subramanyapura,assault,12.859276,77.563266,2019-08-23 00:00:00.000,19:00:00
Subramanyapura,assault,12.87121,77.564375,2019-08-23 00:00:00.000,21:30:00
Subramanyapura,assault,12.89447,77.541371,2019-04-09 00:00:00.000,13:00:00
Subramanyapura,assault,12.89197,77.52341,2019-09-13 00:00:00.000,01:00:00
Subramanyapura,assault,12.878127,77.545653,2019-02-07 00:00:00.000,22:00:00
Subramanyapura,assault,12.872577,77.562818,2019-07-22 00:00:00.000,16:15:00
Subramanyapura,assault,12.875743,77.544554,2019-10-20 00:00:00.000,16:15:00
Subramanyapura,assault,12.895617,77.541573,2019-05-31 00:00:00.000,12:12:00
Subramanyapura,assault,12.862618,77.531543,2019-11-13 00:00:00.000,13:30:00
Subramanyapura,assault,12.883127,77.546741,2019-11-23 00:00:00.000,11:45:00
Subramanyapura,assault,12.866041,77.77543801,2019-01-11 00:00:00.000,11:45:00
Subramanyapura,assault,12.876338,77.540164,2019-12-17 00:00:00.000,18:00:00
Subramanyapura,assault,12.867778,77.5357,2019-04-12 00:00:00.000,16:00:00
Subramanyapura,assault,12.88999,77.550627,2017-01-22 00:00:00.000,
Subramanyapura,assault,12.86825,77.582154,2017-01-24 00:00:00.000,17:00:00
Subramanyapura,assault,12.86825,77.582162,2017-02-02 00:00:00.000,
Subramanyapura,assault,12.879174,77.564244,2017-02-15 00:00:00.000,21:35:00
Subramanyapura,assault,12.87929,77.567728,2017-02-25 00:00:00.000,18:00:00
Subramanyapura,assault,12.890678,77.564027,2017-02-25 00:00:00.000,21:30:00
Subramanyapura,assault,12.86825,77.582154,2017-03-05 00:00:00.000,
Subramanyapura,assault,12.879174,77.564244,2017-03-18 00:00:00.000,21:00:00
Subramanyapura,assault,12.908554,77.591969,2017-03-30 00:00:00.000,
Subramanyapura,assault,12.888167,77.570983,2017-04-19 00:00:00.000,11:30:00
Subramanyapura,assault,12.844683,77.583062,2017-04-27 00:00:00.000,09:00:00
Subramanyapura,assault,12.865815,77.580803,2017-03-05 00:00:00.000,09:00:00
Subramanyapura,assault,12.867538,77.534498,2017-05-28 00:00:00.000,18:00:00
Subramanyapura,assault,12.87575,77.581656,2017-02-06 00:00:00.000,16:30:00
Subramanyapura,assault,12.908554,77.591969,2017-06-06 00:00:00.000,23:30:00
Subramanyapura,assault,12.844683,77.583062,2017-06-14 00:00:00.000,18:30:00
Subramanyapura,assault,12.890678,77.564027,2017-01-07 00:00:00.000,16:00:00
Subramanyapura,assault,12.879174,77.564244,2017-01-07 00:00:00.000,12:00:00
Subramanyapura,assault,12.908554,77.591969,2017-02-07 00:00:00.000,15:00:00
Subramanyapura,assault,12.876396,77.5836,2017-08-07 00:00:00.000,19:30:00
Subramanyapura,assault,12.88995,77.582318,2017-11-07 00:00:00.000,23:30:00
Subramanyapura,assault,12.745792,77.48775,2017-12-07 00:00:00.000,13:30:00
Subramanyapura,assault,12.88164,77.571036,2017-07-14 00:00:00.000,14:30:00
Subramanyapura,assault,12.890678,77.564027,2017-07-23 00:00:00.000,11:45:00
Subramanyapura,assault,12.844683,77.583062,2017-02-08 00:00:00.000,11:45:00
Subramanyapura,assault,12.834683,77.583062,2017-05-08 00:00:00.000,10:30:00
Subramanyapura,assault,12.88164,77.571036,2017-01-09 00:00:00.000,13:50:00
Subramanyapura,assault,12.861915,77.561583,2017-09-13 00:00:00.000,16:50:00
Subramanyapura,assault,12.867463,77.583062,2017-09-18 00:00:00.000,10:15:00
Subramanyapura,assault,12.854683,77.583042,2017-09-20 00:00:00.000,15:20:00
Subramanyapura,assault,12.87257,17.588882,2017-09-25 00:00:00.000,11:45:00
Subramanyapura,assault,12.88825,77.572154,2017-09-26 00:00:00.000,11:30:00
Subramanyapura,assault,12.89825,77.5712169,2017-09-30 00:00:00.000,09:20:00
Subramanyapura,assault,12.865815,77.580803,2017-10-13 00:00:00.000,17:00:00
Subramanyapura,assault,12.87825,77.582154,2017-10-15 00:00:00.000,16:30:00
Subramanyapura,assault,12.86825,77.582154,2017-10-20 00:00:00.000,16:00:00
Subramanyapura,assault,12.88825,77.5821342,2017-10-20 00:00:00.000,22:15:00
Subramanyapura,assault,12.98825,77.582154,2017-10-23 00:00:00.000,18:00:00
Subramanyapura,assault,12.845799,77.584087,2017-11-11 00:00:00.000,13:00:00
Subramanyapura,assault,12.88086,77.57472,2017-11-11 00:00:00.000,21:15:00
Subramanyapura,assault,12.88829,77.580217,2017-11-20 00:00:00.000,01:00:00
Subramanyapura,assault,12.835799,77.584087,2017-12-13 00:00:00.000,19:00:00
Subramanyapura,assault,12.835799,77.584087,2017-12-29 00:00:00.000,14:00:00
Subramanyapura,assault,12.895925,77.585328,2018-05-01 00:00:00.000,19:15:00
Subramanyapura,assault,12.835799,77.584087,2018-11-01 00:00:00.000,15:00:00
Subramanyapura,assault,12.845799,77.584087,2018-01-17 00:00:00.000,12:50:00
Subramanyapura,assault,12.878746,77.5622,2018-01-25 00:00:00.000,15:30:00
Subramanyapura,assault,12.835799,77.584087,2018-01-26 00:00:00.000,16:00:00
Subramanyapura,assault,12.88086,77.57472,2018-01-27 00:00:00.000,21:15:00
Subramanyapura,assault,12.835799,77.584087,2018-06-02 00:00:00.000,19:00:00
Subramanyapura,assault,12.88365,77.567108,2018-12-02 00:00:00.000,16:30:00
Subramanyapura,assault,12.845799,77.584087,2018-02-16 00:00:00.000,11:00:00
Subramanyapura,assault,12.882462,77.569158,2018-02-19 00:00:00.000,17:00:00
Subramanyapura,assault,12.88829,77.580217,2018-02-21 00:00:00.000,19:30:00
Subramanyapura,assault,12.845799,77.584087,2018-06-03 00:00:00.000,11:15:00
Subramanyapura,assault,12.884587,77.569498,2018-10-03 00:00:00.000,16:00:00
Subramanyapura,assault,12.844501,77.584473,2018-03-15 00:00:00.000,22:30:00
Subramanyapura,assault,12.88829,77.580217,2018-03-21 00:00:00.000,20:40:00
Subramanyapura,assault,12.8834428,77.569808,2018-03-23 00:00:00.000,11:55:00
Subramanyapura,assault,12.881754,77.569001,2018-03-26 00:00:00.000,12:00:00
Subramanyapura,assault,12.854933,77.588491,2018-03-26 00:00:00.000,21:30:00
Subramanyapura,assault,12.882116,77.574506,2018-03-31 00:00:00.000,11:15:00
Subramanyapura,assault,12.87825,77.582172,2018-11-04 00:00:00.000,09:35:00
Subramanyapura,assault,12.892825,77.58269,2018-04-13 00:00:00.000,15:30:00
Subramanyapura,assault,12.87825,77.582172,2018-04-21 00:00:00.000,22:15:00
Subramanyapura,assault,12.88825,77.582165,2018-04-27 00:00:00.000,16:00:00
Subramanyapura,assault,12.86825,77.582161,2018-01-05 00:00:00.000,17:15:00
Thalaghtappura,assault,12.86825,77.582172,2018-01-05 00:00:00.000,17:30:00
Thalaghtappura,assault,12.872825,77.582169,2018-01-05 00:00:00.000,23:50:00
Thalaghtappura,assault,12.75825,77.58214,2018-05-04 00:00:00.000,
Thalaghtappura,assault,12.78825,77.582154,2018-05-14 00:00:00.000,16:10:00
Thalaghtappura,assault,12.86825,77.582169,2018-03-06 00:00:00.000,15:30:00
Thalaghtappura,assault,12.796825,77.582172,2018-08-06 00:00:00.000,02:30:00
Thalaghtappura,assault,12.86825,77.582154,2018-09-06 00:00:00.000,10:30:00
Thalaghtappura,assault,12.86825,77.582154,2018-06-15 00:00:00.000,23:20:00
Thalaghtappura,assault,12.86825,77.582154,2018-06-30 00:00:00.000,20:50:00
Thalaghtappura,assault,12.86825,77.582154,2018-07-14 00:00:00.000,07:00:00
Thalaghtappura,assault,12.86825,77.582154,2018-07-16 00:00:00.000,22:15:00
Thalaghtappura,assault,12.86825,77.582154,2018-07-16 00:00:00.000,22:30:00
Thalaghtappura,assault,12.86825,77.582154,2018-07-31 00:00:00.000,22:00:00
Thalaghtappura,assault,12.86825,77.582154,2018-02-08 00:00:00.000,10:30:00
Thalaghtappura,assault,12.86825,77.582154,2018-04-08 00:00:00.000,17:45:00
Thalaghtappura,assault,12.86825,77.582154,2018-09-08 00:00:00.000,12:30:00
Thalaghtappura,assault,12.86825,77.582154,2018-02-09 00:00:00.000,09:30:00
Thalaghtappura,assault,12.86825,77.582154,2018-09-18 00:00:00.000,03:45:00
Thalaghtappura,assault,12.86825,77.582154,2018-01-10 00:00:00.000,21:00:00
Thalaghtappura,assault,12.86825,77.582154,2018-04-10 00:00:00.000,13:00:00
Thalaghtappura,assault,12.86825,77.582154,2018-04-10 00:00:00.000,16:30:00
Thalaghtappura,assault,12.86825,77.582154,2018-11-10 00:00:00.000,18:15:00
Thalaghtappura,assault,12.86825,77.582154,2018-10-21 00:00:00.000,16:15:00
Thalaghtappura,assault,12.86825,77.582154,2018-10-29 00:00:00.000,04:10:00
Thalaghtappura,assault,12.86825,77.582154,2018-09-11 00:00:00.000,18:00:00
Thalaghtappura,assault,12.86825,77.582154,2018-09-11 00:00:00.000,19:00:00
Thalaghtappura,assault,12.86825,77.582154,2018-10-11 00:00:00.000,19:00:00
Thalaghtappura,assault,12.86825,77.582154,2018-12-20 00:00:00.000,14:00:00
Thalaghtappura,assault,12.86825,77.582154,2018-12-25 00:00:00.000,
Thalaghtappura,assault,12.86825,77.582154,2018-12-25 00:00:00.000,22:45:00
Thalaghtappura,assault,12.86825,77.582154,2019-07-01 00:00:00.000,15:15:00
Thalaghtappura,assault,12.86825,77.582154,2019-01-14 00:00:00.000,20:00:00
Thalaghtappura,assault,12.86825,77.582154,2019-01-29 00:00:00.000,17:00:00
Thalaghtappura,assault,12.78825,77.582154,2019-02-02 00:00:00.000,18:00:00
Thalaghtappura,assault,12.89825,77.582154,2019-06-02 00:00:00.000,13:30:00
Thalaghtappura,assault,12.882462,77.569158,2019-07-02 00:00:00.000,17:00:00
Thalaghtappura,assault,12.892462,77.579158,2019-02-21 00:00:00.000,19:20:00
Thalaghtappura,assault,12.86825,77.582154,2019-03-03 00:00:00.000,22:45:00
Thalaghtappura,assault,12.86825,77.582154,2019-03-13 00:00:00.000,13:10:00
Thalaghtappura,assault,12.86825,77.582154,2019-03-16 00:00:00.000,23:30:00
Thalaghtappura,assault,12.86825,77.582154,2019-03-17 00:00:00.000,
Thalaghtappura,assault,12.86825,77.582154,2019-01-04 00:00:00.000,13:15:00
Thalaghtappura,assault,12.873437,77.583593,2019-04-04 00:00:00.000,21:15:00
Thalaghtappura,assault,12.883437,77.583593,2019-09-04 00:00:00.000,21:10:00
Thalaghtappura,assault,12.87825,77.582154,2019-04-23 00:00:00.000,17:30:00
Thalaghtappura,assault,12.85825,77.582154,2019-04-28 00:00:00.000,13:15:00
Thalaghtappura,assault,12.86825,77.582154,2019-07-05 00:00:00.000,14:40:00
Thalaghtappura,assault,12.86825,77.582154,2019-05-13 00:00:00.000,20:45:00
Thalaghtappura,assault,12.87825,77.582154,2019-05-18 00:00:00.000,18:45:00
Thalaghtappura,assault,12.89825,77.582154,2019-05-23 00:00:00.000,15:15:00
Thalaghtappura,assault,12.8925,77.582154,2019-05-30 00:00:00.000,23:50:00
Thalaghtappura,assault,12.83271,77.71821714,2019-06-25 00:00:00.000,20:15:00
Thalaghtappura,assault,12.868271,77.71821714,2019-06-25 00:00:00.000,20:25:00
Thalaghtappura,assault,12.868271,77.71821714,2019-06-28 00:00:00.000,14:00:00
Thalaghtappura,assault,12.878271,77.71821714,2019-04-07 00:00:00.000,22:15:00
Thalaghtappura,assault,12.888271,77.71821714,2019-06-07 00:00:00.000,09:45:00
Thalaghtappura,assault,12.878271,77.71821714,2019-09-07 00:00:00.000,15:00:00
Thalaghtappura,assault,12.898271,77.71821714,2019-07-16 00:00:00.000,22:15:00
Thalaghtappura,assault,12.844683,77.583062,2019-07-16 00:00:00.000,22:40:00
Thalaghtappura,assault,12.88365,77.567108,2019-07-25 00:00:00.000,16:45:00
Thalaghtappura,assault,12.84365,77.567108,2019-05-08 00:00:00.000,13:30:00
Thalaghtappura,assault,12.88822,77.578284,2019-08-13 00:00:00.000,11:30:00
Thalaghtappura,assault,12.88822,77.578284,2019-08-27 00:00:00.000,17:30:00
Thalaghtappura,assault,12.844683,77.583062,2019-08-30 00:00:00.000,13:30:00
Thalaghtappura,assault,12.880803,77.584041,2019-01-09 00:00:00.000,17:00:00
Thalaghtappura,assault,12.880803,77.584041,2019-01-09 00:00:00.000,17:15:00
Thalaghtappura,assault,12.880777,77.584035,2019-03-09 00:00:00.000,03:00:00
Thalaghtappura,assault,12.897696,77.571659,2019-11-16 00:00:00.000,19:00:00
Thalaghtappura,assault,12.89282,77.578196,2019-01-12 00:00:00.000,13:00:00
Thalaghtappura,assault,12.8886343,77.567481,2019-05-12 00:00:00.000,18:30:00
Thalaghtappura,assault,12.909336,77.57431,2017-01-20 00:00:00.000,13:10:00
Thalaghtappura,assault,12.877679,77.584074,2017-09-02 00:00:00.000,
Thalaghtappura,assault,12.891021,77.582776,2017-12-02 00:00:00.000,
Thalaghtappura,assault,12.892167,77.581841,2017-03-25 00:00:00.000,17:00:00
Thalaghtappura,assault,12.886537,77586721.0,2017-08-14 00:00:00.000,16:00:00
Thalaghtappura,assault,12.905746,77.57994,2017-08-14 00:00:00.000,21:00:00
Thalaghtappura,assault,12.906203,77.58576,2017-11-09 00:00:00.000,
Thalaghtappura,assault,12.887179,77.589881,2017-09-25 00:00:00.000,16:00:00
Thalaghtappura,assault,12.899745,77582751.0,2017-11-28 00:00:00.000,21:15:00
Thalaghtappura,assault,12.906348,77.59955,2018-04-01 00:00:00.000,
Thalaghtappura,assault,12.898622,77.570897,2018-01-22 00:00:00.000,11:00:00
Thalaghtappura,assault,12.891943,77.5755,2018-01-30 00:00:00.000,21:30:00
Thalaghtappura,assault,12.889336,77.588762,2018-02-14 00:00:00.000,15:15:00
Thalaghtappura,assault,12.90248,77.58207,2018-03-29 00:00:00.000,09:00:00
Thalaghtappura,assault,12.899884,77.589881,2018-04-14 00:00:00.000,21:40:00
Thalaghtappura,assault,12.899884,77.589881,2018-04-14 00:00:00.000,22:40:00
Thalaghtappura,assault,12.856487,77.956874,2018-04-07 00:00:00.000,
Thalaghtappura,assault,12.9023932,77.5820933,2018-11-07 00:00:00.000,
Thalaghtappura,assault,12.9025287,77.582085,2018-12-07 00:00:00.000,
Thalaghtappura,assault,12.9024521,77.5820206,2018-08-14 00:00:00.000,16:30:00
Thalaghtappura,assault,12.9023236,77.5821221,2018-02-09 00:00:00.000,
Thalaghtappura,assault,12.9023238,77.5821107,2018-08-09 00:00:00.000,
Thalaghtappura,assault,12.902423854,77.58218,2018-09-09 00:00:00.000,
Thalaghtappura,assault,12.903342,77.591839,2018-11-09 00:00:00.000,
Thalaghtappura,assault,12.896264,77.599616,2018-09-21 00:00:00.000,12:30:00
Thalaghtappura,assault,12.886113,77.585046,2018-09-24 00:00:00.000,20:40:00
Thalaghtappura,assault,12.877806,77.583708,2018-05-10 00:00:00.000,
Thalaghtappura,assault,12.902823,77.577043,2018-09-11 00:00:00.000,
Thalaghtappura,assault,12.888787,77.585418,2018-07-12 00:00:00.000,
Thalaghtappura,assault,12.895878,77.581846,2018-12-17 00:00:00.000,20:35:00
Thalaghtappura,assault,12.887975,77.590916,2018-12-19 00:00:00.000,16:30:00
Thalaghtappura,assault,12.895878,77.581846,2019-01-31 00:00:00.000,21:00:00
Thalaghtappura,assault,12.902353,77.583402,2019-03-02 00:00:00.000,
Thalaghtappura,assault,12.886842,77.591272,2019-04-02 00:00:00.000,
Thalaghtappura,assault,12.891757,77.582555,2019-07-02 00:00:00.000,
Thalaghtappura,assault,12.886842,77.591272,2019-02-26 00:00:00.000,21:30:00
Thalaghtappura,assault,12.902353,77.583402,2019-01-03 00:00:00.000,
Thalaghtappura,assault,12.895878,77.581846,2019-04-27 00:00:00.000,20:45:00
Thalaghtappura,assault,12.902122,77.582668,2019-04-30 00:00:00.000,19:30:00
Thalaghtappura,assault,12.901612,77.574628,2019-06-05 00:00:00.000,
Thalaghtappura,assault,12.901612,77.574628,2019-06-05 00:00:00.000,
Thalaghtappura,assault,12.897327,77.580171,2019-05-15 00:00:00.000,21:00:00
Thalaghtappura,assault,12.904728,77.584046,2019-07-19 00:00:00.000,14:10:00
Thalaghtappura,assault,12.904728,77.584046,2019-08-13 00:00:00.000,16:15:00
Thalaghtappura,assault,12.932507,77.582221,2019-09-15 00:00:00.000,05:00:00
Thalaghtappura,assault,12.904728,77.584046,2019-10-14 00:00:00.000,21:00:00
Thalaghtappura,assault,12.839673,77.588976,2019-01-11 00:00:00.000,
Thalaghtappura,assault,12.839673,77.588976,2019-02-11 00:00:00.000,
Thalaghtappura,assault,12.893633,77.586537,2019-03-11 00:00:00.000,
Thalaghtappura,assault,12.839673,77.588976,2019-11-15 00:00:00.000,13:15:00
Thalaghtappura,assault,12.902726,77.582888,2019-11-21 00:00:00.000,14:35:00
Thalaghtappura,assault,12.877806,77.583708,2019-03-12 00:00:00.000,
Thalaghtappura,assault,12.90004,77.589878,2019-05-12 00:00:00.000,
Thalaghtappura,assault,12.899484,77.586083,2019-12-24 00:00:00.000,10:45:00
Thalaghtappura,assault,12.901991,77.582256,2019-12-31 00:00:00.000,12:30:00
Thalaghtappura,assault,12.911758,77.572653,2015-08-01 00:00:00.000,14:00:00
Thalaghtappura,assault,12.9028808337357,77.5721867734704,2015-01-19 00:00:00.000,09:45:00
Thalaghtappura,assault,12.9144905944493,77.5721064816148,2015-01-20 00:00:00.000,23:10:00
Thalaghtappura,assault,12.9058711122321,77.5646367108323,2015-01-25 00:00:00.000,08:45:00
Thalaghtappura,assault,12.9061712471247,77.5698458437946,2015-02-23 00:00:00.000,12:30:00
Thalaghtappura,assault,12.9109359450741,77.5646696875901,2015-03-24 00:00:00.000,12:00:00
Thalaghtappura,assault,12.9008927627643,77.5698813716385,2015-04-20 00:00:00.000,12:00:00
Thalaghtappura,assault,12.9109359450741,77.5646696875901,2015-02-05 00:00:00.000,13:45:00
Thalaghtappura,assault,12.8981950397319,77.5693753268396,2015-04-05 00:00:00.000,21:15:00
Thalaghtappura,assault,12.8981950397319,77.5693753268396,2015-05-16 00:00:00.000,12:30:00
Thalaghtappura,assault,12.8981950397319,77.5693753268396,2015-05-16 00:00:00.000,04:45:00
Thalaghtappura,assault,12.8981950397319,77.5693753268396,2015-04-06 00:00:00.000,10:15:00
Thalaghtappura,assault,12.9061712471247,77.5698458437946,2015-06-15 00:00:00.000,14:30:00
Thalaghtappura,assault,12.8981950397319,77.5693753268396,2015-06-21 00:00:00.000,23:50:00
Thalaghtappura,assault,12.9109359450741,77.5646696875901,2015-06-22 00:00:00.000,17:00:00
Thalaghtappura,assault,12.9008927627643,77.5698813716385,2015-09-07 00:00:00.000,21:30:00
Thalaghtappura,assault,12.9061712471247,77.5698458437946,2015-01-08 00:00:00.000,13:30:00
Thalaghtappura,assault,12.9109359450741,77.5646696875901,2015-12-08 00:00:00.000,16:50:00
Thalaghtappura,assault,12.9109359450741,77.5646696875901,2015-08-18 00:00:00.000,02:45:00
Thalaghtappura,assault,12.9109359450741,77.5646696875901,2015-08-19 00:00:00.000,19:00:00
Thalaghtappura,assault,12.9109359450741,77.5646696875901,2015-08-23 00:00:00.000,14:45:00
Thalaghtappura,assault,12.9061712471247,77.5698458437946,2015-08-26 00:00:00.000,10:10:00
Thalaghtappura,assault,12.8981950397319,77.5693753268396,2015-09-14 00:00:00.000,12:00:00
Thalaghtappura,assault,12.9109359450741,77.5646696875901,2015-09-22 00:00:00.000,16:00:00
Thalaghtappura,assault,12.9109359450741,77.5646696875901,2015-09-28 00:00:00.000,22:30:00
Thalaghtappura,assault,12.9109359450741,77.5646696875901,2015-08-10 00:00:00.000,14:00:00
Thalaghtappura,assault,12.9109359450741,77.5646696875901,2015-10-20 00:00:00.000,23:30:00
Thalaghtappura,assault,12.8981950397319,77.5693753268396,2015-10-21 00:00:00.000,17:40:00
Thalaghtappura,assault,12.9109359450741,77.5646696875901,2015-10-23 00:00:00.000,02:45:00
Thalaghtappura,assault,12.9076945341477,77.5719852228203,2015-10-23 00:00:00.000,22:45:00
Thalaghtappura,assault,12.9008927627643,77.5698813716385,2015-02-11 00:00:00.000,15:30:00
Thalaghtappura,assault,12.8981950397319,77.5693753268396,2015-03-11 00:00:00.000,06:45:00
Thalaghtappura,assault,12.9008927627643,77.5698813716385,2015-05-11 00:00:00.000,23:00:00
Thalaghtappura,assault,12.9109359450741,77.5646696875901,2015-11-22 00:00:00.000,02:30:00
Thalaghtappura,assault,12.8981950397319,77.5693753268396,2015-11-24 00:00:00.000,09:00:00
Thalaghtappura,assault,12.9109359450741,77.5646696875901,2015-11-28 00:00:00.000,10:45:00
Thalaghtappura,assault,12.8981950397319,77.5693753268396,2015-03-12 00:00:00.000,21:55:00
Thalaghtappura,assault,12.9076945341477,77.5719852228203,2015-12-15 00:00:00.000,03:00:00
Thalaghtappura,assault,12.9109359450741,77.5646696875901,2015-12-19 00:00:00.000,15:45:00
Thalaghtappura,assault,12.8981950397319,77.5693753268396,2016-05-01 00:00:00.000,11:00:00
Thalaghtappura,assault,12.9076945341477,77.5719852228203,2016-10-01 00:00:00.000,22:45:00
Thalaghtappura,assault,12.9109359450741,77.5646696875901,2016-01-19 00:00:00.000,19:00:00
Thalaghtappura,assault,12.9109359450741,77.5646696875901,2016-01-21 00:00:00.000,12:30:00
Thalaghtappura,assault,12.9109359450741,77.5646696875901,2016-02-27 00:00:00.000,18:00:00
Thalaghtappura,assault,12.9076945341477,77.5719852228203,2016-03-13 00:00:00.000,23:55:00
Thalaghtappura,assault,12.8981950397319,77.5693753268396,2016-03-20 00:00:00.000,12:15:00
Thalaghtappura,assault,12.9008927627643,77.5698813716385,2016-03-24 00:00:00.000,16:00:00
Thalaghtappura,assault,12.9109359450741,77.5646696875901,2016-03-25 00:00:00.000,23:30:00
Thalaghtappura,assault,12.9073405371661,77.5726119249203,2016-04-21 00:00:00.000,13:00:00
Thalaghtappura,assault,12.9109359450741,77.5646696875901,2016-04-05 00:00:00.000,12:00:00
Thalaghtappura,assault,12.898598198697,77.556897937156,2016-05-18 00:00:00.000,12:30:00
Thalaghtappura,assault,12.9008927627643,77.5698813716385,2016-05-19 00:00:00.000,14:30:00
Thalaghtappura,assault,12.9109359450741,77.5646696875901,2016-05-19 00:00:00.000,16:40:00
Thalaghtappura,assault,12.9109359450741,77.5646696875901,2016-05-21 00:00:00.000,22:30:00
Thalaghtappura,assault,12.8981950397319,77.5693753268396,2016-05-30 00:00:00.000,23:00:00
Thalaghtappura,assault,12.9061712471247,77.5698458437946,2016-11-06 00:00:00.000,10:00:00
Thalaghtappura,assault,12.8981950397319,77.5693753268396,2016-06-18 00:00:00.000,22:15:00
Thalaghtappura,assault,12.9109359450741,77.5646696875901,2016-06-21 00:00:00.000,22:15:00
Thalaghtappura,assault,12.9008927627643,77.5698813716385,2016-08-08 00:00:00.000,20:00:00
Thalaghtappura,assault,12.9073405371661,77.5726119249203,2016-10-08 00:00:00.000,21:00:00
Thalaghtappura,assault,12.9043309015663,77.5684681501214,2016-08-15 00:00:00.000,10:00:00
Thalaghtappura,assault,12.9076945341477,77.5719852228203,2016-08-15 00:00:00.000,12:00:00
Thalaghtappura,assault,12.9043309015663,77.5684681501214,2016-09-14 00:00:00.000,21:30:00
Thalaghtappura,assault,12.9008927627643,77.5698813716385,2016-09-15 00:00:00.000,21:00:00
Thalaghtappura,assault,12.8981950397319,77.5693753268396,2016-09-27 00:00:00.000,18:30:00
Thalaghtappura,assault,12.9076945341477,77.5719852228203,2016-02-10 00:00:00.000,13:15:00
Thalaghtappura,assault,12.9008927627643,77.5698813716385,2016-06-10 00:00:00.000,21:30:00
Thalaghtappura,assault,12.8981950397319,77.5693753268396,2016-08-11 00:00:00.000,11:30:00
Thalaghtappura,assault,12.8981950397319,77.5693753268396,2016-09-11 00:00:00.000,13:30:00
Thalaghtappura,assault,12.9109359450741,77.5646696875901,2016-09-11 00:00:00.000,16:15:00
Thalaghtappura,assault,12.9109359450741,77.5646696875901,2016-11-23 00:00:00.000,12:15:00
Thalaghtappura,assault,12.9109359450741,77.5646696875901,2016-09-12 00:00:00.000,19:00:00
Thalaghtappura,assault,12.9076945341477,77.5719852228203,2016-11-12 00:00:00.000,21:00:00
Thalaghtappura,assault,12.8981950397319,77.5693753268396,2016-12-27 00:00:00.000,21:35:00
Thalaghtappura,assault,12.9057414168407,77.5652834749371,2017-01-25 00:00:00.000,23:15:00
Thalaghtappura,assault,12.9008927627643,77.5698813716385,2017-02-15 00:00:00.000,11:00:00
Thalaghtappura,assault,12.9008927627643,77.5698813716385,2017-02-21 00:00:00.000,12:00:00
Thalaghtappura,assault,12.8981950397319,77.5693753268396,2017-02-23 00:00:00.000,15:00:00
Thalaghtappura,assault,12.898598198697,77.556897937156,2017-02-27 00:00:00.000,13:10:00
Thalaghtappura,assault,12.9008927627643,77.5698813716385,2017-03-30 00:00:00.000,15:00:00
Thalaghtappura,assault,12.898598198697,77.556897937156,2017-03-31 00:00:00.000,14:00:00
Thalaghtappura,assault,12.8981950397319,77.5693753268396,2017-04-04 00:00:00.000,15:00:00
Thalaghtappura,assault,12.9109359450741,77.5646696875901,2017-10-04 00:00:00.000,13:00:00
Thalaghtappura,assault,12.8981950397319,77.5693753268396,2017-04-22 00:00:00.000,18:00:00
Thalaghtappura,assault,12.8981950397319,77.5693753268396,2017-05-05 00:00:00.000,15:00:00
Thalaghtappura,assault,12.9109359450741,77.5646696875901,2017-09-05 00:00:00.000,19:00:00
Thalaghtappura,assault,12.8981950397319,77.5693753268396,2017-05-13 00:00:00.000,21:30:00
Thalaghtappura,assault,12.9053291297934,77.5632981341383,2017-05-18 00:00:00.000,16:30:00
Thalaghtappura,assault,12.9109359450741,77.5646696875901,2017-01-06 00:00:00.000,22:30:00
Thalaghtappura,assault,12.9109359450741,77.5646696875901,2017-04-07 00:00:00.000,11:15:00
Thalaghtappura,assault,12.8981950397319,77.5693753268396,2017-06-07 00:00:00.000,11:00:00
Thalaghtappura,assault,12.9109359450741,77.5646696875901,2017-08-07 00:00:00.000,15:30:00
Thalaghtappura,assault,12.9109359450741,77.5646696875901,2017-08-07 00:00:00.000,18:30:00
Thalaghtappura,assault,12.9109359450741,77.5646696875901,2017-07-15 00:00:00.000,15:00:00
Thalaghtappura,assault,12.9076945341477,77.5719852228203,2017-07-16 00:00:00.000,11:00:00
Thalaghtappura,assault,12.9008927627643,77.5698813716385,2017-07-18 00:00:00.000,12:00:00
Thalaghtappura,assault,12.9109359450741,77.5698458437946,2017-07-25 00:00:00.000,13:00:00
Thalaghtappura,assault,12.8981950397319,77.5693753268396,2017-01-08 00:00:00.000,14:00:00
Thalaghtappura,assault,12.9061712471247,77.5698458437946,2017-08-14 00:00:00.000,15:00:00
Thalaghtappura,assault,12.898598198697,77.556897937156,2017-08-17 00:00:00.000,13:00:00
Thalaghtappura,assault,12.898598198697,77.556897937156,2017-08-17 00:00:00.000,14:00:00
Thalaghtappura,assault,12.9061712471247,77.5698458437946,2017-08-20 00:00:00.000,14:00:00
Thalaghtappura,assault,12.9109359450741,77.5646696875901,2017-08-23 00:00:00.000,15:00:00
Thalaghtappura,assault,12.9061712471247,77.5698458437946,2017-08-24 00:00:00.000,18:30:00
Thalaghtappura,assault,12.9109359450741,77.5646696875901,2017-03-09 00:00:00.000,13:45:00
Thalaghtappura,assault,12.898598198697,77.556897937156,2017-11-09 00:00:00.000,14:45:00
Thalaghtappura,assault,12.9109359450741,77.5646696875901,2017-09-16 00:00:00.000,19:20:00
Thalaghtappura,assault,12.9076945341477,77.5719852228203,2017-09-19 00:00:00.000,20:00:00
Thalaghtappura,assault,12.8981950397319,77.5693753268396,2017-07-10 00:00:00.000,16:20:00
Thalaghtappura,assault,12.9076945341477,77.5719852228203,2017-12-10 00:00:00.000,20:00:00
Thalaghtappura,assault,12.9076945341477,77.5719852228203,2017-12-10 00:00:00.000,21:00:00
Thalaghtappura,assault,12.8981950397319,77.5693753268396,2017-10-20 00:00:00.000,22:45:00
Thalaghtappura,assault,12.8957622003642,77.5599416215927,2017-10-30 00:00:00.000,21:15:00
Thalaghtappura,assault,12.9109359450741,77.5646696875901,2017-01-11 00:00:00.000,22:00:00
Thalaghtappura,assault,12.9109359450741,77.5646696875901,2017-03-11 00:00:00.000,14:00:00
Thalaghtappura,assault,12.9076945341477,77.5719852228203,2017-03-11 00:00:00.000,20:00:00
Thalaghtappura,assault,12.9155359324014,77.5616258170776,2017-12-11 00:00:00.000,19:30:00
Thalaghtappura,assault,12.898598198697,77.556897937156,2017-11-26 00:00:00.000,13:00:00
Thalaghtappura,assault,12.9114198115401,77.5620768564236,2017-11-27 00:00:00.000,16:30:00
Thalaghtappura,assault,12.9109359450741,77.5646696875901,2017-11-27 00:00:00.000,17:00:00
Thalaghtappura,assault,12.9077016670668,77.5713097696338,2017-05-12 00:00:00.000,15:00:00
Thalaghtappura,assault,12.9061712471247,77.5698458437946,2017-08-12 00:00:00.000,12:00:00
Thalaghtappura,assault,12.9162974053303,77.5707956209262,2017-12-17 00:00:00.000,18:00:00
Thalaghtappura,assault,12.9109359450741,77.5646696875901,2018-01-27 00:00:00.000,15:15:00
Thalaghtappura,assault,12.9109359450741,77.5646696875901,2018-09-02 00:00:00.000,11:15:00
Thalaghtappura,assault,12.9109359450741,77.5646696875901,2018-09-02 00:00:00.000,12:30:00
Thalaghtappura,assault,12.9109359450741,77.5646696875901,2018-02-15 00:00:00.000,22:45:
Thalaghtappura,assault,12.9109359450741,77.5646696875901,2018-02-18 00:00:00.000,20:45:00
Thalaghtappura,assault,12.9109359450741,77.5646696875901,2018-02-18 00:00:00.000,22:30:00
Thalaghtappura,assault,12.9109359450741,77.5646696875901,2018-02-27 00:00:00.000,09:00:00
Thalaghtappura,assault,12.9109359450741,77.5646696875901,2018-03-13 00:00:00.000,10:00:00
Thalaghtappura,assault,12.9109359450741,77.5646696875901,2018-03-20 00:00:00.000,13:00:00
Thalaghtappura,assault,12.9109359450741,77.5646696875901,2018-03-20 00:00:00.000,13:30:00
Thalaghtappura,assault,12.9061712471247,77.5698458437946,2018-03-23 00:00:00.000,16:00:00
Thalaghtappura,assault,12.898598198697,77.556897937156,2018-12-04 00:00:00.000,13:20:00
Thalaghtappura,assault,12.9061712471247,77.5698458437946,2018-04-20 00:00:00.000,19:15:00
Thalaghtappura,assault,12.9109359450741,77.5646696875901,2018-01-05 00:00:00.000,18:20:00
Thalaghtappura,assault,12.9109359450741,77.5646696875901,2018-03-05 00:00:00.000,19:00:00
Thalaghtappura,assault,12.9076945341477,77.5719852228203,2018-03-05 00:00:00.000,16:30:00
Thalaghtappura,assault,12.9076945341477,77.5719852228203,2018-07-05 00:00:00.000,15:00:00
Thalaghtappura,assault,12.898598198697,77.556897937156,2018-05-20 00:00:00.000,15:30:00
Thalaghtappura,assault,12.9109359450741,77.5646696875901,2018-05-21 00:00:00.000,14:00:00
Thalaghtappura,assault,12.898598198697,77.556897937156,2018-05-27 00:00:00.000,17:00:00
Thalaghtappura,assault,12.9079107980595,77.5667368067783,2018-06-28 00:00:00.000,17:30:00
Thalaghtappura,assault,12.9023385605328,77.5653252772123,2018-08-08 00:00:00.000,17:45:00
Thalaghtappura,assault,12.9076945341477,77.5719852228203,2018-08-15 00:00:00.000,19:00:00
Thalaghtappura,assault,12.8999136414243,77.5724909471076,2018-08-30 00:00:00.000,19:50:00
Thalaghtappura,assault,12.9109359450741,77.5646696875901,2018-09-25 00:00:00.000,17:10:00
Thalaghtappura,assault,12.902333328087,77.56892819667,2018-10-14 00:00:00.000,11:00:00
Thalaghtappura,assault,12.9109359450741,77.5646696875901,2018-10-23 00:00:00.000,11:30:00
Thalaghtappura,assault,12.9109359450741,77.5646696875901,2018-10-24 00:00:00.000,16:00:00
Thalaghtappura,assault,12.9109359450741,77.5646696875901,2018-10-24 00:00:00.000,16:00:00
Thalaghtappura,assault,12.9109359450741,77.5646696875901,2018-10-25 00:00:00.000,12:00:00
Thalaghtappura,assault,12.9109359450741,77.5646696875901,2018-10-25 00:00:00.000,13:00:00
Thalaghtappura,assault,12.9061712471247,77.5698458437946,2018-11-23 00:00:00.000,10:00:00
Thalaghtappura,assault,12.9061712471247,77.5698458437946,2018-05-12 00:00:00.000,20:30:00
Thalaghtappura,assault,12.9061712471247,77.5698458437946,2018-10-12 00:00:00.000,19:15:00
Thalaghtappura,assault,12.9133048035839,77.5680350394204,2019-10-01 00:00:00.000,15:00:00
Thalaghtappura,assault,12.9109359450741,77.5646696875901,2019-01-23 00:00:00.000,14:40:00
Thalaghtappura,assault,12.8981950397319,77.5693753268396,2019-03-02 00:00:00.000,17:15:00
Thalaghtappura,assault,12.9073405371661,77.5726119249203,2019-09-02 00:00:00.000,12:00:00
Thalaghtappura,assault,12.9150986419594,77.5618402041499,2019-12-02 00:00:00.000,11:30:00
Thalaghtappura,assault,12.8981950397319,77.5693753268396,2019-02-14 00:00:00.000,10:00:00
Thalaghtappura,assault,12.9109359450741,77.5646696875901,2019-02-24 00:00:00.000,19:30:00
Thalaghtappura,assault,12.9073405371661,77.5726119249203,2019-02-25 00:00:00.000,10:30:00
Thalaghtappura,assault,12.9109359450741,77.5646696875901,2019-02-26 00:00:00.000,15:15:00
Thalaghtappura,assault,12.9109359450741,77.5646696875901,2019-10-03 00:00:00.000,15:30:00
Thalaghtappura,assault,12.9109359450741,77.5646696875901,2019-10-03 00:00:00.000,14:00:00
Thalaghtappura,assault,12.9133048035839,77.5680350394204,2019-03-20 00:00:00.000,14:15:00
Thalaghtappura,assault,12.9109359450741,77.5680350394204,2019-06-04 00:00:00.000,18:30:00
Thalaghtappura,assault,12.9109359450741,77.5646696875901,2019-07-04 00:00:00.000,14:30:00
Thalaghtappura,assault,12.9155359324014,77.5616258170776,2019-04-25 00:00:00.000,20:00:00
Thalaghtappura,assault,12.9141256400484,77.5633354568206,2019-04-26 00:00:00.000,10:00:00
Thalaghtappura,assault,12.9109359450741,77.5646696875901,2019-10-05 00:00:00.000,18:00:00
Thalaghtappura,assault,12.9077016670668,77.5713097696338,2019-05-16 00:00:00.000,13:00:00
Thalaghtappura,assault,12.9151436819703,77.5694191266274,2019-07-06 00:00:00.000,15:30:00
Thalaghtappura,assault,12.9109359450741,77.5646696875901,2019-06-13 00:00:00.000,13:10:00
Thalaghtappura,assault,12.9109359450741,77.5646696875901,2019-06-14 00:00:00.000,23:10:00
Thalaghtappura,assault,12.9109359450741,77.5646696875901,2019-06-25 00:00:00.000,14:15:00
Thalaghtappura,assault,12.9073405371661,77.5726119249203,2019-06-28 00:00:00.000,23:40:00
Thalaghtappura,assault,12.9073405371661,77.5726119249203,2019-03-07 00:00:00.000,13:30:00
Thalaghtappura,assault,12.9043309015663,77.5684681501214,2019-11-07 00:00:00.000,16:30:00
Thalaghtappura,assault,12.9073405371661,77.5726119249203,2019-07-24 00:00:00.000,02:30:00
Thalaghtappura,assault,12.9073405371661,77.5726119249203,2019-07-26 00:00:00.000,10:10:00
Thalaghtappura,assault,12.9109359450741,77.5646696875901,2019-07-31 00:00:00.000,15:50:00
Thalaghtappura,assault,12.9073405371661,77.5726119249203,2019-09-29 00:00:00.000,11:00:00
Thalaghtappura,assault,12.9073405371661,77.5726119249203,2019-09-29 00:00:00.000,19:45:00
Thalaghtappura,assault,12.9061712471247,77.5698458437946,2019-04-10 00:00:00.000,10:30:00
Thalaghtappura,assault,12.9109359450741,77.5646696875901,2019-04-10 00:00:00.000,15:00:00
Thalaghtappura,assault,12.9109359450741,77.5646696875901,2019-01-11 00:00:00.000,15:00:
Thalaghtappura,assault,12.9109359450741,77.5646696875901,2019-11-15 00:00:00.000,15:00:00
Thalaghtappura,assault,12.9073405371661,77.5726119249203,2019-11-19 00:00:00.000,12:10:00
Thalaghtappura,assault,12.9109359450741,77.5646696875901,2019-11-28 00:00:00.000,13:30:00
Thalaghtappura,assault,12.9109359450741,77.5646696875901,2019-12-21 00:00:00.000,18:30:00
Thalaghtappura,assault,12.9073405371661,77.5726119249203,2019-12-22 00:00:00.000,18:30:00
Thalaghtappura,assault,12.555793,77.32918,2015-07-01 00:00:00.000,
Thalaghtappura,assault,12.562097,77.32755,2015-02-16 00:00:00.000,16:30:00
Thalaghtappura,assault,12.562759,77.323189,2015-05-03 00:00:00.000,
Thalaghtappura,assault,12.942983,77.548507,2015-03-18 00:00:00.000,17:00:00
Thalaghtappura,assault,12.561419,77.33102,2015-03-22 00:00:00.000,03:15:00
Thalaghtappura,assault,12.561863,77.322169,2015-03-22 00:00:00.000,18:20:00
Thalaghtappura,assault,12.5617,77.32131,2015-04-13 00:00:00.000,04:45:00
Thalaghtappura,assault,12.32425,77.43526,2015-02-05 00:00:00.000,
Thalaghtappura,assault,12.943379,77.551873,2015-05-13 00:00:00.000,23:10:00
Thalaghtappura,assault,12.935659,77.543682,2015-05-27 00:00:00.000,11:30:00
Thalaghtappura,assault,12.5604,77.32377,2015-06-23 00:00:00.000,13:20:00
Thalaghtappura,assault,12.932877,77.547598,2015-07-23 00:00:00.000,14:30:00
Thalaghtappura,assault,12.932061,77.545109,2015-08-15 00:00:00.000,18:30:00
Thalaghtappura,assault,12.942688,77.549145,2015-08-24 00:00:00.000,19:55:00
Thalaghtappura,assault,12.932912,77.544136,2015-08-22 00:00:00.000,14:00:00
Thalaghtappura,assault,12.945753,77.548912,2015-11-09 00:00:00.000,
Thalaghtappura,assault,12.931915,77.551889,2015-04-10 00:00:00.000,
Thalaghtappura,assault,12.937357,77.55191,2015-11-10 00:00:00.000,
Thalaghtappura,assault,12.939517,77.534316,2016-11-04 00:00:00.000,
Thalaghtappura,assault,12.933264,77.537223,2016-07-05 00:00:00.000,
Thalaghtappura,assault,12.928067,77.539516,2016-09-05 00:00:00.000,
Thalaghtappura,assault,12.938043,77.552383,2016-07-23 00:00:00.000,11:15:00
Thalaghtappura,assault,12.56458,77.94586,2016-11-27 00:00:00.000,09:15:00
Thalaghtappura,assault,12.789566,77.952643,2016-11-27 00:00:00.000,10:30:00
Thalaghtappura,assault,12.563609,77.325462,2016-11-30 00:00:00.000,20:30:00
Thalaghtappura,assault,12.555886,77.321119,2016-05-12 00:00:00.000,
Thalaghtappura,assault,12.930293,77.535142,2016-12-19 00:00:00.000,10:30:00
Thalaghtappura,assault,12.941974,77.543564,2016-09-05 00:00:00.000,
Thalaghtappura,assault,12.937381,77.552213,2016-06-21 00:00:00.000,19:30:00
Thalaghtappura,assault,12.927377,77.538028,2016-06-22 00:00:00.000,18:30:00
Thalaghtappura,assault,12.940325,77.545283,2017-03-02 00:00:00.000,
Thalaghtappura,assault,12.937064,77.536413,2017-02-03 00:00:00.000,
Thalaghtappura,assault,12.942083,77.547045,2017-03-20 00:00:00.000,
Thalaghtappura,assault,12.939859,77.534516,2017-03-20 00:00:00.000,
Thalaghtappura,assault,12.54897,77.68459,2017-04-08 00:00:00.000,
Thalaghtappura,assault,12.745824,77.945876,2017-04-12 00:00:00.000,
Thalaghtappura,assault,12.869547,77.54689,2017-05-16 00:00:00.000,
Thalaghtappura,assault,12.935859,77.549716,2017-06-18 00:00:00.000,
Thalaghtappura,assault,12.944966,77.5488,2017-06-18 00:00:00.000,
Thalaghtappura,assault,12.9449,77.54488,2017-06-18 00:00:00.000,
Thalaghtappura,assault,12.939628,77.534755,2017-06-22 00:00:00.000,
Thalaghtappura,assault,12.963685,77.5421546,2017-06-23 00:00:00.000,
Thalaghtappura,assault,12.86458,77.89457,2017-07-25 00:00:00.000,
Thalaghtappura,assault,12.94587,77.584697,2017-07-29 00:00:00.000,
Thalaghtappura,assault,12.94587,77.584697,2017-07-29 00:00:00.000,
Thalaghtappura,assault,12.941049,77.538113,2017-07-29 00:00:00.000,
Thalaghtappura,assault,12.940013,77.543689,2017-07-30 00:00:00.000,
Thalaghtappura,assault,12.935607,77.544605,2017-07-31 00:00:00.000,
Thalaghtappura,assault,12.93195,77.53339,2017-08-11 00:00:00.000,
Thalaghtappura,assault,12.936286,77.536518,2017-08-14 00:00:00.000,
Thalaghtappura,assault,12.922685,77.536987,2017-08-31 00:00:00.000,
Thalaghtappura,assault,12.931041,77.540918,2017-10-03 00:00:00.000,
Thalaghtappura,assault,12.938799,77.552346,2017-10-17 00:00:00.000,
Thalaghtappura,assault,12.946138,77.548921,2017-10-31 00:00:00.000,
Thalaghtappura,assault,12.946138,77.548921,2017-11-01 00:00:00.000,
Thalaghtappura,assault,12.941984,77.547,2017-03-20 00:00:00.000,
Thalaghtappura,assault,12.938941,77.551493,2017-06-14 00:00:00.000,
Thalaghtappura,assault,12.93127,77.53917,2017-11-07 00:00:00.000,
Thalaghtappura,assault,12.937026,77.536434,2017-11-27 00:00:00.000,
Thalaghtappura,assault,12.934965,77.547204,2017-11-30 00:00:00.000,
Thalaghtappura,assault,12.930463,77.545643,2017-07-04 00:00:00.000,
Thalaghtappura,assault,12.940231,77.534861,2017-10-10 00:00:00.000,
Thalaghtappura,assault,12.935645,77.553265,2017-11-20 00:00:00.000,
Thalaghtappura,assault,12.587944,77.689548,2017-11-27 00:00:00.000,
Thalaghtappura,assault,12.940018,77.552016,2017-12-06 00:00:00.000,
Thalaghtappura,assault,12.936701,77.548472,2018-02-08 00:00:00.000,
Thalaghtappura,assault,12.93431,77.55034,2018-01-23 00:00:00.000,
Thalaghtappura,assault,12.9358,77.5439,2018-02-05 00:00:00.000,
Thalaghtappura,assault,12.58493,77.9481,2018-02-11 00:00:00.000,
Thalaghtappura,assault,12.941246,77.535496,2018-05-14 00:00:00.000,
Thalaghtappura,assault,12.943535,77.547138,2018-05-14 00:00:00.000,
Thalaghtappura,assault,12.935489,77.543658,2018-05-17 00:00:00.000,
Thalaghtappura,assault,12.938654,77.542365,2018-05-22 00:00:00.000,
Thalaghtappura,assault,12.933557,77.532785,2018-06-17 00:00:00.000,
Thalaghtappura,assault,12.936587,77.543265,2018-06-22 00:00:00.000,
Thalaghtappura,assault,12.934567,77.535845,2018-08-10 00:00:00.000,
Thalaghtappura,assault,12.938995,77.53516,2018-09-12 00:00:00.000,
Thalaghtappura,assault,12.940244,77.561376,2018-09-21 00:00:00.000,
Thalaghtappura,assault,12.942654,77.542366,2018-09-24 00:00:00.000,
Thalaghtappura,assault,12.936217,77.536491,2018-10-01 00:00:00.000,
Thalaghtappura,assault,12.927756,77.540681,2018-10-02 00:00:00.000,
Thalaghtappura,assault,12.93125,77.543307,2018-10-22 00:00:00.000,
Thalaghtappura,assault,12.938285,77.533791,2018-12-06 00:00:00.000,
Thalaghtappura,assault,12.942775,77.536443,2018-12-28 00:00:00.000,
Thalaghtappura,assault,12.934576,77.543268,2018-04-18 00:00:00.000,
Thalaghtappura,assault,12.931302,77.532919,2018-05-29 00:00:00.000,
Thalaghtappura,assault,12.924303,77.539317,2018-07-01 00:00:00.000,
Thalaghtappura,assault,12.932376,77.541031,2018-09-21 00:00:00.000,
Thalaghtappura,assault,12.920941,77.536781,2018-11-21 00:00:00.000,
Thalaghtappura,assault,12.920941,77.536781,2018-11-21 00:00:00.000,
Thalaghtappura,assault,12.938254,77.533765,2019-01-26 00:00:00.000,
Thalaghtappura,assault,12.94102,77.538553,2019-02-08 00:00:00.000,
Thalaghtappura,assault,12.933916,77.538126,2019-02-09 00:00:00.000,
Thalaghtappura,assault,12.932861,77.537736,2019-02-10 00:00:00.000,
Thalaghtappura,assault,12.943939,77.546659,2019-02-10 00:00:00.000,
Thalaghtappura,assault,12.93094,77.543964,2019-03-22 00:00:00.000,
Thalaghtappura,assault,12.937934,77.535445,2019-03-22 00:00:00.000,
Thalaghtappura,assault,12.937905,77.549921,2019-03-23 00:00:00.000,
Thalaghtappura,assault,12.93113,77.546749,2019-04-27 00:00:00.000,
Thalaghtappura,assault,12.937984,77.544732,2019-05-01 00:00:00.000,
Thalaghtappura,assault,12.942391,77.548947,2019-06-06 00:00:00.000,
Thalaghtappura,assault,12.939229,77.547919,2019-07-21 00:00:00.000,
V V Puram,assault,12.934933,77.541515,2019-08-03 00:00:00.000,
V V Puram,assault,12.936431,77.536427,2019-08-20 00:00:00.000,
V V Puram,assault,12.94295,77.545663,2019-09-14 00:00:00.000,
V V Puram,assault,12.93852,77.543472,2019-09-16 00:00:00.000,
V V Puram,assault,12.93794,77.540402,2019-10-03 00:00:00.000,
V V Puram,assault,12.93794,77.540402,2019-10-03 00:00:00.000,
V V Puram,assault,12.93314,77.54023,2019-12-01 00:00:00.000,
V V Puram,assault,12.95046684,77.5643001,2015-04-12 00:00:00.000,
V V Puram,assault,12.94865677,77.56227641,2015-04-19 00:00:00.000,
V V Puram,assault,12.952299,77.564412,2015-04-19 00:00:00.000,
V V Puram,assault,12.948212,77.562999,2015-10-08 00:00:00.000,01:30:00
V V Puram,assault,12.948212,77.562999,2015-10-08 00:00:00.000,02:15:00
V V Puram,assault,12.94723,77.564242,2016-01-01 00:00:00.000,17:40:00
V V Puram,assault,12.9563077,77.5634098,2016-11-02 00:00:00.000,02:30:00
V V Puram,assault,12.952299,77.564412,2016-05-03 00:00:00.000,22:45:00
V V Puram,assault,12.94865677,77.56227641,2016-03-28 00:00:00.000,18:30:00
V V Puram,assault,12.956997,77.564332,2016-06-04 00:00:00.000,22:50:00
V V Puram,assault,12.95776309,77.55560342,2016-04-18 00:00:00.000,00:05:00
V V Puram,assault,12.9532085,77.56492303,2017-06-01 00:00:00.000,01:00:00
V V Puram,assault,12.952299,77.564412,2017-02-03 00:00:00.000,11:15:00
V V Puram,assault,12.952299,77.564412,2017-02-03 00:00:00.000,11:45:00
V V Puram,assault,12.94865677,77.56227641,2017-07-25 00:00:00.000,18:30:00
V V Puram,assault,12.956997,77.564332,2017-12-16 00:00:00.000,11:30:00
V V Puram,assault,12.950853,77.563428,2018-02-15 00:00:00.000,15:30:00
V V Puram,assault,12.949096,77.55491,2018-03-29 00:00:00.000,19:30:00
V V Puram,assault,12.94855,77.56059,2018-08-04 00:00:00.000,16:45:00
V V Puram,assault,12.95497,77.56627,2018-04-17 00:00:00.000,14:00:00
V V Puram,assault,12.94818,77.56009,2018-05-30 00:00:00.000,14:30:00
V V Puram,assault,12.95411,77.56167,2018-02-07 00:00:00.000,21:40:00
V V Puram,assault,12.946004,77.558921,2018-08-26 00:00:00.000,12:15:00
V V Puram,assault,12.94783,77.55976,2018-07-10 00:00:00.000,12:30:00
V V Puram,assault,12.949588,77.56199,2018-10-11 00:00:00.000,19:00:00
V V Puram,assault,12.95689834,77.55926598,2018-12-25 00:00:00.000,17:30:00
V V Puram,assault,12.94749,77.56073,2018-12-31 00:00:00.000,20:40:00
V V Puram,assault,12.94967,77.557683,2019-01-14 00:00:00.000,11:30:00
V V Puram,assault,12.94749,77.56045,2019-04-21 00:00:00.000,12:00:00
V V Puram,assault,12.94745,77.56633,2019-05-30 00:00:00.000,13:10:00
V V Puram,assault,12.94552,77.56172,2019-01-06 00:00:00.000,13:20:00
V V Puram,assault,12.94831,77.55999,2019-07-18 00:00:00.000,10:50:00
V V Puram,assault,12.94816,77.5678,2019-07-25 00:00:00.000,12:30:00
V V Puram,assault,12.95351,77.55839,2019-10-08 00:00:00.000,13:20:00
V V Puram,assault,12.95271,77.56254,2019-11-15 00:00:00.000,10:00:00
V V Puram,assault,12.94714,77.56241,2019-11-26 00:00:00.000,20:30:00
V V Puram,assault,12.9508,77.56377,2019-12-13 00:00:00.000,18:00:00
V V Puram,assault,12.9523,77.56858,2015-10-14 00:00:00.000,10:00:00
V V Puram,assault,12.95056,77.56923,2015-10-28 00:00:00.000,16:00:00
V V Puram,assault,12.94951,77.5674,2015-05-12 00:00:00.000,19:00:00
V V Puram,assault,12.9556,77.56883,2015-06-12 00:00:00.000,13:45:00
V V Puram,assault,12.95289,77.57194,2016-07-02 00:00:00.000,10:10:00
V V Puram,assault,12.95501377,77.5702211,2017-07-07 00:00:00.000,13:30:00
V V Puram,assault,12.95722,77.57187,2017-09-13 00:00:00.000,17:30:00
V V Puram,assault,12.94946,77.5713,2017-10-13 00:00:00.000,18:30:00
V V Puram,assault,12.94898752,77.56995676,2017-08-11 00:00:00.000,19:00:00
V V Puram,assault,12.95722,77.57187,2017-12-29 00:00:00.000,14:00:00
V V Puram,assault,12.94807837,77.56861929,2018-03-29 00:00:00.000,21:10:00
V V Puram,assault,12.9556,77.56883,2019-10-06 00:00:00.000,11:00:00
V V Puram,assault,12.95289,77.57242,2019-06-20 00:00:00.000,21:20:00
V V Puram,assault,12.95585076,77.57559967,,22:30:00
V V Puram,assault,12.94844206,77.57643532,,18:15:00
V V Puram,assault,12.96328454,77.57056029,2015-12-02 00:00:00.000,06:15:00
V V Puram,assault,12.96328454,77.57056029,2015-12-02 00:00:00.000,06:30:00
V V Puram,assault,12.95454204,77.57478975,2015-02-12 00:00:00.000,
V V Puram,assault,12.9595589,77.06847,2015-04-04 00:00:00.000,18:30:00
V V Puram,assault,12.96149191,77.57176458,,11:30:00
V V Puram,assault,12.96036858,77.57074479,,12:45:00
V V Puram,assault,12.9512664,77.5774393,,03:00:00
V V Puram,assault,12.96053995,77.57161726,,19:05:00
V V Puram,assault,12.96340149,77.56944767,2015-10-10 00:00:00.000,00:30:00
V V Puram,assault,12.9544912917122,77.5783566813033,2015-09-11 00:00:00.000,18:30:00
V V Puram,assault,12.9486433011769,77.5758665718105,,11:30:00
V V Puram,assault,12.95311725,77.5775754,,15:55:00
V V Puram,assault,12.96256816,77.57160294,,09:30:00
V V Puram,assault,12.94996288,77.57666378,2016-07-06 00:00:00.000,12:15:00
V V Puram,assault,12.9525616837651,77.5764151430082,2016-11-09 00:00:00.000,02:45:00
V V Puram,assault,12.95685038,77.57009534,,21:00:00
V V Puram,assault,12.95344687,77.57686176,,14:30:00
V V Puram,assault,12.9545204,77.574778975,,02:10:00
V V Puram,assault,12.9632845368016,77.5705602945555,,13:30:00
V V Puram,assault,12.9512664269335,77.577439317942,,
V V Puram,assault,12.9625684,77.57111226,2016-07-11 00:00:00.000,10:45:00
V V Puram,assault,12.95685038,77.57380458,,09:30:00
V V Puram,assault,12.9607829230163,77.5687649604976,,11:00:00
V V Puram,assault,12.96049696,77.56908613,,15:00:00
V V Puram,assault,12.9575773956153,77.5716056900315,,19:30:00
V V Puram,assault,12.96330505,77.57243982,2017-05-01 00:00:00.000,18:00:00
V V Puram,assault,12.9567384626072,77.5754801092758,,13:30:00
V V Puram,assault,12.9567384626072,77.5754801092758,,14:00:00
V V Puram,assault,12.9580098618039,77.5691843673653,2017-06-03 00:00:00.000,13:30:00
V V Puram,assault,12.9486433011769,77.5758665718105,2017-07-05 00:00:00.000,17:30:00
V V Puram,assault,12.9486433011769,77.5758665718105,2017-07-05 00:00:00.000,19:00:00
V V Puram,assault,12.95786067,77.57201881,,11:00:00
V V Puram,assault,12.9496921010799,77.5748599606354,,09:30:00
V V Puram,assault,12.9586241689999,77.5744841058239,,10:30:00
V V Puram,assault,12.95525186,77.57700304,2017-01-11 00:00:00.000,17:30:00
V V Puram,assault,12.9558507587663,77.5755996713555,,19:30:00
V V Puram,assault,12.96328454,77.57056029,,17:30:00
V V Puram,assault,12.95997435,77.56841578,,16:30:00
V V Puram,assault,12.9616083390825,77.5713165400487,,13:15:00
V V Puram,assault,12.9532178,77.5777217,,05:15:00
V V Puram,assault,12.95154815,77.57555399,,16:00:00
V V Puram,assault,12.9520480239,77.577145485,2018-01-08 00:00:00.000,22:50:00
V V Puram,assault,12.95585075,77.57559967,,16:30:00
V V Puram,assault,12.95627845,77.57656653,2018-11-11 00:00:00.000,11:00:00
V V Puram,assault,12.9532178,77.5777217,2018-11-11 00:00:00.000,11:00:00
V V Puram,assault,12.96212533,77.57157822,,16:00:00
V V Puram,assault,12.95769586,77.56837184,,15:30:00
V V Puram,assault,12.9576310941753,77.573309159996,2019-05-05 00:00:00.000,18:30:00
V V Puram,assault,12.9504058596878,77.5749663400693,,04:00:00
V V Puram,assault,12.948463157072,77.5756785758817,2019-03-06 00:00:00.000,09:00:00
V V Puram,assault,12.952048023,77.5771454853768,2019-05-07 00:00:00.000,18:30:00
V V Puram,assault,12.95882913,77.57007146,2019-12-09 00:00:00.000,12:30:00
V V Puram,assault,12.9552350782016,77.577144947722,2019-05-10 00:00:00.000,13:45:00
V V Puram,assault,12.565,77.3306,2015-01-14 00:00:00.000,22:00:00
V V Puram,assault,12.5556,77.3338,2015-02-02 00:00:00.000,22:00:00
V V Puram,assault,12.6056,77.4338,2015-10-02 00:00:00.000,21:30:00
V V Puram,assault,12.5636,77.3342,2015-02-27 00:00:00.000,11:30:00
V V Puram,assault,12.5619,77.3327,2015-03-13 00:00:00.000,16:30:00
V V Puram,assault,12.5613,77.3317,2015-03-28 00:00:00.000,21:30:00
V V Puram,assault,12.564,77.3347,2015-04-16 00:00:00.000,12:00:00
V V Puram,assault,12.5624,77.3325,2015-04-27 00:00:00.000,23:30:00
V V Puram,assault,12.5624,77.3326,2015-04-27 00:00:00.000,23:45:00
V V Puram,assault,12.5635,77.333,2015-02-05 00:00:00.000,14:15:00
V V Puram,assault,12.5636,77.3335,2015-02-05 00:00:00.000,20:45:00
V V Puram,assault,12.5635,77.3339,2015-07-05 00:00:00.000,12:00:00
V V Puram,assault,12.5644,77.3333,2015-05-19 00:00:00.000,23:10:00
V V Puram,assault,12.5644,77.3334,2015-05-20 00:00:00.000,16:00:00
V V Puram,assault,12.5629,77.3339,2015-05-24 00:00:00.000,03:15:00
V V Puram,assault,12.5648,77.3238,2015-05-28 00:00:00.000,15:00:00
V V Puram,assault,12.5625,77.3259,2015-05-29 00:00:00.000,18:10:00
V V Puram,assault,12.5619,77.3326,2015-05-29 00:00:00.000,22:45:00
V V Puram,assault,12.5614,77.3329,2015-03-06 00:00:00.000,22:00:00
V V Puram,assault,12.57,77.3311,2015-06-21 00:00:00.000,23:30:00
V V Puram,assault,12.5643,77.3308,2015-02-07 00:00:00.000,10:30:00
V V Puram,assault,12.5619,77.3412,2015-11-07 00:00:00.000,21:30:00
V V Puram,assault,12.5622,77.3334,2015-07-20 00:00:00.000,19:00:00
V V Puram,assault,12.5642,77.3314,2015-08-15 00:00:00.000,08:15:00
V V Puram,assault,12.563,77.3351,2015-08-21 00:00:00.000,12:30:00
V V Puram,assault,12.5641,77.3301,2015-08-23 00:00:00.000,22:30:00
V V Puram,assault,12.5654,77.3305,2015-08-09 00:00:00.000,16:00:00
V V Puram,assault,12.5647,77.3335,2015-09-22 00:00:00.000,12:00:00
V V Puram,assault,12.5643,77.334,2015-04-10 00:00:00.000,10:45:00
V V Puram,assault,12.5609,77.3321,2015-08-10 00:00:00.000,08:40:00
V V Puram,assault,12.5522,77.3357,2015-11-15 00:00:00.000,19:30:00
V V Puram,assault,12.5636,77.333,2015-11-20 00:00:00.000,13:30:00
V V Puram,assault,12.5626,77.3334,2015-11-27 00:00:00.000,09:00:00
V V Puram,assault,12.5635,77.3355,2015-04-12 00:00:00.000,10:30:00
V V Puram,assault,12.5617,77.3315,2015-10-12 00:00:00.000,15:35:00
V V Puram,assault,12.5633,77.3345,2015-12-16 00:00:00.000,13:00:00
V V Puram,assault,12.5635,77.3345,2015-12-18 00:00:00.000,15:20:00
V V Puram,assault,12.5608,77.332,2015-12-26 00:00:00.000,17:50:00
V V Puram,assault,12.5629,77.3356,2015-12-28 00:00:00.000,02:30:00
V V Puram,assault,12.5646,77.3333,2016-03-01 00:00:00.000,18:15:00
V V Puram,assault,12.5646,77.3333,2016-04-01 00:00:00.000,12:00:00
V V Puram,assault,12.5529,77.3437,2016-10-01 00:00:00.000,10:45:00
V V Puram,assault,12.5646,77.3314,2016-12-01 00:00:00.000,12:00:00
V V Puram,assault,12.5649,77.3312,2016-02-21 00:00:00.000,15:00:00
V V Puram,assault,12.564,77.3307,2016-02-23 00:00:00.000,12:40:00
V V Puram,assault,12.5623,77.3326,2016-04-03 00:00:00.000,20:50:00
V V Puram,assault,12.564,77.334,2016-03-13 00:00:00.000,13:00:00
V V Puram,assault,12.5636,77.3358,2016-03-21 00:00:00.000,13:50:00
V V Puram,assault,12.5609,77.3321,2016-01-05 00:00:00.000,16:15:00
V V Puram,assault,12.5644,77.3318,2016-09-05 00:00:00.000,13:44:00
V V Puram,assault,12.5632,77.3448,2016-05-15 00:00:00.000,10:30:00
V V Puram,assault,12.5628,77.3323,2016-06-14 00:00:00.000,17:30:00
V V Puram,assault,12.5633,77.3309,2016-06-25 00:00:00.000,20:40:00
V V Puram,assault,12.5614,77.3323,2016-06-07 00:00:00.000,12:45:00
V V Puram,assault,12.5654,77.3305,2016-06-08 00:00:00.000,18:30:00
V V Puram,assault,12.5647,77.3319,2016-08-13 00:00:00.000,21:00:00
V V Puram,assault,12.5633,77.3337,2016-08-29 00:00:00.000,15:00:00
V V Puram,assault,12.5642,77.3351,2016-02-09 00:00:00.000,15:00:00
V V Puram,assault,12.94838,77.55057,2016-09-17 00:00:00.000,02:30:00
V V Puram,assault,12.565379,77.331753,2016-11-15 00:00:00.000,15:00:00
V V Puram,assault,12.9484,77.55052,2016-11-23 00:00:00.000,11:30:00
V V Puram,assault,12.94253,77.55236,2016-03-12 00:00:00.000,20:45:00
V V Puram,assault,12.93604,77.5596,2016-12-12 00:00:00.000,16:00:00
V V Puram,assault,12.93789,77.55487,2016-12-25 00:00:00.000,20:45:00
V V Puram,assault,12.93637,77.5614,2017-01-18 00:00:00.000,14:15:00
V V Puram,assault,12.94253,77.55236,2017-01-02 00:00:00.000,23:30:00
V V Puram,assault,12.94432,77.55506,2017-12-02 00:00:00.000,01:30:00
V V Puram,assault,12.94498,77.56258,2017-02-13 00:00:00.000,15:00:00
V V Puram,assault,12.94364,77.55992,2017-11-03 00:00:00.000,10:30:00
V V Puram,assault,12.9369,77.55998,2017-03-20 00:00:00.000,17:00:00
V V Puram,assault,12.94451,77.56212,2017-04-16 00:00:00.000,00:30:00
V V Puram,assault,12.94456,77.55497,2017-06-07 00:00:00.000,12:30:00
V V Puram,assault,12.94429,77.55415,2017-07-14 00:00:00.000,12:10:00
V V Puram,assault,12.94637,77.56196,2017-07-15 00:00:00.000,17:00:00
V V Puram,assault,12.93794,77.55416,2017-07-18 00:00:00.000,16:30:00
V V Puram,assault,12.93794,77.55416,2017-07-18 00:00:00.000,17:00:00
V V Puram,assault,12.94103,77.56541,2017-08-30 00:00:00.000,14:10:00
V V Puram,assault,12.94168,77.55631,2017-11-09 00:00:00.000,17:00:00
V V Puram,assault,12.94077,77.5576,2017-09-19 00:00:00.000,18:00:00
V V Puram,assault,12.94041,77.56239,2017-09-22 00:00:00.000,14:30:00
V V Puram,assault,12.94488,77.55022,2017-10-23 00:00:00.000,20:40:00
V V Puram,assault,12.94047,77.55845,2017-10-24 00:00:00.000,16:30:00
V V Puram,assault,12.94162,77.56016,2017-04-11 00:00:00.000,12:30:00
V V Puram,assault,12.94026,77.55412,2017-04-11 00:00:00.000,19:00:00
V V Puram,assault,12.94026,77.55412,2017-04-11 00:00:00.000,20:45:00
V V Puram,assault,12.94315,77.56575,2017-11-17 00:00:00.000,20:40:00
V V Puram,assault,12.93628,77.56139,2017-12-12 00:00:00.000,12:00:00
V V Puram,assault,12.94085,77.56135,2018-05-01 00:00:00.000,20:30:00
V V Puram,assault,12.93593,77.55374,2018-01-17 00:00:00.000,16:20:00
V V Puram,assault,12.94258,77.56391,2018-01-29 00:00:00.000,17:15:00
V V Puram,assault,12.94841,77.55258,2018-02-13 00:00:00.000,13:30:00
V V Puram,assault,12.94841,77.55258,2018-10-03 00:00:00.000,23:15:00
V V Puram,assault,12.94264,77.55531,2018-11-03 00:00:00.000,05:00:00
V V Puram,assault,12.94264,77.55531,2018-12-03 00:00:00.000,20:40:00
V V Puram,assault,12.9369,77.55998,2018-03-18 00:00:00.000,10:45:00
V V Puram,assault,12.9429,77.56502,2018-03-22 00:00:00.000,20:40:00
V V Puram,assault,12.94841,77.55258,2018-07-04 00:00:00.000,01:15:00
V V Puram,assault,12.94968,77.55154,2018-04-18 00:00:00.000,18:00:00
V V Puram,assault,12.93974,77.55915,2018-11-05 00:00:00.000,23:00:00
V V Puram,assault,12.94013,77.55851,2018-05-31 00:00:00.000,15:30:00
V V Puram,assault,12.93747,77.55656,2018-09-06 00:00:00.000,10:00:00
V V Puram,assault,12.94386,77.56116,2018-07-21 00:00:00.000,11:30:00
V V Puram,assault,12.94386,77.56116,2018-07-21 00:00:00.000,11:45:00
V V Puram,assault,12.94386,77.56116,2018-07-21 00:00:00.000,12:00:00
V V Puram,assault,12.93623,77.5598,2018-02-09 00:00:00.000,08:10:00
V V Puram,assault,12.94818,77.55885,2018-10-31 00:00:00.000,14:30:00
V V Puram,assault,12.94435,77.55654,2018-09-11 00:00:00.000,00:30:00
V V Puram,assault,12.9493,77.55299,2018-02-12 00:00:00.000,16:30:00
V V Puram,assault,12.93644,77.56136,2018-12-22 00:00:00.000,19:00:00
V V Puram,assault,12.93506,77.5614,2018-12-29 00:00:00.000,20:45:00
V V Puram,assault,12.93396,77.5552,2019-05-01 00:00:00.000,18:15:00
V V Puram,assault,12.94575,77.55912,2019-03-19 00:00:00.000,20:00:00
V V Puram,assault,12.9482,77.55078,2019-03-29 00:00:00.000,17:00:00
V V Puram,assault,12.94858,77.5576,2019-08-04 00:00:00.000,23:45:00
V V Puram,assault,12.94518,77.55861,2019-04-19 00:00:00.000,20:10:00
V V Puram,assault,12.93559,77.5597,2019-05-23 00:00:00.000,19:00:00
V V Puram,assault,12.94138,77.55371,2019-05-28 00:00:00.000,19:00:00
V V Puram,assault,12.94156,77.56134,2019-06-19 00:00:00.000,22:18:00
V V Puram,assault,12.9464,77.55544,2019-06-24 00:00:00.000,15:45:00
V V Puram,assault,12.94442,77.55475,2019-06-26 00:00:00.000,13:30:00
V V Puram,assault,12.94803,77.5562,2019-06-07 00:00:00.000,16:10:00
V V Puram,assault,12.93628,77.54862,2019-07-23 00:00:00.000,10:00:00
V V Puram,assault,12.94567,77.55906,2019-01-08 00:00:00.000,20:45:00
V V Puram,assault,12.93631,77.55979,2019-08-19 00:00:00.000,23:25:00
V V Puram,assault,12.93815,77.5568,2019-08-31 00:00:00.000,13:00:00
V V Puram,assault,12.94789,77.56137,2019-03-09 00:00:00.000,09:00:00
V V Puram,assault,12.94789,77.56137,2019-03-09 00:00:00.000,11:00:00
V V Puram,assault,12.93685,77.5614,2019-03-09 00:00:00.000,20:45:00
V V Puram,assault,12.935649,77.56595,2019-09-16 00:00:00.000,10:30:00
V V Puram,assault,12.95026,77.55345,2019-10-10 00:00:00.000,09:30:00
V V Puram,assault,12.93633,77.55453,2019-10-17 00:00:00.000,20:40:00
V V Puram,assault,12.94676,77.55677,2019-10-21 00:00:00.000,12:30:00
V V Puram,assault,12.94676,77.55677,2019-10-21 00:00:00.000,17:30:00
V V Puram,assault,12.93632,77.55847,2019-04-11 00:00:00.000,17:45:00
V V Puram,assault,12.94825,77.55216,2019-04-11 00:00:00.000,18:20:00
V V Puram,assault,12.94469,77.55291,2019-10-11 00:00:00.000,15:00:00
V V Puram,assault,12.94372,77.55869,2019-11-13 00:00:00.000,21:00:00
V V Puram,assault,12.94021,77.56257,2019-11-27 00:00:00.000,19:30:00
V V Puram,assault,12.941659,77.570149,2015-01-19 00:00:00.000,21:30:00
V V Puram,assault,12.940784,77.570644,2015-03-02 00:00:00.000,08:45:00
V V Puram,assault,12.940182,77.570361,2015-10-02 00:00:00.000,11:00:00
V V Puram,assault,12.940062,77.57036,2015-11-02 00:00:00.000,23:00:00
V V Puram,assault,12.941519,77.570132,2015-02-16 00:00:00.000,12:15:00
V V Puram,assault,12.940929,77.569127,2015-02-24 00:00:00.000,19:30:00
V V Puram,assault,12.941067,77.569371,2015-02-24 00:00:00.000,21:45:00
V V Puram,assault,12.941168,77.567535,2015-02-26 00:00:00.000,10:10:00
V V Puram,assault,12.940526,77.566547,2015-02-26 00:00:00.000,
V V Puram,assault,12.941268,77.566526,2015-03-04 00:00:00.000,
V V Puram,assault,12.94146,77.566771,2015-03-30 00:00:00.000,15:00:00
V V Puram,assault,12.941157,77.566236,2015-09-04 00:00:00.000,21:15:00
V V Puram,assault,12.940809,77.566506,2015-04-27 00:00:00.000,11:30:00
V V Puram,assault,12.922193,77.560093,2015-06-01 00:00:00.000,
V V Puram,assault,12.93938,77.566302,2015-06-08 00:00:00.000,
V V Puram,assault,12.930503,77.561289,2015-09-06 00:00:00.000,10:00:00
V V Puram,assault,12.939982,77.565725,2015-08-16 00:00:00.000,15:15:00
V V Puram,assault,12.931947,77.554626,2015-01-09 00:00:00.000,13:40:00
V V Puram,assault,12.941387,77.565792,2015-08-09 00:00:00.000,22:30:00
V V Puram,assault,12.921471,77.546786,2015-09-17 00:00:00.000,10:00:00
V V Puram,assault,12.941387,77.565792,2015-06-10 00:00:00.000,13:00:00
V V Puram,assault,12.94186,77.564677,2015-10-14 00:00:00.000,15:30:00
V V Puram,assault,12.941291,77.565246,2015-10-31 00:00:00.000,11:15:00
V V Puram,assault,12.928528,77.553422,2015-11-11 00:00:00.000,09:00:00
V V Puram,assault,12.928528,77.553422,2015-11-11 00:00:00.000,18:10:00
V V Puram,assault,12.937372,77.559465,2015-12-28 00:00:00.000,20:45:00
V V Puram,assault,12.933799,77.560909,2015-07-06 00:00:00.000,17:30:00
V V Puram,assault,12.920588,77.542815,2016-02-01 00:00:00.000,05:00:00
V V Puram,assault,12.930279,77.554362,2016-04-01 00:00:00.000,06:00:00
V V Puram,assault,12.930279,77.554362,2016-04-01 00:00:00.000,06:45:00
V V Puram,assault,12.931046,77.554513,2016-01-21 00:00:00.000,06:20:00
V V Puram,assault,12.923695,77.549489,2016-01-22 00:00:00.000,02:00:00
V V Puram,assault,12.920327,77.54309,2016-06-02 00:00:00.000,12:30:00
V V Puram,assault,12.922046,77.553024,2016-02-25 00:00:00.000,02:15:00
V V Puram,assault,12.922516,77.553774,2016-02-25 00:00:00.000,04:45:00
V V Puram,assault,12.920053,77.541854,2016-09-04 00:00:00.000,07:00:00
V V Puram,assault,12.930932,77.561421,2016-03-06 00:00:00.000,10:00:00
V V Puram,assault,12.923037,77.548988,2016-10-06 00:00:00.000,07:15:00
V V Puram,assault,12.924151,77.553847,2016-06-19 00:00:00.000,10:30:00
V V Puram,assault,12.93022,77.56218,2016-03-07 00:00:00.000,12:45:00
V V Puram,assault,12.932791,77.560929,2016-11-07 00:00:00.000,01:50:00
V V Puram,assault,12.929309,77.551898,,11:30:00
V V Puram,assault,12.921484,77.545423,2016-07-31 00:00:00.000,11:30:00
V V Puram,assault,12.931113,77.562634,2016-08-08 00:00:00.000,01:00:00
V V Puram,assault,12.928718,77.54772,2016-08-16 00:00:00.000,08:00:00
V V Puram,assault,12.924687,77.543169,2016-08-30 00:00:00.000,09:45:00
V V Puram,assault,12.923023,77.549088,2016-09-10 00:00:00.000,12:15:00
V V Puram,assault,12.922066,77.546981,2016-08-11 00:00:00.000,07:45:00
V V Puram,assault,12.932767,77.560731,2016-08-11 00:00:00.000,01:00:00
V V Puram,assault,12.929407,77.559801,2016-11-15 00:00:00.000,09:15:00
V V Puram,assault,12.931529,77.561607,2016-11-16 00:00:00.000,01:30:00
V V Puram,assault,12.919646,77.542205,2016-11-19 00:00:00.000,05:15:00
V V Puram,assault,12.928064,77.554389,2016-11-19 00:00:00.000,06:00:00
V V Puram,assault,12.923105,77.543831,2016-03-12 00:00:00.000,07:30:00
V V Puram,assault,12.930367,77.553533,2016-06-12 00:00:00.000,10:30:00
V V Puram,assault,12.930698,77.560669,2016-11-12 00:00:00.000,07:45:00
V V Puram,assault,12.926046,77.55903,2016-12-13 00:00:00.000,06:00:00
V V Puram,assault,12.930226,77.54772,2016-12-13 00:00:00.000,06:30:00
V V Puram,assault,12.931165,77.561349,2016-12-17 00:00:00.000,01:30:00
V V Puram,assault,12.929131,77.553641,2016-12-19 00:00:00.000,10:00:00
V V Puram,assault,12.922802,77.543715,2017-01-14 00:00:00.000,01:15:00
V V Puram,assault,12.923552,77.553632,2017-02-03 00:00:00.000,03:15:00
V V Puram,assault,12.925239,77.550007,2017-12-03 00:00:00.000,01:30:00
V V Puram,assault,12.92574,77.549373,2017-03-19 00:00:00.000,21:00:00
V V Puram,assault,12.931092,77.563794,2017-01-04 00:00:00.000,06:10:00
V V Puram,assault,12.928314,77.55323,2017-04-16 00:00:00.000,17:40:00
V V Puram,assault,12.928314,77.55323,2017-04-16 00:00:00.000,22:00:00
V V Puram,assault,12.929838,77.557014,2017-05-20 00:00:00.000,22:40:00
V V Puram,assault,12.929701,77.551714,2017-04-06 00:00:00.000,12:30:00
V V Puram,assault,12.930834,77.553989,2017-07-06 00:00:00.000,01:15:00
V V Puram,assault,12.9259,77.556179,2017-03-08 00:00:00.000,11:00:00
V V Puram,assault,12.931526,77.562053,2017-08-23 00:00:00.000,04:30:00
V V Puram,assault,12.91999,77.542212,2017-08-23 00:00:00.000,12:30:00
V V Puram,assault,12.930424,77.547698,2017-03-09 00:00:00.000,20:00:00
V V Puram,assault,12.939663,77.556532,2017-09-13 00:00:00.000,23:00:00
V V Puram,assault,12.927076,77.559599,2017-09-19 00:00:00.000,19:05:00
V V Puram,assault,12.9215465,77.542884,2017-07-10 00:00:00.000,14:45:00
V V Puram,assault,12.926405,77.558428,2017-06-11 00:00:00.000,19:45:00
V V Puram,assault,12.929683,77.560433,2017-05-12 00:00:00.000,19:45:00
V V Puram,assault,12.930084,77.566022,2017-12-29 00:00:00.000,12:00:00
V V Puram,assault,12.929236,77.560969,2018-09-01 00:00:00.000,21:10:00
V V Puram,assault,12.919427,77.539456,2018-04-27 00:00:00.000,13:15:00
V V Puram,assault,12.928803,77.557334,2018-02-05 00:00:00.000,17:00:00
V V Puram,assault,12.921823,77.552017,2018-05-30 00:00:00.000,16:00:00
V V Puram,assault,12.927112,77.550283,2018-09-07 00:00:00.000,08:50:00
V V Puram,assault,12.933061,77.561938,2018-10-07 00:00:00.000,19:00:00
V V Puram,assault,12.929409,77.560959,2018-07-31 00:00:00.000,18:00:00
V V Puram,assault,12.927827,77.546113,2018-08-28 00:00:00.000,16:45:00
V V Puram,assault,12.92561,77.560108,2018-08-30 00:00:00.000,22:30:00
V V Puram,assault,12.930655,77.550198,2018-02-09 00:00:00.000,13:00:00
V V Puram,assault,12.928368,77.561098,2018-12-15 00:00:00.000,18:00:00
V V Puram,assault,12.926168,77.546814,2018-12-16 00:00:00.000,18:00:00
V V Puram,assault,12.9,77.5,2019-02-27 00:00:00.000,21:30:00
V V Puram,assault,12.927351,77.561885,2019-03-13 00:00:00.000,22:00:00
V V Puram,assault,12.929965,77.560395,2019-06-05 00:00:00.000,19:30:00
V V Puram,assault,12.930581,77.553535,2019-05-17 00:00:00.000,16:00:00
V V Puram,assault,12.937935,77.556871,2019-05-30 00:00:00.000,14:00:00
V V Puram,assault,12.938483,77.543257,2019-05-30 00:00:00.000,18:00:00
V V Puram,assault,12.931345,77.562065,2019-07-28 00:00:00.000,18:30:00
V V Puram,assault,12.929877,77.560448,2019-08-27 00:00:00.000,10:50:00
V V Puram,assault,12.928988,77.539462,2019-08-30 00:00:00.000,15:15:00
V V Puram,assault,12.923855,77.540945,2019-08-30 00:00:00.000,16:00:00
V V Puram,assault,12.925281,77.540622,2019-02-09 00:00:00.000,21:05:00
V V Puram,assault,12.931575,77.561964,2019-02-09 00:00:00.000,21:30:00
V V Puram,assault,12.927888,77.563032,2019-03-10 00:00:00.000,10:45:00
V V Puram,assault,12.923006,77.548955,2019-10-15 00:00:00.000,17:30:00
V V Puram,assault,12.933749,77.556942,2019-12-13 00:00:00.000,23:30:00
V V Puram,assault,12.927836,77.543928,2019-12-20 00:00:00.000,18:00:00
